audio_name	status	english_files	chinese_files
SOUND\A1S1_MDHAMPIR_1.WAV	script_captioned	WORLD\EN\A1_MANSION_PART1.TXT;WORLD\EN\A1_MANSION_PART2.TXT;WORLD\EN\A1_MANSION_PART2_5.TXT;WORLD\EN\A1_MANSION_PART4.TXT;WORLD\EN\A1_MANSION_PART5.TXT	WORLD\RU\A1_MANSION_PART1.TXT;WORLD\RU\A1_MANSION_PART2.TXT;WORLD\RU\A1_MANSION_PART2_5.TXT;WORLD\RU\A1_MANSION_PART4.TXT;WORLD\RU\A1_MANSION_PART5.TXT
SOUND\A1S1_RAYNE_1.WAV	no_english_script_key_audio_or_unmapped		
SOUND\A1S1_RAYNE_10.WAV	no_english_script_key_audio_or_unmapped		
SOUND\A1S1_RAYNE_11.WAV	no_english_script_key_audio_or_unmapped		
SOUND\A1S1_RAYNE_12.WAV	script_captioned	WORLD\EN\A1_MANSION_PART1.TXT;WORLD\EN\A1_MANSION_PART2.TXT;WORLD\EN\A1_MANSION_PART2_5.TXT;WORLD\EN\A1_MANSION_PART4.TXT;WORLD\EN\A1_MANSION_PART5.TXT	WORLD\RU\A1_MANSION_PART1.TXT;WORLD\RU\A1_MANSION_PART2.TXT;WORLD\RU\A1_MANSION_PART2_5.TXT;WORLD\RU\A1_MANSION_PART4.TXT;WORLD\RU\A1_MANSION_PART5.TXT
SOUND\A1S1_RAYNE_13.WAV	script_captioned	WORLD\EN\A1_MANSION_PART1.TXT;WORLD\EN\A1_MANSION_PART2.TXT;WORLD\EN\A1_MANSION_PART2_5.TXT;WORLD\EN\A1_MANSION_PART4.TXT;WORLD\EN\A1_MANSION_PART5.TXT	WORLD\RU\A1_MANSION_PART1.TXT;WORLD\RU\A1_MANSION_PART2.TXT;WORLD\RU\A1_MANSION_PART2_5.TXT;WORLD\RU\A1_MANSION_PART4.TXT;WORLD\RU\A1_MANSION_PART5.TXT
SOUND\A1S1_RAYNE_14.WAV	script_captioned	WORLD\EN\A1_MANSION_PART1.TXT;WORLD\EN\A1_MANSION_PART2.TXT;WORLD\EN\A1_MANSION_PART2_5.TXT;WORLD\EN\A1_MANSION_PART4.TXT;WORLD\EN\A1_MANSION_PART5.TXT	WORLD\RU\A1_MANSION_PART1.TXT;WORLD\RU\A1_MANSION_PART2.TXT;WORLD\RU\A1_MANSION_PART2_5.TXT;WORLD\RU\A1_MANSION_PART4.TXT;WORLD\RU\A1_MANSION_PART5.TXT
SOUND\A1S1_RAYNE_15.WAV	script_captioned	WORLD\EN\A1_MANSION_PART1.TXT;WORLD\EN\A1_MANSION_PART2.TXT;WORLD\EN\A1_MANSION_PART2_5.TXT;WORLD\EN\A1_MANSION_PART4.TXT;WORLD\EN\A1_MANSION_PART5.TXT	WORLD\RU\A1_MANSION_PART1.TXT;WORLD\RU\A1_MANSION_PART2.TXT;WORLD\RU\A1_MANSION_PART2_5.TXT;WORLD\RU\A1_MANSION_PART4.TXT;WORLD\RU\A1_MANSION_PART5.TXT
SOUND\A1S1_RAYNE_16.WAV	script_captioned	WORLD\EN\A1_MANSION_PART1.TXT;WORLD\EN\A1_MANSION_PART2.TXT;WORLD\EN\A1_MANSION_PART2_5.TXT;WORLD\EN\A1_MANSION_PART4.TXT;WORLD\EN\A1_MANSION_PART5.TXT	WORLD\RU\A1_MANSION_PART1.TXT;WORLD\RU\A1_MANSION_PART2.TXT;WORLD\RU\A1_MANSION_PART2_5.TXT;WORLD\RU\A1_MANSION_PART4.TXT;WORLD\RU\A1_MANSION_PART5.TXT
SOUND\A1S1_RAYNE_17.WAV	script_captioned	WORLD\EN\A1_MANSION_PART1.TXT;WORLD\EN\A1_MANSION_PART2.TXT;WORLD\EN\A1_MANSION_PART2_5.TXT;WORLD\EN\A1_MANSION_PART4.TXT;WORLD\EN\A1_MANSION_PART5.TXT	WORLD\RU\A1_MANSION_PART1.TXT;WORLD\RU\A1_MANSION_PART2.TXT;WORLD\RU\A1_MANSION_PART2_5.TXT;WORLD\RU\A1_MANSION_PART4.TXT;WORLD\RU\A1_MANSION_PART5.TXT
SOUND\A1S1_RAYNE_18.WAV	script_captioned	WORLD\EN\A1_MANSION_PART1.TXT;WORLD\EN\A1_MANSION_PART2.TXT;WORLD\EN\A1_MANSION_PART2_5.TXT;WORLD\EN\A1_MANSION_PART4.TXT;WORLD\EN\A1_MANSION_PART5.TXT	WORLD\RU\A1_MANSION_PART1.TXT;WORLD\RU\A1_MANSION_PART2.TXT;WORLD\RU\A1_MANSION_PART2_5.TXT;WORLD\RU\A1_MANSION_PART4.TXT;WORLD\RU\A1_MANSION_PART5.TXT
SOUND\A1S1_RAYNE_19.WAV	script_captioned	WORLD\EN\A1_MANSION_PART1.TXT;WORLD\EN\A1_MANSION_PART2.TXT;WORLD\EN\A1_MANSION_PART2_5.TXT;WORLD\EN\A1_MANSION_PART4.TXT;WORLD\EN\A1_MANSION_PART5.TXT	WORLD\RU\A1_MANSION_PART1.TXT;WORLD\RU\A1_MANSION_PART2.TXT;WORLD\RU\A1_MANSION_PART2_5.TXT;WORLD\RU\A1_MANSION_PART4.TXT;WORLD\RU\A1_MANSION_PART5.TXT
SOUND\A1S1_RAYNE_2.WAV	no_english_script_key_audio_or_unmapped		
SOUND\A1S1_RAYNE_20.WAV	script_captioned	WORLD\EN\A1_MANSION_PART1.TXT;WORLD\EN\A1_MANSION_PART2.TXT;WORLD\EN\A1_MANSION_PART2_5.TXT;WORLD\EN\A1_MANSION_PART4.TXT;WORLD\EN\A1_MANSION_PART5.TXT	WORLD\RU\A1_MANSION_PART1.TXT;WORLD\RU\A1_MANSION_PART2.TXT;WORLD\RU\A1_MANSION_PART2_5.TXT;WORLD\RU\A1_MANSION_PART4.TXT;WORLD\RU\A1_MANSION_PART5.TXT
SOUND\A1S1_RAYNE_21.WAV	script_captioned	WORLD\EN\A1_MANSION_PART1.TXT;WORLD\EN\A1_MANSION_PART2.TXT;WORLD\EN\A1_MANSION_PART2_5.TXT;WORLD\EN\A1_MANSION_PART4.TXT;WORLD\EN\A1_MANSION_PART5.TXT	WORLD\RU\A1_MANSION_PART1.TXT;WORLD\RU\A1_MANSION_PART2.TXT;WORLD\RU\A1_MANSION_PART2_5.TXT;WORLD\RU\A1_MANSION_PART4.TXT;WORLD\RU\A1_MANSION_PART5.TXT
SOUND\A1S1_RAYNE_22.WAV	script_captioned	WORLD\EN\A1_MANSION_PART1.TXT;WORLD\EN\A1_MANSION_PART2.TXT;WORLD\EN\A1_MANSION_PART2_5.TXT;WORLD\EN\A1_MANSION_PART4.TXT;WORLD\EN\A1_MANSION_PART5.TXT	WORLD\RU\A1_MANSION_PART1.TXT;WORLD\RU\A1_MANSION_PART2.TXT;WORLD\RU\A1_MANSION_PART2_5.TXT;WORLD\RU\A1_MANSION_PART4.TXT;WORLD\RU\A1_MANSION_PART5.TXT
SOUND\A1S1_RAYNE_23.WAV	script_captioned	WORLD\EN\A1_MANSION_PART1.TXT;WORLD\EN\A1_MANSION_PART2.TXT;WORLD\EN\A1_MANSION_PART2_5.TXT;WORLD\EN\A1_MANSION_PART4.TXT;WORLD\EN\A1_MANSION_PART5.TXT	WORLD\RU\A1_MANSION_PART1.TXT;WORLD\RU\A1_MANSION_PART2.TXT;WORLD\RU\A1_MANSION_PART2_5.TXT;WORLD\RU\A1_MANSION_PART4.TXT;WORLD\RU\A1_MANSION_PART5.TXT
SOUND\A1S1_RAYNE_24.WAV	script_captioned	WORLD\EN\A1_MANSION_PART1.TXT;WORLD\EN\A1_MANSION_PART2.TXT;WORLD\EN\A1_MANSION_PART2_5.TXT;WORLD\EN\A1_MANSION_PART4.TXT;WORLD\EN\A1_MANSION_PART5.TXT	WORLD\RU\A1_MANSION_PART1.TXT;WORLD\RU\A1_MANSION_PART2.TXT;WORLD\RU\A1_MANSION_PART2_5.TXT;WORLD\RU\A1_MANSION_PART4.TXT;WORLD\RU\A1_MANSION_PART5.TXT
SOUND\A1S1_RAYNE_25.WAV	script_captioned	WORLD\EN\A1_MANSION_PART1.TXT;WORLD\EN\A1_MANSION_PART2.TXT;WORLD\EN\A1_MANSION_PART2_5.TXT;WORLD\EN\A1_MANSION_PART4.TXT;WORLD\EN\A1_MANSION_PART5.TXT	WORLD\RU\A1_MANSION_PART1.TXT;WORLD\RU\A1_MANSION_PART2.TXT;WORLD\RU\A1_MANSION_PART2_5.TXT;WORLD\RU\A1_MANSION_PART4.TXT;WORLD\RU\A1_MANSION_PART5.TXT
SOUND\A1S1_RAYNE_26.WAV	script_captioned	WORLD\EN\A1_MANSION_PART1.TXT;WORLD\EN\A1_MANSION_PART2.TXT;WORLD\EN\A1_MANSION_PART2_5.TXT;WORLD\EN\A1_MANSION_PART4.TXT;WORLD\EN\A1_MANSION_PART5.TXT	WORLD\RU\A1_MANSION_PART1.TXT;WORLD\RU\A1_MANSION_PART2.TXT;WORLD\RU\A1_MANSION_PART2_5.TXT;WORLD\RU\A1_MANSION_PART4.TXT;WORLD\RU\A1_MANSION_PART5.TXT
SOUND\A1S1_RAYNE_27.WAV	script_captioned	WORLD\EN\A1_MANSION_PART1.TXT;WORLD\EN\A1_MANSION_PART2.TXT;WORLD\EN\A1_MANSION_PART2_5.TXT;WORLD\EN\A1_MANSION_PART4.TXT;WORLD\EN\A1_MANSION_PART5.TXT	WORLD\RU\A1_MANSION_PART1.TXT;WORLD\RU\A1_MANSION_PART2.TXT;WORLD\RU\A1_MANSION_PART2_5.TXT;WORLD\RU\A1_MANSION_PART4.TXT;WORLD\RU\A1_MANSION_PART5.TXT
SOUND\A1S1_RAYNE_3.WAV	no_english_script_key_audio_or_unmapped		
SOUND\A1S1_RAYNE_4.WAV	no_english_script_key_audio_or_unmapped		
SOUND\A1S1_RAYNE_5.WAV	no_english_script_key_audio_or_unmapped		
SOUND\A1S1_RAYNE_6.WAV	no_english_script_key_audio_or_unmapped		
SOUND\A1S1_RAYNE_7.WAV	no_english_script_key_audio_or_unmapped		
SOUND\A1S1_RAYNE_8.WAV	no_english_script_key_audio_or_unmapped		
SOUND\A1S1_RAYNE_9.WAV	no_english_script_key_audio_or_unmapped		
SOUND\A1S1_SEVERIN_1.WAV	no_english_script_key_audio_or_unmapped		
SOUND\A1S1_SEVERIN_10.WAV	no_english_script_key_audio_or_unmapped		
SOUND\A1S1_SEVERIN_11.WAV	no_english_script_key_audio_or_unmapped		
SOUND\A1S1_SEVERIN_12.WAV	no_english_script_key_audio_or_unmapped		
SOUND\A1S1_SEVERIN_2.WAV	no_english_script_key_audio_or_unmapped		
SOUND\A1S1_SEVERIN_3.WAV	no_english_script_key_audio_or_unmapped		
SOUND\A1S1_SEVERIN_4.WAV	no_english_script_key_audio_or_unmapped		
SOUND\A1S1_SEVERIN_5.WAV	no_english_script_key_audio_or_unmapped		
SOUND\A1S1_SEVERIN_6.WAV	no_english_script_key_audio_or_unmapped		
SOUND\A1S1_SEVERIN_7.WAV	no_english_script_key_audio_or_unmapped		
SOUND\A1S1_SEVERIN_8.WAV	no_english_script_key_audio_or_unmapped		
SOUND\A1S1_SEVERIN_9.WAV	no_english_script_key_audio_or_unmapped		
SOUND\A1S1_ZERENZKI_1.WAV	no_english_script_key_audio_or_unmapped		
SOUND\A1S1_ZERENZKI_2.WAV	no_english_script_key_audio_or_unmapped		
SOUND\A1S1_ZERENZKI_3.WAV	no_english_script_key_audio_or_unmapped		
SOUND\A1S1_ZERENZKI_4.WAV	no_english_script_key_audio_or_unmapped		
SOUND\A1S1_ZMINION1_1.WAV	script_captioned	WORLD\EN\A1_MANSION_PART1.TXT;WORLD\EN\A1_MANSION_PART2.TXT;WORLD\EN\A1_MANSION_PART2_5.TXT;WORLD\EN\A1_MANSION_PART4.TXT;WORLD\EN\A1_MANSION_PART5.TXT	WORLD\RU\A1_MANSION_PART1.TXT;WORLD\RU\A1_MANSION_PART2.TXT;WORLD\RU\A1_MANSION_PART2_5.TXT;WORLD\RU\A1_MANSION_PART4.TXT;WORLD\RU\A1_MANSION_PART5.TXT
SOUND\A1S1_ZMINION1_2.WAV	script_captioned	WORLD\EN\A1_MANSION_PART1.TXT;WORLD\EN\A1_MANSION_PART2.TXT;WORLD\EN\A1_MANSION_PART2_5.TXT;WORLD\EN\A1_MANSION_PART4.TXT;WORLD\EN\A1_MANSION_PART5.TXT	WORLD\RU\A1_MANSION_PART1.TXT;WORLD\RU\A1_MANSION_PART2.TXT;WORLD\RU\A1_MANSION_PART2_5.TXT;WORLD\RU\A1_MANSION_PART4.TXT;WORLD\RU\A1_MANSION_PART5.TXT
SOUND\A1S1_ZMINION1_3.WAV	script_captioned	WORLD\EN\A1_MANSION_PART1.TXT;WORLD\EN\A1_MANSION_PART2.TXT;WORLD\EN\A1_MANSION_PART2_5.TXT;WORLD\EN\A1_MANSION_PART4.TXT;WORLD\EN\A1_MANSION_PART5.TXT	WORLD\RU\A1_MANSION_PART1.TXT;WORLD\RU\A1_MANSION_PART2.TXT;WORLD\RU\A1_MANSION_PART2_5.TXT;WORLD\RU\A1_MANSION_PART4.TXT;WORLD\RU\A1_MANSION_PART5.TXT
SOUND\A1S1_ZMINION1_4.WAV	script_captioned	WORLD\EN\A1_MANSION_PART1.TXT;WORLD\EN\A1_MANSION_PART2.TXT;WORLD\EN\A1_MANSION_PART2_5.TXT;WORLD\EN\A1_MANSION_PART4.TXT;WORLD\EN\A1_MANSION_PART5.TXT	WORLD\RU\A1_MANSION_PART1.TXT;WORLD\RU\A1_MANSION_PART2.TXT;WORLD\RU\A1_MANSION_PART2_5.TXT;WORLD\RU\A1_MANSION_PART4.TXT;WORLD\RU\A1_MANSION_PART5.TXT
SOUND\A1S1_ZMINION2_1.WAV	script_captioned	WORLD\EN\A1_MANSION_PART1.TXT;WORLD\EN\A1_MANSION_PART2.TXT;WORLD\EN\A1_MANSION_PART2_5.TXT;WORLD\EN\A1_MANSION_PART4.TXT;WORLD\EN\A1_MANSION_PART5.TXT	WORLD\RU\A1_MANSION_PART1.TXT;WORLD\RU\A1_MANSION_PART2.TXT;WORLD\RU\A1_MANSION_PART2_5.TXT;WORLD\RU\A1_MANSION_PART4.TXT;WORLD\RU\A1_MANSION_PART5.TXT
SOUND\A1S1_ZMINION2_2.WAV	script_captioned	WORLD\EN\A1_MANSION_PART1.TXT;WORLD\EN\A1_MANSION_PART2.TXT;WORLD\EN\A1_MANSION_PART2_5.TXT;WORLD\EN\A1_MANSION_PART4.TXT;WORLD\EN\A1_MANSION_PART5.TXT	WORLD\RU\A1_MANSION_PART1.TXT;WORLD\RU\A1_MANSION_PART2.TXT;WORLD\RU\A1_MANSION_PART2_5.TXT;WORLD\RU\A1_MANSION_PART4.TXT;WORLD\RU\A1_MANSION_PART5.TXT
SOUND\A1S1_ZMINION2_3.WAV	script_captioned	WORLD\EN\A1_MANSION_PART1.TXT;WORLD\EN\A1_MANSION_PART2.TXT;WORLD\EN\A1_MANSION_PART2_5.TXT;WORLD\EN\A1_MANSION_PART4.TXT;WORLD\EN\A1_MANSION_PART5.TXT	WORLD\RU\A1_MANSION_PART1.TXT;WORLD\RU\A1_MANSION_PART2.TXT;WORLD\RU\A1_MANSION_PART2_5.TXT;WORLD\RU\A1_MANSION_PART4.TXT;WORLD\RU\A1_MANSION_PART5.TXT
SOUND\A1S1_ZMINION2_4.WAV	script_captioned	WORLD\EN\A1_MANSION_PART1.TXT;WORLD\EN\A1_MANSION_PART2.TXT;WORLD\EN\A1_MANSION_PART2_5.TXT;WORLD\EN\A1_MANSION_PART4.TXT;WORLD\EN\A1_MANSION_PART5.TXT	WORLD\RU\A1_MANSION_PART1.TXT;WORLD\RU\A1_MANSION_PART2.TXT;WORLD\RU\A1_MANSION_PART2_5.TXT;WORLD\RU\A1_MANSION_PART4.TXT;WORLD\RU\A1_MANSION_PART5.TXT
SOUND\A1S1_ZMINION3_1.WAV	script_captioned	WORLD\EN\A1_MANSION_PART1.TXT;WORLD\EN\A1_MANSION_PART2.TXT;WORLD\EN\A1_MANSION_PART2_5.TXT;WORLD\EN\A1_MANSION_PART4.TXT;WORLD\EN\A1_MANSION_PART5.TXT	WORLD\RU\A1_MANSION_PART1.TXT;WORLD\RU\A1_MANSION_PART2.TXT;WORLD\RU\A1_MANSION_PART2_5.TXT;WORLD\RU\A1_MANSION_PART4.TXT;WORLD\RU\A1_MANSION_PART5.TXT
SOUND\A1S1_ZMINION3_2.WAV	script_captioned	WORLD\EN\A1_MANSION_PART1.TXT;WORLD\EN\A1_MANSION_PART2.TXT;WORLD\EN\A1_MANSION_PART2_5.TXT;WORLD\EN\A1_MANSION_PART4.TXT;WORLD\EN\A1_MANSION_PART5.TXT	WORLD\RU\A1_MANSION_PART1.TXT;WORLD\RU\A1_MANSION_PART2.TXT;WORLD\RU\A1_MANSION_PART2_5.TXT;WORLD\RU\A1_MANSION_PART4.TXT;WORLD\RU\A1_MANSION_PART5.TXT
SOUND\A1S1_ZMINION4_1.WAV	script_captioned	WORLD\EN\A1_MANSION_PART1.TXT;WORLD\EN\A1_MANSION_PART2.TXT;WORLD\EN\A1_MANSION_PART2_5.TXT;WORLD\EN\A1_MANSION_PART4.TXT;WORLD\EN\A1_MANSION_PART5.TXT	WORLD\RU\A1_MANSION_PART1.TXT;WORLD\RU\A1_MANSION_PART2.TXT;WORLD\RU\A1_MANSION_PART2_5.TXT;WORLD\RU\A1_MANSION_PART4.TXT;WORLD\RU\A1_MANSION_PART5.TXT
SOUND\A1S1_ZMINION4_2.WAV	script_captioned	WORLD\EN\A1_MANSION_PART1.TXT;WORLD\EN\A1_MANSION_PART2.TXT;WORLD\EN\A1_MANSION_PART2_5.TXT;WORLD\EN\A1_MANSION_PART4.TXT;WORLD\EN\A1_MANSION_PART5.TXT	WORLD\RU\A1_MANSION_PART1.TXT;WORLD\RU\A1_MANSION_PART2.TXT;WORLD\RU\A1_MANSION_PART2_5.TXT;WORLD\RU\A1_MANSION_PART4.TXT;WORLD\RU\A1_MANSION_PART5.TXT
SOUND\A1S1_ZMINION5_1.WAV	script_captioned	WORLD\EN\A1_MANSION_PART1.TXT;WORLD\EN\A1_MANSION_PART2.TXT;WORLD\EN\A1_MANSION_PART2_5.TXT;WORLD\EN\A1_MANSION_PART4.TXT;WORLD\EN\A1_MANSION_PART5.TXT	WORLD\RU\A1_MANSION_PART1.TXT;WORLD\RU\A1_MANSION_PART2.TXT;WORLD\RU\A1_MANSION_PART2_5.TXT;WORLD\RU\A1_MANSION_PART4.TXT;WORLD\RU\A1_MANSION_PART5.TXT
SOUND\A1S2_EPHEMERA_1.WAV	script_captioned	WORLD\EN\A1_MANSION_PART1.TXT	WORLD\RU\A1_MANSION_PART1.TXT
SOUND\A1S2_EPHEMERA_2.WAV	script_captioned	WORLD\EN\A1_MANSION_PART1.TXT	WORLD\RU\A1_MANSION_PART1.TXT
SOUND\A1S2_EPHEMERA_3.WAV	script_captioned	WORLD\EN\A1_MANSION_PART1.TXT	WORLD\RU\A1_MANSION_PART1.TXT
SOUND\A1S2_EPHEMERA_4.WAV	script_captioned	WORLD\EN\A1_MANSION_PART1.TXT	WORLD\RU\A1_MANSION_PART1.TXT
SOUND\A1S2_EPHEMERA_5.WAV	script_captioned	WORLD\EN\A1_MANSION_PART1.TXT	WORLD\RU\A1_MANSION_PART1.TXT
SOUND\A1S2_EPHEMERA_6.WAV	script_captioned	WORLD\EN\A1_MANSION_PART1.TXT	WORLD\RU\A1_MANSION_PART1.TXT
SOUND\A1S2_FMINION1_38.WAV	no_english_script_key_audio_or_unmapped		
SOUND\A1S2_FMINION1_39.WAV	no_english_script_key_audio_or_unmapped		
SOUND\A1S2_FMINION1_40.WAV	no_english_script_key_audio_or_unmapped		
SOUND\A1S2_FMINION1_41.WAV	no_english_script_key_audio_or_unmapped		
SOUND\A1S2_FMINION1_42.WAV	no_english_script_key_audio_or_unmapped		
SOUND\A1S2_FMINION1_43.WAV	no_english_script_key_audio_or_unmapped		
SOUND\A1S2_FMINION1_44.WAV	no_english_script_key_audio_or_unmapped		
SOUND\A1S2_FMINION1_45.WAV	no_english_script_key_audio_or_unmapped		
SOUND\A1S2_FMINION1_46.WAV	no_english_script_key_audio_or_unmapped		
SOUND\A1S2_FMINION1_47.WAV	no_english_script_key_audio_or_unmapped		
SOUND\A1S2_FMINION1_48.WAV	no_english_script_key_audio_or_unmapped		
SOUND\A1S2_FMINION1_49.WAV	no_english_script_key_audio_or_unmapped		
SOUND\A1S2_FMINION1_50.WAV	no_english_script_key_audio_or_unmapped		
SOUND\A1S2_FMINION1_51.WAV	no_english_script_key_audio_or_unmapped		
SOUND\A1S2_FMINION1_52.WAV	no_english_script_key_audio_or_unmapped		
SOUND\A1S2_FMINION1_53.WAV	no_english_script_key_audio_or_unmapped		
SOUND\A1S2_FMINION1_54.WAV	no_english_script_key_audio_or_unmapped		
SOUND\A1S2_FMINION1_55.WAV	no_english_script_key_audio_or_unmapped		
SOUND\A1S2_FMINION1_56.WAV	no_english_script_key_audio_or_unmapped		
SOUND\A1S2_FMINION1_57.WAV	no_english_script_key_audio_or_unmapped		
SOUND\A1S2_FMINION1_58.WAV	no_english_script_key_audio_or_unmapped		
SOUND\A1S2_FMINION1_59.WAV	no_english_script_key_audio_or_unmapped		
SOUND\A1S2_FMINION1_61.WAV	no_english_script_key_audio_or_unmapped		
SOUND\A1S2_FMINION2_18.WAV	no_english_script_key_audio_or_unmapped		
SOUND\A1S2_FMINION2_19.WAV	no_english_script_key_audio_or_unmapped		
SOUND\A1S2_FMINION2_20.WAV	no_english_script_key_audio_or_unmapped		
SOUND\A1S2_FMINION2_21.WAV	no_english_script_key_audio_or_unmapped		
SOUND\A1S2_FMINION2_22.WAV	no_english_script_key_audio_or_unmapped		
SOUND\A1S2_FMINION2_23.WAV	no_english_script_key_audio_or_unmapped		
SOUND\A1S2_FMINION2_24.WAV	no_english_script_key_audio_or_unmapped		
SOUND\A1S2_FMINION2_25.WAV	no_english_script_key_audio_or_unmapped		
SOUND\A1S2_FMINION2_26.WAV	no_english_script_key_audio_or_unmapped		
SOUND\A1S2_FMINION2_27.WAV	no_english_script_key_audio_or_unmapped		
SOUND\A1S2_FMINION2_28.WAV	no_english_script_key_audio_or_unmapped		
SOUND\A1S2_FMINION2_29.WAV	no_english_script_key_audio_or_unmapped		
SOUND\A1S2_FMINION2_30.WAV	no_english_script_key_audio_or_unmapped		
SOUND\A1S2_FMINION2_31.WAV	no_english_script_key_audio_or_unmapped		
SOUND\A1S2_FMINION2_32.WAV	no_english_script_key_audio_or_unmapped		
SOUND\A1S2_FMINION2_33.WAV	no_english_script_key_audio_or_unmapped		
SOUND\A1S2_FMINION2_34.WAV	no_english_script_key_audio_or_unmapped		
SOUND\A1S2_FMINION3_10.WAV	no_english_script_key_audio_or_unmapped		
SOUND\A1S2_FMINION3_11.WAV	no_english_script_key_audio_or_unmapped		
SOUND\A1S2_FMINION3_12.WAV	no_english_script_key_audio_or_unmapped		
SOUND\A1S2_FMINION3_13.WAV	no_english_script_key_audio_or_unmapped		
SOUND\A1S2_FMINION3_6.WAV	no_english_script_key_audio_or_unmapped		
SOUND\A1S2_FMINION3_7.WAV	no_english_script_key_audio_or_unmapped		
SOUND\A1S2_FMINION3_8.WAV	no_english_script_key_audio_or_unmapped		
SOUND\A1S2_FMINION3_9.WAV	no_english_script_key_audio_or_unmapped		
SOUND\A1S2_RAYNE_1.WAV	script_captioned	WORLD\EN\A1_MANSION_PART1.TXT;WORLD\EN\A1_MANSION_PART2.TXT;WORLD\EN\A1_MANSION_PART2_5.TXT;WORLD\EN\A1_MANSION_PART4.TXT;WORLD\EN\A1_MANSION_PART5.TXT	WORLD\RU\A1_MANSION_PART1.TXT;WORLD\RU\A1_MANSION_PART2.TXT;WORLD\RU\A1_MANSION_PART2_5.TXT;WORLD\RU\A1_MANSION_PART4.TXT;WORLD\RU\A1_MANSION_PART5.TXT
SOUND\A1S2_RAYNE_10.WAV	script_captioned	WORLD\EN\A1_MANSION_PART1.TXT;WORLD\EN\A1_MANSION_PART2.TXT;WORLD\EN\A1_MANSION_PART2_5.TXT;WORLD\EN\A1_MANSION_PART4.TXT;WORLD\EN\A1_MANSION_PART5.TXT	WORLD\RU\A1_MANSION_PART1.TXT;WORLD\RU\A1_MANSION_PART2.TXT;WORLD\RU\A1_MANSION_PART2_5.TXT;WORLD\RU\A1_MANSION_PART4.TXT;WORLD\RU\A1_MANSION_PART5.TXT
SOUND\A1S2_RAYNE_11.WAV	script_captioned	WORLD\EN\A1_MANSION_PART1.TXT;WORLD\EN\A1_MANSION_PART2.TXT;WORLD\EN\A1_MANSION_PART2_5.TXT;WORLD\EN\A1_MANSION_PART4.TXT;WORLD\EN\A1_MANSION_PART5.TXT	WORLD\RU\A1_MANSION_PART1.TXT;WORLD\RU\A1_MANSION_PART2.TXT;WORLD\RU\A1_MANSION_PART2_5.TXT;WORLD\RU\A1_MANSION_PART4.TXT;WORLD\RU\A1_MANSION_PART5.TXT
SOUND\A1S2_RAYNE_12.WAV	script_captioned	WORLD\EN\A1_MANSION_PART1.TXT;WORLD\EN\A1_MANSION_PART2.TXT;WORLD\EN\A1_MANSION_PART2_5.TXT;WORLD\EN\A1_MANSION_PART4.TXT;WORLD\EN\A1_MANSION_PART5.TXT	WORLD\RU\A1_MANSION_PART1.TXT;WORLD\RU\A1_MANSION_PART2.TXT;WORLD\RU\A1_MANSION_PART2_5.TXT;WORLD\RU\A1_MANSION_PART4.TXT;WORLD\RU\A1_MANSION_PART5.TXT
SOUND\A1S2_RAYNE_13.WAV	script_captioned	WORLD\EN\A1_MANSION_PART1.TXT;WORLD\EN\A1_MANSION_PART2.TXT;WORLD\EN\A1_MANSION_PART2_5.TXT;WORLD\EN\A1_MANSION_PART4.TXT;WORLD\EN\A1_MANSION_PART5.TXT	WORLD\RU\A1_MANSION_PART1.TXT;WORLD\RU\A1_MANSION_PART2.TXT;WORLD\RU\A1_MANSION_PART2_5.TXT;WORLD\RU\A1_MANSION_PART4.TXT;WORLD\RU\A1_MANSION_PART5.TXT
SOUND\A1S2_RAYNE_14.WAV	script_captioned	WORLD\EN\A1_MANSION_PART1.TXT;WORLD\EN\A1_MANSION_PART2.TXT;WORLD\EN\A1_MANSION_PART2_5.TXT;WORLD\EN\A1_MANSION_PART4.TXT;WORLD\EN\A1_MANSION_PART5.TXT	WORLD\RU\A1_MANSION_PART1.TXT;WORLD\RU\A1_MANSION_PART2.TXT;WORLD\RU\A1_MANSION_PART2_5.TXT;WORLD\RU\A1_MANSION_PART4.TXT;WORLD\RU\A1_MANSION_PART5.TXT
SOUND\A1S2_RAYNE_15.WAV	script_captioned	WORLD\EN\A1_MANSION_PART1.TXT;WORLD\EN\A1_MANSION_PART2.TXT;WORLD\EN\A1_MANSION_PART2_5.TXT;WORLD\EN\A1_MANSION_PART4.TXT;WORLD\EN\A1_MANSION_PART5.TXT	WORLD\RU\A1_MANSION_PART1.TXT;WORLD\RU\A1_MANSION_PART2.TXT;WORLD\RU\A1_MANSION_PART2_5.TXT;WORLD\RU\A1_MANSION_PART4.TXT;WORLD\RU\A1_MANSION_PART5.TXT
SOUND\A1S2_RAYNE_16.WAV	script_captioned	WORLD\EN\A1_MANSION_PART1.TXT;WORLD\EN\A1_MANSION_PART2.TXT;WORLD\EN\A1_MANSION_PART2_5.TXT;WORLD\EN\A1_MANSION_PART4.TXT;WORLD\EN\A1_MANSION_PART5.TXT	WORLD\RU\A1_MANSION_PART1.TXT;WORLD\RU\A1_MANSION_PART2.TXT;WORLD\RU\A1_MANSION_PART2_5.TXT;WORLD\RU\A1_MANSION_PART4.TXT;WORLD\RU\A1_MANSION_PART5.TXT
SOUND\A1S2_RAYNE_17.WAV	script_captioned	WORLD\EN\A1_MANSION_PART1.TXT;WORLD\EN\A1_MANSION_PART2.TXT;WORLD\EN\A1_MANSION_PART2_5.TXT;WORLD\EN\A1_MANSION_PART4.TXT;WORLD\EN\A1_MANSION_PART5.TXT	WORLD\RU\A1_MANSION_PART1.TXT;WORLD\RU\A1_MANSION_PART2.TXT;WORLD\RU\A1_MANSION_PART2_5.TXT;WORLD\RU\A1_MANSION_PART4.TXT;WORLD\RU\A1_MANSION_PART5.TXT
SOUND\A1S2_RAYNE_18.WAV	script_captioned	WORLD\EN\A1_MANSION_PART1.TXT;WORLD\EN\A1_MANSION_PART2.TXT;WORLD\EN\A1_MANSION_PART2_5.TXT;WORLD\EN\A1_MANSION_PART4.TXT;WORLD\EN\A1_MANSION_PART5.TXT	WORLD\RU\A1_MANSION_PART1.TXT;WORLD\RU\A1_MANSION_PART2.TXT;WORLD\RU\A1_MANSION_PART2_5.TXT;WORLD\RU\A1_MANSION_PART4.TXT;WORLD\RU\A1_MANSION_PART5.TXT
SOUND\A1S2_RAYNE_19.WAV	script_captioned	WORLD\EN\A1_MANSION_PART1.TXT;WORLD\EN\A1_MANSION_PART2.TXT;WORLD\EN\A1_MANSION_PART2_5.TXT;WORLD\EN\A1_MANSION_PART4.TXT;WORLD\EN\A1_MANSION_PART5.TXT	WORLD\RU\A1_MANSION_PART1.TXT;WORLD\RU\A1_MANSION_PART2.TXT;WORLD\RU\A1_MANSION_PART2_5.TXT;WORLD\RU\A1_MANSION_PART4.TXT;WORLD\RU\A1_MANSION_PART5.TXT
SOUND\A1S2_RAYNE_2.WAV	script_captioned	WORLD\EN\A1_MANSION_PART1.TXT;WORLD\EN\A1_MANSION_PART2.TXT;WORLD\EN\A1_MANSION_PART2_5.TXT;WORLD\EN\A1_MANSION_PART4.TXT;WORLD\EN\A1_MANSION_PART5.TXT	WORLD\RU\A1_MANSION_PART1.TXT;WORLD\RU\A1_MANSION_PART2.TXT;WORLD\RU\A1_MANSION_PART2_5.TXT;WORLD\RU\A1_MANSION_PART4.TXT;WORLD\RU\A1_MANSION_PART5.TXT
SOUND\A1S2_RAYNE_20.WAV	script_captioned	WORLD\EN\A1_MANSION_PART1.TXT;WORLD\EN\A1_MANSION_PART2.TXT;WORLD\EN\A1_MANSION_PART2_5.TXT;WORLD\EN\A1_MANSION_PART4.TXT;WORLD\EN\A1_MANSION_PART5.TXT	WORLD\RU\A1_MANSION_PART1.TXT;WORLD\RU\A1_MANSION_PART2.TXT;WORLD\RU\A1_MANSION_PART2_5.TXT;WORLD\RU\A1_MANSION_PART4.TXT;WORLD\RU\A1_MANSION_PART5.TXT
SOUND\A1S2_RAYNE_21.WAV	script_captioned	WORLD\EN\A1_MANSION_PART1.TXT	WORLD\RU\A1_MANSION_PART1.TXT
SOUND\A1S2_RAYNE_22.WAV	script_captioned	WORLD\EN\A1_MANSION_PART1.TXT	WORLD\RU\A1_MANSION_PART1.TXT
SOUND\A1S2_RAYNE_23.WAV	script_captioned	WORLD\EN\A1_MANSION_PART1.TXT;WORLD\EN\A1_MANSION_PART2.TXT;WORLD\EN\A1_MANSION_PART2_5.TXT;WORLD\EN\A1_MANSION_PART4.TXT;WORLD\EN\A1_MANSION_PART5.TXT	WORLD\RU\A1_MANSION_PART1.TXT;WORLD\RU\A1_MANSION_PART2.TXT;WORLD\RU\A1_MANSION_PART2_5.TXT;WORLD\RU\A1_MANSION_PART4.TXT;WORLD\RU\A1_MANSION_PART5.TXT
SOUND\A1S2_RAYNE_24.WAV	script_captioned	WORLD\EN\A1_MANSION_PART1.TXT;WORLD\EN\A1_MANSION_PART2.TXT;WORLD\EN\A1_MANSION_PART2_5.TXT;WORLD\EN\A1_MANSION_PART4.TXT;WORLD\EN\A1_MANSION_PART5.TXT	WORLD\RU\A1_MANSION_PART1.TXT;WORLD\RU\A1_MANSION_PART2.TXT;WORLD\RU\A1_MANSION_PART2_5.TXT;WORLD\RU\A1_MANSION_PART4.TXT;WORLD\RU\A1_MANSION_PART5.TXT
SOUND\A1S2_RAYNE_25.WAV	script_captioned	WORLD\EN\A1_MANSION_PART1.TXT;WORLD\EN\A1_MANSION_PART2.TXT;WORLD\EN\A1_MANSION_PART2_5.TXT;WORLD\EN\A1_MANSION_PART4.TXT;WORLD\EN\A1_MANSION_PART5.TXT	WORLD\RU\A1_MANSION_PART1.TXT;WORLD\RU\A1_MANSION_PART2.TXT;WORLD\RU\A1_MANSION_PART2_5.TXT;WORLD\RU\A1_MANSION_PART4.TXT;WORLD\RU\A1_MANSION_PART5.TXT
SOUND\A1S2_RAYNE_26.WAV	script_captioned	WORLD\EN\A1_MANSION_PART1.TXT;WORLD\EN\A1_MANSION_PART2.TXT;WORLD\EN\A1_MANSION_PART2_5.TXT;WORLD\EN\A1_MANSION_PART4.TXT;WORLD\EN\A1_MANSION_PART5.TXT	WORLD\RU\A1_MANSION_PART1.TXT;WORLD\RU\A1_MANSION_PART2.TXT;WORLD\RU\A1_MANSION_PART2_5.TXT;WORLD\RU\A1_MANSION_PART4.TXT;WORLD\RU\A1_MANSION_PART5.TXT
SOUND\A1S2_RAYNE_27.WAV	script_captioned	WORLD\EN\A1_MANSION_PART1.TXT;WORLD\EN\A1_MANSION_PART2.TXT;WORLD\EN\A1_MANSION_PART2_5.TXT;WORLD\EN\A1_MANSION_PART4.TXT;WORLD\EN\A1_MANSION_PART5.TXT	WORLD\RU\A1_MANSION_PART1.TXT;WORLD\RU\A1_MANSION_PART2.TXT;WORLD\RU\A1_MANSION_PART2_5.TXT;WORLD\RU\A1_MANSION_PART4.TXT;WORLD\RU\A1_MANSION_PART5.TXT
SOUND\A1S2_RAYNE_28.WAV	script_captioned	WORLD\EN\A1_MANSION_PART1.TXT;WORLD\EN\A1_MANSION_PART2.TXT;WORLD\EN\A1_MANSION_PART2_5.TXT;WORLD\EN\A1_MANSION_PART4.TXT;WORLD\EN\A1_MANSION_PART5.TXT	WORLD\RU\A1_MANSION_PART1.TXT;WORLD\RU\A1_MANSION_PART2.TXT;WORLD\RU\A1_MANSION_PART2_5.TXT;WORLD\RU\A1_MANSION_PART4.TXT;WORLD\RU\A1_MANSION_PART5.TXT
SOUND\A1S2_RAYNE_29.WAV	script_captioned	WORLD\EN\A1_MANSION_PART1.TXT;WORLD\EN\A1_MANSION_PART2.TXT;WORLD\EN\A1_MANSION_PART2_5.TXT;WORLD\EN\A1_MANSION_PART4.TXT;WORLD\EN\A1_MANSION_PART5.TXT	WORLD\RU\A1_MANSION_PART1.TXT;WORLD\RU\A1_MANSION_PART2.TXT;WORLD\RU\A1_MANSION_PART2_5.TXT;WORLD\RU\A1_MANSION_PART4.TXT;WORLD\RU\A1_MANSION_PART5.TXT
SOUND\A1S2_RAYNE_3.WAV	script_captioned	WORLD\EN\A1_MANSION_PART1.TXT;WORLD\EN\A1_MANSION_PART2.TXT;WORLD\EN\A1_MANSION_PART2_5.TXT;WORLD\EN\A1_MANSION_PART4.TXT;WORLD\EN\A1_MANSION_PART5.TXT	WORLD\RU\A1_MANSION_PART1.TXT;WORLD\RU\A1_MANSION_PART2.TXT;WORLD\RU\A1_MANSION_PART2_5.TXT;WORLD\RU\A1_MANSION_PART4.TXT;WORLD\RU\A1_MANSION_PART5.TXT
SOUND\A1S2_RAYNE_30.WAV	script_captioned	WORLD\EN\A1_MANSION_PART1.TXT;WORLD\EN\A1_MANSION_PART2.TXT;WORLD\EN\A1_MANSION_PART2_5.TXT;WORLD\EN\A1_MANSION_PART4.TXT;WORLD\EN\A1_MANSION_PART5.TXT	WORLD\RU\A1_MANSION_PART1.TXT;WORLD\RU\A1_MANSION_PART2.TXT;WORLD\RU\A1_MANSION_PART2_5.TXT;WORLD\RU\A1_MANSION_PART4.TXT;WORLD\RU\A1_MANSION_PART5.TXT
SOUND\A1S2_RAYNE_31.WAV	script_captioned	WORLD\EN\A1_MANSION_PART1.TXT;WORLD\EN\A1_MANSION_PART2.TXT;WORLD\EN\A1_MANSION_PART2_5.TXT;WORLD\EN\A1_MANSION_PART4.TXT;WORLD\EN\A1_MANSION_PART5.TXT	WORLD\RU\A1_MANSION_PART1.TXT;WORLD\RU\A1_MANSION_PART2.TXT;WORLD\RU\A1_MANSION_PART2_5.TXT;WORLD\RU\A1_MANSION_PART4.TXT;WORLD\RU\A1_MANSION_PART5.TXT
SOUND\A1S2_RAYNE_32.WAV	script_captioned	WORLD\EN\A1_MANSION_PART1.TXT;WORLD\EN\A1_MANSION_PART2.TXT;WORLD\EN\A1_MANSION_PART2_5.TXT;WORLD\EN\A1_MANSION_PART4.TXT;WORLD\EN\A1_MANSION_PART5.TXT	WORLD\RU\A1_MANSION_PART1.TXT;WORLD\RU\A1_MANSION_PART2.TXT;WORLD\RU\A1_MANSION_PART2_5.TXT;WORLD\RU\A1_MANSION_PART4.TXT;WORLD\RU\A1_MANSION_PART5.TXT
SOUND\A1S2_RAYNE_33.WAV	script_captioned	WORLD\EN\A1_MANSION_PART1.TXT;WORLD\EN\A1_MANSION_PART2.TXT;WORLD\EN\A1_MANSION_PART2_5.TXT;WORLD\EN\A1_MANSION_PART4.TXT;WORLD\EN\A1_MANSION_PART5.TXT	WORLD\RU\A1_MANSION_PART1.TXT;WORLD\RU\A1_MANSION_PART2.TXT;WORLD\RU\A1_MANSION_PART2_5.TXT;WORLD\RU\A1_MANSION_PART4.TXT;WORLD\RU\A1_MANSION_PART5.TXT
SOUND\A1S2_RAYNE_34.WAV	script_captioned	WORLD\EN\A1_MANSION_PART1.TXT;WORLD\EN\A1_MANSION_PART2.TXT;WORLD\EN\A1_MANSION_PART2_5.TXT;WORLD\EN\A1_MANSION_PART4.TXT;WORLD\EN\A1_MANSION_PART5.TXT	WORLD\RU\A1_MANSION_PART1.TXT;WORLD\RU\A1_MANSION_PART2.TXT;WORLD\RU\A1_MANSION_PART2_5.TXT;WORLD\RU\A1_MANSION_PART4.TXT;WORLD\RU\A1_MANSION_PART5.TXT
SOUND\A1S2_RAYNE_35.WAV	script_captioned	WORLD\EN\A1_MANSION_PART1.TXT;WORLD\EN\A1_MANSION_PART2.TXT;WORLD\EN\A1_MANSION_PART2_5.TXT;WORLD\EN\A1_MANSION_PART4.TXT;WORLD\EN\A1_MANSION_PART5.TXT	WORLD\RU\A1_MANSION_PART1.TXT;WORLD\RU\A1_MANSION_PART2.TXT;WORLD\RU\A1_MANSION_PART2_5.TXT;WORLD\RU\A1_MANSION_PART4.TXT;WORLD\RU\A1_MANSION_PART5.TXT
SOUND\A1S2_RAYNE_36.WAV	script_captioned	WORLD\EN\A1_MANSION_PART1.TXT;WORLD\EN\A1_MANSION_PART2.TXT;WORLD\EN\A1_MANSION_PART2_5.TXT;WORLD\EN\A1_MANSION_PART4.TXT;WORLD\EN\A1_MANSION_PART5.TXT	WORLD\RU\A1_MANSION_PART1.TXT;WORLD\RU\A1_MANSION_PART2.TXT;WORLD\RU\A1_MANSION_PART2_5.TXT;WORLD\RU\A1_MANSION_PART4.TXT;WORLD\RU\A1_MANSION_PART5.TXT
SOUND\A1S2_RAYNE_37.WAV	script_captioned	WORLD\EN\A1_MANSION_PART1.TXT;WORLD\EN\A1_MANSION_PART2.TXT;WORLD\EN\A1_MANSION_PART2_5.TXT;WORLD\EN\A1_MANSION_PART4.TXT;WORLD\EN\A1_MANSION_PART5.TXT	WORLD\RU\A1_MANSION_PART1.TXT;WORLD\RU\A1_MANSION_PART2.TXT;WORLD\RU\A1_MANSION_PART2_5.TXT;WORLD\RU\A1_MANSION_PART4.TXT;WORLD\RU\A1_MANSION_PART5.TXT
SOUND\A1S2_RAYNE_4.WAV	script_captioned	WORLD\EN\A1_MANSION_PART1.TXT;WORLD\EN\A1_MANSION_PART2.TXT;WORLD\EN\A1_MANSION_PART2_5.TXT;WORLD\EN\A1_MANSION_PART4.TXT;WORLD\EN\A1_MANSION_PART5.TXT	WORLD\RU\A1_MANSION_PART1.TXT;WORLD\RU\A1_MANSION_PART2.TXT;WORLD\RU\A1_MANSION_PART2_5.TXT;WORLD\RU\A1_MANSION_PART4.TXT;WORLD\RU\A1_MANSION_PART5.TXT
SOUND\A1S2_RAYNE_40.WAV	script_captioned	WORLD\EN\A1_MANSION_PART1.TXT;WORLD\EN\A1_MANSION_PART2.TXT;WORLD\EN\A1_MANSION_PART2_5.TXT;WORLD\EN\A1_MANSION_PART4.TXT;WORLD\EN\A1_MANSION_PART5.TXT	WORLD\RU\A1_MANSION_PART1.TXT;WORLD\RU\A1_MANSION_PART2.TXT;WORLD\RU\A1_MANSION_PART2_5.TXT;WORLD\RU\A1_MANSION_PART4.TXT;WORLD\RU\A1_MANSION_PART5.TXT
SOUND\A1S2_RAYNE_41.WAV	script_captioned	WORLD\EN\A1_MANSION_PART1.TXT;WORLD\EN\A1_MANSION_PART2.TXT;WORLD\EN\A1_MANSION_PART2_5.TXT;WORLD\EN\A1_MANSION_PART4.TXT;WORLD\EN\A1_MANSION_PART5.TXT	WORLD\RU\A1_MANSION_PART1.TXT;WORLD\RU\A1_MANSION_PART2.TXT;WORLD\RU\A1_MANSION_PART2_5.TXT;WORLD\RU\A1_MANSION_PART4.TXT;WORLD\RU\A1_MANSION_PART5.TXT
SOUND\A1S2_RAYNE_42.WAV	script_captioned	WORLD\EN\A1_MANSION_PART1.TXT;WORLD\EN\A1_MANSION_PART2.TXT;WORLD\EN\A1_MANSION_PART2_5.TXT;WORLD\EN\A1_MANSION_PART4.TXT;WORLD\EN\A1_MANSION_PART5.TXT;WORLD\EN\A1_MANSION_ROOFARENA.TXT	WORLD\RU\A1_MANSION_PART1.TXT;WORLD\RU\A1_MANSION_PART2.TXT;WORLD\RU\A1_MANSION_PART2_5.TXT;WORLD\RU\A1_MANSION_PART4.TXT;WORLD\RU\A1_MANSION_PART5.TXT;WORLD\RU\A1_MANSION_ROOFARENA.TXT
SOUND\A1S2_RAYNE_43.WAV	script_captioned	WORLD\EN\A1_MANSION_PART1.TXT;WORLD\EN\A1_MANSION_PART2.TXT;WORLD\EN\A1_MANSION_PART2_5.TXT;WORLD\EN\A1_MANSION_PART4.TXT;WORLD\EN\A1_MANSION_PART5.TXT;WORLD\EN\A1_MANSION_ROOFARENA.TXT	WORLD\RU\A1_MANSION_PART1.TXT;WORLD\RU\A1_MANSION_PART2.TXT;WORLD\RU\A1_MANSION_PART2_5.TXT;WORLD\RU\A1_MANSION_PART4.TXT;WORLD\RU\A1_MANSION_PART5.TXT;WORLD\RU\A1_MANSION_ROOFARENA.TXT
SOUND\A1S2_RAYNE_44.WAV	script_captioned	WORLD\EN\A1_MANSION_PART1.TXT;WORLD\EN\A1_MANSION_PART2.TXT;WORLD\EN\A1_MANSION_PART2_5.TXT;WORLD\EN\A1_MANSION_PART4.TXT;WORLD\EN\A1_MANSION_PART5.TXT;WORLD\EN\A1_MANSION_ROOFARENA.TXT	WORLD\RU\A1_MANSION_PART1.TXT;WORLD\RU\A1_MANSION_PART2.TXT;WORLD\RU\A1_MANSION_PART2_5.TXT;WORLD\RU\A1_MANSION_PART4.TXT;WORLD\RU\A1_MANSION_PART5.TXT;WORLD\RU\A1_MANSION_ROOFARENA.TXT
SOUND\A1S2_RAYNE_45.WAV	script_captioned	WORLD\EN\A1_MANSION_PART1.TXT;WORLD\EN\A1_MANSION_PART2.TXT;WORLD\EN\A1_MANSION_PART2_5.TXT;WORLD\EN\A1_MANSION_PART4.TXT;WORLD\EN\A1_MANSION_PART5.TXT;WORLD\EN\A1_MANSION_ROOFARENA.TXT	WORLD\RU\A1_MANSION_PART1.TXT;WORLD\RU\A1_MANSION_PART2.TXT;WORLD\RU\A1_MANSION_PART2_5.TXT;WORLD\RU\A1_MANSION_PART4.TXT;WORLD\RU\A1_MANSION_PART5.TXT;WORLD\RU\A1_MANSION_ROOFARENA.TXT
SOUND\A1S2_RAYNE_46.WAV	script_captioned	WORLD\EN\A1_MANSION_PART1.TXT;WORLD\EN\A1_MANSION_PART2.TXT;WORLD\EN\A1_MANSION_PART2_5.TXT;WORLD\EN\A1_MANSION_PART4.TXT;WORLD\EN\A1_MANSION_PART5.TXT;WORLD\EN\A1_MANSION_ROOFARENA.TXT	WORLD\RU\A1_MANSION_PART1.TXT;WORLD\RU\A1_MANSION_PART2.TXT;WORLD\RU\A1_MANSION_PART2_5.TXT;WORLD\RU\A1_MANSION_PART4.TXT;WORLD\RU\A1_MANSION_PART5.TXT;WORLD\RU\A1_MANSION_ROOFARENA.TXT
SOUND\A1S2_RAYNE_47.WAV	script_captioned	WORLD\EN\A1_MANSION_PART1.TXT;WORLD\EN\A1_MANSION_PART2.TXT;WORLD\EN\A1_MANSION_PART2_5.TXT;WORLD\EN\A1_MANSION_PART4.TXT;WORLD\EN\A1_MANSION_PART5.TXT;WORLD\EN\A1_MANSION_ROOFARENA.TXT	WORLD\RU\A1_MANSION_PART1.TXT;WORLD\RU\A1_MANSION_PART2.TXT;WORLD\RU\A1_MANSION_PART2_5.TXT;WORLD\RU\A1_MANSION_PART4.TXT;WORLD\RU\A1_MANSION_PART5.TXT;WORLD\RU\A1_MANSION_ROOFARENA.TXT
SOUND\A1S2_RAYNE_48.WAV	script_captioned	WORLD\EN\A1_MANSION_ROOFARENA.TXT	WORLD\RU\A1_MANSION_ROOFARENA.TXT
SOUND\A1S2_RAYNE_5.WAV	script_captioned	WORLD\EN\A1_MANSION_PART1.TXT;WORLD\EN\A1_MANSION_PART2.TXT;WORLD\EN\A1_MANSION_PART2_5.TXT;WORLD\EN\A1_MANSION_PART4.TXT;WORLD\EN\A1_MANSION_PART5.TXT	WORLD\RU\A1_MANSION_PART1.TXT;WORLD\RU\A1_MANSION_PART2.TXT;WORLD\RU\A1_MANSION_PART2_5.TXT;WORLD\RU\A1_MANSION_PART4.TXT;WORLD\RU\A1_MANSION_PART5.TXT
SOUND\A1S2_RAYNE_6.WAV	script_captioned	WORLD\EN\A1_MANSION_PART1.TXT;WORLD\EN\A1_MANSION_PART2.TXT;WORLD\EN\A1_MANSION_PART2_5.TXT;WORLD\EN\A1_MANSION_PART4.TXT;WORLD\EN\A1_MANSION_PART5.TXT	WORLD\RU\A1_MANSION_PART1.TXT;WORLD\RU\A1_MANSION_PART2.TXT;WORLD\RU\A1_MANSION_PART2_5.TXT;WORLD\RU\A1_MANSION_PART4.TXT;WORLD\RU\A1_MANSION_PART5.TXT
SOUND\A1S2_RAYNE_7.WAV	script_captioned	WORLD\EN\A1_MANSION_PART1.TXT;WORLD\EN\A1_MANSION_PART2.TXT;WORLD\EN\A1_MANSION_PART2_5.TXT;WORLD\EN\A1_MANSION_PART4.TXT;WORLD\EN\A1_MANSION_PART5.TXT	WORLD\RU\A1_MANSION_PART1.TXT;WORLD\RU\A1_MANSION_PART2.TXT;WORLD\RU\A1_MANSION_PART2_5.TXT;WORLD\RU\A1_MANSION_PART4.TXT;WORLD\RU\A1_MANSION_PART5.TXT
SOUND\A1S2_RAYNE_8.WAV	script_captioned	WORLD\EN\A1_MANSION_PART1.TXT;WORLD\EN\A1_MANSION_PART2.TXT;WORLD\EN\A1_MANSION_PART2_5.TXT;WORLD\EN\A1_MANSION_PART4.TXT;WORLD\EN\A1_MANSION_PART5.TXT	WORLD\RU\A1_MANSION_PART1.TXT;WORLD\RU\A1_MANSION_PART2.TXT;WORLD\RU\A1_MANSION_PART2_5.TXT;WORLD\RU\A1_MANSION_PART4.TXT;WORLD\RU\A1_MANSION_PART5.TXT
SOUND\A1S2_RAYNE_9.WAV	script_captioned	WORLD\EN\A1_MANSION_PART1.TXT;WORLD\EN\A1_MANSION_PART2.TXT;WORLD\EN\A1_MANSION_PART2_5.TXT;WORLD\EN\A1_MANSION_PART4.TXT;WORLD\EN\A1_MANSION_PART5.TXT	WORLD\RU\A1_MANSION_PART1.TXT;WORLD\RU\A1_MANSION_PART2.TXT;WORLD\RU\A1_MANSION_PART2_5.TXT;WORLD\RU\A1_MANSION_PART4.TXT;WORLD\RU\A1_MANSION_PART5.TXT
SOUND\A1S2_SEVERIN_1.WAV	script_captioned	WORLD\EN\A1_MANSION_PART1.TXT;WORLD\EN\A1_MANSION_PART2.TXT;WORLD\EN\A1_MANSION_PART2_5.TXT;WORLD\EN\A1_MANSION_PART4.TXT;WORLD\EN\A1_MANSION_PART5.TXT	WORLD\RU\A1_MANSION_PART1.TXT;WORLD\RU\A1_MANSION_PART2.TXT;WORLD\RU\A1_MANSION_PART2_5.TXT;WORLD\RU\A1_MANSION_PART4.TXT;WORLD\RU\A1_MANSION_PART5.TXT
SOUND\A1S2_SEVERIN_10.WAV	script_captioned	WORLD\EN\A1_MANSION_PART1.TXT	WORLD\RU\A1_MANSION_PART1.TXT
SOUND\A1S2_SEVERIN_11.WAV	script_captioned	WORLD\EN\A1_MANSION_PART1.TXT;WORLD\EN\A1_MANSION_PART2.TXT;WORLD\EN\A1_MANSION_PART2_5.TXT;WORLD\EN\A1_MANSION_PART4.TXT;WORLD\EN\A1_MANSION_PART5.TXT	WORLD\RU\A1_MANSION_PART1.TXT;WORLD\RU\A1_MANSION_PART2.TXT;WORLD\RU\A1_MANSION_PART2_5.TXT;WORLD\RU\A1_MANSION_PART4.TXT;WORLD\RU\A1_MANSION_PART5.TXT
SOUND\A1S2_SEVERIN_12.WAV	script_captioned	WORLD\EN\A1_MANSION_PART1.TXT;WORLD\EN\A1_MANSION_PART2.TXT;WORLD\EN\A1_MANSION_PART2_5.TXT;WORLD\EN\A1_MANSION_PART4.TXT;WORLD\EN\A1_MANSION_PART5.TXT	WORLD\RU\A1_MANSION_PART1.TXT;WORLD\RU\A1_MANSION_PART2.TXT;WORLD\RU\A1_MANSION_PART2_5.TXT;WORLD\RU\A1_MANSION_PART4.TXT;WORLD\RU\A1_MANSION_PART5.TXT
SOUND\A1S2_SEVERIN_13.WAV	script_captioned	WORLD\EN\A1_MANSION_PART1.TXT;WORLD\EN\A1_MANSION_PART2.TXT;WORLD\EN\A1_MANSION_PART2_5.TXT;WORLD\EN\A1_MANSION_PART4.TXT;WORLD\EN\A1_MANSION_PART5.TXT	WORLD\RU\A1_MANSION_PART1.TXT;WORLD\RU\A1_MANSION_PART2.TXT;WORLD\RU\A1_MANSION_PART2_5.TXT;WORLD\RU\A1_MANSION_PART4.TXT;WORLD\RU\A1_MANSION_PART5.TXT
SOUND\A1S2_SEVERIN_14.WAV	script_captioned	WORLD\EN\A1_MANSION_PART1.TXT;WORLD\EN\A1_MANSION_PART2.TXT;WORLD\EN\A1_MANSION_PART2_5.TXT;WORLD\EN\A1_MANSION_PART4.TXT;WORLD\EN\A1_MANSION_PART5.TXT	WORLD\RU\A1_MANSION_PART1.TXT;WORLD\RU\A1_MANSION_PART2.TXT;WORLD\RU\A1_MANSION_PART2_5.TXT;WORLD\RU\A1_MANSION_PART4.TXT;WORLD\RU\A1_MANSION_PART5.TXT
SOUND\A1S2_SEVERIN_15.WAV	script_captioned	WORLD\EN\A1_MANSION_PART1.TXT;WORLD\EN\A1_MANSION_PART2.TXT;WORLD\EN\A1_MANSION_PART2_5.TXT;WORLD\EN\A1_MANSION_PART4.TXT;WORLD\EN\A1_MANSION_PART5.TXT	WORLD\RU\A1_MANSION_PART1.TXT;WORLD\RU\A1_MANSION_PART2.TXT;WORLD\RU\A1_MANSION_PART2_5.TXT;WORLD\RU\A1_MANSION_PART4.TXT;WORLD\RU\A1_MANSION_PART5.TXT
SOUND\A1S2_SEVERIN_16.WAV	script_captioned	WORLD\EN\A1_MANSION_PART1.TXT;WORLD\EN\A1_MANSION_PART2.TXT;WORLD\EN\A1_MANSION_PART2_5.TXT;WORLD\EN\A1_MANSION_PART4.TXT;WORLD\EN\A1_MANSION_PART5.TXT	WORLD\RU\A1_MANSION_PART1.TXT;WORLD\RU\A1_MANSION_PART2.TXT;WORLD\RU\A1_MANSION_PART2_5.TXT;WORLD\RU\A1_MANSION_PART4.TXT;WORLD\RU\A1_MANSION_PART5.TXT
SOUND\A1S2_SEVERIN_17.WAV	script_captioned	WORLD\EN\A1_MANSION_PART1.TXT;WORLD\EN\A1_MANSION_PART2.TXT;WORLD\EN\A1_MANSION_PART2_5.TXT;WORLD\EN\A1_MANSION_PART4.TXT;WORLD\EN\A1_MANSION_PART5.TXT	WORLD\RU\A1_MANSION_PART1.TXT;WORLD\RU\A1_MANSION_PART2.TXT;WORLD\RU\A1_MANSION_PART2_5.TXT;WORLD\RU\A1_MANSION_PART4.TXT;WORLD\RU\A1_MANSION_PART5.TXT
SOUND\A1S2_SEVERIN_18.WAV	script_captioned	WORLD\EN\A1_MANSION_PART1.TXT;WORLD\EN\A1_MANSION_PART2.TXT;WORLD\EN\A1_MANSION_PART2_5.TXT;WORLD\EN\A1_MANSION_PART4.TXT;WORLD\EN\A1_MANSION_PART5.TXT	WORLD\RU\A1_MANSION_PART1.TXT;WORLD\RU\A1_MANSION_PART2.TXT;WORLD\RU\A1_MANSION_PART2_5.TXT;WORLD\RU\A1_MANSION_PART4.TXT;WORLD\RU\A1_MANSION_PART5.TXT
SOUND\A1S2_SEVERIN_19.WAV	script_captioned	WORLD\EN\A1_MANSION_PART1.TXT;WORLD\EN\A1_MANSION_PART2.TXT;WORLD\EN\A1_MANSION_PART2_5.TXT;WORLD\EN\A1_MANSION_PART4.TXT;WORLD\EN\A1_MANSION_PART5.TXT	WORLD\RU\A1_MANSION_PART1.TXT;WORLD\RU\A1_MANSION_PART2.TXT;WORLD\RU\A1_MANSION_PART2_5.TXT;WORLD\RU\A1_MANSION_PART4.TXT;WORLD\RU\A1_MANSION_PART5.TXT
SOUND\A1S2_SEVERIN_2.WAV	script_captioned	WORLD\EN\A1_MANSION_PART1.TXT;WORLD\EN\A1_MANSION_PART2.TXT;WORLD\EN\A1_MANSION_PART2_5.TXT;WORLD\EN\A1_MANSION_PART4.TXT;WORLD\EN\A1_MANSION_PART5.TXT	WORLD\RU\A1_MANSION_PART1.TXT;WORLD\RU\A1_MANSION_PART2.TXT;WORLD\RU\A1_MANSION_PART2_5.TXT;WORLD\RU\A1_MANSION_PART4.TXT;WORLD\RU\A1_MANSION_PART5.TXT
SOUND\A1S2_SEVERIN_20.WAV	script_captioned	WORLD\EN\A1_MANSION_PART1.TXT;WORLD\EN\A1_MANSION_PART2.TXT;WORLD\EN\A1_MANSION_PART2_5.TXT;WORLD\EN\A1_MANSION_PART4.TXT;WORLD\EN\A1_MANSION_PART5.TXT	WORLD\RU\A1_MANSION_PART1.TXT;WORLD\RU\A1_MANSION_PART2.TXT;WORLD\RU\A1_MANSION_PART2_5.TXT;WORLD\RU\A1_MANSION_PART4.TXT;WORLD\RU\A1_MANSION_PART5.TXT
SOUND\A1S2_SEVERIN_21.WAV	script_captioned	WORLD\EN\A1_MANSION_PART1.TXT;WORLD\EN\A1_MANSION_PART2.TXT;WORLD\EN\A1_MANSION_PART2_5.TXT;WORLD\EN\A1_MANSION_PART4.TXT;WORLD\EN\A1_MANSION_PART5.TXT	WORLD\RU\A1_MANSION_PART1.TXT;WORLD\RU\A1_MANSION_PART2.TXT;WORLD\RU\A1_MANSION_PART2_5.TXT;WORLD\RU\A1_MANSION_PART4.TXT;WORLD\RU\A1_MANSION_PART5.TXT
SOUND\A1S2_SEVERIN_22.WAV	script_captioned	WORLD\EN\A1_MANSION_PART1.TXT;WORLD\EN\A1_MANSION_PART2.TXT;WORLD\EN\A1_MANSION_PART2_5.TXT;WORLD\EN\A1_MANSION_PART4.TXT;WORLD\EN\A1_MANSION_PART5.TXT	WORLD\RU\A1_MANSION_PART1.TXT;WORLD\RU\A1_MANSION_PART2.TXT;WORLD\RU\A1_MANSION_PART2_5.TXT;WORLD\RU\A1_MANSION_PART4.TXT;WORLD\RU\A1_MANSION_PART5.TXT
SOUND\A1S2_SEVERIN_23.WAV	script_captioned	WORLD\EN\A1_MANSION_PART1.TXT;WORLD\EN\A1_MANSION_PART2.TXT;WORLD\EN\A1_MANSION_PART2_5.TXT;WORLD\EN\A1_MANSION_PART4.TXT;WORLD\EN\A1_MANSION_PART5.TXT;WORLD\EN\A1_MANSION_ROOFARENA.TXT	WORLD\RU\A1_MANSION_PART1.TXT;WORLD\RU\A1_MANSION_PART2.TXT;WORLD\RU\A1_MANSION_PART2_5.TXT;WORLD\RU\A1_MANSION_PART4.TXT;WORLD\RU\A1_MANSION_PART5.TXT;WORLD\RU\A1_MANSION_ROOFARENA.TXT
SOUND\A1S2_SEVERIN_24.WAV	script_captioned	WORLD\EN\A1_MANSION_PART1.TXT;WORLD\EN\A1_MANSION_PART2.TXT;WORLD\EN\A1_MANSION_PART2_5.TXT;WORLD\EN\A1_MANSION_PART4.TXT;WORLD\EN\A1_MANSION_PART5.TXT;WORLD\EN\A1_MANSION_ROOFARENA.TXT	WORLD\RU\A1_MANSION_PART1.TXT;WORLD\RU\A1_MANSION_PART2.TXT;WORLD\RU\A1_MANSION_PART2_5.TXT;WORLD\RU\A1_MANSION_PART4.TXT;WORLD\RU\A1_MANSION_PART5.TXT;WORLD\RU\A1_MANSION_ROOFARENA.TXT
SOUND\A1S2_SEVERIN_25.WAV	script_captioned	WORLD\EN\A1_MANSION_PART1.TXT;WORLD\EN\A1_MANSION_PART2.TXT;WORLD\EN\A1_MANSION_PART2_5.TXT;WORLD\EN\A1_MANSION_PART4.TXT;WORLD\EN\A1_MANSION_PART5.TXT;WORLD\EN\A1_MANSION_ROOFARENA.TXT	WORLD\RU\A1_MANSION_PART1.TXT;WORLD\RU\A1_MANSION_PART2.TXT;WORLD\RU\A1_MANSION_PART2_5.TXT;WORLD\RU\A1_MANSION_PART4.TXT;WORLD\RU\A1_MANSION_PART5.TXT;WORLD\RU\A1_MANSION_ROOFARENA.TXT
SOUND\A1S2_SEVERIN_26.WAV	script_captioned	WORLD\EN\A1_MANSION_PART1.TXT;WORLD\EN\A1_MANSION_PART2.TXT;WORLD\EN\A1_MANSION_PART2_5.TXT;WORLD\EN\A1_MANSION_PART4.TXT;WORLD\EN\A1_MANSION_PART5.TXT;WORLD\EN\A1_MANSION_ROOFARENA.TXT	WORLD\RU\A1_MANSION_PART1.TXT;WORLD\RU\A1_MANSION_PART2.TXT;WORLD\RU\A1_MANSION_PART2_5.TXT;WORLD\RU\A1_MANSION_PART4.TXT;WORLD\RU\A1_MANSION_PART5.TXT;WORLD\RU\A1_MANSION_ROOFARENA.TXT
SOUND\A1S2_SEVERIN_27.WAV	script_captioned	WORLD\EN\A1_MANSION_ROOFARENA.TXT	WORLD\RU\A1_MANSION_ROOFARENA.TXT
SOUND\A1S2_SEVERIN_28.WAV	script_captioned	WORLD\EN\A1_MANSION_ROOFARENA.TXT	WORLD\RU\A1_MANSION_ROOFARENA.TXT
SOUND\A1S2_SEVERIN_3.WAV	script_captioned	WORLD\EN\A1_MANSION_PART1.TXT;WORLD\EN\A1_MANSION_PART2.TXT;WORLD\EN\A1_MANSION_PART2_5.TXT;WORLD\EN\A1_MANSION_PART4.TXT;WORLD\EN\A1_MANSION_PART5.TXT	WORLD\RU\A1_MANSION_PART1.TXT;WORLD\RU\A1_MANSION_PART2.TXT;WORLD\RU\A1_MANSION_PART2_5.TXT;WORLD\RU\A1_MANSION_PART4.TXT;WORLD\RU\A1_MANSION_PART5.TXT
SOUND\A1S2_SEVERIN_4.WAV	script_captioned	WORLD\EN\A1_MANSION_PART1.TXT;WORLD\EN\A1_MANSION_PART2.TXT;WORLD\EN\A1_MANSION_PART2_5.TXT;WORLD\EN\A1_MANSION_PART4.TXT;WORLD\EN\A1_MANSION_PART5.TXT	WORLD\RU\A1_MANSION_PART1.TXT;WORLD\RU\A1_MANSION_PART2.TXT;WORLD\RU\A1_MANSION_PART2_5.TXT;WORLD\RU\A1_MANSION_PART4.TXT;WORLD\RU\A1_MANSION_PART5.TXT
SOUND\A1S2_SEVERIN_5.WAV	script_captioned	WORLD\EN\A1_MANSION_PART1.TXT;WORLD\EN\A1_MANSION_PART2.TXT;WORLD\EN\A1_MANSION_PART2_5.TXT;WORLD\EN\A1_MANSION_PART4.TXT;WORLD\EN\A1_MANSION_PART5.TXT	WORLD\RU\A1_MANSION_PART1.TXT;WORLD\RU\A1_MANSION_PART2.TXT;WORLD\RU\A1_MANSION_PART2_5.TXT;WORLD\RU\A1_MANSION_PART4.TXT;WORLD\RU\A1_MANSION_PART5.TXT
SOUND\A1S2_SEVERIN_6.WAV	script_captioned	WORLD\EN\A1_MANSION_PART1.TXT;WORLD\EN\A1_MANSION_PART2.TXT;WORLD\EN\A1_MANSION_PART2_5.TXT;WORLD\EN\A1_MANSION_PART4.TXT;WORLD\EN\A1_MANSION_PART5.TXT	WORLD\RU\A1_MANSION_PART1.TXT;WORLD\RU\A1_MANSION_PART2.TXT;WORLD\RU\A1_MANSION_PART2_5.TXT;WORLD\RU\A1_MANSION_PART4.TXT;WORLD\RU\A1_MANSION_PART5.TXT
SOUND\A1S2_SEVERIN_7.WAV	script_captioned	WORLD\EN\A1_MANSION_PART1.TXT;WORLD\EN\A1_MANSION_PART2.TXT;WORLD\EN\A1_MANSION_PART2_5.TXT;WORLD\EN\A1_MANSION_PART4.TXT;WORLD\EN\A1_MANSION_PART5.TXT	WORLD\RU\A1_MANSION_PART1.TXT;WORLD\RU\A1_MANSION_PART2.TXT;WORLD\RU\A1_MANSION_PART2_5.TXT;WORLD\RU\A1_MANSION_PART4.TXT;WORLD\RU\A1_MANSION_PART5.TXT
SOUND\A1S2_SEVERIN_8.WAV	script_captioned	WORLD\EN\A1_MANSION_PART1.TXT;WORLD\EN\A1_MANSION_PART2.TXT;WORLD\EN\A1_MANSION_PART2_5.TXT;WORLD\EN\A1_MANSION_PART4.TXT;WORLD\EN\A1_MANSION_PART5.TXT	WORLD\RU\A1_MANSION_PART1.TXT;WORLD\RU\A1_MANSION_PART2.TXT;WORLD\RU\A1_MANSION_PART2_5.TXT;WORLD\RU\A1_MANSION_PART4.TXT;WORLD\RU\A1_MANSION_PART5.TXT
SOUND\A1S2_SEVERIN_9.WAV	script_captioned	WORLD\EN\A1_MANSION_PART1.TXT;WORLD\EN\A1_MANSION_PART2.TXT;WORLD\EN\A1_MANSION_PART2_5.TXT;WORLD\EN\A1_MANSION_PART4.TXT;WORLD\EN\A1_MANSION_PART5.TXT	WORLD\RU\A1_MANSION_PART1.TXT;WORLD\RU\A1_MANSION_PART2.TXT;WORLD\RU\A1_MANSION_PART2_5.TXT;WORLD\RU\A1_MANSION_PART4.TXT;WORLD\RU\A1_MANSION_PART5.TXT
SOUND\A1S2_XERX_1.WAV	script_captioned	WORLD\EN\A1_MANSION_PART1.TXT	WORLD\RU\A1_MANSION_PART1.TXT
SOUND\A1S2_XERX_2.WAV	script_captioned	WORLD\EN\A1_MANSION_PART1.TXT	WORLD\RU\A1_MANSION_PART1.TXT
SOUND\A1S2_XERX_3.WAV	script_captioned	WORLD\EN\A1_MANSION_PART1.TXT	WORLD\RU\A1_MANSION_PART1.TXT
SOUND\A1S2_XERX_4.WAV	script_captioned	WORLD\EN\A1_MANSION_PART1.TXT	WORLD\RU\A1_MANSION_PART1.TXT
SOUND\A1S2_XERX_5.WAV	script_captioned	WORLD\EN\A1_MANSION_PART1.TXT	WORLD\RU\A1_MANSION_PART1.TXT
SOUND\A1S2_XERX_6.WAV	script_captioned	WORLD\EN\A1_MANSION_PART1.TXT	WORLD\RU\A1_MANSION_PART1.TXT
SOUND\A1S2_XERX_7.WAV	script_captioned	WORLD\EN\A1_MANSION_PART1.TXT	WORLD\RU\A1_MANSION_PART1.TXT
SOUND\A1S2_XERX_8.WAV	script_captioned	WORLD\EN\A1_MANSION_PART1.TXT	WORLD\RU\A1_MANSION_PART1.TXT
SOUND\A1S2_XERX_9.WAV	script_captioned	WORLD\EN\A1_MANSION_PART1.TXT	WORLD\RU\A1_MANSION_PART1.TXT
SOUND\A1S2_ZERENZKI_10.WAV	script_captioned	WORLD\EN\A1_MANSION_PART1.TXT;WORLD\EN\A1_MANSION_PART2.TXT;WORLD\EN\A1_MANSION_PART2_5.TXT;WORLD\EN\A1_MANSION_PART4.TXT;WORLD\EN\A1_MANSION_PART5.TXT	WORLD\RU\A1_MANSION_PART1.TXT;WORLD\RU\A1_MANSION_PART2.TXT;WORLD\RU\A1_MANSION_PART2_5.TXT;WORLD\RU\A1_MANSION_PART4.TXT;WORLD\RU\A1_MANSION_PART5.TXT
SOUND\A1S2_ZERENZKI_11.WAV	script_captioned	WORLD\EN\A1_MANSION_PART1.TXT;WORLD\EN\A1_MANSION_PART2.TXT;WORLD\EN\A1_MANSION_PART2_5.TXT;WORLD\EN\A1_MANSION_PART4.TXT;WORLD\EN\A1_MANSION_PART5.TXT	WORLD\RU\A1_MANSION_PART1.TXT;WORLD\RU\A1_MANSION_PART2.TXT;WORLD\RU\A1_MANSION_PART2_5.TXT;WORLD\RU\A1_MANSION_PART4.TXT;WORLD\RU\A1_MANSION_PART5.TXT
SOUND\A1S2_ZERENZKI_12.WAV	script_captioned	WORLD\EN\A1_MANSION_PART1.TXT;WORLD\EN\A1_MANSION_PART2.TXT;WORLD\EN\A1_MANSION_PART2_5.TXT;WORLD\EN\A1_MANSION_PART4.TXT;WORLD\EN\A1_MANSION_PART5.TXT	WORLD\RU\A1_MANSION_PART1.TXT;WORLD\RU\A1_MANSION_PART2.TXT;WORLD\RU\A1_MANSION_PART2_5.TXT;WORLD\RU\A1_MANSION_PART4.TXT;WORLD\RU\A1_MANSION_PART5.TXT
SOUND\A1S2_ZERENZKI_13.WAV	script_captioned	WORLD\EN\A1_MANSION_PART1.TXT;WORLD\EN\A1_MANSION_PART2.TXT;WORLD\EN\A1_MANSION_PART2_5.TXT;WORLD\EN\A1_MANSION_PART4.TXT;WORLD\EN\A1_MANSION_PART5.TXT	WORLD\RU\A1_MANSION_PART1.TXT;WORLD\RU\A1_MANSION_PART2.TXT;WORLD\RU\A1_MANSION_PART2_5.TXT;WORLD\RU\A1_MANSION_PART4.TXT;WORLD\RU\A1_MANSION_PART5.TXT
SOUND\A1S2_ZERENZKI_14.WAV	script_captioned	WORLD\EN\A1_MANSION_PART1.TXT;WORLD\EN\A1_MANSION_PART2.TXT;WORLD\EN\A1_MANSION_PART2_5.TXT;WORLD\EN\A1_MANSION_PART4.TXT;WORLD\EN\A1_MANSION_PART5.TXT	WORLD\RU\A1_MANSION_PART1.TXT;WORLD\RU\A1_MANSION_PART2.TXT;WORLD\RU\A1_MANSION_PART2_5.TXT;WORLD\RU\A1_MANSION_PART4.TXT;WORLD\RU\A1_MANSION_PART5.TXT
SOUND\A1S2_ZERENZKI_15.WAV	script_captioned	WORLD\EN\A1_MANSION_PART1.TXT;WORLD\EN\A1_MANSION_PART2.TXT;WORLD\EN\A1_MANSION_PART2_5.TXT;WORLD\EN\A1_MANSION_PART4.TXT;WORLD\EN\A1_MANSION_PART5.TXT	WORLD\RU\A1_MANSION_PART1.TXT;WORLD\RU\A1_MANSION_PART2.TXT;WORLD\RU\A1_MANSION_PART2_5.TXT;WORLD\RU\A1_MANSION_PART4.TXT;WORLD\RU\A1_MANSION_PART5.TXT
SOUND\A1S2_ZERENZKI_16.WAV	script_captioned	WORLD\EN\A1_MANSION_PART1.TXT;WORLD\EN\A1_MANSION_PART2.TXT;WORLD\EN\A1_MANSION_PART2_5.TXT;WORLD\EN\A1_MANSION_PART4.TXT;WORLD\EN\A1_MANSION_PART5.TXT	WORLD\RU\A1_MANSION_PART1.TXT;WORLD\RU\A1_MANSION_PART2.TXT;WORLD\RU\A1_MANSION_PART2_5.TXT;WORLD\RU\A1_MANSION_PART4.TXT;WORLD\RU\A1_MANSION_PART5.TXT
SOUND\A1S2_ZERENZKI_17.WAV	script_captioned	WORLD\EN\A1_MANSION_PART1.TXT;WORLD\EN\A1_MANSION_PART2.TXT;WORLD\EN\A1_MANSION_PART2_5.TXT;WORLD\EN\A1_MANSION_PART4.TXT;WORLD\EN\A1_MANSION_PART5.TXT	WORLD\RU\A1_MANSION_PART1.TXT;WORLD\RU\A1_MANSION_PART2.TXT;WORLD\RU\A1_MANSION_PART2_5.TXT;WORLD\RU\A1_MANSION_PART4.TXT;WORLD\RU\A1_MANSION_PART5.TXT
SOUND\A1S2_ZERENZKI_18.WAV	script_captioned	WORLD\EN\A1_MANSION_PART1.TXT;WORLD\EN\A1_MANSION_PART2.TXT;WORLD\EN\A1_MANSION_PART2_5.TXT;WORLD\EN\A1_MANSION_PART4.TXT;WORLD\EN\A1_MANSION_PART5.TXT;WORLD\EN\A1_MANSION_ROOFARENA.TXT	WORLD\RU\A1_MANSION_PART1.TXT;WORLD\RU\A1_MANSION_PART2.TXT;WORLD\RU\A1_MANSION_PART2_5.TXT;WORLD\RU\A1_MANSION_PART4.TXT;WORLD\RU\A1_MANSION_PART5.TXT;WORLD\RU\A1_MANSION_ROOFARENA.TXT
SOUND\A1S2_ZERENZKI_19.WAV	script_captioned	WORLD\EN\A1_MANSION_PART1.TXT;WORLD\EN\A1_MANSION_PART2.TXT;WORLD\EN\A1_MANSION_PART2_5.TXT;WORLD\EN\A1_MANSION_PART4.TXT;WORLD\EN\A1_MANSION_PART5.TXT;WORLD\EN\A1_MANSION_ROOFARENA.TXT	WORLD\RU\A1_MANSION_PART1.TXT;WORLD\RU\A1_MANSION_PART2.TXT;WORLD\RU\A1_MANSION_PART2_5.TXT;WORLD\RU\A1_MANSION_PART4.TXT;WORLD\RU\A1_MANSION_PART5.TXT;WORLD\RU\A1_MANSION_ROOFARENA.TXT
SOUND\A1S2_ZERENZKI_5.WAV	script_captioned	WORLD\EN\A1_MANSION_PART1.TXT;WORLD\EN\A1_MANSION_PART2.TXT;WORLD\EN\A1_MANSION_PART2_5.TXT;WORLD\EN\A1_MANSION_PART4.TXT;WORLD\EN\A1_MANSION_PART5.TXT	WORLD\RU\A1_MANSION_PART1.TXT;WORLD\RU\A1_MANSION_PART2.TXT;WORLD\RU\A1_MANSION_PART2_5.TXT;WORLD\RU\A1_MANSION_PART4.TXT;WORLD\RU\A1_MANSION_PART5.TXT
SOUND\A1S2_ZERENZKI_6.WAV	script_captioned	WORLD\EN\A1_MANSION_PART1.TXT;WORLD\EN\A1_MANSION_PART2.TXT;WORLD\EN\A1_MANSION_PART2_5.TXT;WORLD\EN\A1_MANSION_PART4.TXT;WORLD\EN\A1_MANSION_PART5.TXT	WORLD\RU\A1_MANSION_PART1.TXT;WORLD\RU\A1_MANSION_PART2.TXT;WORLD\RU\A1_MANSION_PART2_5.TXT;WORLD\RU\A1_MANSION_PART4.TXT;WORLD\RU\A1_MANSION_PART5.TXT
SOUND\A1S2_ZERENZKI_7.WAV	script_captioned	WORLD\EN\A1_MANSION_PART1.TXT;WORLD\EN\A1_MANSION_PART2.TXT;WORLD\EN\A1_MANSION_PART2_5.TXT;WORLD\EN\A1_MANSION_PART4.TXT;WORLD\EN\A1_MANSION_PART5.TXT	WORLD\RU\A1_MANSION_PART1.TXT;WORLD\RU\A1_MANSION_PART2.TXT;WORLD\RU\A1_MANSION_PART2_5.TXT;WORLD\RU\A1_MANSION_PART4.TXT;WORLD\RU\A1_MANSION_PART5.TXT
SOUND\A1S2_ZERENZKI_8.WAV	script_captioned	WORLD\EN\A1_MANSION_PART1.TXT;WORLD\EN\A1_MANSION_PART2.TXT;WORLD\EN\A1_MANSION_PART2_5.TXT;WORLD\EN\A1_MANSION_PART4.TXT;WORLD\EN\A1_MANSION_PART5.TXT	WORLD\RU\A1_MANSION_PART1.TXT;WORLD\RU\A1_MANSION_PART2.TXT;WORLD\RU\A1_MANSION_PART2_5.TXT;WORLD\RU\A1_MANSION_PART4.TXT;WORLD\RU\A1_MANSION_PART5.TXT
SOUND\A1S2_ZERENZKI_9.WAV	script_captioned	WORLD\EN\A1_MANSION_PART1.TXT;WORLD\EN\A1_MANSION_PART2.TXT;WORLD\EN\A1_MANSION_PART2_5.TXT;WORLD\EN\A1_MANSION_PART4.TXT;WORLD\EN\A1_MANSION_PART5.TXT	WORLD\RU\A1_MANSION_PART1.TXT;WORLD\RU\A1_MANSION_PART2.TXT;WORLD\RU\A1_MANSION_PART2_5.TXT;WORLD\RU\A1_MANSION_PART4.TXT;WORLD\RU\A1_MANSION_PART5.TXT
SOUND\A1S2_ZMINION1_1.WAV	script_captioned	WORLD\EN\A1_MANSION_PART1.TXT;WORLD\EN\A1_MANSION_PART2.TXT;WORLD\EN\A1_MANSION_PART2_5.TXT;WORLD\EN\A1_MANSION_PART4.TXT;WORLD\EN\A1_MANSION_PART5.TXT	WORLD\RU\A1_MANSION_PART1.TXT;WORLD\RU\A1_MANSION_PART2.TXT;WORLD\RU\A1_MANSION_PART2_5.TXT;WORLD\RU\A1_MANSION_PART4.TXT;WORLD\RU\A1_MANSION_PART5.TXT
SOUND\A1S2_ZMINION1_2.WAV	script_captioned	WORLD\EN\A1_MANSION_PART1.TXT;WORLD\EN\A1_MANSION_PART2.TXT;WORLD\EN\A1_MANSION_PART2_5.TXT;WORLD\EN\A1_MANSION_PART4.TXT;WORLD\EN\A1_MANSION_PART5.TXT	WORLD\RU\A1_MANSION_PART1.TXT;WORLD\RU\A1_MANSION_PART2.TXT;WORLD\RU\A1_MANSION_PART2_5.TXT;WORLD\RU\A1_MANSION_PART4.TXT;WORLD\RU\A1_MANSION_PART5.TXT
SOUND\A1S2_ZMINION1_3.WAV	script_captioned	WORLD\EN\A1_MANSION_PART1.TXT;WORLD\EN\A1_MANSION_PART2.TXT;WORLD\EN\A1_MANSION_PART2_5.TXT;WORLD\EN\A1_MANSION_PART4.TXT;WORLD\EN\A1_MANSION_PART5.TXT	WORLD\RU\A1_MANSION_PART1.TXT;WORLD\RU\A1_MANSION_PART2.TXT;WORLD\RU\A1_MANSION_PART2_5.TXT;WORLD\RU\A1_MANSION_PART4.TXT;WORLD\RU\A1_MANSION_PART5.TXT
SOUND\A1S2_ZMINION1_4.WAV	script_captioned	WORLD\EN\A1_MANSION_PART1.TXT;WORLD\EN\A1_MANSION_PART2.TXT;WORLD\EN\A1_MANSION_PART2_5.TXT;WORLD\EN\A1_MANSION_PART4.TXT;WORLD\EN\A1_MANSION_PART5.TXT	WORLD\RU\A1_MANSION_PART1.TXT;WORLD\RU\A1_MANSION_PART2.TXT;WORLD\RU\A1_MANSION_PART2_5.TXT;WORLD\RU\A1_MANSION_PART4.TXT;WORLD\RU\A1_MANSION_PART5.TXT
SOUND\A1S2_ZMINION1_5.WAV	script_captioned	WORLD\EN\A1_MANSION_PART1.TXT;WORLD\EN\A1_MANSION_PART2.TXT;WORLD\EN\A1_MANSION_PART2_5.TXT;WORLD\EN\A1_MANSION_PART4.TXT;WORLD\EN\A1_MANSION_PART5.TXT	WORLD\RU\A1_MANSION_PART1.TXT;WORLD\RU\A1_MANSION_PART2.TXT;WORLD\RU\A1_MANSION_PART2_5.TXT;WORLD\RU\A1_MANSION_PART4.TXT;WORLD\RU\A1_MANSION_PART5.TXT
SOUND\A1S2_ZMINION1_6.WAV	script_captioned	WORLD\EN\A1_MANSION_PART1.TXT;WORLD\EN\A1_MANSION_PART2.TXT;WORLD\EN\A1_MANSION_PART2_5.TXT;WORLD\EN\A1_MANSION_PART4.TXT;WORLD\EN\A1_MANSION_PART5.TXT	WORLD\RU\A1_MANSION_PART1.TXT;WORLD\RU\A1_MANSION_PART2.TXT;WORLD\RU\A1_MANSION_PART2_5.TXT;WORLD\RU\A1_MANSION_PART4.TXT;WORLD\RU\A1_MANSION_PART5.TXT
SOUND\A1S2_ZMINION2_1.WAV	script_captioned	WORLD\EN\A1_MANSION_PART1.TXT;WORLD\EN\A1_MANSION_PART2.TXT;WORLD\EN\A1_MANSION_PART2_5.TXT;WORLD\EN\A1_MANSION_PART4.TXT;WORLD\EN\A1_MANSION_PART5.TXT	WORLD\RU\A1_MANSION_PART1.TXT;WORLD\RU\A1_MANSION_PART2.TXT;WORLD\RU\A1_MANSION_PART2_5.TXT;WORLD\RU\A1_MANSION_PART4.TXT;WORLD\RU\A1_MANSION_PART5.TXT
SOUND\A1S2_ZMINION2_2.WAV	script_captioned	WORLD\EN\A1_MANSION_PART1.TXT;WORLD\EN\A1_MANSION_PART2.TXT;WORLD\EN\A1_MANSION_PART2_5.TXT;WORLD\EN\A1_MANSION_PART4.TXT;WORLD\EN\A1_MANSION_PART5.TXT	WORLD\RU\A1_MANSION_PART1.TXT;WORLD\RU\A1_MANSION_PART2.TXT;WORLD\RU\A1_MANSION_PART2_5.TXT;WORLD\RU\A1_MANSION_PART4.TXT;WORLD\RU\A1_MANSION_PART5.TXT
SOUND\A1S2_ZMINION2_3.WAV	script_captioned	WORLD\EN\A1_MANSION_PART1.TXT;WORLD\EN\A1_MANSION_PART2.TXT;WORLD\EN\A1_MANSION_PART2_5.TXT;WORLD\EN\A1_MANSION_PART4.TXT;WORLD\EN\A1_MANSION_PART5.TXT	WORLD\RU\A1_MANSION_PART1.TXT;WORLD\RU\A1_MANSION_PART2.TXT;WORLD\RU\A1_MANSION_PART2_5.TXT;WORLD\RU\A1_MANSION_PART4.TXT;WORLD\RU\A1_MANSION_PART5.TXT
SOUND\A1S2_ZMINION3_1.WAV	script_captioned	WORLD\EN\A1_MANSION_PART1.TXT;WORLD\EN\A1_MANSION_PART2.TXT;WORLD\EN\A1_MANSION_PART2_5.TXT;WORLD\EN\A1_MANSION_PART4.TXT;WORLD\EN\A1_MANSION_PART5.TXT	WORLD\RU\A1_MANSION_PART1.TXT;WORLD\RU\A1_MANSION_PART2.TXT;WORLD\RU\A1_MANSION_PART2_5.TXT;WORLD\RU\A1_MANSION_PART4.TXT;WORLD\RU\A1_MANSION_PART5.TXT
SOUND\A1S2_ZMINION4_3.WAV	script_captioned	WORLD\EN\A1_MANSION_PART1.TXT;WORLD\EN\A1_MANSION_PART2.TXT;WORLD\EN\A1_MANSION_PART2_5.TXT;WORLD\EN\A1_MANSION_PART4.TXT;WORLD\EN\A1_MANSION_PART5.TXT	WORLD\RU\A1_MANSION_PART1.TXT;WORLD\RU\A1_MANSION_PART2.TXT;WORLD\RU\A1_MANSION_PART2_5.TXT;WORLD\RU\A1_MANSION_PART4.TXT;WORLD\RU\A1_MANSION_PART5.TXT
SOUND\A1S3_RAYNE_1.WAV	script_captioned	WORLD\EN\A1_MANSION_PART3.TXT	WORLD\RU\A1_MANSION_PART3.TXT
SOUND\A1S3_RAYNE_2.WAV	script_captioned	WORLD\EN\A1_MANSION_PART3.TXT	WORLD\RU\A1_MANSION_PART3.TXT
SOUND\A1S3_RAYNE_3.WAV	script_captioned	WORLD\EN\A1_MANSION_PART3.TXT	WORLD\RU\A1_MANSION_PART3.TXT
SOUND\A1S3_RAYNE_4.WAV	script_captioned	WORLD\EN\A1_MANSION_PART3.TXT	WORLD\RU\A1_MANSION_PART3.TXT
SOUND\A1S3_SEVERIN_1.WAV	script_captioned	WORLD\EN\A1_MANSION_PART3.TXT	WORLD\RU\A1_MANSION_PART3.TXT
SOUND\A1S3_SEVERIN_2.WAV	script_captioned	WORLD\EN\A1_MANSION_PART3.TXT	WORLD\RU\A1_MANSION_PART3.TXT
SOUND\A2_BARTENDER_1.WAV	no_english_script_key_audio_or_unmapped		
SOUND\A2_MINION1_1.WAV	script_captioned	WORLD\EN\A2_MEATPACKING.TXT;WORLD\EN\A2_MEATPACKING_1.TXT	WORLD\RU\A2_MEATPACKING.TXT;WORLD\RU\A2_MEATPACKING_1.TXT
SOUND\A2_MINION1_10.WAV	script_captioned	WORLD\EN\A2_MEATPACKING.TXT	WORLD\RU\A2_MEATPACKING.TXT;WORLD\RU\A2_MEATPACKING_2.TXT
SOUND\A2_MINION1_11.WAV	script_captioned	WORLD\EN\A2_MEATPACKING.TXT	WORLD\RU\A2_MEATPACKING.TXT;WORLD\RU\A2_MEATPACKING_2.TXT
SOUND\A2_MINION1_12.WAV	script_captioned	WORLD\EN\A2_MEATPACKING.TXT	WORLD\RU\A2_MEATPACKING.TXT;WORLD\RU\A2_MEATPACKING_2.TXT
SOUND\A2_MINION1_13.WAV	script_captioned	WORLD\EN\A2_MEATPACKING.TXT	WORLD\RU\A2_MEATPACKING.TXT;WORLD\RU\A2_MEATPACKING_2.TXT
SOUND\A2_MINION1_14.WAV	script_captioned	WORLD\EN\A2_MEATPACKING.TXT	WORLD\RU\A2_MEATPACKING.TXT;WORLD\RU\A2_MEATPACKING_2.TXT
SOUND\A2_MINION1_15.WAV	script_captioned	WORLD\EN\A2_MEATPACKING.TXT;WORLD\EN\A2_MEATPACKING_2.TXT	WORLD\RU\A2_MEATPACKING.TXT;WORLD\RU\A2_MEATPACKING_2.TXT
SOUND\A2_MINION1_16.WAV	script_captioned	WORLD\EN\A2_MEATPACKING.TXT	WORLD\RU\A2_MEATPACKING.TXT;WORLD\RU\A2_MEATPACKING_2.TXT
SOUND\A2_MINION1_17.WAV	no_english_script_key_audio_or_unmapped		
SOUND\A2_MINION1_18.WAV	script_captioned	WORLD\EN\A2_MEATPACKING.TXT	WORLD\RU\A2_MEATPACKING.TXT;WORLD\RU\A2_MEATPACKING_2.TXT
SOUND\A2_MINION1_19.WAV	script_captioned	WORLD\EN\A2_MEATPACKING.TXT;WORLD\EN\A2_MEATPACKING_2.TXT	WORLD\RU\A2_MEATPACKING.TXT;WORLD\RU\A2_MEATPACKING_2.TXT
SOUND\A2_MINION1_2.WAV	no_english_script_key_audio_or_unmapped		
SOUND\A2_MINION1_3.WAV	no_english_script_key_audio_or_unmapped		
SOUND\A2_MINION1_4.WAV	no_english_script_key_audio_or_unmapped		
SOUND\A2_MINION1_5.WAV	no_english_script_key_audio_or_unmapped		
SOUND\A2_MINION1_6.WAV	no_english_script_key_audio_or_unmapped		
SOUND\A2_MINION1_7.WAV	no_english_script_key_audio_or_unmapped		
SOUND\A2_MINION1_8.WAV	no_english_script_key_audio_or_unmapped		
SOUND\A2_MINION1_9.WAV	script_captioned	WORLD\EN\A2_MEATPACKING.TXT	WORLD\RU\A2_MEATPACKING.TXT;WORLD\RU\A2_MEATPACKING_2.TXT
SOUND\A2_MINION2_1.WAV	script_captioned	WORLD\EN\A2_MEATPACKING_1.TXT	WORLD\RU\A2_MEATPACKING_1.TXT
SOUND\A2_MINION2_2.WAV	no_english_script_key_audio_or_unmapped		
SOUND\A2_MINION2_3.WAV	no_english_script_key_audio_or_unmapped		
SOUND\A2_MINION2_4.WAV	script_captioned	WORLD\EN\A2_MEATPACKING.TXT;WORLD\EN\A2_MEATPACKING_2.TXT	WORLD\RU\A2_MEATPACKING.TXT;WORLD\RU\A2_MEATPACKING_2.TXT
SOUND\A2_NEWSCASTER_1.WAV	no_english_script_key_audio_or_unmapped		
SOUND\A2_NEWSCASTER_1A.WAV	no_english_script_key_audio_or_unmapped		
SOUND\A2_NEWSCASTER_2.WAV	no_english_script_key_audio_or_unmapped		
SOUND\A2_NEWSCASTER_3.WAV	no_english_script_key_audio_or_unmapped		
SOUND\A2_NEWSCASTER_4.WAV	no_english_script_key_audio_or_unmapped		
SOUND\A2_NEWSCASTER_5.WAV	no_english_script_key_audio_or_unmapped		
SOUND\A2_POLICEMAN_1.WAV	no_english_script_key_audio_or_unmapped		
SOUND\A2_RAYNE_1.WAV	no_english_script_key_audio_or_unmapped		
SOUND\A2_RAYNE_10.WAV	script_captioned	WORLD\EN\A2_MEATPACKING.TXT;WORLD\EN\A2_MEATPACKING_1.TXT	WORLD\RU\A2_MEATPACKING.TXT;WORLD\RU\A2_MEATPACKING_1.TXT
SOUND\A2_RAYNE_11.WAV	script_captioned	WORLD\EN\A2_MEATPACKING.TXT;WORLD\EN\A2_MEATPACKING_2.TXT	WORLD\RU\A2_MEATPACKING.TXT;WORLD\RU\A2_MEATPACKING_2.TXT
SOUND\A2_RAYNE_12.WAV	script_captioned	WORLD\EN\A2_MEATPACKING.TXT;WORLD\EN\A2_MEATPACKING_2.TXT	WORLD\RU\A2_MEATPACKING.TXT;WORLD\RU\A2_MEATPACKING_2.TXT
SOUND\A2_RAYNE_13.WAV	no_english_script_key_audio_or_unmapped		
SOUND\A2_RAYNE_14.WAV	script_captioned	WORLD\EN\A2_MEATPACKING.TXT;WORLD\EN\A2_MEATPACKING_2.TXT	WORLD\RU\A2_MEATPACKING.TXT;WORLD\RU\A2_MEATPACKING_2.TXT
SOUND\A2_RAYNE_15.WAV	script_captioned	WORLD\EN\A2_MEATPACKING.TXT	WORLD\RU\A2_MEATPACKING.TXT;WORLD\RU\A2_MEATPACKING_2.TXT
SOUND\A2_RAYNE_16.WAV	no_english_script_key_audio_or_unmapped		
SOUND\A2_RAYNE_17.WAV	script_captioned	WORLD\EN\A2_MEATPACKING.TXT	WORLD\RU\A2_MEATPACKING.TXT;WORLD\RU\A2_MEATPACKING_2.TXT
SOUND\A2_RAYNE_18.WAV	script_captioned	WORLD\EN\A2_MEATPACKING.TXT	WORLD\RU\A2_MEATPACKING.TXT;WORLD\RU\A2_MEATPACKING_2.TXT
SOUND\A2_RAYNE_19.WAV	script_captioned	WORLD\EN\A2_MEATPACKING.TXT;WORLD\EN\A2_MEATPACKING_2.TXT	WORLD\RU\A2_MEATPACKING.TXT;WORLD\RU\A2_MEATPACKING_2.TXT
SOUND\A2_RAYNE_2.WAV	no_english_script_key_audio_or_unmapped		
SOUND\A2_RAYNE_20.WAV	script_captioned	WORLD\EN\A2_MEATPACKING.TXT;WORLD\EN\A2_MEATPACKING_2.TXT	WORLD\RU\A2_MEATPACKING.TXT;WORLD\RU\A2_MEATPACKING_2.TXT
SOUND\A2_RAYNE_21.WAV	script_captioned	WORLD\EN\A2_MEATPACKING.TXT	WORLD\RU\A2_MEATPACKING.TXT;WORLD\RU\A2_MEATPACKING_2.TXT
SOUND\A2_RAYNE_22.WAV	script_captioned	WORLD\EN\A2_MEATPACKING.TXT;WORLD\EN\A2_MEATPACKING_2.TXT	WORLD\RU\A2_MEATPACKING.TXT;WORLD\RU\A2_MEATPACKING_2.TXT
SOUND\A2_RAYNE_23.WAV	no_english_script_key_audio_or_unmapped		
SOUND\A2_RAYNE_24.WAV	script_captioned	WORLD\EN\A2_MEATPACKING.TXT;WORLD\EN\A2_MEATPACKING_2.TXT	WORLD\RU\A2_MEATPACKING.TXT;WORLD\RU\A2_MEATPACKING_2.TXT
SOUND\A2_RAYNE_25.WAV	no_english_script_key_audio_or_unmapped		
SOUND\A2_RAYNE_26.WAV	no_english_script_key_audio_or_unmapped		
SOUND\A2_RAYNE_27.WAV	no_english_script_key_audio_or_unmapped		
SOUND\A2_RAYNE_28.WAV	no_english_script_key_audio_or_unmapped		
SOUND\A2_RAYNE_29.WAV	no_english_script_key_audio_or_unmapped		
SOUND\A2_RAYNE_3.WAV	no_english_script_key_audio_or_unmapped		
SOUND\A2_RAYNE_30.WAV	no_english_script_key_audio_or_unmapped		
SOUND\A2_RAYNE_31.WAV	script_captioned	WORLD\EN\A2_MEATPACKING.TXT	WORLD\RU\A2_MEATPACKING.TXT;WORLD\RU\A2_MEATPACKING_2.TXT
SOUND\A2_RAYNE_4.WAV	no_english_script_key_audio_or_unmapped		
SOUND\A2_RAYNE_5.WAV	no_english_script_key_audio_or_unmapped		
SOUND\A2_RAYNE_6.WAV	script_captioned	WORLD\EN\A2_MEATPACKING.TXT;WORLD\EN\A2_MEATPACKING_1.TXT	WORLD\RU\A2_MEATPACKING.TXT;WORLD\RU\A2_MEATPACKING_1.TXT
SOUND\A2_RAYNE_7.WAV	script_captioned	WORLD\EN\A2_MEATPACKING.TXT;WORLD\EN\A2_MEATPACKING_1.TXT	WORLD\RU\A2_MEATPACKING.TXT;WORLD\RU\A2_MEATPACKING_1.TXT
SOUND\A2_RAYNE_8.WAV	script_captioned	WORLD\EN\A2_MEATPACKING.TXT	WORLD\RU\A2_MEATPACKING.TXT;WORLD\RU\A2_MEATPACKING_1.TXT
SOUND\A2_RAYNE_9.WAV	script_captioned	WORLD\EN\A2_MEATPACKING.TXT;WORLD\EN\A2_MEATPACKING_1.TXT	WORLD\RU\A2_MEATPACKING.TXT;WORLD\RU\A2_MEATPACKING_1.TXT
SOUND\A2_SEVERIN_1.WAV	no_english_script_key_audio_or_unmapped		
SOUND\A2_SEVERIN_10.WAV	script_captioned	WORLD\EN\A2_MEATPACKING.TXT;WORLD\EN\A2_MEATPACKING_2.TXT	WORLD\RU\A2_MEATPACKING.TXT;WORLD\RU\A2_MEATPACKING_2.TXT
SOUND\A2_SEVERIN_11.WAV	script_captioned	WORLD\EN\A2_MEATPACKING.TXT;WORLD\EN\A2_MEATPACKING_2.TXT	WORLD\RU\A2_MEATPACKING.TXT;WORLD\RU\A2_MEATPACKING_2.TXT
SOUND\A2_SEVERIN_12.WAV	script_captioned	WORLD\EN\A2_MEATPACKING.TXT;WORLD\EN\A2_MEATPACKING_2.TXT	WORLD\RU\A2_MEATPACKING.TXT;WORLD\RU\A2_MEATPACKING_2.TXT
SOUND\A2_SEVERIN_13.WAV	script_captioned	WORLD\EN\A2_MEATPACKING.TXT	WORLD\RU\A2_MEATPACKING.TXT;WORLD\RU\A2_MEATPACKING_2.TXT
SOUND\A2_SEVERIN_14.WAV	script_captioned	WORLD\EN\A2_MEATPACKING.TXT	WORLD\RU\A2_MEATPACKING.TXT;WORLD\RU\A2_MEATPACKING_2.TXT
SOUND\A2_SEVERIN_15.WAV	script_captioned	WORLD\EN\A2_MEATPACKING.TXT;WORLD\EN\A2_MEATPACKING_2.TXT	WORLD\RU\A2_MEATPACKING.TXT;WORLD\RU\A2_MEATPACKING_2.TXT
SOUND\A2_SEVERIN_16.WAV	script_captioned	WORLD\EN\A2_MEATPACKING.TXT	WORLD\RU\A2_MEATPACKING.TXT;WORLD\RU\A2_MEATPACKING_2.TXT
SOUND\A2_SEVERIN_17.WAV	script_captioned	WORLD\EN\A2_MEATPACKING.TXT;WORLD\EN\A2_MEATPACKING_2.TXT	WORLD\RU\A2_MEATPACKING.TXT;WORLD\RU\A2_MEATPACKING_2.TXT
SOUND\A2_SEVERIN_18.WAV	script_captioned	WORLD\EN\A2_MEATPACKING.TXT;WORLD\EN\A2_MEATPACKING_2.TXT	WORLD\RU\A2_MEATPACKING.TXT;WORLD\RU\A2_MEATPACKING_2.TXT
SOUND\A2_SEVERIN_19.WAV	no_english_script_key_audio_or_unmapped		
SOUND\A2_SEVERIN_19A.WAV	script_captioned	WORLD\EN\A2_MEATPACKING.TXT	WORLD\RU\A2_MEATPACKING.TXT;WORLD\RU\A2_MEATPACKING_2.TXT
SOUND\A2_SEVERIN_1A.WAV	no_english_script_key_audio_or_unmapped		
SOUND\A2_SEVERIN_2.WAV	no_english_script_key_audio_or_unmapped		
SOUND\A2_SEVERIN_20.WAV	no_english_script_key_audio_or_unmapped		
SOUND\A2_SEVERIN_21.WAV	script_captioned	WORLD\EN\A2_MEATPACKING.TXT	WORLD\RU\A2_MEATPACKING.TXT;WORLD\RU\A2_MEATPACKING_1.TXT
SOUND\A2_SEVERIN_3.WAV	no_english_script_key_audio_or_unmapped		
SOUND\A2_SEVERIN_4.WAV	no_english_script_key_audio_or_unmapped		
SOUND\A2_SEVERIN_5.WAV	no_english_script_key_audio_or_unmapped		
SOUND\A2_SEVERIN_6.WAV	script_captioned	WORLD\EN\A2_MEATPACKING.TXT	WORLD\RU\A2_MEATPACKING.TXT;WORLD\RU\A2_MEATPACKING_1.TXT
SOUND\A2_SEVERIN_7.WAV	script_captioned	WORLD\EN\A2_MEATPACKING.TXT;WORLD\EN\A2_MEATPACKING_1.TXT	WORLD\RU\A2_MEATPACKING.TXT;WORLD\RU\A2_MEATPACKING_1.TXT
SOUND\A2_SEVERIN_8.WAV	script_captioned	WORLD\EN\A2_MEATPACKING.TXT;WORLD\EN\A2_MEATPACKING_2.TXT	WORLD\RU\A2_MEATPACKING.TXT;WORLD\RU\A2_MEATPACKING_2.TXT
SOUND\A2_SEVERIN_9.WAV	script_captioned	WORLD\EN\A2_MEATPACKING.TXT;WORLD\EN\A2_MEATPACKING_2.TXT	WORLD\RU\A2_MEATPACKING.TXT;WORLD\RU\A2_MEATPACKING_2.TXT
SOUND\A2S1_BARTENDER_1.WAV	no_english_script_key_audio_or_unmapped		
SOUND\A2S1_CIVILIAN_1.WAV	script_captioned	WORLD\EN\A4_PARK_2.TXT	WORLD\RU\A4_PARK_2.TXT
SOUND\A2S1_CIVILIAN_2.WAV	script_captioned	WORLD\EN\A4_PARK_2.TXT	WORLD\RU\A4_PARK_2.TXT
SOUND\A2S1_CIVILIAN_3.WAV	no_english_script_key_audio_or_unmapped		
SOUND\A2S1_CIVILIAN_4.WAV	no_english_script_key_audio_or_unmapped		
SOUND\A2S1_CIVILIAN_5.WAV	no_english_script_key_audio_or_unmapped		
SOUND\A2S1_CIVILIAN_6.WAV	no_english_script_key_audio_or_unmapped		
SOUND\A2S1_FMINION1_1.WAV	no_english_script_key_audio_or_unmapped		
SOUND\A2S1_FMINION1_10.WAV	script_captioned	WORLD\EN\A2_MEATPACKING_2.TXT	WORLD\RU\A2_MEATPACKING_2.TXT
SOUND\A2S1_FMINION1_11.WAV	script_captioned	WORLD\EN\A2_MEATPACKING_2.TXT	WORLD\RU\A2_MEATPACKING_2.TXT
SOUND\A2S1_FMINION1_12.WAV	script_captioned	WORLD\EN\A2_MEATPACKING_2.TXT	WORLD\RU\A2_MEATPACKING_2.TXT
SOUND\A2S1_FMINION1_13.WAV	no_english_script_key_audio_or_unmapped		
SOUND\A2S1_FMINION1_14.WAV	no_english_script_key_audio_or_unmapped		
SOUND\A2S1_FMINION1_15.WAV	no_english_script_key_audio_or_unmapped		
SOUND\A2S1_FMINION1_17.WAV	script_captioned	WORLD\EN\A2_MEATPACKING_2.TXT	WORLD\RU\A2_MEATPACKING_2.TXT
SOUND\A2S1_FMINION1_18.WAV	script_captioned	WORLD\EN\A2_MEATPACKING_2.TXT	WORLD\RU\A2_MEATPACKING_2.TXT
SOUND\A2S1_FMINION1_19.WAV	no_english_script_key_audio_or_unmapped		
SOUND\A2S1_FMINION1_2.WAV	no_english_script_key_audio_or_unmapped		
SOUND\A2S1_FMINION1_20.WAV	no_english_script_key_audio_or_unmapped		
SOUND\A2S1_FMINION1_21.WAV	no_english_script_key_audio_or_unmapped		
SOUND\A2S1_FMINION1_22.WAV	script_captioned	WORLD\EN\A2_MEATPACKING_2.TXT	WORLD\RU\A2_MEATPACKING_2.TXT
SOUND\A2S1_FMINION1_23.WAV	no_english_script_key_audio_or_unmapped		
SOUND\A2S1_FMINION1_24.WAV	script_captioned	WORLD\EN\A2_MEATPACKING_2.TXT	WORLD\RU\A2_MEATPACKING_2.TXT
SOUND\A2S1_FMINION1_25.WAV	script_captioned	WORLD\EN\A2_MEATPACKING_2.TXT	WORLD\RU\A2_MEATPACKING_2.TXT
SOUND\A2S1_FMINION1_26.WAV	script_captioned	WORLD\EN\A2_MEATPACKING_2.TXT	WORLD\RU\A2_MEATPACKING_2.TXT
SOUND\A2S1_FMINION1_27.WAV	no_english_script_key_audio_or_unmapped		
SOUND\A2S1_FMINION1_28.WAV	no_english_script_key_audio_or_unmapped		
SOUND\A2S1_FMINION1_29.WAV	no_english_script_key_audio_or_unmapped		
SOUND\A2S1_FMINION1_3.WAV	no_english_script_key_audio_or_unmapped		
SOUND\A2S1_FMINION1_30.WAV	no_english_script_key_audio_or_unmapped		
SOUND\A2S1_FMINION1_31.WAV	no_english_script_key_audio_or_unmapped		
SOUND\A2S1_FMINION1_4.WAV	no_english_script_key_audio_or_unmapped		
SOUND\A2S1_FMINION1_5.WAV	no_english_script_key_audio_or_unmapped		
SOUND\A2S1_FMINION1_6.WAV	no_english_script_key_audio_or_unmapped		
SOUND\A2S1_FMINION1_7.WAV	no_english_script_key_audio_or_unmapped		
SOUND\A2S1_FMINION1_8.WAV	script_captioned	WORLD\EN\A2_MEATPACKING_2.TXT	WORLD\RU\A2_MEATPACKING_2.TXT
SOUND\A2S1_FMINION1_9.WAV	script_captioned	WORLD\EN\A2_MEATPACKING_2.TXT	WORLD\RU\A2_MEATPACKING_2.TXT
SOUND\A2S1_FMINION2_1.WAV	no_english_script_key_audio_or_unmapped		
SOUND\A2S1_FMINION2_11.WAV	script_captioned	WORLD\EN\A2_MEATPACKING_2.TXT	WORLD\RU\A2_MEATPACKING_2.TXT
SOUND\A2S1_FMINION2_12.WAV	script_captioned	WORLD\EN\A2_MEATPACKING_2.TXT	WORLD\RU\A2_MEATPACKING_2.TXT
SOUND\A2S1_FMINION2_13.WAV	no_english_script_key_audio_or_unmapped		
SOUND\A2S1_FMINION2_14.WAV	no_english_script_key_audio_or_unmapped		
SOUND\A2S1_FMINION2_2.WAV	no_english_script_key_audio_or_unmapped		
SOUND\A2S1_FMINION2_3.WAV	no_english_script_key_audio_or_unmapped		
SOUND\A2S1_FMINION2_4.WAV	no_english_script_key_audio_or_unmapped		
SOUND\A2S1_FMINION2_5.WAV	no_english_script_key_audio_or_unmapped		
SOUND\A2S1_FMINION2_6.WAV	script_captioned	WORLD\EN\A2_MEATPACKING_2.TXT	WORLD\RU\A2_MEATPACKING_2.TXT
SOUND\A2S1_FMINION2_7.WAV	script_captioned	WORLD\EN\A2_MEATPACKING_2.TXT	WORLD\RU\A2_MEATPACKING_2.TXT
SOUND\A2S1_FMINION2_8.WAV	no_english_script_key_audio_or_unmapped		
SOUND\A2S1_FMINION2_9.WAV	no_english_script_key_audio_or_unmapped		
SOUND\A2S1_FMINION3_1.WAV	no_english_script_key_audio_or_unmapped		
SOUND\A2S1_FMINION3_2.WAV	no_english_script_key_audio_or_unmapped		
SOUND\A2S1_FMINION3_3.WAV	no_english_script_key_audio_or_unmapped		
SOUND\A2S1_FMINION3_4.WAV	no_english_script_key_audio_or_unmapped		
SOUND\A2S1_KESTREL1_1.WAV	script_captioned	WORLD\EN\A2_MEATPACKING_2.TXT	WORLD\RU\A2_MEATPACKING_2.TXT
SOUND\A2S1_KESTREL1_10.WAV	no_english_script_key_audio_or_unmapped		
SOUND\A2S1_KESTREL1_11.WAV	script_captioned	WORLD\EN\A2_MEATPACKING_2.TXT	WORLD\RU\A2_MEATPACKING_2.TXT
SOUND\A2S1_KESTREL1_12.WAV	script_captioned	WORLD\EN\A2_MEATPACKING_2.TXT	WORLD\RU\A2_MEATPACKING_2.TXT
SOUND\A2S1_KESTREL1_13.WAV	no_english_script_key_audio_or_unmapped		
SOUND\A2S1_KESTREL1_14.WAV	no_english_script_key_audio_or_unmapped		
SOUND\A2S1_KESTREL1_2.WAV	script_captioned	WORLD\EN\A2_MEATPACKING_2.TXT	WORLD\RU\A2_MEATPACKING_2.TXT
SOUND\A2S1_KESTREL1_3.WAV	no_english_script_key_audio_or_unmapped		
SOUND\A2S1_KESTREL1_4.WAV	no_english_script_key_audio_or_unmapped		
SOUND\A2S1_KESTREL1_5.WAV	no_english_script_key_audio_or_unmapped		
SOUND\A2S1_KESTREL1_6.WAV	script_captioned	WORLD\EN\A2_MEATPACKING_2.TXT	WORLD\RU\A2_MEATPACKING_2.TXT
SOUND\A2S1_KESTREL1_7.WAV	script_captioned	WORLD\EN\A2_MEATPACKING_2.TXT	WORLD\RU\A2_MEATPACKING_2.TXT
SOUND\A2S1_KESTREL1_8.WAV	script_captioned	WORLD\EN\A2_MEATPACKING_2.TXT	WORLD\RU\A2_MEATPACKING_2.TXT
SOUND\A2S1_KESTREL1_9.WAV	script_captioned	WORLD\EN\A2_MEATPACKING_2.TXT	WORLD\RU\A2_MEATPACKING_2.TXT
SOUND\A2S1_KESTREL2_1.WAV	no_english_script_key_audio_or_unmapped		
SOUND\A2S1_KESTREL2_2.WAV	no_english_script_key_audio_or_unmapped		
SOUND\A2S1_KESTREL3_1.WAV	no_english_script_key_audio_or_unmapped		
SOUND\A2S1_POLICE_1.WAV	no_english_script_key_audio_or_unmapped		
SOUND\A2S1_POLICE_2.WAV	no_english_script_key_audio_or_unmapped		
SOUND\A2S1_POLICE_3.WAV	no_english_script_key_audio_or_unmapped		
SOUND\A2S1_POLICE_4.WAV	no_english_script_key_audio_or_unmapped		
SOUND\A2S1_POLICE_5.WAV	no_english_script_key_audio_or_unmapped		
SOUND\A2S1_POLICE_6.WAV	no_english_script_key_audio_or_unmapped		
SOUND\A2S1_POLICE_7.WAV	no_english_script_key_audio_or_unmapped		
SOUND\A2S1_POLICE_8.WAV	no_english_script_key_audio_or_unmapped		
SOUND\A2S1_RAYNE_1.WAV	no_english_script_key_audio_or_unmapped		
SOUND\A2S1_RAYNE_10.WAV	script_captioned	WORLD\EN\A2_MEATPACKING_1.TXT	WORLD\RU\A2_MEATPACKING_1.TXT
SOUND\A2S1_RAYNE_11.WAV	no_english_script_key_audio_or_unmapped		
SOUND\A2S1_RAYNE_13.WAV	no_english_script_key_audio_or_unmapped		
SOUND\A2S1_RAYNE_14.WAV	no_english_script_key_audio_or_unmapped		
SOUND\A2S1_RAYNE_15.WAV	script_captioned	WORLD\EN\A2_MEATPACKING_1.TXT	WORLD\RU\A2_MEATPACKING_1.TXT
SOUND\A2S1_RAYNE_16.WAV	no_english_script_key_audio_or_unmapped		
SOUND\A2S1_RAYNE_17.WAV	no_english_script_key_audio_or_unmapped		
SOUND\A2S1_RAYNE_18.WAV	no_english_script_key_audio_or_unmapped		
SOUND\A2S1_RAYNE_19.WAV	script_captioned	WORLD\EN\A2_MEATPACKING_1.TXT	WORLD\RU\A2_MEATPACKING_1.TXT
SOUND\A2S1_RAYNE_2.WAV	no_english_script_key_audio_or_unmapped		
SOUND\A2S1_RAYNE_20.WAV	no_english_script_key_audio_or_unmapped		
SOUND\A2S1_RAYNE_21.WAV	no_english_script_key_audio_or_unmapped		
SOUND\A2S1_RAYNE_22.WAV	script_captioned	WORLD\EN\A2_MEATPACKING_2.TXT	WORLD\RU\A2_MEATPACKING_2.TXT
SOUND\A2S1_RAYNE_23.WAV	script_captioned	WORLD\EN\A2_MEATPACKING_2.TXT	WORLD\RU\A2_MEATPACKING_2.TXT
SOUND\A2S1_RAYNE_24.WAV	no_english_script_key_audio_or_unmapped		
SOUND\A2S1_RAYNE_25.WAV	no_english_script_key_audio_or_unmapped		
SOUND\A2S1_RAYNE_26.WAV	no_english_script_key_audio_or_unmapped		
SOUND\A2S1_RAYNE_27.WAV	no_english_script_key_audio_or_unmapped		
SOUND\A2S1_RAYNE_28.WAV	script_captioned	WORLD\EN\A2_MEATPACKING_2.TXT	WORLD\RU\A2_MEATPACKING_2.TXT
SOUND\A2S1_RAYNE_29.WAV	script_captioned	WORLD\EN\A2_MEATPACKING_2.TXT	WORLD\RU\A2_MEATPACKING_2.TXT
SOUND\A2S1_RAYNE_3.WAV	no_english_script_key_audio_or_unmapped		
SOUND\A2S1_RAYNE_30.WAV	script_captioned	WORLD\EN\A2_MEATPACKING_2.TXT	WORLD\RU\A2_MEATPACKING_2.TXT
SOUND\A2S1_RAYNE_31.WAV	script_captioned	WORLD\EN\A2_SEWER_1.TXT	WORLD\RU\A2_SEWER_1.TXT
SOUND\A2S1_RAYNE_32.WAV	script_captioned	WORLD\EN\A2_MEATPACKING_2.TXT	WORLD\RU\A2_MEATPACKING_2.TXT
SOUND\A2S1_RAYNE_33.WAV	script_captioned	WORLD\EN\A2_MEATPACKING_2.TXT	WORLD\RU\A2_MEATPACKING_2.TXT
SOUND\A2S1_RAYNE_34.WAV	no_english_script_key_audio_or_unmapped		
SOUND\A2S1_RAYNE_35.WAV	no_english_script_key_audio_or_unmapped		
SOUND\A2S1_RAYNE_36.WAV	no_english_script_key_audio_or_unmapped		
SOUND\A2S1_RAYNE_37.WAV	script_captioned	WORLD\EN\A2_MEATPACKING_2.TXT	WORLD\RU\A2_MEATPACKING_2.TXT
SOUND\A2S1_RAYNE_38.WAV	script_captioned	WORLD\EN\A2_MEATPACKING_2.TXT	WORLD\RU\A2_MEATPACKING_2.TXT
SOUND\A2S1_RAYNE_39.WAV	no_english_script_key_audio_or_unmapped		
SOUND\A2S1_RAYNE_4.WAV	no_english_script_key_audio_or_unmapped		
SOUND\A2S1_RAYNE_41.WAV	no_english_script_key_audio_or_unmapped		
SOUND\A2S1_RAYNE_42.WAV	no_english_script_key_audio_or_unmapped		
SOUND\A2S1_RAYNE_43.WAV	no_english_script_key_audio_or_unmapped		
SOUND\A2S1_RAYNE_44.WAV	no_english_script_key_audio_or_unmapped		
SOUND\A2S1_RAYNE_45.WAV	script_captioned	WORLD\EN\A2_MEATPACKING_2.TXT	WORLD\RU\A2_MEATPACKING_2.TXT
SOUND\A2S1_RAYNE_46.WAV	script_captioned	WORLD\EN\A2_MEATPACKING_2.TXT	WORLD\RU\A2_MEATPACKING_2.TXT
SOUND\A2S1_RAYNE_47.WAV	no_english_script_key_audio_or_unmapped		
SOUND\A2S1_RAYNE_48.WAV	no_english_script_key_audio_or_unmapped		
SOUND\A2S1_RAYNE_49.WAV	no_english_script_key_audio_or_unmapped		
SOUND\A2S1_RAYNE_5.WAV	no_english_script_key_audio_or_unmapped		
SOUND\A2S1_RAYNE_50.WAV	no_english_script_key_audio_or_unmapped		
SOUND\A2S1_RAYNE_6.WAV	no_english_script_key_audio_or_unmapped		
SOUND\A2S1_RAYNE_8.WAV	no_english_script_key_audio_or_unmapped		
SOUND\A2S1_RAYNE_9.WAV	no_english_script_key_audio_or_unmapped		
SOUND\A2S1_SEVERIN_1.WAV	no_english_script_key_audio_or_unmapped		
SOUND\A2S1_SEVERIN_10.WAV	no_english_script_key_audio_or_unmapped		
SOUND\A2S1_SEVERIN_11.WAV	no_english_script_key_audio_or_unmapped		
SOUND\A2S1_SEVERIN_12.WAV	no_english_script_key_audio_or_unmapped		
SOUND\A2S1_SEVERIN_13.WAV	no_english_script_key_audio_or_unmapped		
SOUND\A2S1_SEVERIN_14.WAV	no_english_script_key_audio_or_unmapped		
SOUND\A2S1_SEVERIN_15.WAV	no_english_script_key_audio_or_unmapped		
SOUND\A2S1_SEVERIN_16.WAV	no_english_script_key_audio_or_unmapped		
SOUND\A2S1_SEVERIN_17.WAV	script_captioned	WORLD\EN\A2_MEATPACKING_2.TXT	WORLD\RU\A2_MEATPACKING_2.TXT
SOUND\A2S1_SEVERIN_18.WAV	script_captioned	WORLD\EN\A2_MEATPACKING_2.TXT	WORLD\RU\A2_MEATPACKING_2.TXT
SOUND\A2S1_SEVERIN_19.WAV	script_captioned	WORLD\EN\A2_MEATPACKING_2.TXT	WORLD\RU\A2_MEATPACKING_2.TXT
SOUND\A2S1_SEVERIN_2.WAV	no_english_script_key_audio_or_unmapped		
SOUND\A2S1_SEVERIN_20.WAV	script_captioned	WORLD\EN\A2_MEATPACKING_2.TXT	WORLD\RU\A2_MEATPACKING_2.TXT
SOUND\A2S1_SEVERIN_21.WAV	script_captioned	WORLD\EN\A2_MEATPACKING_2.TXT	WORLD\RU\A2_MEATPACKING_2.TXT
SOUND\A2S1_SEVERIN_22.WAV	script_captioned	WORLD\EN\A2_MEATPACKING_2.TXT	WORLD\RU\A2_MEATPACKING_2.TXT
SOUND\A2S1_SEVERIN_23.WAV	script_captioned	WORLD\EN\A2_MEATPACKING_2.TXT	WORLD\RU\A2_MEATPACKING_2.TXT
SOUND\A2S1_SEVERIN_24.WAV	no_english_script_key_audio_or_unmapped		
SOUND\A2S1_SEVERIN_25.WAV	no_english_script_key_audio_or_unmapped		
SOUND\A2S1_SEVERIN_26.WAV	no_english_script_key_audio_or_unmapped		
SOUND\A2S1_SEVERIN_27.WAV	no_english_script_key_audio_or_unmapped		
SOUND\A2S1_SEVERIN_28.WAV	no_english_script_key_audio_or_unmapped		
SOUND\A2S1_SEVERIN_29.WAV	script_captioned	WORLD\EN\A2_MEATPACKING_2.TXT	WORLD\RU\A2_MEATPACKING_2.TXT
SOUND\A2S1_SEVERIN_3.WAV	no_english_script_key_audio_or_unmapped		
SOUND\A2S1_SEVERIN_30.WAV	script_captioned	WORLD\EN\A2_MEATPACKING_2.TXT	WORLD\RU\A2_MEATPACKING_2.TXT
SOUND\A2S1_SEVERIN_31.WAV	no_english_script_key_audio_or_unmapped		
SOUND\A2S1_SEVERIN_32.WAV	no_english_script_key_audio_or_unmapped		
SOUND\A2S1_SEVERIN_33.WAV	no_english_script_key_audio_or_unmapped		
SOUND\A2S1_SEVERIN_34.WAV	script_captioned	WORLD\EN\A2_MEATPACKING_2.TXT	WORLD\RU\A2_MEATPACKING_2.TXT
SOUND\A2S1_SEVERIN_4.WAV	no_english_script_key_audio_or_unmapped		
SOUND\A2S1_SEVERIN_5.WAV	no_english_script_key_audio_or_unmapped		
SOUND\A2S1_SEVERIN_6.WAV	no_english_script_key_audio_or_unmapped		
SOUND\A2S1_SEVERIN_7.WAV	no_english_script_key_audio_or_unmapped		
SOUND\A2S1_SEVERIN_8.WAV	no_english_script_key_audio_or_unmapped		
SOUND\A2S1_SEVERIN_9.WAV	no_english_script_key_audio_or_unmapped		
SOUND\A2S2_EPHEMERA_10.WAV	script_captioned	WORLD\EN\A2_UNIONSTATION_PART1.TXT;WORLD\EN\A2_UNIONSTATION_PART3.TXT	WORLD\RU\A2_UNIONSTATION_PART1.TXT;WORLD\RU\A2_UNIONSTATION_PART3.TXT
SOUND\A2S2_EPHEMERA_11.WAV	script_captioned	WORLD\EN\A2_UNIONSTATION_PART1.TXT;WORLD\EN\A2_UNIONSTATION_PART3.TXT	WORLD\RU\A2_UNIONSTATION_PART1.TXT;WORLD\RU\A2_UNIONSTATION_PART3.TXT
SOUND\A2S2_EPHEMERA_12.WAV	script_captioned	WORLD\EN\A2_UNIONSTATION_PART1.TXT;WORLD\EN\A2_UNIONSTATION_PART3.TXT	WORLD\RU\A2_UNIONSTATION_PART1.TXT;WORLD\RU\A2_UNIONSTATION_PART3.TXT
SOUND\A2S2_EPHEMERA_7.WAV	script_captioned	WORLD\EN\A2_UNIONSTATION_PART1.TXT;WORLD\EN\A2_UNIONSTATION_PART2.TXT;WORLD\EN\A2_UNIONSTATION_PART3.TXT	WORLD\RU\A2_UNIONSTATION_PART1.TXT;WORLD\RU\A2_UNIONSTATION_PART2.TXT;WORLD\RU\A2_UNIONSTATION_PART3.TXT
SOUND\A2S2_EPHEMERA_8.WAV	script_captioned	WORLD\EN\A2_UNIONSTATION_PART1.TXT;WORLD\EN\A2_UNIONSTATION_PART2.TXT;WORLD\EN\A2_UNIONSTATION_PART3.TXT	WORLD\RU\A2_UNIONSTATION_PART1.TXT;WORLD\RU\A2_UNIONSTATION_PART2.TXT;WORLD\RU\A2_UNIONSTATION_PART3.TXT
SOUND\A2S2_EPHEMERA_9.WAV	script_captioned	WORLD\EN\A2_UNIONSTATION_PART1.TXT;WORLD\EN\A2_UNIONSTATION_PART3.TXT	WORLD\RU\A2_UNIONSTATION_PART1.TXT;WORLD\RU\A2_UNIONSTATION_PART3.TXT
SOUND\A2S2_FMINION1_1.WAV	script_captioned	WORLD\EN\A2_UNIONSTATION_PART1.TXT	WORLD\RU\A2_UNIONSTATION_PART1.TXT
SOUND\A2S2_FMINION1_10.WAV	script_captioned	WORLD\EN\A2_UNIONSTATION_PART1.TXT;WORLD\EN\A2_UNIONSTATION_PART2.TXT	WORLD\RU\A2_UNIONSTATION_PART1.TXT;WORLD\RU\A2_UNIONSTATION_PART2.TXT
SOUND\A2S2_FMINION1_11.WAV	script_captioned	WORLD\EN\A2_UNIONSTATION_PART1.TXT;WORLD\EN\A2_UNIONSTATION_PART2.TXT	WORLD\RU\A2_UNIONSTATION_PART1.TXT;WORLD\RU\A2_UNIONSTATION_PART2.TXT
SOUND\A2S2_FMINION1_12.WAV	script_captioned	WORLD\EN\A2_UNIONSTATION_PART1.TXT;WORLD\EN\A2_UNIONSTATION_PART2.TXT	WORLD\RU\A2_UNIONSTATION_PART1.TXT;WORLD\RU\A2_UNIONSTATION_PART2.TXT
SOUND\A2S2_FMINION1_13.WAV	script_captioned	WORLD\EN\A2_UNIONSTATION_PART1.TXT;WORLD\EN\A2_UNIONSTATION_PART2.TXT	WORLD\RU\A2_UNIONSTATION_PART1.TXT;WORLD\RU\A2_UNIONSTATION_PART2.TXT
SOUND\A2S2_FMINION1_14.WAV	script_captioned	WORLD\EN\A2_UNIONSTATION_PART1.TXT;WORLD\EN\A2_UNIONSTATION_PART2.TXT	WORLD\RU\A2_UNIONSTATION_PART1.TXT;WORLD\RU\A2_UNIONSTATION_PART2.TXT
SOUND\A2S2_FMINION1_15.WAV	script_captioned	WORLD\EN\A2_UNIONSTATION_PART1.TXT;WORLD\EN\A2_UNIONSTATION_PART2.TXT	WORLD\RU\A2_UNIONSTATION_PART1.TXT;WORLD\RU\A2_UNIONSTATION_PART2.TXT
SOUND\A2S2_FMINION1_16.WAV	script_captioned	WORLD\EN\A2_UNIONSTATION_PART1.TXT;WORLD\EN\A2_UNIONSTATION_PART2.TXT	WORLD\RU\A2_UNIONSTATION_PART1.TXT;WORLD\RU\A2_UNIONSTATION_PART2.TXT
SOUND\A2S2_FMINION1_17.WAV	script_captioned	WORLD\EN\A2_UNIONSTATION_PART1.TXT;WORLD\EN\A2_UNIONSTATION_PART2.TXT	WORLD\RU\A2_UNIONSTATION_PART1.TXT;WORLD\RU\A2_UNIONSTATION_PART2.TXT
SOUND\A2S2_FMINION1_18.WAV	script_captioned	WORLD\EN\A2_UNIONSTATION_PART1.TXT;WORLD\EN\A2_UNIONSTATION_PART2.TXT	WORLD\RU\A2_UNIONSTATION_PART1.TXT;WORLD\RU\A2_UNIONSTATION_PART2.TXT
SOUND\A2S2_FMINION1_19.WAV	script_captioned	WORLD\EN\A2_UNIONSTATION_PART1.TXT;WORLD\EN\A2_UNIONSTATION_PART2.TXT	WORLD\RU\A2_UNIONSTATION_PART1.TXT;WORLD\RU\A2_UNIONSTATION_PART2.TXT
SOUND\A2S2_FMINION1_2.WAV	script_captioned	WORLD\EN\A2_UNIONSTATION_PART1.TXT	WORLD\RU\A2_UNIONSTATION_PART1.TXT
SOUND\A2S2_FMINION1_20.WAV	script_captioned	WORLD\EN\A2_UNIONSTATION_PART1.TXT;WORLD\EN\A2_UNIONSTATION_PART2.TXT	WORLD\RU\A2_UNIONSTATION_PART1.TXT;WORLD\RU\A2_UNIONSTATION_PART2.TXT
SOUND\A2S2_FMINION1_21.WAV	script_captioned	WORLD\EN\A2_UNIONSTATION_PART1.TXT;WORLD\EN\A2_UNIONSTATION_PART2.TXT;WORLD\EN\A2_UNIONSTATION_PART3.TXT	WORLD\RU\A2_UNIONSTATION_PART1.TXT;WORLD\RU\A2_UNIONSTATION_PART2.TXT;WORLD\RU\A2_UNIONSTATION_PART3.TXT
SOUND\A2S2_FMINION1_22.WAV	script_captioned	WORLD\EN\A2_UNIONSTATION_PART1.TXT;WORLD\EN\A2_UNIONSTATION_PART2.TXT;WORLD\EN\A2_UNIONSTATION_PART3.TXT	WORLD\RU\A2_UNIONSTATION_PART1.TXT;WORLD\RU\A2_UNIONSTATION_PART2.TXT;WORLD\RU\A2_UNIONSTATION_PART3.TXT
SOUND\A2S2_FMINION1_23.WAV	script_captioned	WORLD\EN\A2_UNIONSTATION_PART1.TXT;WORLD\EN\A2_UNIONSTATION_PART2.TXT;WORLD\EN\A2_UNIONSTATION_PART3.TXT	WORLD\RU\A2_UNIONSTATION_PART1.TXT;WORLD\RU\A2_UNIONSTATION_PART2.TXT;WORLD\RU\A2_UNIONSTATION_PART3.TXT
SOUND\A2S2_FMINION1_24.WAV	script_captioned	WORLD\EN\A2_UNIONSTATION_PART1.TXT;WORLD\EN\A2_UNIONSTATION_PART2.TXT;WORLD\EN\A2_UNIONSTATION_PART3.TXT	WORLD\RU\A2_UNIONSTATION_PART1.TXT;WORLD\RU\A2_UNIONSTATION_PART2.TXT;WORLD\RU\A2_UNIONSTATION_PART3.TXT
SOUND\A2S2_FMINION1_3.WAV	script_captioned	WORLD\EN\A2_UNIONSTATION_PART1.TXT;WORLD\EN\A2_UNIONSTATION_PART2.TXT	WORLD\RU\A2_UNIONSTATION_PART1.TXT;WORLD\RU\A2_UNIONSTATION_PART2.TXT
SOUND\A2S2_FMINION1_4.WAV	script_captioned	WORLD\EN\A2_UNIONSTATION_PART1.TXT;WORLD\EN\A2_UNIONSTATION_PART2.TXT	WORLD\RU\A2_UNIONSTATION_PART1.TXT;WORLD\RU\A2_UNIONSTATION_PART2.TXT
SOUND\A2S2_FMINION1_5.WAV	script_captioned	WORLD\EN\A2_UNIONSTATION_PART1.TXT;WORLD\EN\A2_UNIONSTATION_PART2.TXT	WORLD\RU\A2_UNIONSTATION_PART1.TXT;WORLD\RU\A2_UNIONSTATION_PART2.TXT
SOUND\A2S2_FMINION1_6.WAV	script_captioned	WORLD\EN\A2_UNIONSTATION_PART1.TXT;WORLD\EN\A2_UNIONSTATION_PART2.TXT	WORLD\RU\A2_UNIONSTATION_PART1.TXT;WORLD\RU\A2_UNIONSTATION_PART2.TXT
SOUND\A2S2_FMINION1_7.WAV	script_captioned	WORLD\EN\A2_UNIONSTATION_PART1.TXT;WORLD\EN\A2_UNIONSTATION_PART2.TXT	WORLD\RU\A2_UNIONSTATION_PART1.TXT;WORLD\RU\A2_UNIONSTATION_PART2.TXT
SOUND\A2S2_FMINION1_8.WAV	script_captioned	WORLD\EN\A2_UNIONSTATION_PART1.TXT;WORLD\EN\A2_UNIONSTATION_PART2.TXT	WORLD\RU\A2_UNIONSTATION_PART1.TXT;WORLD\RU\A2_UNIONSTATION_PART2.TXT
SOUND\A2S2_FMINION1_9.WAV	script_captioned	WORLD\EN\A2_UNIONSTATION_PART1.TXT;WORLD\EN\A2_UNIONSTATION_PART2.TXT	WORLD\RU\A2_UNIONSTATION_PART1.TXT;WORLD\RU\A2_UNIONSTATION_PART2.TXT
SOUND\A2S2_FMINION2_1.WAV	script_captioned	WORLD\EN\A2_UNIONSTATION_PART1.TXT;WORLD\EN\A2_UNIONSTATION_PART2.TXT	WORLD\RU\A2_UNIONSTATION_PART1.TXT;WORLD\RU\A2_UNIONSTATION_PART2.TXT
SOUND\A2S2_FMINION2_10.WAV	script_captioned	WORLD\EN\A2_UNIONSTATION_PART1.TXT;WORLD\EN\A2_UNIONSTATION_PART2.TXT	WORLD\RU\A2_UNIONSTATION_PART1.TXT;WORLD\RU\A2_UNIONSTATION_PART2.TXT
SOUND\A2S2_FMINION2_11.WAV	script_captioned	WORLD\EN\A2_UNIONSTATION_PART1.TXT;WORLD\EN\A2_UNIONSTATION_PART2.TXT	WORLD\RU\A2_UNIONSTATION_PART1.TXT;WORLD\RU\A2_UNIONSTATION_PART2.TXT
SOUND\A2S2_FMINION2_12.WAV	script_captioned	WORLD\EN\A2_UNIONSTATION_PART1.TXT;WORLD\EN\A2_UNIONSTATION_PART2.TXT	WORLD\RU\A2_UNIONSTATION_PART1.TXT;WORLD\RU\A2_UNIONSTATION_PART2.TXT
SOUND\A2S2_FMINION2_13.WAV	script_captioned	WORLD\EN\A2_UNIONSTATION_PART1.TXT;WORLD\EN\A2_UNIONSTATION_PART2.TXT;WORLD\EN\A2_UNIONSTATION_PART3.TXT	WORLD\RU\A2_UNIONSTATION_PART1.TXT;WORLD\RU\A2_UNIONSTATION_PART2.TXT;WORLD\RU\A2_UNIONSTATION_PART3.TXT
SOUND\A2S2_FMINION2_14.WAV	script_captioned	WORLD\EN\A2_UNIONSTATION_PART1.TXT;WORLD\EN\A2_UNIONSTATION_PART2.TXT;WORLD\EN\A2_UNIONSTATION_PART3.TXT	WORLD\RU\A2_UNIONSTATION_PART1.TXT;WORLD\RU\A2_UNIONSTATION_PART2.TXT;WORLD\RU\A2_UNIONSTATION_PART3.TXT
SOUND\A2S2_FMINION2_15.WAV	script_captioned	WORLD\EN\A2_UNIONSTATION_PART1.TXT;WORLD\EN\A2_UNIONSTATION_PART2.TXT;WORLD\EN\A2_UNIONSTATION_PART3.TXT	WORLD\RU\A2_UNIONSTATION_PART1.TXT;WORLD\RU\A2_UNIONSTATION_PART2.TXT;WORLD\RU\A2_UNIONSTATION_PART3.TXT
SOUND\A2S2_FMINION2_16.WAV	script_captioned	WORLD\EN\A2_UNIONSTATION_PART1.TXT;WORLD\EN\A2_UNIONSTATION_PART2.TXT;WORLD\EN\A2_UNIONSTATION_PART3.TXT	WORLD\RU\A2_UNIONSTATION_PART1.TXT;WORLD\RU\A2_UNIONSTATION_PART2.TXT;WORLD\RU\A2_UNIONSTATION_PART3.TXT
SOUND\A2S2_FMINION2_17.WAV	script_captioned	WORLD\EN\A2_UNIONSTATION_PART1.TXT;WORLD\EN\A2_UNIONSTATION_PART2.TXT;WORLD\EN\A2_UNIONSTATION_PART3.TXT	WORLD\RU\A2_UNIONSTATION_PART1.TXT;WORLD\RU\A2_UNIONSTATION_PART2.TXT;WORLD\RU\A2_UNIONSTATION_PART3.TXT
SOUND\A2S2_FMINION2_2.WAV	script_captioned	WORLD\EN\A2_UNIONSTATION_PART1.TXT;WORLD\EN\A2_UNIONSTATION_PART2.TXT	WORLD\RU\A2_UNIONSTATION_PART1.TXT;WORLD\RU\A2_UNIONSTATION_PART2.TXT
SOUND\A2S2_FMINION2_3.WAV	script_captioned	WORLD\EN\A2_UNIONSTATION_PART1.TXT;WORLD\EN\A2_UNIONSTATION_PART2.TXT	WORLD\RU\A2_UNIONSTATION_PART1.TXT;WORLD\RU\A2_UNIONSTATION_PART2.TXT
SOUND\A2S2_FMINION2_4.WAV	script_captioned	WORLD\EN\A2_UNIONSTATION_PART1.TXT;WORLD\EN\A2_UNIONSTATION_PART2.TXT	WORLD\RU\A2_UNIONSTATION_PART1.TXT;WORLD\RU\A2_UNIONSTATION_PART2.TXT
SOUND\A2S2_FMINION2_5.WAV	script_captioned	WORLD\EN\A2_UNIONSTATION_PART1.TXT;WORLD\EN\A2_UNIONSTATION_PART2.TXT	WORLD\RU\A2_UNIONSTATION_PART1.TXT;WORLD\RU\A2_UNIONSTATION_PART2.TXT
SOUND\A2S2_FMINION2_6.WAV	script_captioned	WORLD\EN\A2_UNIONSTATION_PART1.TXT;WORLD\EN\A2_UNIONSTATION_PART2.TXT	WORLD\RU\A2_UNIONSTATION_PART1.TXT;WORLD\RU\A2_UNIONSTATION_PART2.TXT
SOUND\A2S2_FMINION2_7.WAV	script_captioned	WORLD\EN\A2_UNIONSTATION_PART1.TXT;WORLD\EN\A2_UNIONSTATION_PART2.TXT	WORLD\RU\A2_UNIONSTATION_PART1.TXT;WORLD\RU\A2_UNIONSTATION_PART2.TXT
SOUND\A2S2_FMINION2_8.WAV	script_captioned	WORLD\EN\A2_UNIONSTATION_PART1.TXT;WORLD\EN\A2_UNIONSTATION_PART2.TXT	WORLD\RU\A2_UNIONSTATION_PART1.TXT;WORLD\RU\A2_UNIONSTATION_PART2.TXT
SOUND\A2S2_FMINION2_9.WAV	script_captioned	WORLD\EN\A2_UNIONSTATION_PART1.TXT;WORLD\EN\A2_UNIONSTATION_PART2.TXT	WORLD\RU\A2_UNIONSTATION_PART1.TXT;WORLD\RU\A2_UNIONSTATION_PART2.TXT
SOUND\A2S2_FMINION3_1.WAV	script_captioned	WORLD\EN\A2_UNIONSTATION_PART1.TXT;WORLD\EN\A2_UNIONSTATION_PART2.TXT	WORLD\RU\A2_UNIONSTATION_PART1.TXT;WORLD\RU\A2_UNIONSTATION_PART2.TXT
SOUND\A2S2_FMINION3_2.WAV	script_captioned	WORLD\EN\A2_UNIONSTATION_PART1.TXT;WORLD\EN\A2_UNIONSTATION_PART2.TXT	WORLD\RU\A2_UNIONSTATION_PART1.TXT;WORLD\RU\A2_UNIONSTATION_PART2.TXT
SOUND\A2S2_FMINION3_3.WAV	script_captioned	WORLD\EN\A2_UNIONSTATION_PART1.TXT;WORLD\EN\A2_UNIONSTATION_PART2.TXT	WORLD\RU\A2_UNIONSTATION_PART1.TXT;WORLD\RU\A2_UNIONSTATION_PART2.TXT
SOUND\A2S2_FMINION3_4.WAV	script_captioned	WORLD\EN\A2_UNIONSTATION_PART1.TXT;WORLD\EN\A2_UNIONSTATION_PART2.TXT	WORLD\RU\A2_UNIONSTATION_PART1.TXT;WORLD\RU\A2_UNIONSTATION_PART2.TXT
SOUND\A2S2_FMINION3_5.WAV	script_captioned	WORLD\EN\A2_UNIONSTATION_PART1.TXT;WORLD\EN\A2_UNIONSTATION_PART2.TXT	WORLD\RU\A2_UNIONSTATION_PART1.TXT;WORLD\RU\A2_UNIONSTATION_PART2.TXT
SOUND\A2S2_FMINION3_6.WAV	script_captioned	WORLD\EN\A2_UNIONSTATION_PART1.TXT;WORLD\EN\A2_UNIONSTATION_PART2.TXT	WORLD\RU\A2_UNIONSTATION_PART1.TXT;WORLD\RU\A2_UNIONSTATION_PART2.TXT
SOUND\A2S2_FMINION3_7.WAV	script_captioned	WORLD\EN\A2_UNIONSTATION_PART1.TXT;WORLD\EN\A2_UNIONSTATION_PART2.TXT	WORLD\RU\A2_UNIONSTATION_PART1.TXT;WORLD\RU\A2_UNIONSTATION_PART2.TXT
SOUND\A2S2_FMINION3_8.WAV	script_captioned	WORLD\EN\A2_UNIONSTATION_PART1.TXT;WORLD\EN\A2_UNIONSTATION_PART2.TXT;WORLD\EN\A2_UNIONSTATION_PART3.TXT	WORLD\RU\A2_UNIONSTATION_PART1.TXT;WORLD\RU\A2_UNIONSTATION_PART2.TXT;WORLD\RU\A2_UNIONSTATION_PART3.TXT
SOUND\A2S2_KESTREL1_15.WAV	script_captioned	WORLD\EN\A2_UNIONSTATION_PART1.TXT	WORLD\RU\A2_UNIONSTATION_PART1.TXT
SOUND\A2S2_KESTREL1_16.WAV	script_captioned	WORLD\EN\A2_UNIONSTATION_PART1.TXT	WORLD\RU\A2_UNIONSTATION_PART1.TXT
SOUND\A2S2_KESTREL1_17.WAV	script_captioned	WORLD\EN\A2_UNIONSTATION_PART1.TXT	WORLD\RU\A2_UNIONSTATION_PART1.TXT
SOUND\A2S2_KESTREL1_18.WAV	script_captioned	WORLD\EN\A2_UNIONSTATION_PART1.TXT	WORLD\RU\A2_UNIONSTATION_PART1.TXT
SOUND\A2S2_KESTREL1_19.WAV	script_captioned	WORLD\EN\A2_UNIONSTATION_PART1.TXT	WORLD\RU\A2_UNIONSTATION_PART1.TXT
SOUND\A2S2_KESTREL1_20.WAV	script_captioned	WORLD\EN\A2_UNIONSTATION_PART1.TXT;WORLD\EN\A2_UNIONSTATION_PART2.TXT	WORLD\RU\A2_UNIONSTATION_PART1.TXT;WORLD\RU\A2_UNIONSTATION_PART2.TXT
SOUND\A2S2_KESTREL1_21.WAV	script_captioned	WORLD\EN\A2_UNIONSTATION_PART1.TXT;WORLD\EN\A2_UNIONSTATION_PART2.TXT	WORLD\RU\A2_UNIONSTATION_PART1.TXT;WORLD\RU\A2_UNIONSTATION_PART2.TXT
SOUND\A2S2_KESTREL1_22.WAV	script_captioned	WORLD\EN\A2_UNIONSTATION_PART1.TXT;WORLD\EN\A2_UNIONSTATION_PART2.TXT	WORLD\RU\A2_UNIONSTATION_PART1.TXT;WORLD\RU\A2_UNIONSTATION_PART2.TXT
SOUND\A2S2_KESTREL1_23.WAV	script_captioned	WORLD\EN\A2_UNIONSTATION_PART1.TXT;WORLD\EN\A2_UNIONSTATION_PART3.TXT	WORLD\RU\A2_UNIONSTATION_PART1.TXT;WORLD\RU\A2_UNIONSTATION_PART3.TXT
SOUND\A2S2_KESTREL1_24.WAV	script_blank_nonverbal_or_review	WORLD\EN\A2_UNIONSTATION_PART1.TXT;WORLD\EN\A2_UNIONSTATION_PART3.TXT	WORLD\RU\A2_UNIONSTATION_PART1.TXT;WORLD\RU\A2_UNIONSTATION_PART3.TXT
SOUND\A2S2_KESTREL2_3.WAV	script_captioned	WORLD\EN\A2_UNIONSTATION_PART1.TXT	WORLD\RU\A2_UNIONSTATION_PART1.TXT
SOUND\A2S2_KESTREL2_4.WAV	script_captioned	WORLD\EN\A2_UNIONSTATION_PART1.TXT	WORLD\RU\A2_UNIONSTATION_PART1.TXT
SOUND\A2S2_KESTREL2_5.WAV	script_captioned	WORLD\EN\A2_UNIONSTATION_PART1.TXT;WORLD\EN\A2_UNIONSTATION_PART2.TXT	WORLD\RU\A2_UNIONSTATION_PART1.TXT;WORLD\RU\A2_UNIONSTATION_PART2.TXT
SOUND\A2S2_KESTREL2_6.WAV	script_captioned	WORLD\EN\A2_UNIONSTATION_PART1.TXT;WORLD\EN\A2_UNIONSTATION_PART2.TXT	WORLD\RU\A2_UNIONSTATION_PART1.TXT;WORLD\RU\A2_UNIONSTATION_PART2.TXT
SOUND\A2S2_RAYNE_1.WAV	script_captioned	WORLD\EN\A2_UNIONSTATION_PART1.TXT	WORLD\RU\A2_UNIONSTATION_PART1.TXT
SOUND\A2S2_RAYNE_10.WAV	script_captioned	WORLD\EN\A2_UNIONSTATION_PART1.TXT	WORLD\RU\A2_UNIONSTATION_PART1.TXT
SOUND\A2S2_RAYNE_11.WAV	script_captioned	WORLD\EN\A2_UNIONSTATION_PART1.TXT;WORLD\EN\A2_UNIONSTATION_PART2.TXT	WORLD\RU\A2_UNIONSTATION_PART1.TXT;WORLD\RU\A2_UNIONSTATION_PART2.TXT
SOUND\A2S2_RAYNE_12.WAV	script_captioned	WORLD\EN\A2_UNIONSTATION_PART1.TXT;WORLD\EN\A2_UNIONSTATION_PART2.TXT	WORLD\RU\A2_UNIONSTATION_PART1.TXT;WORLD\RU\A2_UNIONSTATION_PART2.TXT
SOUND\A2S2_RAYNE_13.WAV	script_captioned	WORLD\EN\A2_UNIONSTATION_PART1.TXT;WORLD\EN\A2_UNIONSTATION_PART2.TXT	WORLD\RU\A2_UNIONSTATION_PART1.TXT;WORLD\RU\A2_UNIONSTATION_PART2.TXT
SOUND\A2S2_RAYNE_14.WAV	script_captioned	WORLD\EN\A2_UNIONSTATION_PART1.TXT;WORLD\EN\A2_UNIONSTATION_PART2.TXT	WORLD\RU\A2_UNIONSTATION_PART1.TXT;WORLD\RU\A2_UNIONSTATION_PART2.TXT
SOUND\A2S2_RAYNE_15.WAV	script_captioned	WORLD\EN\A2_UNIONSTATION_PART1.TXT;WORLD\EN\A2_UNIONSTATION_PART2.TXT	WORLD\RU\A2_UNIONSTATION_PART1.TXT;WORLD\RU\A2_UNIONSTATION_PART2.TXT
SOUND\A2S2_RAYNE_16.WAV	script_captioned	WORLD\EN\A2_UNIONSTATION_PART1.TXT;WORLD\EN\A2_UNIONSTATION_PART2.TXT	WORLD\RU\A2_UNIONSTATION_PART1.TXT;WORLD\RU\A2_UNIONSTATION_PART2.TXT
SOUND\A2S2_RAYNE_17.WAV	script_captioned	WORLD\EN\A2_UNIONSTATION_PART1.TXT;WORLD\EN\A2_UNIONSTATION_PART2.TXT	WORLD\RU\A2_UNIONSTATION_PART1.TXT;WORLD\RU\A2_UNIONSTATION_PART2.TXT
SOUND\A2S2_RAYNE_18.WAV	script_captioned	WORLD\EN\A2_UNIONSTATION_PART1.TXT;WORLD\EN\A2_UNIONSTATION_PART2.TXT	WORLD\RU\A2_UNIONSTATION_PART1.TXT;WORLD\RU\A2_UNIONSTATION_PART2.TXT
SOUND\A2S2_RAYNE_19.WAV	script_captioned	WORLD\EN\A2_UNIONSTATION_PART1.TXT;WORLD\EN\A2_UNIONSTATION_PART2.TXT	WORLD\RU\A2_UNIONSTATION_PART1.TXT;WORLD\RU\A2_UNIONSTATION_PART2.TXT
SOUND\A2S2_RAYNE_2.WAV	script_captioned	WORLD\EN\A2_UNIONSTATION_PART1.TXT	WORLD\RU\A2_UNIONSTATION_PART1.TXT
SOUND\A2S2_RAYNE_20.WAV	script_captioned	WORLD\EN\A2_UNIONSTATION_PART1.TXT;WORLD\EN\A2_UNIONSTATION_PART2.TXT	WORLD\RU\A2_UNIONSTATION_PART1.TXT;WORLD\RU\A2_UNIONSTATION_PART2.TXT
SOUND\A2S2_RAYNE_21.WAV	script_captioned	WORLD\EN\A2_UNIONSTATION_PART1.TXT;WORLD\EN\A2_UNIONSTATION_PART2.TXT	WORLD\RU\A2_UNIONSTATION_PART1.TXT;WORLD\RU\A2_UNIONSTATION_PART2.TXT
SOUND\A2S2_RAYNE_22.WAV	script_captioned	WORLD\EN\A2_UNIONSTATION_PART1.TXT;WORLD\EN\A2_UNIONSTATION_PART2.TXT	WORLD\RU\A2_UNIONSTATION_PART1.TXT;WORLD\RU\A2_UNIONSTATION_PART2.TXT
SOUND\A2S2_RAYNE_23.WAV	script_captioned	WORLD\EN\A2_UNIONSTATION_PART1.TXT;WORLD\EN\A2_UNIONSTATION_PART2.TXT	WORLD\RU\A2_UNIONSTATION_PART1.TXT;WORLD\RU\A2_UNIONSTATION_PART2.TXT
SOUND\A2S2_RAYNE_24.WAV	script_captioned	WORLD\EN\A2_UNIONSTATION_PART1.TXT;WORLD\EN\A2_UNIONSTATION_PART2.TXT	WORLD\RU\A2_UNIONSTATION_PART1.TXT;WORLD\RU\A2_UNIONSTATION_PART2.TXT
SOUND\A2S2_RAYNE_25.WAV	script_captioned	WORLD\EN\A2_UNIONSTATION_PART1.TXT;WORLD\EN\A2_UNIONSTATION_PART2.TXT;WORLD\EN\A2_UNIONSTATION_PART3.TXT	WORLD\RU\A2_UNIONSTATION_PART1.TXT;WORLD\RU\A2_UNIONSTATION_PART2.TXT;WORLD\RU\A2_UNIONSTATION_PART3.TXT
SOUND\A2S2_RAYNE_26.WAV	script_captioned	WORLD\EN\A2_UNIONSTATION_PART1.TXT;WORLD\EN\A2_UNIONSTATION_PART2.TXT;WORLD\EN\A2_UNIONSTATION_PART3.TXT	WORLD\RU\A2_UNIONSTATION_PART1.TXT;WORLD\RU\A2_UNIONSTATION_PART2.TXT;WORLD\RU\A2_UNIONSTATION_PART3.TXT
SOUND\A2S2_RAYNE_27.WAV	script_captioned	WORLD\EN\A2_UNIONSTATION_PART1.TXT;WORLD\EN\A2_UNIONSTATION_PART2.TXT;WORLD\EN\A2_UNIONSTATION_PART3.TXT	WORLD\RU\A2_UNIONSTATION_PART1.TXT;WORLD\RU\A2_UNIONSTATION_PART2.TXT;WORLD\RU\A2_UNIONSTATION_PART3.TXT
SOUND\A2S2_RAYNE_28.WAV	script_captioned	WORLD\EN\A2_UNIONSTATION_PART1.TXT;WORLD\EN\A2_UNIONSTATION_PART2.TXT;WORLD\EN\A2_UNIONSTATION_PART3.TXT	WORLD\RU\A2_UNIONSTATION_PART1.TXT;WORLD\RU\A2_UNIONSTATION_PART2.TXT;WORLD\RU\A2_UNIONSTATION_PART3.TXT
SOUND\A2S2_RAYNE_29.WAV	script_captioned	WORLD\EN\A2_UNIONSTATION_PART1.TXT;WORLD\EN\A2_UNIONSTATION_PART2.TXT;WORLD\EN\A2_UNIONSTATION_PART3.TXT	WORLD\RU\A2_UNIONSTATION_PART1.TXT;WORLD\RU\A2_UNIONSTATION_PART2.TXT;WORLD\RU\A2_UNIONSTATION_PART3.TXT
SOUND\A2S2_RAYNE_30.WAV	script_captioned	WORLD\EN\A2_UNIONSTATION_PART1.TXT;WORLD\EN\A2_UNIONSTATION_PART2.TXT;WORLD\EN\A2_UNIONSTATION_PART3.TXT	WORLD\RU\A2_UNIONSTATION_PART1.TXT;WORLD\RU\A2_UNIONSTATION_PART2.TXT;WORLD\RU\A2_UNIONSTATION_PART3.TXT
SOUND\A2S2_RAYNE_31.WAV	script_captioned	WORLD\EN\A2_UNIONSTATION_PART1.TXT;WORLD\EN\A2_UNIONSTATION_PART2.TXT;WORLD\EN\A2_UNIONSTATION_PART3.TXT	WORLD\RU\A2_UNIONSTATION_PART1.TXT;WORLD\RU\A2_UNIONSTATION_PART2.TXT;WORLD\RU\A2_UNIONSTATION_PART3.TXT
SOUND\A2S2_RAYNE_32.WAV	script_captioned	WORLD\EN\A2_UNIONSTATION_PART1.TXT;WORLD\EN\A2_UNIONSTATION_PART2.TXT;WORLD\EN\A2_UNIONSTATION_PART3.TXT	WORLD\RU\A2_UNIONSTATION_PART1.TXT;WORLD\RU\A2_UNIONSTATION_PART2.TXT;WORLD\RU\A2_UNIONSTATION_PART3.TXT
SOUND\A2S2_RAYNE_33.WAV	script_captioned	WORLD\EN\A2_UNIONSTATION_PART1.TXT;WORLD\EN\A2_UNIONSTATION_PART2.TXT;WORLD\EN\A2_UNIONSTATION_PART3.TXT	WORLD\RU\A2_UNIONSTATION_PART1.TXT;WORLD\RU\A2_UNIONSTATION_PART2.TXT;WORLD\RU\A2_UNIONSTATION_PART3.TXT
SOUND\A2S2_RAYNE_34.WAV	script_captioned	WORLD\EN\A2_UNIONSTATION_PART1.TXT;WORLD\EN\A2_UNIONSTATION_PART2.TXT;WORLD\EN\A2_UNIONSTATION_PART3.TXT	WORLD\RU\A2_UNIONSTATION_PART1.TXT;WORLD\RU\A2_UNIONSTATION_PART2.TXT;WORLD\RU\A2_UNIONSTATION_PART3.TXT
SOUND\A2S2_RAYNE_35.WAV	script_captioned	WORLD\EN\A2_UNIONSTATION_PART1.TXT;WORLD\EN\A2_UNIONSTATION_PART2.TXT;WORLD\EN\A2_UNIONSTATION_PART3.TXT	WORLD\RU\A2_UNIONSTATION_PART1.TXT;WORLD\RU\A2_UNIONSTATION_PART2.TXT;WORLD\RU\A2_UNIONSTATION_PART3.TXT
SOUND\A2S2_RAYNE_36.WAV	script_captioned	WORLD\EN\A2_UNIONSTATION_PART1.TXT;WORLD\EN\A2_UNIONSTATION_PART2.TXT;WORLD\EN\A2_UNIONSTATION_PART3.TXT	WORLD\RU\A2_UNIONSTATION_PART1.TXT;WORLD\RU\A2_UNIONSTATION_PART2.TXT;WORLD\RU\A2_UNIONSTATION_PART3.TXT
SOUND\A2S2_RAYNE_37.WAV	script_captioned	WORLD\EN\A2_UNIONSTATION_PART1.TXT;WORLD\EN\A2_UNIONSTATION_PART2.TXT;WORLD\EN\A2_UNIONSTATION_PART3.TXT	WORLD\RU\A2_UNIONSTATION_PART1.TXT;WORLD\RU\A2_UNIONSTATION_PART2.TXT;WORLD\RU\A2_UNIONSTATION_PART3.TXT
SOUND\A2S2_RAYNE_38.WAV	script_captioned	WORLD\EN\A2_UNIONSTATION_PART1.TXT;WORLD\EN\A2_UNIONSTATION_PART2.TXT;WORLD\EN\A2_UNIONSTATION_PART3.TXT	WORLD\RU\A2_UNIONSTATION_PART1.TXT;WORLD\RU\A2_UNIONSTATION_PART2.TXT;WORLD\RU\A2_UNIONSTATION_PART3.TXT
SOUND\A2S2_RAYNE_39.WAV	script_captioned	WORLD\EN\A2_UNIONSTATION_PART1.TXT;WORLD\EN\A2_UNIONSTATION_PART2.TXT;WORLD\EN\A2_UNIONSTATION_PART3.TXT	WORLD\RU\A2_UNIONSTATION_PART1.TXT;WORLD\RU\A2_UNIONSTATION_PART2.TXT;WORLD\RU\A2_UNIONSTATION_PART3.TXT
SOUND\A2S2_RAYNE_40.WAV	script_captioned	WORLD\EN\A2_UNIONSTATION_PART1.TXT;WORLD\EN\A2_UNIONSTATION_PART2.TXT;WORLD\EN\A2_UNIONSTATION_PART3.TXT	WORLD\RU\A2_UNIONSTATION_PART1.TXT;WORLD\RU\A2_UNIONSTATION_PART2.TXT;WORLD\RU\A2_UNIONSTATION_PART3.TXT
SOUND\A2S2_RAYNE_41.WAV	script_captioned	WORLD\EN\A2_UNIONSTATION_PART1.TXT;WORLD\EN\A2_UNIONSTATION_PART2.TXT;WORLD\EN\A2_UNIONSTATION_PART3.TXT	WORLD\RU\A2_UNIONSTATION_PART1.TXT;WORLD\RU\A2_UNIONSTATION_PART2.TXT;WORLD\RU\A2_UNIONSTATION_PART3.TXT
SOUND\A2S2_RAYNE_42.WAV	script_captioned	WORLD\EN\A2_UNIONSTATION_PART1.TXT;WORLD\EN\A2_UNIONSTATION_PART2.TXT;WORLD\EN\A2_UNIONSTATION_PART3.TXT	WORLD\RU\A2_UNIONSTATION_PART1.TXT;WORLD\RU\A2_UNIONSTATION_PART2.TXT;WORLD\RU\A2_UNIONSTATION_PART3.TXT
SOUND\A2S2_RAYNE_43.WAV	script_captioned	WORLD\EN\A2_UNIONSTATION_PART1.TXT;WORLD\EN\A2_UNIONSTATION_PART2.TXT;WORLD\EN\A2_UNIONSTATION_PART3.TXT	WORLD\RU\A2_UNIONSTATION_PART1.TXT;WORLD\RU\A2_UNIONSTATION_PART2.TXT;WORLD\RU\A2_UNIONSTATION_PART3.TXT
SOUND\A2S2_RAYNE_44.WAV	script_captioned	WORLD\EN\A2_UNIONSTATION_PART1.TXT;WORLD\EN\A2_UNIONSTATION_PART2.TXT;WORLD\EN\A2_UNIONSTATION_PART3.TXT	WORLD\RU\A2_UNIONSTATION_PART1.TXT;WORLD\RU\A2_UNIONSTATION_PART2.TXT;WORLD\RU\A2_UNIONSTATION_PART3.TXT
SOUND\A2S2_RAYNE_45.WAV	script_captioned	WORLD\EN\A2_UNIONSTATION_PART1.TXT;WORLD\EN\A2_UNIONSTATION_PART2.TXT;WORLD\EN\A2_UNIONSTATION_PART3.TXT	WORLD\RU\A2_UNIONSTATION_PART1.TXT;WORLD\RU\A2_UNIONSTATION_PART2.TXT;WORLD\RU\A2_UNIONSTATION_PART3.TXT
SOUND\A2S2_RAYNE_46.WAV	script_captioned	WORLD\EN\A2_UNIONSTATION_PART1.TXT;WORLD\EN\A2_UNIONSTATION_PART2.TXT;WORLD\EN\A2_UNIONSTATION_PART3.TXT	WORLD\RU\A2_UNIONSTATION_PART1.TXT;WORLD\RU\A2_UNIONSTATION_PART2.TXT;WORLD\RU\A2_UNIONSTATION_PART3.TXT
SOUND\A2S2_RAYNE_47.WAV	script_captioned	WORLD\EN\A2_UNIONSTATION_PART1.TXT;WORLD\EN\A2_UNIONSTATION_PART3.TXT	WORLD\RU\A2_UNIONSTATION_PART1.TXT;WORLD\RU\A2_UNIONSTATION_PART3.TXT
SOUND\A2S2_RAYNE_48.WAV	script_captioned	WORLD\EN\A2_UNIONSTATION_PART1.TXT;WORLD\EN\A2_UNIONSTATION_PART3.TXT	WORLD\RU\A2_UNIONSTATION_PART1.TXT;WORLD\RU\A2_UNIONSTATION_PART3.TXT
SOUND\A2S2_RAYNE_49.WAV	script_captioned	WORLD\EN\A2_UNIONSTATION_PART1.TXT;WORLD\EN\A2_UNIONSTATION_PART3.TXT	WORLD\RU\A2_UNIONSTATION_PART1.TXT;WORLD\RU\A2_UNIONSTATION_PART3.TXT
SOUND\A2S2_RAYNE_5.WAV	script_captioned	WORLD\EN\A2_UNIONSTATION_PART1.TXT	WORLD\RU\A2_UNIONSTATION_PART1.TXT
SOUND\A2S2_RAYNE_50.WAV	script_captioned	WORLD\EN\A2_UNIONSTATION_PART1.TXT;WORLD\EN\A2_UNIONSTATION_PART3.TXT	WORLD\RU\A2_UNIONSTATION_PART1.TXT;WORLD\RU\A2_UNIONSTATION_PART3.TXT
SOUND\A2S2_RAYNE_51.WAV	script_captioned	WORLD\EN\A2_UNIONSTATION_PART1.TXT;WORLD\EN\A2_UNIONSTATION_PART3.TXT	WORLD\RU\A2_UNIONSTATION_PART1.TXT;WORLD\RU\A2_UNIONSTATION_PART3.TXT
SOUND\A2S2_RAYNE_52.WAV	script_captioned	WORLD\EN\A2_UNIONSTATION_PART1.TXT;WORLD\EN\A2_UNIONSTATION_PART3.TXT	WORLD\RU\A2_UNIONSTATION_PART1.TXT;WORLD\RU\A2_UNIONSTATION_PART3.TXT
SOUND\A2S2_RAYNE_53.WAV	script_captioned	WORLD\EN\A2_UNIONSTATION_PART1.TXT;WORLD\EN\A2_UNIONSTATION_PART3.TXT	WORLD\RU\A2_UNIONSTATION_PART1.TXT;WORLD\RU\A2_UNIONSTATION_PART3.TXT
SOUND\A2S2_RAYNE_54.WAV	script_captioned	WORLD\EN\A2_UNIONSTATION_PART1.TXT;WORLD\EN\A2_UNIONSTATION_PART3.TXT	WORLD\RU\A2_UNIONSTATION_PART1.TXT;WORLD\RU\A2_UNIONSTATION_PART3.TXT
SOUND\A2S2_RAYNE_55.WAV	script_captioned	WORLD\EN\A2_UNIONSTATION_PART1.TXT;WORLD\EN\A2_UNIONSTATION_PART3.TXT	WORLD\RU\A2_UNIONSTATION_PART1.TXT;WORLD\RU\A2_UNIONSTATION_PART3.TXT
SOUND\A2S2_RAYNE_56.WAV	script_captioned	WORLD\EN\A2_UNIONSTATION_PART1.TXT;WORLD\EN\A2_UNIONSTATION_PART3.TXT	WORLD\RU\A2_UNIONSTATION_PART1.TXT;WORLD\RU\A2_UNIONSTATION_PART3.TXT
SOUND\A2S2_RAYNE_57.WAV	script_captioned	WORLD\EN\A2_UNIONSTATION_PART1.TXT;WORLD\EN\A2_UNIONSTATION_PART3.TXT	WORLD\RU\A2_UNIONSTATION_PART1.TXT;WORLD\RU\A2_UNIONSTATION_PART3.TXT
SOUND\A2S2_RAYNE_58.WAV	script_captioned	WORLD\EN\A2_UNIONSTATION_PART1.TXT;WORLD\EN\A2_UNIONSTATION_PART3.TXT	WORLD\RU\A2_UNIONSTATION_PART1.TXT;WORLD\RU\A2_UNIONSTATION_PART3.TXT
SOUND\A2S2_RAYNE_59.WAV	script_captioned	WORLD\EN\A2_UNIONSTATION_PART1.TXT;WORLD\EN\A2_UNIONSTATION_PART3.TXT	WORLD\RU\A2_UNIONSTATION_PART1.TXT;WORLD\RU\A2_UNIONSTATION_PART3.TXT
SOUND\A2S2_RAYNE_6.WAV	script_captioned	WORLD\EN\A2_UNIONSTATION_PART1.TXT	WORLD\RU\A2_UNIONSTATION_PART1.TXT
SOUND\A2S2_RAYNE_60.WAV	script_captioned	WORLD\EN\A2_UNIONSTATION_PART1.TXT;WORLD\EN\A2_UNIONSTATION_PART3.TXT	WORLD\RU\A2_UNIONSTATION_PART1.TXT;WORLD\RU\A2_UNIONSTATION_PART3.TXT
SOUND\A2S2_RAYNE_61.WAV	script_captioned	WORLD\EN\A2_UNIONSTATION_PART1.TXT;WORLD\EN\A2_UNIONSTATION_PART3.TXT	WORLD\RU\A2_UNIONSTATION_PART1.TXT;WORLD\RU\A2_UNIONSTATION_PART3.TXT
SOUND\A2S2_RAYNE_62.WAV	script_captioned	WORLD\EN\A2_UNIONSTATION_PART1.TXT;WORLD\EN\A2_UNIONSTATION_PART3.TXT	WORLD\RU\A2_UNIONSTATION_PART1.TXT;WORLD\RU\A2_UNIONSTATION_PART3.TXT
SOUND\A2S2_RAYNE_63.WAV	script_captioned	WORLD\EN\A2_UNIONSTATION_PART1.TXT;WORLD\EN\A2_UNIONSTATION_PART3.TXT	WORLD\RU\A2_UNIONSTATION_PART1.TXT;WORLD\RU\A2_UNIONSTATION_PART3.TXT
SOUND\A2S2_RAYNE_64.WAV	script_captioned	WORLD\EN\A2_UNIONSTATION_PART1.TXT;WORLD\EN\A2_UNIONSTATION_PART3.TXT	WORLD\RU\A2_UNIONSTATION_PART1.TXT;WORLD\RU\A2_UNIONSTATION_PART3.TXT
SOUND\A2S2_RAYNE_65.WAV	script_captioned	WORLD\EN\A2_UNIONSTATION_PART1.TXT;WORLD\EN\A2_UNIONSTATION_PART3.TXT	WORLD\RU\A2_UNIONSTATION_PART1.TXT;WORLD\RU\A2_UNIONSTATION_PART3.TXT
SOUND\A2S2_RAYNE_66.WAV	script_captioned	WORLD\EN\A2_UNIONSTATION_PART1.TXT;WORLD\EN\A2_UNIONSTATION_PART3.TXT	WORLD\RU\A2_UNIONSTATION_PART1.TXT;WORLD\RU\A2_UNIONSTATION_PART3.TXT
SOUND\A2S2_RAYNE_7.WAV	script_captioned	WORLD\EN\A2_UNIONSTATION_PART1.TXT	WORLD\RU\A2_UNIONSTATION_PART1.TXT
SOUND\A2S2_RAYNE_8.WAV	script_captioned	WORLD\EN\A2_UNIONSTATION_PART1.TXT	WORLD\RU\A2_UNIONSTATION_PART1.TXT
SOUND\A2S2_RAYNE_9.WAV	script_captioned	WORLD\EN\A2_UNIONSTATION_PART1.TXT	WORLD\RU\A2_UNIONSTATION_PART1.TXT
SOUND\A2S2_SEVERIN_1.WAV	script_captioned	WORLD\EN\A2_UNIONSTATION_PART1.TXT	WORLD\RU\A2_UNIONSTATION_PART1.TXT
SOUND\A2S2_SEVERIN_10.WAV	script_captioned	WORLD\EN\A2_UNIONSTATION_PART1.TXT;WORLD\EN\A2_UNIONSTATION_PART2.TXT;WORLD\EN\A2_UNIONSTATION_PART3.TXT	WORLD\RU\A2_UNIONSTATION_PART1.TXT;WORLD\RU\A2_UNIONSTATION_PART2.TXT;WORLD\RU\A2_UNIONSTATION_PART3.TXT
SOUND\A2S2_SEVERIN_11.WAV	script_captioned	WORLD\EN\A2_UNIONSTATION_PART1.TXT;WORLD\EN\A2_UNIONSTATION_PART2.TXT;WORLD\EN\A2_UNIONSTATION_PART3.TXT	WORLD\RU\A2_UNIONSTATION_PART1.TXT;WORLD\RU\A2_UNIONSTATION_PART2.TXT;WORLD\RU\A2_UNIONSTATION_PART3.TXT
SOUND\A2S2_SEVERIN_12.WAV	script_captioned	WORLD\EN\A2_UNIONSTATION_PART1.TXT;WORLD\EN\A2_UNIONSTATION_PART2.TXT;WORLD\EN\A2_UNIONSTATION_PART3.TXT	WORLD\RU\A2_UNIONSTATION_PART1.TXT;WORLD\RU\A2_UNIONSTATION_PART2.TXT;WORLD\RU\A2_UNIONSTATION_PART3.TXT
SOUND\A2S2_SEVERIN_13.WAV	script_captioned	WORLD\EN\A2_UNIONSTATION_PART1.TXT;WORLD\EN\A2_UNIONSTATION_PART2.TXT;WORLD\EN\A2_UNIONSTATION_PART3.TXT	WORLD\RU\A2_UNIONSTATION_PART1.TXT;WORLD\RU\A2_UNIONSTATION_PART2.TXT;WORLD\RU\A2_UNIONSTATION_PART3.TXT
SOUND\A2S2_SEVERIN_14.WAV	script_captioned	WORLD\EN\A2_UNIONSTATION_PART1.TXT;WORLD\EN\A2_UNIONSTATION_PART2.TXT;WORLD\EN\A2_UNIONSTATION_PART3.TXT	WORLD\RU\A2_UNIONSTATION_PART1.TXT;WORLD\RU\A2_UNIONSTATION_PART2.TXT;WORLD\RU\A2_UNIONSTATION_PART3.TXT
SOUND\A2S2_SEVERIN_15.WAV	script_captioned	WORLD\EN\A2_UNIONSTATION_PART1.TXT;WORLD\EN\A2_UNIONSTATION_PART2.TXT;WORLD\EN\A2_UNIONSTATION_PART3.TXT	WORLD\RU\A2_UNIONSTATION_PART1.TXT;WORLD\RU\A2_UNIONSTATION_PART2.TXT;WORLD\RU\A2_UNIONSTATION_PART3.TXT
SOUND\A2S2_SEVERIN_16.WAV	script_captioned	WORLD\EN\A2_UNIONSTATION_PART1.TXT;WORLD\EN\A2_UNIONSTATION_PART2.TXT;WORLD\EN\A2_UNIONSTATION_PART3.TXT	WORLD\RU\A2_UNIONSTATION_PART1.TXT;WORLD\RU\A2_UNIONSTATION_PART2.TXT;WORLD\RU\A2_UNIONSTATION_PART3.TXT
SOUND\A2S2_SEVERIN_17.WAV	script_captioned	WORLD\EN\A2_UNIONSTATION_PART1.TXT;WORLD\EN\A2_UNIONSTATION_PART3.TXT	WORLD\RU\A2_UNIONSTATION_PART1.TXT;WORLD\RU\A2_UNIONSTATION_PART3.TXT
SOUND\A2S2_SEVERIN_18.WAV	script_captioned	WORLD\EN\A2_UNIONSTATION_PART1.TXT;WORLD\EN\A2_UNIONSTATION_PART3.TXT	WORLD\RU\A2_UNIONSTATION_PART1.TXT;WORLD\RU\A2_UNIONSTATION_PART3.TXT
SOUND\A2S2_SEVERIN_19.WAV	script_captioned	WORLD\EN\A2_UNIONSTATION_PART1.TXT;WORLD\EN\A2_UNIONSTATION_PART3.TXT	WORLD\RU\A2_UNIONSTATION_PART1.TXT;WORLD\RU\A2_UNIONSTATION_PART3.TXT
SOUND\A2S2_SEVERIN_2.WAV	script_captioned	WORLD\EN\A2_UNIONSTATION_PART1.TXT	WORLD\RU\A2_UNIONSTATION_PART1.TXT
SOUND\A2S2_SEVERIN_20.WAV	script_captioned	WORLD\EN\A2_UNIONSTATION_PART1.TXT;WORLD\EN\A2_UNIONSTATION_PART3.TXT	WORLD\RU\A2_UNIONSTATION_PART1.TXT;WORLD\RU\A2_UNIONSTATION_PART3.TXT
SOUND\A2S2_SEVERIN_21.WAV	script_captioned	WORLD\EN\A2_UNIONSTATION_PART1.TXT;WORLD\EN\A2_UNIONSTATION_PART3.TXT	WORLD\RU\A2_UNIONSTATION_PART1.TXT;WORLD\RU\A2_UNIONSTATION_PART3.TXT
SOUND\A2S2_SEVERIN_22.WAV	script_captioned	WORLD\EN\A2_UNIONSTATION_PART1.TXT;WORLD\EN\A2_UNIONSTATION_PART3.TXT	WORLD\RU\A2_UNIONSTATION_PART1.TXT;WORLD\RU\A2_UNIONSTATION_PART3.TXT
SOUND\A2S2_SEVERIN_23.WAV	script_captioned	WORLD\EN\A2_UNIONSTATION_PART1.TXT;WORLD\EN\A2_UNIONSTATION_PART3.TXT	WORLD\RU\A2_UNIONSTATION_PART1.TXT;WORLD\RU\A2_UNIONSTATION_PART3.TXT
SOUND\A2S2_SEVERIN_24.WAV	script_captioned	WORLD\EN\A2_UNIONSTATION_PART1.TXT;WORLD\EN\A2_UNIONSTATION_PART3.TXT	WORLD\RU\A2_UNIONSTATION_PART1.TXT;WORLD\RU\A2_UNIONSTATION_PART3.TXT
SOUND\A2S2_SEVERIN_25.WAV	script_captioned	WORLD\EN\A2_UNIONSTATION_PART1.TXT;WORLD\EN\A2_UNIONSTATION_PART3.TXT	WORLD\RU\A2_UNIONSTATION_PART1.TXT;WORLD\RU\A2_UNIONSTATION_PART3.TXT
SOUND\A2S2_SEVERIN_26.WAV	script_captioned	WORLD\EN\A2_UNIONSTATION_PART1.TXT;WORLD\EN\A2_UNIONSTATION_PART3.TXT	WORLD\RU\A2_UNIONSTATION_PART1.TXT;WORLD\RU\A2_UNIONSTATION_PART3.TXT
SOUND\A2S2_SEVERIN_27.WAV	script_captioned	WORLD\EN\A2_UNIONSTATION_PART1.TXT;WORLD\EN\A2_UNIONSTATION_PART3.TXT	WORLD\RU\A2_UNIONSTATION_PART1.TXT;WORLD\RU\A2_UNIONSTATION_PART3.TXT
SOUND\A2S2_SEVERIN_28.WAV	script_captioned	WORLD\EN\A2_UNIONSTATION_PART1.TXT;WORLD\EN\A2_UNIONSTATION_PART3.TXT	WORLD\RU\A2_UNIONSTATION_PART1.TXT;WORLD\RU\A2_UNIONSTATION_PART3.TXT
SOUND\A2S2_SEVERIN_3.WAV	script_captioned	WORLD\EN\A2_UNIONSTATION_PART1.TXT	WORLD\RU\A2_UNIONSTATION_PART1.TXT
SOUND\A2S2_SEVERIN_4.WAV	script_captioned	WORLD\EN\A2_UNIONSTATION_PART1.TXT	WORLD\RU\A2_UNIONSTATION_PART1.TXT
SOUND\A2S2_SEVERIN_5.WAV	script_captioned	WORLD\EN\A2_UNIONSTATION_PART1.TXT	WORLD\RU\A2_UNIONSTATION_PART1.TXT
SOUND\A2S2_SEVERIN_6.WAV	script_captioned	WORLD\EN\A2_UNIONSTATION_PART1.TXT;WORLD\EN\A2_UNIONSTATION_PART2.TXT	WORLD\RU\A2_UNIONSTATION_PART1.TXT;WORLD\RU\A2_UNIONSTATION_PART2.TXT
SOUND\A2S2_SEVERIN_7.WAV	script_captioned	WORLD\EN\A2_UNIONSTATION_PART1.TXT;WORLD\EN\A2_UNIONSTATION_PART2.TXT	WORLD\RU\A2_UNIONSTATION_PART1.TXT;WORLD\RU\A2_UNIONSTATION_PART2.TXT
SOUND\A2S2_SEVERIN_8.WAV	script_captioned	WORLD\EN\A2_UNIONSTATION_PART1.TXT;WORLD\EN\A2_UNIONSTATION_PART2.TXT;WORLD\EN\A2_UNIONSTATION_PART3.TXT	WORLD\RU\A2_UNIONSTATION_PART1.TXT;WORLD\RU\A2_UNIONSTATION_PART2.TXT;WORLD\RU\A2_UNIONSTATION_PART3.TXT
SOUND\A2S2_SEVERIN_9.WAV	script_captioned	WORLD\EN\A2_UNIONSTATION_PART1.TXT;WORLD\EN\A2_UNIONSTATION_PART2.TXT;WORLD\EN\A2_UNIONSTATION_PART3.TXT	WORLD\RU\A2_UNIONSTATION_PART1.TXT;WORLD\RU\A2_UNIONSTATION_PART2.TXT;WORLD\RU\A2_UNIONSTATION_PART3.TXT
SOUND\A2S3_FFMINION11.WAV	script_captioned	WORLD\EN\A2_SEWER_2.TXT	WORLD\RU\A2_SEWER_2.TXT
SOUND\A2S3_FFMINION110.WAV	script_captioned	WORLD\EN\A2_SEWER_1.TXT	WORLD\RU\A2_SEWER_1.TXT
SOUND\A2S3_FFMINION111.WAV	script_captioned	WORLD\EN\A2_SEWER_1.TXT	WORLD\RU\A2_SEWER_1.TXT
SOUND\A2S3_FFMINION112.WAV	no_english_script_key_audio_or_unmapped		
SOUND\A2S3_FFMINION113.WAV	script_captioned	WORLD\EN\A2_SEWER_1.TXT	WORLD\RU\A2_SEWER_1.TXT
SOUND\A2S3_FFMINION114.WAV	script_captioned	WORLD\EN\A2_SEWER_1.TXT	WORLD\RU\A2_SEWER_1.TXT
SOUND\A2S3_FFMINION115.WAV	script_captioned	WORLD\EN\A2_SEWER_1.TXT	WORLD\RU\A2_SEWER_1.TXT
SOUND\A2S3_FFMINION116.WAV	no_english_script_key_audio_or_unmapped		
SOUND\A2S3_FFMINION117.WAV	no_english_script_key_audio_or_unmapped		
SOUND\A2S3_FFMINION118.WAV	script_captioned	WORLD\EN\A2_SEWER_2.TXT	WORLD\RU\A2_SEWER_2.TXT
SOUND\A2S3_FFMINION119.WAV	script_captioned	WORLD\EN\A2_SEWER_2.TXT	WORLD\RU\A2_SEWER_2.TXT
SOUND\A2S3_FFMINION12.WAV	script_captioned	WORLD\EN\A2_SEWER_2.TXT	WORLD\RU\A2_SEWER_2.TXT
SOUND\A2S3_FFMINION120.WAV	script_captioned	WORLD\EN\A2_SEWER_2.TXT	WORLD\RU\A2_SEWER_2.TXT
SOUND\A2S3_FFMINION121.WAV	script_captioned	WORLD\EN\A2_SEWER_2.TXT	WORLD\RU\A2_SEWER_2.TXT
SOUND\A2S3_FFMINION13.WAV	script_captioned	WORLD\EN\A2_SEWER_2.TXT	WORLD\RU\A2_SEWER_2.TXT
SOUND\A2S3_FFMINION14.WAV	script_captioned	WORLD\EN\A2_SEWER_2.TXT	WORLD\RU\A2_SEWER_2.TXT
SOUND\A2S3_FFMINION15.WAV	script_captioned	WORLD\EN\A2_SEWER_2.TXT	WORLD\RU\A2_SEWER_2.TXT
SOUND\A2S3_FFMINION16.WAV	script_captioned	WORLD\EN\A2_SEWER_1.TXT	WORLD\RU\A2_SEWER_1.TXT
SOUND\A2S3_FFMINION17.WAV	script_captioned	WORLD\EN\A2_SEWER_1.TXT	WORLD\RU\A2_SEWER_1.TXT
SOUND\A2S3_FFMINION18.WAV	script_captioned	WORLD\EN\A2_SEWER_1.TXT	WORLD\RU\A2_SEWER_1.TXT
SOUND\A2S3_FFMINION19.WAV	script_captioned	WORLD\EN\A2_SEWER_1.TXT	WORLD\RU\A2_SEWER_1.TXT
SOUND\A2S3_FFMINION2_1.WAV	script_captioned	WORLD\EN\A2_SEWER_1.TXT	WORLD\RU\A2_SEWER_1.TXT
SOUND\A2S3_FMINION1_1.WAV	script_captioned	WORLD\EN\A2_SEWER_1.TXT	WORLD\RU\A2_SEWER_1.TXT
SOUND\A2S3_FMINION1_10.WAV	script_captioned	WORLD\EN\A2_SEWER_1.TXT	WORLD\RU\A2_SEWER_1.TXT
SOUND\A2S3_FMINION1_11.WAV	script_captioned	WORLD\EN\A2_SEWER_1.TXT	WORLD\RU\A2_SEWER_1.TXT
SOUND\A2S3_FMINION1_12.WAV	script_captioned	WORLD\EN\A2_SEWER_1.TXT	WORLD\RU\A2_SEWER_1.TXT
SOUND\A2S3_FMINION1_13.WAV	script_captioned	WORLD\EN\A2_SEWER_1.TXT	WORLD\RU\A2_SEWER_1.TXT
SOUND\A2S3_FMINION1_14.WAV	script_captioned	WORLD\EN\A2_SEWER_1.TXT	WORLD\RU\A2_SEWER_1.TXT
SOUND\A2S3_FMINION1_15.WAV	script_captioned	WORLD\EN\A2_SEWER_1.TXT	WORLD\RU\A2_SEWER_1.TXT
SOUND\A2S3_FMINION1_16.WAV	no_english_script_key_audio_or_unmapped		
SOUND\A2S3_FMINION1_2.WAV	script_captioned	WORLD\EN\A2_SEWER_1.TXT	WORLD\RU\A2_SEWER_1.TXT
SOUND\A2S3_FMINION1_3.WAV	script_captioned	WORLD\EN\A2_SEWER_1.TXT	WORLD\RU\A2_SEWER_1.TXT
SOUND\A2S3_FMINION1_4.WAV	script_captioned	WORLD\EN\A2_SEWER_1.TXT	WORLD\RU\A2_SEWER_1.TXT
SOUND\A2S3_FMINION1_5.WAV	script_captioned	WORLD\EN\A2_SEWER_1.TXT;WORLD\EN\A2_SEWER_2.TXT	WORLD\RU\A2_SEWER_1.TXT;WORLD\RU\A2_SEWER_2.TXT
SOUND\A2S3_FMINION1_6.WAV	script_captioned	WORLD\EN\A2_SEWER_1.TXT	WORLD\RU\A2_SEWER_1.TXT
SOUND\A2S3_FMINION1_7.WAV	script_captioned	WORLD\EN\A2_SEWER_1.TXT	WORLD\RU\A2_SEWER_1.TXT
SOUND\A2S3_FMINION1_8.WAV	script_captioned	WORLD\EN\A2_SEWER_1.TXT	WORLD\RU\A2_SEWER_1.TXT
SOUND\A2S3_FMINION1_9.WAV	script_captioned	WORLD\EN\A2_SEWER_1.TXT	WORLD\RU\A2_SEWER_1.TXT
SOUND\A2S3_FMINION2_1.WAV	script_captioned	WORLD\EN\A2_SEWER_1.TXT	WORLD\RU\A2_SEWER_1.TXT
SOUND\A2S3_FMINION2_10.WAV	script_captioned	WORLD\EN\A2_SEWER_1.TXT	WORLD\RU\A2_SEWER_1.TXT
SOUND\A2S3_FMINION2_11.WAV	script_captioned	WORLD\EN\A2_SEWER_1.TXT	WORLD\RU\A2_SEWER_1.TXT
SOUND\A2S3_FMINION2_12.WAV	script_captioned	WORLD\EN\A2_SEWER_1.TXT	WORLD\RU\A2_SEWER_1.TXT
SOUND\A2S3_FMINION2_13.WAV	script_captioned	WORLD\EN\A2_SEWER_1.TXT	WORLD\RU\A2_SEWER_1.TXT
SOUND\A2S3_FMINION2_14.WAV	script_captioned	WORLD\EN\A2_SEWER_1.TXT	WORLD\RU\A2_SEWER_1.TXT
SOUND\A2S3_FMINION2_15.WAV	script_captioned	WORLD\EN\A2_SEWER_1.TXT	WORLD\RU\A2_SEWER_1.TXT
SOUND\A2S3_FMINION2_16.WAV	script_captioned	WORLD\EN\A2_SEWER_1.TXT	WORLD\RU\A2_SEWER_1.TXT
SOUND\A2S3_FMINION2_17.WAV	script_captioned	WORLD\EN\A2_SEWER_1.TXT	WORLD\RU\A2_SEWER_1.TXT
SOUND\A2S3_FMINION2_18.WAV	script_captioned	WORLD\EN\A2_SEWER_1.TXT	WORLD\RU\A2_SEWER_1.TXT
SOUND\A2S3_FMINION2_19.WAV	script_captioned	WORLD\EN\A2_SEWER_1.TXT	WORLD\RU\A2_SEWER_1.TXT
SOUND\A2S3_FMINION2_2.WAV	script_captioned	WORLD\EN\A2_SEWER_1.TXT	WORLD\RU\A2_SEWER_1.TXT
SOUND\A2S3_FMINION2_20.WAV	script_captioned	WORLD\EN\A2_SEWER_1.TXT	WORLD\RU\A2_SEWER_1.TXT
SOUND\A2S3_FMINION2_21.WAV	no_english_script_key_audio_or_unmapped		
SOUND\A2S3_FMINION2_3.WAV	script_captioned	WORLD\EN\A2_SEWER_1.TXT	WORLD\RU\A2_SEWER_1.TXT
SOUND\A2S3_FMINION2_4.WAV	script_captioned	WORLD\EN\A2_SEWER_1.TXT	WORLD\RU\A2_SEWER_1.TXT
SOUND\A2S3_FMINION2_5.WAV	script_captioned	WORLD\EN\A2_SEWER_1.TXT	WORLD\RU\A2_SEWER_1.TXT
SOUND\A2S3_FMINION2_6.WAV	script_captioned	WORLD\EN\A2_SEWER_2.TXT	WORLD\RU\A2_SEWER_2.TXT
SOUND\A2S3_FMINION2_7.WAV	script_captioned	WORLD\EN\A2_SEWER_2.TXT	WORLD\RU\A2_SEWER_2.TXT
SOUND\A2S3_FMINION2_8.WAV	script_captioned	WORLD\EN\A2_SEWER_2.TXT	WORLD\RU\A2_SEWER_2.TXT
SOUND\A2S3_FMINION2_9.WAV	script_captioned	WORLD\EN\A2_SEWER_2.TXT	WORLD\RU\A2_SEWER_2.TXT
SOUND\A2S3_FMINION3_1.WAV	script_captioned	WORLD\EN\A2_SEWER_1.TXT	WORLD\RU\A2_SEWER_1.TXT
SOUND\A2S3_FMINION3_2.WAV	script_captioned	WORLD\EN\A2_SEWER_1.TXT	WORLD\RU\A2_SEWER_1.TXT
SOUND\A2S3_FMINION3_3.WAV	script_captioned	WORLD\EN\A2_SEWER_2.TXT	WORLD\RU\A2_SEWER_2.TXT
SOUND\A2S3_FMINION3_4.WAV	script_captioned	WORLD\EN\A2_SEWER_2.TXT	WORLD\RU\A2_SEWER_2.TXT
SOUND\A2S3_KESTREL1_25.WAV	script_captioned	WORLD\EN\A2_SEWER_1.TXT	WORLD\RU\A2_SEWER_1.TXT
SOUND\A2S3_KESTREL1_26.WAV	script_captioned	WORLD\EN\A2_SEWER_1.TXT	WORLD\RU\A2_SEWER_1.TXT
SOUND\A2S3_KESTREL1_27.WAV	script_captioned	WORLD\EN\A2_SEWER_1.TXT	WORLD\RU\A2_SEWER_1.TXT
SOUND\A2S3_KESTREL1_28.WAV	script_captioned	WORLD\EN\A2_SEWER_1.TXT	WORLD\RU\A2_SEWER_1.TXT
SOUND\A2S3_KESTREL1_29.WAV	script_captioned	WORLD\EN\A2_SEWER_1.TXT	WORLD\RU\A2_SEWER_1.TXT
SOUND\A2S3_KESTRELL_29.WAV	no_english_script_key_audio_or_unmapped		
SOUND\A2S3_RAYNE_1.WAV	script_captioned	WORLD\EN\A2_SEWER_1.TXT	WORLD\RU\A2_SEWER_1.TXT
SOUND\A2S3_RAYNE_10.WAV	no_english_script_key_audio_or_unmapped		
SOUND\A2S3_RAYNE_11.WAV	script_captioned	WORLD\EN\A2_SEWER_1.TXT	WORLD\RU\A2_SEWER_1.TXT
SOUND\A2S3_RAYNE_12.WAV	no_english_script_key_audio_or_unmapped		
SOUND\A2S3_RAYNE_13.WAV	no_english_script_key_audio_or_unmapped		
SOUND\A2S3_RAYNE_14.WAV	script_captioned	WORLD\EN\A2_SEWER_1.TXT	WORLD\RU\A2_SEWER_1.TXT
SOUND\A2S3_RAYNE_15.WAV	script_captioned	WORLD\EN\A2_SEWER_2.TXT	WORLD\RU\A2_SEWER_2.TXT
SOUND\A2S3_RAYNE_16.WAV	script_captioned	WORLD\EN\A2_SEWER_2.TXT	WORLD\RU\A2_SEWER_2.TXT
SOUND\A2S3_RAYNE_17.WAV	no_english_script_key_audio_or_unmapped		
SOUND\A2S3_RAYNE_18.WAV	no_english_script_key_audio_or_unmapped		
SOUND\A2S3_RAYNE_19.WAV	no_english_script_key_audio_or_unmapped		
SOUND\A2S3_RAYNE_2.WAV	script_captioned	WORLD\EN\A2_SEWER_1.TXT	WORLD\RU\A2_SEWER_1.TXT
SOUND\A2S3_RAYNE_20.WAV	no_english_script_key_audio_or_unmapped		
SOUND\A2S3_RAYNE_21.WAV	script_captioned	WORLD\EN\A2_SEWER_1.TXT	WORLD\RU\A2_SEWER_1.TXT
SOUND\A2S3_RAYNE_22.WAV	script_captioned	WORLD\EN\A2_SEWER_1.TXT	WORLD\RU\A2_SEWER_1.TXT
SOUND\A2S3_RAYNE_23.WAV	script_captioned	WORLD\EN\A2_SEWER_1.TXT	WORLD\RU\A2_SEWER_1.TXT
SOUND\A2S3_RAYNE_24.WAV	script_captioned	WORLD\EN\A2_SEWER_1.TXT	WORLD\RU\A2_SEWER_1.TXT
SOUND\A2S3_RAYNE_25.WAV	script_captioned	WORLD\EN\A2_SEWER_1.TXT	WORLD\RU\A2_SEWER_1.TXT
SOUND\A2S3_RAYNE_26.WAV	script_captioned	WORLD\EN\A2_SEWER_1.TXT	WORLD\RU\A2_SEWER_1.TXT
SOUND\A2S3_RAYNE_27.WAV	script_captioned	WORLD\EN\A2_SEWER_1.TXT	WORLD\RU\A2_SEWER_1.TXT
SOUND\A2S3_RAYNE_28.WAV	script_captioned	WORLD\EN\A2_SEWER_1.TXT	WORLD\RU\A2_SEWER_1.TXT
SOUND\A2S3_RAYNE_29.WAV	no_english_script_key_audio_or_unmapped		
SOUND\A2S3_RAYNE_3.WAV	script_captioned	WORLD\EN\A2_SEWER_2.TXT	WORLD\RU\A2_SEWER_2.TXT
SOUND\A2S3_RAYNE_30.WAV	script_captioned	WORLD\EN\A2_SEWER_1.TXT	WORLD\RU\A2_SEWER_1.TXT
SOUND\A2S3_RAYNE_31.WAV	script_captioned	WORLD\EN\A2_SEWER_1.TXT	WORLD\RU\A2_SEWER_1.TXT
SOUND\A2S3_RAYNE_32.WAV	script_captioned	WORLD\EN\A2_SEWER_1.TXT	WORLD\RU\A2_SEWER_1.TXT
SOUND\A2S3_RAYNE_33.WAV	script_captioned	WORLD\EN\A2_SEWER_1.TXT	WORLD\RU\A2_SEWER_1.TXT
SOUND\A2S3_RAYNE_34.WAV	script_captioned	WORLD\EN\A2_SEWER_1.TXT	WORLD\RU\A2_SEWER_1.TXT
SOUND\A2S3_RAYNE_35.WAV	script_captioned	WORLD\EN\A2_SEWER_1.TXT	WORLD\RU\A2_SEWER_1.TXT
SOUND\A2S3_RAYNE_36.WAV	no_english_script_key_audio_or_unmapped		
SOUND\A2S3_RAYNE_37.WAV	script_captioned	WORLD\EN\A2_SEWER_1.TXT	WORLD\RU\A2_SEWER_1.TXT
SOUND\A2S3_RAYNE_38.WAV	script_captioned	WORLD\EN\A2_SEWER_2.TXT	WORLD\RU\A2_SEWER_2.TXT
SOUND\A2S3_RAYNE_39.WAV	script_captioned	WORLD\EN\A2_SEWER_2.TXT	WORLD\RU\A2_SEWER_2.TXT
SOUND\A2S3_RAYNE_4.WAV	script_captioned	WORLD\EN\A2_SEWER_2.TXT	WORLD\RU\A2_SEWER_2.TXT
SOUND\A2S3_RAYNE_40.WAV	script_captioned	WORLD\EN\A2_SEWER_2.TXT	WORLD\RU\A2_SEWER_2.TXT
SOUND\A2S3_RAYNE_41.WAV	script_captioned	WORLD\EN\A2_SEWER_2.TXT	WORLD\RU\A2_SEWER_2.TXT
SOUND\A2S3_RAYNE_42.WAV	script_captioned	WORLD\EN\A2_SEWER_2.TXT	WORLD\RU\A2_SEWER_2.TXT
SOUND\A2S3_RAYNE_43.WAV	script_captioned	WORLD\EN\A2_SEWER_2.TXT	WORLD\RU\A2_SEWER_2.TXT
SOUND\A2S3_RAYNE_44.WAV	script_captioned	WORLD\EN\A2_SEWER_2.TXT	WORLD\RU\A2_SEWER_2.TXT
SOUND\A2S3_RAYNE_45.WAV	script_captioned	WORLD\EN\A2_SEWER_2.TXT	WORLD\RU\A2_SEWER_2.TXT
SOUND\A2S3_RAYNE_46.WAV	script_captioned	WORLD\EN\A2_SEWER_2.TXT	WORLD\RU\A2_SEWER_2.TXT
SOUND\A2S3_RAYNE_47.WAV	script_captioned	WORLD\EN\A2_SEWER_2.TXT	WORLD\RU\A2_SEWER_2.TXT
SOUND\A2S3_RAYNE_48.WAV	script_captioned	WORLD\EN\A2_SEWER_2.TXT	WORLD\RU\A2_SEWER_2.TXT
SOUND\A2S3_RAYNE_49.WAV	script_captioned	WORLD\EN\A2_SEWER_2.TXT	WORLD\RU\A2_SEWER_2.TXT
SOUND\A2S3_RAYNE_5.WAV	script_captioned	WORLD\EN\A2_SEWER_1.TXT	WORLD\RU\A2_SEWER_1.TXT
SOUND\A2S3_RAYNE_6.WAV	no_english_script_key_audio_or_unmapped		
SOUND\A2S3_RAYNE_8.WAV	no_english_script_key_audio_or_unmapped		
SOUND\A2S3_RAYNE_9.WAV	no_english_script_key_audio_or_unmapped		
SOUND\A2S3_SEVERIN_1.WAV	script_captioned	WORLD\EN\A2_SEWER_1.TXT	WORLD\RU\A2_SEWER_1.TXT
SOUND\A2S3_SEVERIN_10.WAV	script_captioned	WORLD\EN\A2_SEWER_1.TXT	WORLD\RU\A2_SEWER_1.TXT
SOUND\A2S3_SEVERIN_11.WAV	no_english_script_key_audio_or_unmapped		
SOUND\A2S3_SEVERIN_12.WAV	no_english_script_key_audio_or_unmapped		
SOUND\A2S3_SEVERIN_13.WAV	no_english_script_key_audio_or_unmapped		
SOUND\A2S3_SEVERIN_14.WAV	no_english_script_key_audio_or_unmapped		
SOUND\A2S3_SEVERIN_15.WAV	no_english_script_key_audio_or_unmapped		
SOUND\A2S3_SEVERIN_16.WAV	no_english_script_key_audio_or_unmapped		
SOUND\A2S3_SEVERIN_17.WAV	no_english_script_key_audio_or_unmapped		
SOUND\A2S3_SEVERIN_18.WAV	script_captioned	WORLD\EN\A2_SEWER_1.TXT	WORLD\RU\A2_SEWER_1.TXT
SOUND\A2S3_SEVERIN_19.WAV	script_captioned	WORLD\EN\A2_SEWER_1.TXT	WORLD\RU\A2_SEWER_1.TXT
SOUND\A2S3_SEVERIN_2.WAV	script_captioned	WORLD\EN\A2_SEWER_1.TXT	WORLD\RU\A2_SEWER_1.TXT
SOUND\A2S3_SEVERIN_20.WAV	no_english_script_key_audio_or_unmapped		
SOUND\A2S3_SEVERIN_21.WAV	no_english_script_key_audio_or_unmapped		
SOUND\A2S3_SEVERIN_22.WAV	no_english_script_key_audio_or_unmapped		
SOUND\A2S3_SEVERIN_23.WAV	script_captioned	WORLD\EN\A2_SEWER_1.TXT	WORLD\RU\A2_SEWER_1.TXT
SOUND\A2S3_SEVERIN_24.WAV	script_captioned	WORLD\EN\A2_SEWER_1.TXT	WORLD\RU\A2_SEWER_1.TXT
SOUND\A2S3_SEVERIN_25.WAV	script_captioned	WORLD\EN\A2_SEWER_1.TXT	WORLD\RU\A2_SEWER_1.TXT
SOUND\A2S3_SEVERIN_26.WAV	script_captioned	WORLD\EN\A2_SEWER_1.TXT	WORLD\RU\A2_SEWER_1.TXT
SOUND\A2S3_SEVERIN_27.WAV	no_english_script_key_audio_or_unmapped		
SOUND\A2S3_SEVERIN_28.WAV	no_english_script_key_audio_or_unmapped		
SOUND\A2S3_SEVERIN_29.WAV	script_captioned	WORLD\EN\A2_SEWER_1.TXT	WORLD\RU\A2_SEWER_1.TXT
SOUND\A2S3_SEVERIN_3.WAV	script_captioned	WORLD\EN\A2_SEWER_2.TXT	WORLD\RU\A2_SEWER_2.TXT
SOUND\A2S3_SEVERIN_30.WAV	script_captioned	WORLD\EN\A2_SEWER_1.TXT	WORLD\RU\A2_SEWER_1.TXT
SOUND\A2S3_SEVERIN_31.WAV	script_captioned	WORLD\EN\A2_SEWER_1.TXT	WORLD\RU\A2_SEWER_1.TXT
SOUND\A2S3_SEVERIN_32.WAV	script_captioned	WORLD\EN\A2_SEWER_1.TXT	WORLD\RU\A2_SEWER_1.TXT
SOUND\A2S3_SEVERIN_33.WAV	script_captioned	WORLD\EN\A2_SEWER_1.TXT	WORLD\RU\A2_SEWER_1.TXT
SOUND\A2S3_SEVERIN_34.WAV	script_captioned	WORLD\EN\A2_SEWER_1.TXT	WORLD\RU\A2_SEWER_1.TXT
SOUND\A2S3_SEVERIN_35.WAV	script_captioned	WORLD\EN\A2_SEWER_1.TXT	WORLD\RU\A2_SEWER_1.TXT
SOUND\A2S3_SEVERIN_36.WAV	script_captioned	WORLD\EN\A2_SEWER_1.TXT	WORLD\RU\A2_SEWER_1.TXT
SOUND\A2S3_SEVERIN_37.WAV	script_captioned	WORLD\EN\A2_SEWER_1.TXT	WORLD\RU\A2_SEWER_1.TXT
SOUND\A2S3_SEVERIN_38.WAV	script_captioned	WORLD\EN\A2_SEWER_2.TXT	WORLD\RU\A2_SEWER_2.TXT
SOUND\A2S3_SEVERIN_39.WAV	script_captioned	WORLD\EN\A2_SEWER_2.TXT	WORLD\RU\A2_SEWER_2.TXT
SOUND\A2S3_SEVERIN_4.WAV	no_english_script_key_audio_or_unmapped		
SOUND\A2S3_SEVERIN_40.WAV	script_captioned	WORLD\EN\A2_SEWER_2.TXT	WORLD\RU\A2_SEWER_2.TXT
SOUND\A2S3_SEVERIN_41.WAV	script_captioned	WORLD\EN\A2_SEWER_2.TXT	WORLD\RU\A2_SEWER_2.TXT
SOUND\A2S3_SEVERIN_42.WAV	script_captioned	WORLD\EN\A2_SEWER_2.TXT	WORLD\RU\A2_SEWER_2.TXT
SOUND\A2S3_SEVERIN_43.WAV	script_captioned	WORLD\EN\A2_SEWER_2.TXT	WORLD\RU\A2_SEWER_2.TXT
SOUND\A2S3_SEVERIN_44.WAV	script_captioned	WORLD\EN\A2_SEWER_2.TXT	WORLD\RU\A2_SEWER_2.TXT
SOUND\A2S3_SEVERIN_45.WAV	script_captioned	WORLD\EN\A2_SEWER_2.TXT	WORLD\RU\A2_SEWER_2.TXT
SOUND\A2S3_SEVERIN_46.WAV	script_captioned	WORLD\EN\A2_SEWER_2.TXT	WORLD\RU\A2_SEWER_2.TXT
SOUND\A2S3_SEVERIN_47.WAV	script_captioned	WORLD\EN\A2_SEWER_2.TXT	WORLD\RU\A2_SEWER_2.TXT
SOUND\A2S3_SEVERIN_48.WAV	script_captioned	WORLD\EN\A2_SEWER_2.TXT	WORLD\RU\A2_SEWER_2.TXT
SOUND\A2S3_SEVERIN_49.WAV	script_captioned	WORLD\EN\A2_SEWER_2.TXT	WORLD\RU\A2_SEWER_2.TXT
SOUND\A2S3_SEVERIN_5.WAV	no_english_script_key_audio_or_unmapped		
SOUND\A2S3_SEVERIN_50.WAV	script_captioned	WORLD\EN\A2_SEWER_2.TXT	WORLD\RU\A2_SEWER_2.TXT
SOUND\A2S3_SEVERIN_51.WAV	script_captioned	WORLD\EN\A2_SEWER_2.TXT	WORLD\RU\A2_SEWER_2.TXT
SOUND\A2S3_SEVERIN_52.WAV	script_captioned	WORLD\EN\A2_SEWER_2.TXT	WORLD\RU\A2_SEWER_2.TXT
SOUND\A2S3_SEVERIN_53.WAV	script_captioned	WORLD\EN\A2_SEWER_2.TXT	WORLD\RU\A2_SEWER_2.TXT
SOUND\A2S3_SEVERIN_54.WAV	no_english_script_key_audio_or_unmapped		
SOUND\A2S3_SEVERIN_55.WAV	script_captioned	WORLD\EN\A2_SEWER_2.TXT	WORLD\RU\A2_SEWER_2.TXT
SOUND\A2S3_SEVERIN_6.WAV	script_captioned	WORLD\EN\A2_SEWER_2.TXT	WORLD\RU\A2_SEWER_2.TXT
SOUND\A2S3_SEVERIN_7.WAV	script_captioned	WORLD\EN\A2_SEWER_2.TXT	WORLD\RU\A2_SEWER_2.TXT
SOUND\A2S3_SEVERIN_8.WAV	script_captioned	WORLD\EN\A2_SEWER_2.TXT	WORLD\RU\A2_SEWER_2.TXT
SOUND\A2S3_SEVERIN_9.WAV	script_captioned	WORLD\EN\A2_SEWER_2.TXT	WORLD\RU\A2_SEWER_2.TXT
SOUND\A2S3_SLEZZ1.WAV	no_english_script_key_audio_or_unmapped		
SOUND\A2S3_SLEZZ10.WAV	no_english_script_key_audio_or_unmapped		
SOUND\A2S3_SLEZZ11.WAV	no_english_script_key_audio_or_unmapped		
SOUND\A2S3_SLEZZ12.WAV	script_blank_nonverbal_or_review	WORLD\EN\A2_SEWER_2.TXT	WORLD\RU\A2_SEWER_2.TXT
SOUND\A2S3_SLEZZ13.WAV	script_captioned	WORLD\EN\A2_SEWER_SLEZZARENA.TXT	WORLD\RU\A2_SEWER_SLEZZARENA.TXT
SOUND\A2S3_SLEZZ14.WAV	script_captioned	WORLD\EN\A2_SEWER_SLEZZARENA.TXT	WORLD\RU\A2_SEWER_SLEZZARENA.TXT
SOUND\A2S3_SLEZZ15.WAV	script_captioned	WORLD\EN\A2_SEWER_SLEZZARENA.TXT	WORLD\RU\A2_SEWER_SLEZZARENA.TXT
SOUND\A2S3_SLEZZ16.WAV	script_captioned	WORLD\EN\A2_SEWER_SLEZZARENA.TXT	WORLD\RU\A2_SEWER_SLEZZARENA.TXT
SOUND\A2S3_SLEZZ17.WAV	script_captioned	WORLD\EN\A2_SEWER_SLEZZARENA.TXT	WORLD\RU\A2_SEWER_SLEZZARENA.TXT
SOUND\A2S3_SLEZZ18.WAV	script_captioned	WORLD\EN\A2_SEWER_SLEZZARENA.TXT	WORLD\RU\A2_SEWER_SLEZZARENA.TXT
SOUND\A2S3_SLEZZ19.WAV	script_captioned	WORLD\EN\A2_SEWER_SLEZZARENA.TXT	WORLD\RU\A2_SEWER_SLEZZARENA.TXT
SOUND\A2S3_SLEZZ2.WAV	script_blank_nonverbal_or_review	WORLD\EN\A2_SEWER_1.TXT	WORLD\RU\A2_SEWER_1.TXT
SOUND\A2S3_SLEZZ20.WAV	script_captioned	WORLD\EN\A2_SEWER_SLEZZARENA.TXT	WORLD\RU\A2_SEWER_SLEZZARENA.TXT
SOUND\A2S3_SLEZZ22.WAV	script_captioned	WORLD\EN\A2_SEWER_SLEZZARENA.TXT	WORLD\RU\A2_SEWER_SLEZZARENA.TXT
SOUND\A2S3_SLEZZ23.WAV	script_captioned	WORLD\EN\A2_SEWER_SLEZZARENA.TXT	WORLD\RU\A2_SEWER_SLEZZARENA.TXT
SOUND\A2S3_SLEZZ24.WAV	script_captioned	WORLD\EN\A2_SEWER_SLEZZARENA.TXT	WORLD\RU\A2_SEWER_SLEZZARENA.TXT
SOUND\A2S3_SLEZZ25.WAV	script_captioned	WORLD\EN\A2_SEWER_SLEZZARENA.TXT	WORLD\RU\A2_SEWER_SLEZZARENA.TXT
SOUND\A2S3_SLEZZ26.WAV	script_captioned	WORLD\EN\A2_SEWER_SLEZZARENA.TXT	WORLD\RU\A2_SEWER_SLEZZARENA.TXT
SOUND\A2S3_SLEZZ27.WAV	script_captioned	WORLD\EN\A2_SEWER_SLEZZARENA.TXT	WORLD\RU\A2_SEWER_SLEZZARENA.TXT
SOUND\A2S3_SLEZZ28.WAV	script_captioned	WORLD\EN\A2_SEWER_SLEZZARENA.TXT	WORLD\RU\A2_SEWER_SLEZZARENA.TXT
SOUND\A2S3_SLEZZ29.WAV	script_captioned	WORLD\EN\A2_SEWER_SLEZZARENA.TXT	WORLD\RU\A2_SEWER_SLEZZARENA.TXT
SOUND\A2S3_SLEZZ3.WAV	no_english_script_key_audio_or_unmapped		
SOUND\A2S3_SLEZZ30.WAV	script_captioned	WORLD\EN\A2_SEWER_SLEZZARENA.TXT	WORLD\RU\A2_SEWER_SLEZZARENA.TXT
SOUND\A2S3_SLEZZ31.WAV	script_blank_nonverbal_or_review	WORLD\EN\A2_SEWER_SLEZZARENA.TXT	WORLD\RU\A2_SEWER_SLEZZARENA.TXT
SOUND\A2S3_SLEZZ4.WAV	no_english_script_key_audio_or_unmapped		
SOUND\A2S3_SLEZZ4B2.WAV	no_english_script_key_audio_or_unmapped		
SOUND\A2S3_SLEZZ5.WAV	script_captioned	WORLD\EN\A2_SEWER_1.TXT	WORLD\RU\A2_SEWER_1.TXT
SOUND\A2S3_SLEZZ6.WAV	no_english_script_key_audio_or_unmapped		
SOUND\A2S3_SLEZZ7.WAV	no_english_script_key_audio_or_unmapped		
SOUND\A2S3_SLEZZ8.WAV	no_english_script_key_audio_or_unmapped		
SOUND\A2S3_SLEZZ8B.WAV	no_english_script_key_audio_or_unmapped		
SOUND\A2S3_SLEZZ9.WAV	no_english_script_key_audio_or_unmapped		
SOUND\A2S4_RAYNE_1.WAV	script_captioned	WORLD\EN\A2_SEWER_SLEZZARENA.TXT	WORLD\RU\A2_SEWER_SLEZZARENA.TXT
SOUND\A2S4_RAYNE_10.WAV	script_captioned	WORLD\EN\A2_SEWER_SLEZZARENA.TXT	WORLD\RU\A2_SEWER_SLEZZARENA.TXT
SOUND\A2S4_RAYNE_11.WAV	script_captioned	WORLD\EN\A2_SEWER_SLEZZARENA.TXT	WORLD\RU\A2_SEWER_SLEZZARENA.TXT
SOUND\A2S4_RAYNE_12.WAV	script_captioned	WORLD\EN\A2_SEWER_SLEZZARENA.TXT	WORLD\RU\A2_SEWER_SLEZZARENA.TXT
SOUND\A2S4_RAYNE_13.WAV	script_captioned	WORLD\EN\A2_SEWER_SLEZZARENA.TXT	WORLD\RU\A2_SEWER_SLEZZARENA.TXT
SOUND\A2S4_RAYNE_14.WAV	script_captioned	WORLD\EN\A2_SEWER_SLEZZARENA.TXT	WORLD\RU\A2_SEWER_SLEZZARENA.TXT
SOUND\A2S4_RAYNE_15.WAV	script_captioned	WORLD\EN\A2_SEWER_SLEZZARENA.TXT	WORLD\RU\A2_SEWER_SLEZZARENA.TXT
SOUND\A2S4_RAYNE_16.WAV	script_captioned	WORLD\EN\A2_SEWER_SLEZZARENA.TXT	WORLD\RU\A2_SEWER_SLEZZARENA.TXT
SOUND\A2S4_RAYNE_17.WAV	script_captioned	WORLD\EN\A2_SEWER_SLEZZARENA.TXT	WORLD\RU\A2_SEWER_SLEZZARENA.TXT
SOUND\A2S4_RAYNE_18.WAV	script_captioned	WORLD\EN\A2_SEWER_SLEZZARENA.TXT	WORLD\RU\A2_SEWER_SLEZZARENA.TXT
SOUND\A2S4_RAYNE_19.WAV	script_captioned	WORLD\EN\A2_SEWER_SLEZZARENA.TXT	WORLD\RU\A2_SEWER_SLEZZARENA.TXT
SOUND\A2S4_RAYNE_2.WAV	script_captioned	WORLD\EN\A2_SEWER_SLEZZARENA.TXT	WORLD\RU\A2_SEWER_SLEZZARENA.TXT
SOUND\A2S4_RAYNE_20.WAV	script_captioned	WORLD\EN\A2_SEWER_SLEZZARENA.TXT	WORLD\RU\A2_SEWER_SLEZZARENA.TXT
SOUND\A2S4_RAYNE_21.WAV	script_captioned	WORLD\EN\A2_SEWER_SLEZZARENA.TXT	WORLD\RU\A2_SEWER_SLEZZARENA.TXT
SOUND\A2S4_RAYNE_22.WAV	script_captioned	WORLD\EN\A2_SEWER_SLEZZARENA.TXT	WORLD\RU\A2_SEWER_SLEZZARENA.TXT
SOUND\A2S4_RAYNE_23.WAV	script_captioned	WORLD\EN\A2_SEWER_SLEZZARENA.TXT	WORLD\RU\A2_SEWER_SLEZZARENA.TXT
SOUND\A2S4_RAYNE_3.WAV	script_captioned	WORLD\EN\A2_SEWER_SLEZZARENA.TXT	WORLD\RU\A2_SEWER_SLEZZARENA.TXT
SOUND\A2S4_RAYNE_4.WAV	script_captioned	WORLD\EN\A2_SEWER_SLEZZARENA.TXT	WORLD\RU\A2_SEWER_SLEZZARENA.TXT
SOUND\A2S4_RAYNE_5.WAV	script_captioned	WORLD\EN\A2_SEWER_SLEZZARENA.TXT	WORLD\RU\A2_SEWER_SLEZZARENA.TXT
SOUND\A2S4_RAYNE_6.WAV	script_captioned	WORLD\EN\A2_SEWER_SLEZZARENA.TXT	WORLD\RU\A2_SEWER_SLEZZARENA.TXT
SOUND\A2S4_RAYNE_7.WAV	script_captioned	WORLD\EN\A2_SEWER_SLEZZARENA.TXT	WORLD\RU\A2_SEWER_SLEZZARENA.TXT
SOUND\A2S4_RAYNE_8.WAV	script_captioned	WORLD\EN\A2_SEWER_SLEZZARENA.TXT	WORLD\RU\A2_SEWER_SLEZZARENA.TXT
SOUND\A2S4_RAYNE_9.WAV	script_captioned	WORLD\EN\A2_SEWER_SLEZZARENA.TXT	WORLD\RU\A2_SEWER_SLEZZARENA.TXT
SOUND\A2S4_SEVERIN_1.WAV	script_captioned	WORLD\EN\A2_SEWER_SLEZZARENA.TXT	WORLD\RU\A2_SEWER_SLEZZARENA.TXT
SOUND\A2S4_SEVERIN_10.WAV	script_captioned	WORLD\EN\A2_SEWER_SLEZZARENA.TXT	WORLD\RU\A2_SEWER_SLEZZARENA.TXT
SOUND\A2S4_SEVERIN_11.WAV	script_captioned	WORLD\EN\A2_SEWER_SLEZZARENA.TXT	WORLD\RU\A2_SEWER_SLEZZARENA.TXT
SOUND\A2S4_SEVERIN_12.WAV	script_captioned	WORLD\EN\A2_SEWER_SLEZZARENA.TXT	WORLD\RU\A2_SEWER_SLEZZARENA.TXT
SOUND\A2S4_SEVERIN_13.WAV	script_captioned	WORLD\EN\A2_SEWER_SLEZZARENA.TXT	WORLD\RU\A2_SEWER_SLEZZARENA.TXT
SOUND\A2S4_SEVERIN_14.WAV	script_captioned	WORLD\EN\A2_SEWER_SLEZZARENA.TXT	WORLD\RU\A2_SEWER_SLEZZARENA.TXT
SOUND\A2S4_SEVERIN_2.WAV	script_captioned	WORLD\EN\A2_SEWER_SLEZZARENA.TXT	WORLD\RU\A2_SEWER_SLEZZARENA.TXT
SOUND\A2S4_SEVERIN_3.WAV	script_captioned	WORLD\EN\A2_SEWER_SLEZZARENA.TXT	WORLD\RU\A2_SEWER_SLEZZARENA.TXT
SOUND\A2S4_SEVERIN_4.WAV	script_captioned	WORLD\EN\A2_SEWER_SLEZZARENA.TXT	WORLD\RU\A2_SEWER_SLEZZARENA.TXT
SOUND\A2S4_SEVERIN_5.WAV	script_captioned	WORLD\EN\A2_SEWER_SLEZZARENA.TXT	WORLD\RU\A2_SEWER_SLEZZARENA.TXT
SOUND\A2S4_SEVERIN_6.WAV	script_captioned	WORLD\EN\A2_SEWER_SLEZZARENA.TXT	WORLD\RU\A2_SEWER_SLEZZARENA.TXT
SOUND\A2S4_SEVERIN_7.WAV	script_captioned	WORLD\EN\A2_SEWER_SLEZZARENA.TXT	WORLD\RU\A2_SEWER_SLEZZARENA.TXT
SOUND\A2S4_SEVERIN_8.WAV	script_captioned	WORLD\EN\A2_SEWER_SLEZZARENA.TXT	WORLD\RU\A2_SEWER_SLEZZARENA.TXT
SOUND\A2S4_SEVERIN_9.WAV	script_captioned	WORLD\EN\A2_SEWER_SLEZZARENA.TXT	WORLD\RU\A2_SEWER_SLEZZARENA.TXT
SOUND\A2S5_BRUTE_1.WAV	script_captioned	WORLD\EN\A2_SUBWAY1.TXT	WORLD\RU\A2_SUBWAY1.TXT
SOUND\A2S5_BRUTE_2.WAV	script_captioned	WORLD\EN\A2_SUBWAY1.TXT	WORLD\RU\A2_SUBWAY1.TXT
SOUND\A2S5_BRUTE_3.WAV	script_captioned	WORLD\EN\A2_SUBWAY1.TXT	WORLD\RU\A2_SUBWAY1.TXT
SOUND\A2S5_BRUTE_4.WAV	no_english_script_key_audio_or_unmapped		
SOUND\A2S5_BRUTE_5.WAV	no_english_script_key_audio_or_unmapped		
SOUND\A2S5_BRUTE_6.WAV	no_english_script_key_audio_or_unmapped		
SOUND\A2S5_EPHEMERA_13.WAV	no_english_script_key_audio_or_unmapped		
SOUND\A2S5_EPHEMERA_14.WAV	no_english_script_key_audio_or_unmapped		
SOUND\A2S5_EPHEMERA_15.WAV	no_english_script_key_audio_or_unmapped		
SOUND\A2S5_EPHEMERA_16.WAV	no_english_script_key_audio_or_unmapped		
SOUND\A2S5_EPHEMERA_17.WAV	no_english_script_key_audio_or_unmapped		
SOUND\A2S5_EPHEMERA_18.WAV	no_english_script_key_audio_or_unmapped		
SOUND\A2S5_EPHEMERA_19.WAV	no_english_script_key_audio_or_unmapped		
SOUND\A2S5_EPHEMERA_20.WAV	no_english_script_key_audio_or_unmapped		
SOUND\A2S5_EPHEMERA_21.WAV	no_english_script_key_audio_or_unmapped		
SOUND\A2S5_EPHEMERA_22.WAV	no_english_script_key_audio_or_unmapped		
SOUND\A2S5_EPHEMERA_23.WAV	no_english_script_key_audio_or_unmapped		
SOUND\A2S5_EPHEMERA_24.WAV	no_english_script_key_audio_or_unmapped		
SOUND\A2S5_EPHEMERA_25.WAV	no_english_script_key_audio_or_unmapped		
SOUND\A2S5_EPHEMERA_26.WAV	no_english_script_key_audio_or_unmapped		
SOUND\A2S5_EPHEMERA_27.WAV	no_english_script_key_audio_or_unmapped		
SOUND\A2S5_EPHEMERA_28.WAV	no_english_script_key_audio_or_unmapped		
SOUND\A2S5_EPHEMERA_29.WAV	no_english_script_key_audio_or_unmapped		
SOUND\A2S5_EPHEMERA_30.WAV	no_english_script_key_audio_or_unmapped		
SOUND\A2S5_EPHEMERA_31.WAV	no_english_script_key_audio_or_unmapped		
SOUND\A2S5_EPHEMERA_32.WAV	no_english_script_key_audio_or_unmapped		
SOUND\A2S5_EPHEMERA_33.WAV	no_english_script_key_audio_or_unmapped		
SOUND\A2S5_EPHEMERA_34.WAV	no_english_script_key_audio_or_unmapped		
SOUND\A2S5_FERRIL_1.WAV	no_english_script_key_audio_or_unmapped		
SOUND\A2S5_FERRIL_2.WAV	no_english_script_key_audio_or_unmapped		
SOUND\A2S5_FERRIL_3.WAV	no_english_script_key_audio_or_unmapped		
SOUND\A2S5_FERRIL_4.WAV	no_english_script_key_audio_or_unmapped		
SOUND\A2S5_FERRIL_5.WAV	no_english_script_key_audio_or_unmapped		
SOUND\A2S5_FERRIL_6.WAV	no_english_script_key_audio_or_unmapped		
SOUND\A2S5_FERRIL_7.WAV	no_english_script_key_audio_or_unmapped		
SOUND\A2S5_FERRIL_8A.WAV	no_english_script_key_audio_or_unmapped		
SOUND\A2S5_FERRIL_8B.WAV	no_english_script_key_audio_or_unmapped		
SOUND\A2S5_FMINION1_1.WAV	script_captioned	WORLD\EN\A2_SUBWAY1.TXT	WORLD\RU\A2_SUBWAY1.TXT
SOUND\A2S5_FMINION1_10.WAV	no_english_script_key_audio_or_unmapped		
SOUND\A2S5_FMINION1_11.WAV	no_english_script_key_audio_or_unmapped		
SOUND\A2S5_FMINION1_12.WAV	no_english_script_key_audio_or_unmapped		
SOUND\A2S5_FMINION1_13.WAV	no_english_script_key_audio_or_unmapped		
SOUND\A2S5_FMINION1_14.WAV	no_english_script_key_audio_or_unmapped		
SOUND\A2S5_FMINION1_2.WAV	script_captioned	WORLD\EN\A2_SUBWAY1.TXT	WORLD\RU\A2_SUBWAY1.TXT
SOUND\A2S5_FMINION1_3.WAV	script_captioned	WORLD\EN\A2_SUBWAY1.TXT	WORLD\RU\A2_SUBWAY1.TXT
SOUND\A2S5_FMINION1_4.WAV	script_captioned	WORLD\EN\A2_SUBWAY1.TXT	WORLD\RU\A2_SUBWAY1.TXT
SOUND\A2S5_FMINION1_5.WAV	script_captioned	WORLD\EN\A2_SUBWAY1.TXT	WORLD\RU\A2_SUBWAY1.TXT
SOUND\A2S5_FMINION1_6.WAV	script_captioned	WORLD\EN\A2_SUBWAY1.TXT	WORLD\RU\A2_SUBWAY1.TXT
SOUND\A2S5_FMINION1_7.WAV	script_captioned	WORLD\EN\A2_SUBWAY1.TXT	WORLD\RU\A2_SUBWAY1.TXT
SOUND\A2S5_FMINION1_8.WAV	script_captioned	WORLD\EN\A2_SUBWAY1.TXT	WORLD\RU\A2_SUBWAY1.TXT
SOUND\A2S5_FMINION1_9.WAV	no_english_script_key_audio_or_unmapped		
SOUND\A2S5_FMINION2_1.WAV	script_captioned	WORLD\EN\A2_SUBWAY1.TXT	WORLD\RU\A2_SUBWAY1.TXT
SOUND\A2S5_FMINION2_2.WAV	no_english_script_key_audio_or_unmapped		
SOUND\A2S5_FMINION2_3.WAV	no_english_script_key_audio_or_unmapped		
SOUND\A2S5_FMINION2_4.WAV	no_english_script_key_audio_or_unmapped		
SOUND\A2S5_FMINION3_1.WAV	script_captioned	WORLD\EN\A2_SUBWAY1.TXT	WORLD\RU\A2_SUBWAY1.TXT
SOUND\A2S5_KESTREL1_30.WAV	no_english_script_key_audio_or_unmapped		
SOUND\A2S5_KESTREL1_31.WAV	no_english_script_key_audio_or_unmapped		
SOUND\A2S5_KESTREL1_32.WAV	script_captioned	WORLD\EN\A2_UNIONSTATION_PART2.TXT	WORLD\RU\A2_UNIONSTATION_PART2.TXT
SOUND\A2S5_KESTREL1_33.WAV	no_english_script_key_audio_or_unmapped		
SOUND\A2S5_KESTREL1_34.WAV	no_english_script_key_audio_or_unmapped		
SOUND\A2S5_KESTREL2_7.WAV	no_english_script_key_audio_or_unmapped		
SOUND\A2S5_KESTREL3_2.WAV	no_english_script_key_audio_or_unmapped		
SOUND\A2S5_RAYNE_1.WAV	no_english_script_key_audio_or_unmapped		
SOUND\A2S5_RAYNE_10.WAV	script_captioned	WORLD\EN\A2_SUBWAY1.TXT	WORLD\RU\A2_SUBWAY1.TXT
SOUND\A2S5_RAYNE_11.WAV	script_captioned	WORLD\EN\A2_SUBWAY1.TXT	WORLD\RU\A2_SUBWAY1.TXT
SOUND\A2S5_RAYNE_12.WAV	script_captioned	WORLD\EN\A2_SUBWAY1.TXT	WORLD\RU\A2_SUBWAY1.TXT
SOUND\A2S5_RAYNE_13.WAV	no_english_script_key_audio_or_unmapped		
SOUND\A2S5_RAYNE_14.WAV	no_english_script_key_audio_or_unmapped		
SOUND\A2S5_RAYNE_16.WAV	no_english_script_key_audio_or_unmapped		
SOUND\A2S5_RAYNE_17.WAV	no_english_script_key_audio_or_unmapped		
SOUND\A2S5_RAYNE_18.WAV	script_captioned	WORLD\EN\A2_UNIONSTATION_PART2.TXT	WORLD\RU\A2_UNIONSTATION_PART2.TXT
SOUND\A2S5_RAYNE_19.WAV	no_english_script_key_audio_or_unmapped		
SOUND\A2S5_RAYNE_2.WAV	script_captioned	WORLD\EN\A2_SUBWAY1.TXT	WORLD\RU\A2_SUBWAY1.TXT
SOUND\A2S5_RAYNE_20.WAV	no_english_script_key_audio_or_unmapped		
SOUND\A2S5_RAYNE_21.WAV	no_english_script_key_audio_or_unmapped		
SOUND\A2S5_RAYNE_22.WAV	no_english_script_key_audio_or_unmapped		
SOUND\A2S5_RAYNE_23.WAV	no_english_script_key_audio_or_unmapped		
SOUND\A2S5_RAYNE_24.WAV	no_english_script_key_audio_or_unmapped		
SOUND\A2S5_RAYNE_25.WAV	no_english_script_key_audio_or_unmapped		
SOUND\A2S5_RAYNE_26.WAV	no_english_script_key_audio_or_unmapped		
SOUND\A2S5_RAYNE_27.WAV	no_english_script_key_audio_or_unmapped		
SOUND\A2S5_RAYNE_28.WAV	no_english_script_key_audio_or_unmapped		
SOUND\A2S5_RAYNE_29.WAV	no_english_script_key_audio_or_unmapped		
SOUND\A2S5_RAYNE_3.WAV	script_captioned	WORLD\EN\A2_SUBWAY1.TXT	WORLD\RU\A2_SUBWAY1.TXT
SOUND\A2S5_RAYNE_30.WAV	no_english_script_key_audio_or_unmapped		
SOUND\A2S5_RAYNE_31.WAV	no_english_script_key_audio_or_unmapped		
SOUND\A2S5_RAYNE_32.WAV	no_english_script_key_audio_or_unmapped		
SOUND\A2S5_RAYNE_33.WAV	no_english_script_key_audio_or_unmapped		
SOUND\A2S5_RAYNE_34.WAV	no_english_script_key_audio_or_unmapped		
SOUND\A2S5_RAYNE_35.WAV	no_english_script_key_audio_or_unmapped		
SOUND\A2S5_RAYNE_36.WAV	no_english_script_key_audio_or_unmapped		
SOUND\A2S5_RAYNE_37.WAV	no_english_script_key_audio_or_unmapped		
SOUND\A2S5_RAYNE_38.WAV	no_english_script_key_audio_or_unmapped		
SOUND\A2S5_RAYNE_39.WAV	no_english_script_key_audio_or_unmapped		
SOUND\A2S5_RAYNE_4.WAV	script_captioned	WORLD\EN\A2_SUBWAY1.TXT	WORLD\RU\A2_SUBWAY1.TXT
SOUND\A2S5_RAYNE_40.WAV	no_english_script_key_audio_or_unmapped		
SOUND\A2S5_RAYNE_41.WAV	no_english_script_key_audio_or_unmapped		
SOUND\A2S5_RAYNE_42.WAV	no_english_script_key_audio_or_unmapped		
SOUND\A2S5_RAYNE_43.WAV	no_english_script_key_audio_or_unmapped		
SOUND\A2S5_RAYNE_44.WAV	no_english_script_key_audio_or_unmapped		
SOUND\A2S5_RAYNE_45.WAV	no_english_script_key_audio_or_unmapped		
SOUND\A2S5_RAYNE_5.WAV	script_captioned	WORLD\EN\A2_SUBWAY1.TXT	WORLD\RU\A2_SUBWAY1.TXT
SOUND\A2S5_RAYNE_6.WAV	script_captioned	WORLD\EN\A2_SUBWAY1.TXT	WORLD\RU\A2_SUBWAY1.TXT
SOUND\A2S5_RAYNE_7.WAV	script_captioned	WORLD\EN\A2_SUBWAY1.TXT	WORLD\RU\A2_SUBWAY1.TXT
SOUND\A2S5_RAYNE_8.WAV	script_captioned	WORLD\EN\A2_SUBWAY1.TXT	WORLD\RU\A2_SUBWAY1.TXT
SOUND\A2S5_RAYNE_9.WAV	script_captioned	WORLD\EN\A2_SUBWAY1.TXT	WORLD\RU\A2_SUBWAY1.TXT
SOUND\A2S5_SEVERIN_1.WAV	script_captioned	WORLD\EN\A2_SUBWAY1.TXT	WORLD\RU\A2_SUBWAY1.TXT
SOUND\A2S5_SEVERIN_10.WAV	no_english_script_key_audio_or_unmapped		
SOUND\A2S5_SEVERIN_11.WAV	no_english_script_key_audio_or_unmapped		
SOUND\A2S5_SEVERIN_12.WAV	no_english_script_key_audio_or_unmapped		
SOUND\A2S5_SEVERIN_13.WAV	no_english_script_key_audio_or_unmapped		
SOUND\A2S5_SEVERIN_14.WAV	no_english_script_key_audio_or_unmapped		
SOUND\A2S5_SEVERIN_15.WAV	no_english_script_key_audio_or_unmapped		
SOUND\A2S5_SEVERIN_16.WAV	no_english_script_key_audio_or_unmapped		
SOUND\A2S5_SEVERIN_2.WAV	script_captioned	WORLD\EN\A2_SUBWAY1.TXT	WORLD\RU\A2_SUBWAY1.TXT
SOUND\A2S5_SEVERIN_3.WAV	script_captioned	WORLD\EN\A2_SUBWAY1.TXT	WORLD\RU\A2_SUBWAY1.TXT
SOUND\A2S5_SEVERIN_4.WAV	script_captioned	WORLD\EN\A2_UNIONSTATION_PART2.TXT	WORLD\RU\A2_UNIONSTATION_PART2.TXT
SOUND\A2S5_SEVERIN_5.WAV	no_english_script_key_audio_or_unmapped		
SOUND\A2S5_SEVERIN_6.WAV	no_english_script_key_audio_or_unmapped		
SOUND\A2S5_SEVERIN_7.WAV	no_english_script_key_audio_or_unmapped		
SOUND\A2S5_SEVERIN_8.WAV	no_english_script_key_audio_or_unmapped		
SOUND\A2S5_SEVERIN_9.WAV	no_english_script_key_audio_or_unmapped		
SOUND\A3_FOREMAN_1.WAV	no_english_script_key_audio_or_unmapped		
SOUND\A3_FOREMAN_2.WAV	no_english_script_key_audio_or_unmapped		
SOUND\A3_FOREMAN_3.WAV	no_english_script_key_audio_or_unmapped		
SOUND\A3_FOREMAN_4.WAV	no_english_script_key_audio_or_unmapped		
SOUND\A3_FOREMAN_5.WAV	no_english_script_key_audio_or_unmapped		
SOUND\A3_FOREMAN_6.WAV	no_english_script_key_audio_or_unmapped		
SOUND\A3_MINION1_20.WAV	no_english_script_key_audio_or_unmapped		
SOUND\A3_MINION1_22.WAV	no_english_script_key_audio_or_unmapped		
SOUND\A3_MINION1_23.WAV	no_english_script_key_audio_or_unmapped		
SOUND\A3_MINION1_24.WAV	no_english_script_key_audio_or_unmapped		
SOUND\A3_MINION1_25.WAV	no_english_script_key_audio_or_unmapped		
SOUND\A3_MINION1_26.WAV	no_english_script_key_audio_or_unmapped		
SOUND\A3_MINION2_6.WAV	no_english_script_key_audio_or_unmapped		
SOUND\A3_MINION2_7.WAV	no_english_script_key_audio_or_unmapped		
SOUND\A3_PUNK1_1.WAV	no_english_script_key_audio_or_unmapped		
SOUND\A3_PUNK1_2.WAV	no_english_script_key_audio_or_unmapped		
SOUND\A3_PUNK1_3.WAV	no_english_script_key_audio_or_unmapped		
SOUND\A3_PUNK1_4.WAV	no_english_script_key_audio_or_unmapped		
SOUND\A3_RAYNE_38.WAV	script_captioned	WORLD\EN\A3_WETWORKS_N_2.TXT;WORLD\EN\A3_WETWORKS_N_3.TXT	WORLD\RU\A3_WETWORKS_N_2.TXT;WORLD\RU\A3_WETWORKS_N_3.TXT
SOUND\A3_RAYNE_39.WAV	script_captioned	WORLD\EN\A3_WETWORKS_N_2.TXT;WORLD\EN\A3_WETWORKS_N_3.TXT	WORLD\RU\A3_WETWORKS_N_2.TXT;WORLD\RU\A3_WETWORKS_N_3.TXT
SOUND\A3_RAYNE_40.WAV	script_captioned	WORLD\EN\A3_WETWORKS_N_2.TXT;WORLD\EN\A3_WETWORKS_N_3.TXT	WORLD\RU\A3_WETWORKS_N_2.TXT;WORLD\RU\A3_WETWORKS_N_3.TXT
SOUND\A3_RAYNE_41.WAV	script_captioned	WORLD\EN\A3_WETWORKS_N_2.TXT;WORLD\EN\A3_WETWORKS_N_3.TXT	WORLD\RU\A3_WETWORKS_N_2.TXT;WORLD\RU\A3_WETWORKS_N_3.TXT
SOUND\A3_RAYNE_42.WAV	script_captioned	WORLD\EN\A3_WETWORKS_N_2.TXT;WORLD\EN\A3_WETWORKS_N_3.TXT	WORLD\RU\A3_WETWORKS_N_2.TXT;WORLD\RU\A3_WETWORKS_N_3.TXT
SOUND\A3_RAYNE_43.WAV	script_captioned	WORLD\EN\A3_WETWORKS_N_2.TXT;WORLD\EN\A3_WETWORKS_N_3.TXT	WORLD\RU\A3_WETWORKS_N_2.TXT;WORLD\RU\A3_WETWORKS_N_3.TXT
SOUND\A3_RAYNE_44.WAV	script_captioned	WORLD\EN\A3_WETWORKS_N_2.TXT;WORLD\EN\A3_WETWORKS_N_3.TXT	WORLD\RU\A3_WETWORKS_N_2.TXT;WORLD\RU\A3_WETWORKS_N_3.TXT
SOUND\A3_RAYNE_45.WAV	script_captioned	WORLD\EN\A3_WETWORKS_N_2.TXT;WORLD\EN\A3_WETWORKS_N_3.TXT	WORLD\RU\A3_WETWORKS_N_2.TXT;WORLD\RU\A3_WETWORKS_N_3.TXT
SOUND\A3_RAYNE_46.WAV	script_captioned	WORLD\EN\A3_WETWORKS_N_2.TXT;WORLD\EN\A3_WETWORKS_N_3.TXT	WORLD\RU\A3_WETWORKS_N_2.TXT;WORLD\RU\A3_WETWORKS_N_3.TXT
SOUND\A3_RAYNE_47.WAV	no_english_script_key_audio_or_unmapped		
SOUND\A3_RAYNE_48.WAV	no_english_script_key_audio_or_unmapped		
SOUND\A3_RAYNE_49.WAV	no_english_script_key_audio_or_unmapped		
SOUND\A3_RAYNE_50.WAV	no_english_script_key_audio_or_unmapped		
SOUND\A3_RAYNE_51.WAV	no_english_script_key_audio_or_unmapped		
SOUND\A3_RAYNE_52.WAV	no_english_script_key_audio_or_unmapped		
SOUND\A3_RAYNE_53.WAV	no_english_script_key_audio_or_unmapped		
SOUND\A3_RAYNE_54.WAV	no_english_script_key_audio_or_unmapped		
SOUND\A3_RAYNE_55.WAV	no_english_script_key_audio_or_unmapped		
SOUND\A3_RAYNE_56.WAV	no_english_script_key_audio_or_unmapped		
SOUND\A3_RAYNE_57.WAV	no_english_script_key_audio_or_unmapped		
SOUND\A3_RAYNE_58.WAV	no_english_script_key_audio_or_unmapped		
SOUND\A3_RAYNE_59.WAV	no_english_script_key_audio_or_unmapped		
SOUND\A3_RAYNE_60.WAV	no_english_script_key_audio_or_unmapped		
SOUND\A3_RAYNE_61.WAV	no_english_script_key_audio_or_unmapped		
SOUND\A3_RAYNE_62.WAV	no_english_script_key_audio_or_unmapped		
SOUND\A3_RAYNE_63.WAV	no_english_script_key_audio_or_unmapped		
SOUND\A3_RAYNE_64.WAV	no_english_script_key_audio_or_unmapped		
SOUND\A3_RAYNE_65.WAV	no_english_script_key_audio_or_unmapped		
SOUND\A3_RAYNE_66.WAV	no_english_script_key_audio_or_unmapped		
SOUND\A3_RAYNE_67.WAV	no_english_script_key_audio_or_unmapped		
SOUND\A3_RAYNE_68.WAV	no_english_script_key_audio_or_unmapped		
SOUND\A3_RAYNE_69.WAV	no_english_script_key_audio_or_unmapped		
SOUND\A3_RAYNE_70.WAV	no_english_script_key_audio_or_unmapped		
SOUND\A3_RAYNE_71.WAV	no_english_script_key_audio_or_unmapped		
SOUND\A3_RAYNE_72.WAV	no_english_script_key_audio_or_unmapped		
SOUND\A3_RAYNE_73.WAV	no_english_script_key_audio_or_unmapped		
SOUND\A3_RAYNE_74.WAV	no_english_script_key_audio_or_unmapped		
SOUND\A3_SEVERIN_60.WAV	no_english_script_key_audio_or_unmapped		
SOUND\A3_SEVERIN_61.WAV	script_captioned	WORLD\EN\A3_WETWORKS_N_2.TXT;WORLD\EN\A3_WETWORKS_N_3.TXT	WORLD\RU\A3_WETWORKS_N_2.TXT;WORLD\RU\A3_WETWORKS_N_3.TXT
SOUND\A3_SEVERIN_62.WAV	script_captioned	WORLD\EN\A3_WETWORKS_N_2.TXT;WORLD\EN\A3_WETWORKS_N_3.TXT	WORLD\RU\A3_WETWORKS_N_2.TXT;WORLD\RU\A3_WETWORKS_N_3.TXT
SOUND\A3_SEVERIN_63.WAV	script_captioned	WORLD\EN\A3_WETWORKS_N_2.TXT;WORLD\EN\A3_WETWORKS_N_3.TXT	WORLD\RU\A3_WETWORKS_N_2.TXT;WORLD\RU\A3_WETWORKS_N_3.TXT
SOUND\A3_SEVERIN_64.WAV	script_captioned	WORLD\EN\A3_WETWORKS_N_2.TXT;WORLD\EN\A3_WETWORKS_N_3.TXT	WORLD\RU\A3_WETWORKS_N_2.TXT;WORLD\RU\A3_WETWORKS_N_3.TXT
SOUND\A3_SEVERIN_65.WAV	script_captioned	WORLD\EN\A3_WETWORKS_N_2.TXT;WORLD\EN\A3_WETWORKS_N_3.TXT	WORLD\RU\A3_WETWORKS_N_2.TXT;WORLD\RU\A3_WETWORKS_N_3.TXT
SOUND\A3_SEVERIN_66.WAV	no_english_script_key_audio_or_unmapped		
SOUND\A3_SEVERIN_67.WAV	no_english_script_key_audio_or_unmapped		
SOUND\A3_SEVERIN_68.WAV	no_english_script_key_audio_or_unmapped		
SOUND\A3_SEVERIN_69.WAV	no_english_script_key_audio_or_unmapped		
SOUND\A3_SEVERIN_70.WAV	no_english_script_key_audio_or_unmapped		
SOUND\A3_SEVERIN_71.WAV	no_english_script_key_audio_or_unmapped		
SOUND\A3_SEVERIN_72.WAV	no_english_script_key_audio_or_unmapped		
SOUND\A3_SEVERIN_73.WAV	no_english_script_key_audio_or_unmapped		
SOUND\A3_SEVERIN_74.WAV	no_english_script_key_audio_or_unmapped		
SOUND\A3_VAT1_1.WAV	no_english_script_key_audio_or_unmapped		
SOUND\A3S1_FERRIL_1.WAV	no_english_script_key_audio_or_unmapped		
SOUND\A3S1_FERRIL_2.WAV	no_english_script_key_audio_or_unmapped		
SOUND\A3S1_FERRIL_3.WAV	no_english_script_key_audio_or_unmapped		
SOUND\A3S1_FMINION1_16.WAV	script_captioned	WORLD\EN\A3_WETWORKS_N_2.TXT	WORLD\RU\A3_WETWORKS_N_2.TXT
SOUND\A3S1_FMINION1_17.WAV	script_captioned	WORLD\EN\A3_WETWORKS_N_2.TXT	WORLD\RU\A3_WETWORKS_N_2.TXT
SOUND\A3S1_FMINION1_18.WAV	script_captioned	WORLD\EN\A3_WETWORKS_N_2.TXT	WORLD\RU\A3_WETWORKS_N_2.TXT
SOUND\A3S1_FMINION1_19.WAV	script_captioned	WORLD\EN\A3_WETWORKS_N_2.TXT	WORLD\RU\A3_WETWORKS_N_2.TXT
SOUND\A3S1_FMINION1_20.WAV	script_captioned	WORLD\EN\A3_WETWORKS_N_2.TXT	WORLD\RU\A3_WETWORKS_N_2.TXT
SOUND\A3S1_FMINION1_21.WAV	script_captioned	WORLD\EN\A3_WETWORKS_N_2.TXT	WORLD\RU\A3_WETWORKS_N_2.TXT
SOUND\A3S1_FMINION2_14.WAV	script_captioned	WORLD\EN\A3_WETWORKS_N_2.TXT	WORLD\RU\A3_WETWORKS_N_2.TXT
SOUND\A3S1_FMINION2_15.WAV	script_captioned	WORLD\EN\A3_WETWORKS_N_2.TXT	WORLD\RU\A3_WETWORKS_N_2.TXT
SOUND\A3S1_FMINION2_16.WAV	script_captioned	WORLD\EN\A3_WETWORKS_N_2.TXT	WORLD\RU\A3_WETWORKS_N_2.TXT
SOUND\A3S1_FMINION2_17.WAV	script_captioned	WORLD\EN\A3_WETWORKS_N_2.TXT	WORLD\RU\A3_WETWORKS_N_2.TXT
SOUND\A3S1_FMINION3_1.WAV	script_captioned	WORLD\EN\A3_WETWORKS_N_2.TXT	WORLD\RU\A3_WETWORKS_N_2.TXT
SOUND\A3S1_FMINION3_2.WAV	script_captioned	WORLD\EN\A3_WETWORKS_N_2.TXT	WORLD\RU\A3_WETWORKS_N_2.TXT
SOUND\A3S1_LMINION11_10.WAV	script_captioned	WORLD\EN\A3_WETWORKS_N_1.TXT	WORLD\RU\A3_WETWORKS_N_1.TXT
SOUND\A3S1_LMINION11_11.WAV	script_captioned	WORLD\EN\A3_WETWORKS_N_1.TXT	WORLD\RU\A3_WETWORKS_N_1.TXT
SOUND\A3S1_LMINION11_12.WAV	script_captioned	WORLD\EN\A3_WETWORKS_N_1.TXT	WORLD\RU\A3_WETWORKS_N_1.TXT
SOUND\A3S1_LMINION11_13.WAV	script_captioned	WORLD\EN\A3_WETWORKS_N_1.TXT	WORLD\RU\A3_WETWORKS_N_1.TXT
SOUND\A3S1_LMINION11_14.WAV	script_captioned	WORLD\EN\A3_WETWORKS_N_1.TXT	WORLD\RU\A3_WETWORKS_N_1.TXT
SOUND\A3S1_LMINION11_15.WAV	script_captioned	WORLD\EN\A3_WETWORKS_N_1.TXT	WORLD\RU\A3_WETWORKS_N_1.TXT
SOUND\A3S1_LMINION11_2.WAV	script_captioned	WORLD\EN\A3_WETWORKS_N_1.TXT	WORLD\RU\A3_WETWORKS_N_1.TXT
SOUND\A3S1_LMINION11_3.WAV	script_captioned	WORLD\EN\A3_WETWORKS_N_1.TXT	WORLD\RU\A3_WETWORKS_N_1.TXT
SOUND\A3S1_LMINION11_4.WAV	script_captioned	WORLD\EN\A3_WETWORKS_N_1.TXT	WORLD\RU\A3_WETWORKS_N_1.TXT
SOUND\A3S1_LMINION11_5.WAV	script_captioned	WORLD\EN\A3_WETWORKS_N_1.TXT	WORLD\RU\A3_WETWORKS_N_1.TXT
SOUND\A3S1_LMINION11_6.WAV	script_captioned	WORLD\EN\A3_WETWORKS_N_1.TXT	WORLD\RU\A3_WETWORKS_N_1.TXT
SOUND\A3S1_LMINION11_7.WAV	script_captioned	WORLD\EN\A3_WETWORKS_N_1.TXT	WORLD\RU\A3_WETWORKS_N_1.TXT
SOUND\A3S1_LMINION11_8.WAV	script_captioned	WORLD\EN\A3_WETWORKS_N_1.TXT	WORLD\RU\A3_WETWORKS_N_1.TXT
SOUND\A3S1_LMINION11_9.WAV	script_captioned	WORLD\EN\A3_WETWORKS_N_1.TXT	WORLD\RU\A3_WETWORKS_N_1.TXT
SOUND\A3S1_LMINION12_1.WAV	script_captioned	WORLD\EN\A3_WETWORKS_N_1.TXT	WORLD\RU\A3_WETWORKS_N_1.TXT
SOUND\A3S1_LMINION12_10.WAV	script_captioned	WORLD\EN\A3_WETWORKS_N_1.TXT	WORLD\RU\A3_WETWORKS_N_1.TXT
SOUND\A3S1_LMINION12_11.WAV	script_captioned	WORLD\EN\A3_WETWORKS_N_1.TXT	WORLD\RU\A3_WETWORKS_N_1.TXT
SOUND\A3S1_LMINION12_12.WAV	script_captioned	WORLD\EN\A3_WETWORKS_N_1.TXT	WORLD\RU\A3_WETWORKS_N_1.TXT
SOUND\A3S1_LMINION12_13.WAV	script_captioned	WORLD\EN\A3_WETWORKS_N_1.TXT	WORLD\RU\A3_WETWORKS_N_1.TXT
SOUND\A3S1_LMINION12_2.WAV	script_captioned	WORLD\EN\A3_WETWORKS_N_1.TXT	WORLD\RU\A3_WETWORKS_N_1.TXT
SOUND\A3S1_LMINION12_3.WAV	script_captioned	WORLD\EN\A3_WETWORKS_N_1.TXT	WORLD\RU\A3_WETWORKS_N_1.TXT
SOUND\A3S1_LMINION12_4.WAV	script_captioned	WORLD\EN\A3_WETWORKS_N_1.TXT	WORLD\RU\A3_WETWORKS_N_1.TXT
SOUND\A3S1_LMINION12_5.WAV	script_captioned	WORLD\EN\A3_WETWORKS_N_1.TXT	WORLD\RU\A3_WETWORKS_N_1.TXT
SOUND\A3S1_LMINION12_6.WAV	script_captioned	WORLD\EN\A3_WETWORKS_N_1.TXT	WORLD\RU\A3_WETWORKS_N_1.TXT
SOUND\A3S1_LMINION12_7.WAV	script_captioned	WORLD\EN\A3_WETWORKS_N_1.TXT	WORLD\RU\A3_WETWORKS_N_1.TXT
SOUND\A3S1_LMINION12_8.WAV	script_captioned	WORLD\EN\A3_WETWORKS_N_1.TXT	WORLD\RU\A3_WETWORKS_N_1.TXT
SOUND\A3S1_LMINION12_9.WAV	script_captioned	WORLD\EN\A3_WETWORKS_N_1.TXT	WORLD\RU\A3_WETWORKS_N_1.TXT
SOUND\A3S1_LMINION1_1.WAV	script_captioned	WORLD\EN\A3_WETWORKS_N_1.TXT	WORLD\RU\A3_WETWORKS_N_1.TXT
SOUND\A3S1_RAYNE_1.WAV	script_captioned	WORLD\EN\A3_WETWORKS_N_2.TXT	WORLD\RU\A3_WETWORKS_N_2.TXT
SOUND\A3S1_RAYNE_2.WAV	script_captioned	WORLD\EN\A3_WETWORKS_N_3.TXT	WORLD\RU\A3_WETWORKS_N_3.TXT
SOUND\A3S1_RAYNE_3.WAV	script_captioned	WORLD\EN\A3_WETWORKS_N_3.TXT	WORLD\RU\A3_WETWORKS_N_3.TXT
SOUND\A3S1_RAYNE_4.WAV	script_captioned	WORLD\EN\A3_WETWORKS_N_3.TXT	WORLD\RU\A3_WETWORKS_N_3.TXT
SOUND\A3S1_RAYNE_5.WAV	script_captioned	WORLD\EN\A3_WETWORKS_N_3.TXT	WORLD\RU\A3_WETWORKS_N_3.TXT
SOUND\A3S1_RAYNE_6.WAV	script_captioned	WORLD\EN\A3_WETWORKS_N_3.TXT	WORLD\RU\A3_WETWORKS_N_3.TXT
SOUND\A3S1_RAYNE_7.WAV	script_captioned	WORLD\EN\A3_WETWORKS_N_3.TXT	WORLD\RU\A3_WETWORKS_N_3.TXT
SOUND\A3S1_RAYNE_8.WAV	script_captioned	WORLD\EN\A3_WETWORKS_N_3.TXT	WORLD\RU\A3_WETWORKS_N_3.TXT
SOUND\A3S1_SEVERIN_1.WAV	script_captioned	WORLD\EN\A3_WETWORKS_N_1.TXT	WORLD\RU\A3_WETWORKS_N_1.TXT
SOUND\A3S1_SEVERIN_10.WAV	script_captioned	WORLD\EN\A3_WETWORKS_N_3.TXT	WORLD\RU\A3_WETWORKS_N_3.TXT
SOUND\A3S1_SEVERIN_11.WAV	script_captioned	WORLD\EN\A3_WETWORKS_N_3.TXT	WORLD\RU\A3_WETWORKS_N_3.TXT
SOUND\A3S1_SEVERIN_2.WAV	script_captioned	WORLD\EN\A3_WETWORKS_N_2.TXT	WORLD\RU\A3_WETWORKS_N_2.TXT
SOUND\A3S1_SEVERIN_3.WAV	script_captioned	WORLD\EN\A3_WETWORKS_N_3.TXT	WORLD\RU\A3_WETWORKS_N_3.TXT
SOUND\A3S1_SEVERIN_4.WAV	script_captioned	WORLD\EN\A3_WETWORKS_N_3.TXT	WORLD\RU\A3_WETWORKS_N_3.TXT
SOUND\A3S1_SEVERIN_5.WAV	script_captioned	WORLD\EN\A3_WETWORKS_N_3.TXT	WORLD\RU\A3_WETWORKS_N_3.TXT
SOUND\A3S1_SEVERIN_6.WAV	script_captioned	WORLD\EN\A3_WETWORKS_N_3.TXT	WORLD\RU\A3_WETWORKS_N_3.TXT
SOUND\A3S1_SEVERIN_7.WAV	script_captioned	WORLD\EN\A3_WETWORKS_N_3.TXT	WORLD\RU\A3_WETWORKS_N_3.TXT
SOUND\A3S1_SEVERIN_8.WAV	script_captioned	WORLD\EN\A3_WETWORKS_N_3.TXT	WORLD\RU\A3_WETWORKS_N_3.TXT
SOUND\A3S1_SEVERIN_9.WAV	script_captioned	WORLD\EN\A3_WETWORKS_N_3.TXT	WORLD\RU\A3_WETWORKS_N_3.TXT
SOUND\A3S1_XERX_1.WAV	no_english_script_key_audio_or_unmapped		
SOUND\A3S1_XERX_2.WAV	no_english_script_key_audio_or_unmapped		
SOUND\A3S1_XERX_3.WAV	no_english_script_key_audio_or_unmapped		
SOUND\A3S1_XERX_4.WAV	no_english_script_key_audio_or_unmapped		
SOUND\A3S1_XERX_5.WAV	no_english_script_key_audio_or_unmapped		
SOUND\A3S2_LMINION1_1.WAV	script_captioned	WORLD\EN\A3_WETWORKS_E_1.TXT	WORLD\RU\A3_WETWORKS_E_1.TXT
SOUND\A3S2_LMINION1_2.WAV	script_captioned	WORLD\EN\A3_WETWORKS_E_1.TXT	WORLD\RU\A3_WETWORKS_E_1.TXT
SOUND\A3S2_LMINION1_3.WAV	script_captioned	WORLD\EN\A3_WETWORKS_E_1.TXT	WORLD\RU\A3_WETWORKS_E_1.TXT
SOUND\A3S2_LMINION1_4.WAV	script_captioned	WORLD\EN\A3_WETWORKS_E_1.TXT	WORLD\RU\A3_WETWORKS_E_1.TXT
SOUND\A3S2_LMINION2_1.WAV	script_captioned	WORLD\EN\A3_WETWORKS_E_1.TXT	WORLD\RU\A3_WETWORKS_E_1.TXT
SOUND\A3S2_LMINION2_2.WAV	script_captioned	WORLD\EN\A3_WETWORKS_E_1.TXT	WORLD\RU\A3_WETWORKS_E_1.TXT
SOUND\A3S2_LMINION2_3.WAV	script_captioned	WORLD\EN\A3_WETWORKS_E_1.TXT	WORLD\RU\A3_WETWORKS_E_1.TXT
SOUND\A3S2_RAYNE_1.WAV	script_captioned	WORLD\EN\A3_WETWORKS_E_1.TXT	WORLD\RU\A3_WETWORKS_E_1.TXT
SOUND\A3S2_RAYNE_2.WAV	script_captioned	WORLD\EN\A3_WETWORKS_E_1.TXT	WORLD\RU\A3_WETWORKS_E_1.TXT
SOUND\A3S2_RAYNE_3.WAV	script_captioned	WORLD\EN\A3_WETWORKS_E_1.TXT;WORLD\EN\A3_WETWORKS_E_2.TXT	WORLD\RU\A3_WETWORKS_E_1.TXT;WORLD\RU\A3_WETWORKS_E_2.TXT
SOUND\A3S2_RAYNE_4.WAV	script_captioned	WORLD\EN\A3_WETWORKS_E_2.TXT	WORLD\RU\A3_WETWORKS_E_2.TXT
SOUND\A3S2_SEVERIN_1.WAV	script_captioned	WORLD\EN\A3_WETWORKS_E_1.TXT;WORLD\EN\A3_WETWORKS_E_2.TXT	WORLD\RU\A3_WETWORKS_E_1.TXT;WORLD\RU\A3_WETWORKS_E_2.TXT
SOUND\A3S2_SEVERIN_2.WAV	script_captioned	WORLD\EN\A3_WETWORKS_E_1.TXT	WORLD\RU\A3_WETWORKS_E_1.TXT
SOUND\A3S2_SEVERIN_3.WAV	script_captioned	WORLD\EN\A3_WETWORKS_E_1.TXT	WORLD\RU\A3_WETWORKS_E_1.TXT
SOUND\A3S3_FERRIL_1.WAV	script_captioned	WORLD\EN\A3_WETWORKS_S_1.TXT	WORLD\RU\A3_WETWORKS_S_1.TXT
SOUND\A3S3_FERRIL_10.WAV	script_captioned	WORLD\EN\A3_WETWORKS_S_1.TXT;WORLD\EN\A3_WETWORKS_S_2.TXT	WORLD\RU\A3_WETWORKS_S_1.TXT;WORLD\RU\A3_WETWORKS_S_2.TXT
SOUND\A3S3_FERRIL_11.WAV	script_captioned	WORLD\EN\A3_WETWORKS_S_1.TXT;WORLD\EN\A3_WETWORKS_S_2.TXT	WORLD\RU\A3_WETWORKS_S_1.TXT;WORLD\RU\A3_WETWORKS_S_2.TXT
SOUND\A3S3_FERRIL_12.WAV	script_captioned	WORLD\EN\A3_WETWORKS_S_1.TXT;WORLD\EN\A3_WETWORKS_S_2.TXT	WORLD\RU\A3_WETWORKS_S_1.TXT;WORLD\RU\A3_WETWORKS_S_2.TXT
SOUND\A3S3_FERRIL_2.WAV	script_captioned	WORLD\EN\A3_WETWORKS_S_1.TXT	WORLD\RU\A3_WETWORKS_S_1.TXT
SOUND\A3S3_FERRIL_3.WAV	script_captioned	WORLD\EN\A3_WETWORKS_S_1.TXT	WORLD\RU\A3_WETWORKS_S_1.TXT
SOUND\A3S3_FERRIL_4.WAV	script_captioned	WORLD\EN\A3_WETWORKS_S_1.TXT;WORLD\EN\A3_WETWORKS_S_2.TXT	WORLD\RU\A3_WETWORKS_S_1.TXT;WORLD\RU\A3_WETWORKS_S_2.TXT
SOUND\A3S3_FERRIL_5.WAV	script_captioned	WORLD\EN\A3_WETWORKS_S_1.TXT;WORLD\EN\A3_WETWORKS_S_2.TXT	WORLD\RU\A3_WETWORKS_S_1.TXT;WORLD\RU\A3_WETWORKS_S_2.TXT
SOUND\A3S3_FERRIL_6.WAV	script_captioned	WORLD\EN\A3_WETWORKS_S_1.TXT;WORLD\EN\A3_WETWORKS_S_2.TXT	WORLD\RU\A3_WETWORKS_S_1.TXT;WORLD\RU\A3_WETWORKS_S_2.TXT
SOUND\A3S3_FERRIL_7.WAV	script_captioned	WORLD\EN\A3_WETWORKS_S_1.TXT;WORLD\EN\A3_WETWORKS_S_2.TXT	WORLD\RU\A3_WETWORKS_S_1.TXT;WORLD\RU\A3_WETWORKS_S_2.TXT
SOUND\A3S3_FERRIL_8.WAV	script_captioned	WORLD\EN\A3_WETWORKS_S_1.TXT;WORLD\EN\A3_WETWORKS_S_2.TXT	WORLD\RU\A3_WETWORKS_S_1.TXT;WORLD\RU\A3_WETWORKS_S_2.TXT
SOUND\A3S3_FERRIL_9.WAV	script_captioned	WORLD\EN\A3_WETWORKS_S_1.TXT;WORLD\EN\A3_WETWORKS_S_2.TXT	WORLD\RU\A3_WETWORKS_S_1.TXT;WORLD\RU\A3_WETWORKS_S_2.TXT
SOUND\A3S3_LMINION1_1.WAV	script_captioned	WORLD\EN\A3_WETWORKS_S_1.TXT	WORLD\RU\A3_WETWORKS_S_1.TXT
SOUND\A3S3_LMINION1_2.WAV	script_captioned	WORLD\EN\A3_WETWORKS_S_1.TXT	WORLD\RU\A3_WETWORKS_S_1.TXT
SOUND\A3S3_LMINION1_3.WAV	script_captioned	WORLD\EN\A3_WETWORKS_S_1.TXT	WORLD\RU\A3_WETWORKS_S_1.TXT
SOUND\A3S3_LMINION1_4.WAV	script_captioned	WORLD\EN\A3_WETWORKS_S_1.TXT	WORLD\RU\A3_WETWORKS_S_1.TXT
SOUND\A3S3_LMINION1_5.WAV	script_captioned	WORLD\EN\A3_WETWORKS_S_1.TXT	WORLD\RU\A3_WETWORKS_S_1.TXT
SOUND\A3S3_LMINION1_6.WAV	script_captioned	WORLD\EN\A3_WETWORKS_S_1.TXT	WORLD\RU\A3_WETWORKS_S_1.TXT
SOUND\A3S3_LMINION1_7.WAV	script_captioned	WORLD\EN\A3_WETWORKS_S_1.TXT	WORLD\RU\A3_WETWORKS_S_1.TXT
SOUND\A3S3_LMINION1_8.WAV	script_captioned	WORLD\EN\A3_WETWORKS_S_1.TXT	WORLD\RU\A3_WETWORKS_S_1.TXT
SOUND\A3S3_LMINION2_1.WAV	script_captioned	WORLD\EN\A3_WETWORKS_S_1.TXT	WORLD\RU\A3_WETWORKS_S_1.TXT
SOUND\A3S3_LMINION2_2.WAV	script_captioned	WORLD\EN\A3_WETWORKS_S_1.TXT	WORLD\RU\A3_WETWORKS_S_1.TXT
SOUND\A3S3_LMINION2_3.WAV	script_captioned	WORLD\EN\A3_WETWORKS_S_1.TXT	WORLD\RU\A3_WETWORKS_S_1.TXT
SOUND\A3S3_LMINION2_4.WAV	script_captioned	WORLD\EN\A3_WETWORKS_S_1.TXT	WORLD\RU\A3_WETWORKS_S_1.TXT
SOUND\A3S3_LMINION2_5.WAV	script_captioned	WORLD\EN\A3_WETWORKS_S_1.TXT	WORLD\RU\A3_WETWORKS_S_1.TXT
SOUND\A3S3_LMINION2_6.WAV	script_captioned	WORLD\EN\A3_WETWORKS_S_1.TXT	WORLD\RU\A3_WETWORKS_S_1.TXT
SOUND\A3S3_LMINION2_7.WAV	script_captioned	WORLD\EN\A3_WETWORKS_S_1.TXT	WORLD\RU\A3_WETWORKS_S_1.TXT
SOUND\A3S3_LMINION2_8.WAV	script_captioned	WORLD\EN\A3_WETWORKS_S_1.TXT	WORLD\RU\A3_WETWORKS_S_1.TXT
SOUND\A3S3_RAYNE_1.WAV	script_captioned	WORLD\EN\A3_WETWORKS_S_1.TXT;WORLD\EN\A3_WETWORKS_S_2.TXT	WORLD\RU\A3_WETWORKS_S_1.TXT;WORLD\RU\A3_WETWORKS_S_2.TXT
SOUND\A3S3_RAYNE_2.WAV	script_captioned	WORLD\EN\A3_WETWORKS_S_1.TXT;WORLD\EN\A3_WETWORKS_S_2.TXT	WORLD\RU\A3_WETWORKS_S_1.TXT;WORLD\RU\A3_WETWORKS_S_2.TXT
SOUND\A3S3_RAYNE_3.WAV	script_captioned	WORLD\EN\A3_WETWORKS_S_1.TXT;WORLD\EN\A3_WETWORKS_S_2.TXT	WORLD\RU\A3_WETWORKS_S_1.TXT;WORLD\RU\A3_WETWORKS_S_2.TXT
SOUND\A3S3_RAYNE_4.WAV	script_captioned	WORLD\EN\A3_WETWORKS_S_1.TXT;WORLD\EN\A3_WETWORKS_S_2.TXT	WORLD\RU\A3_WETWORKS_S_1.TXT;WORLD\RU\A3_WETWORKS_S_2.TXT
SOUND\A3S3_RAYNE_5.WAV	script_captioned	WORLD\EN\A3_WETWORKS_S_1.TXT;WORLD\EN\A3_WETWORKS_S_2.TXT	WORLD\RU\A3_WETWORKS_S_1.TXT;WORLD\RU\A3_WETWORKS_S_2.TXT
SOUND\A3S3_SEVERIN_1.WAV	script_captioned	WORLD\EN\A3_WETWORKS_S_1.TXT;WORLD\EN\A3_WETWORKS_S_2.TXT	WORLD\RU\A3_WETWORKS_S_1.TXT;WORLD\RU\A3_WETWORKS_S_2.TXT
SOUND\A3S3_SEVERIN_2.WAV	script_captioned	WORLD\EN\A3_WETWORKS_S_1.TXT;WORLD\EN\A3_WETWORKS_S_2.TXT	WORLD\RU\A3_WETWORKS_S_1.TXT;WORLD\RU\A3_WETWORKS_S_2.TXT
SOUND\A3S3_SEVERIN_3.WAV	script_captioned	WORLD\EN\A3_WETWORKS_S_1.TXT;WORLD\EN\A3_WETWORKS_S_2.TXT	WORLD\RU\A3_WETWORKS_S_1.TXT;WORLD\RU\A3_WETWORKS_S_2.TXT
SOUND\A3S4_FERRIL_1.WAV	script_captioned	WORLD\EN\A3_SHROUDTOWER_ROOF.TXT	WORLD\RU\A3_SHROUDTOWER_ROOF.TXT
SOUND\A3S4_FERRIL_10.WAV	no_english_script_key_audio_or_unmapped		
SOUND\A3S4_FERRIL_11.WAV	no_english_script_key_audio_or_unmapped		
SOUND\A3S4_FERRIL_12.WAV	no_english_script_key_audio_or_unmapped		
SOUND\A3S4_FERRIL_13.WAV	no_english_script_key_audio_or_unmapped		
SOUND\A3S4_FERRIL_14.WAV	no_english_script_key_audio_or_unmapped		
SOUND\A3S4_FERRIL_15.WAV	no_english_script_key_audio_or_unmapped		
SOUND\A3S4_FERRIL_15_FALL.WAV	no_english_script_key_audio_or_unmapped		
SOUND\A3S4_FERRIL_2.WAV	script_captioned	WORLD\EN\A3_SHROUDTOWER_ROOF.TXT	WORLD\RU\A3_SHROUDTOWER_ROOF.TXT
SOUND\A3S4_FERRIL_3.WAV	no_english_script_key_audio_or_unmapped		
SOUND\A3S4_FERRIL_4.WAV	no_english_script_key_audio_or_unmapped		
SOUND\A3S4_FERRIL_5.WAV	script_captioned	WORLD\EN\A3_SHROUDTOWER_ROOF.TXT	WORLD\RU\A3_SHROUDTOWER_ROOF.TXT
SOUND\A3S4_FERRIL_6.WAV	script_captioned	WORLD\EN\A3_SHROUDTOWER_ROOF.TXT	WORLD\RU\A3_SHROUDTOWER_ROOF.TXT
SOUND\A3S4_FERRIL_7.WAV	script_captioned	WORLD\EN\A3_SHROUDTOWER_ROOF.TXT	WORLD\RU\A3_SHROUDTOWER_ROOF.TXT
SOUND\A3S4_FERRIL_8.WAV	script_captioned	WORLD\EN\A3_SHROUDTOWER_ROOF.TXT	WORLD\RU\A3_SHROUDTOWER_ROOF.TXT
SOUND\A3S4_FERRIL_9.WAV	script_captioned	WORLD\EN\A3_SHROUDTOWER_ROOF.TXT	WORLD\RU\A3_SHROUDTOWER_ROOF.TXT
SOUND\A3S4_LMINION1_1.WAV	no_english_script_key_audio_or_unmapped		
SOUND\A3S4_LMINION1_2.WAV	script_captioned	WORLD\EN\A3_SHROUDTOWER_ASCENT.TXT	WORLD\RU\A3_SHROUDTOWER_ASCENT.TXT
SOUND\A3S4_LMINION1_3.WAV	no_english_script_key_audio_or_unmapped		WORLD\RU\A3_SHROUDTOWER_ASCENT.TXT
SOUND\A3S4_LMINION2_1.WAV	no_english_script_key_audio_or_unmapped		
SOUND\A3S4_LMINION2_2.WAV	script_captioned	WORLD\EN\A3_SHROUDTOWER_ASCENT.TXT	WORLD\RU\A3_SHROUDTOWER_ASCENT.TXT
SOUND\A3S4_RAYNE_1.WAV	no_english_script_key_audio_or_unmapped		
SOUND\A3S4_RAYNE_10.WAV	script_captioned	WORLD\EN\A3_SHROUDTOWER_ROOF.TXT	WORLD\RU\A3_SHROUDTOWER_ROOF.TXT
SOUND\A3S4_RAYNE_11.WAV	script_captioned	WORLD\EN\A3_SHROUDTOWER_ROOF.TXT	WORLD\RU\A3_SHROUDTOWER_ROOF.TXT
SOUND\A3S4_RAYNE_12.WAV	script_captioned	WORLD\EN\A3_SHROUDTOWER_ROOF.TXT	WORLD\RU\A3_SHROUDTOWER_ROOF.TXT
SOUND\A3S4_RAYNE_13.WAV	no_english_script_key_audio_or_unmapped		
SOUND\A3S4_RAYNE_14.WAV	no_english_script_key_audio_or_unmapped		
SOUND\A3S4_RAYNE_15.WAV	no_english_script_key_audio_or_unmapped		
SOUND\A3S4_RAYNE_16.WAV	no_english_script_key_audio_or_unmapped		
SOUND\A3S4_RAYNE_2.WAV	no_english_script_key_audio_or_unmapped		
SOUND\A3S4_RAYNE_3.WAV	script_captioned	WORLD\EN\A3_SHROUDTOWER_ASCENT.TXT	WORLD\RU\A3_SHROUDTOWER_ASCENT.TXT
SOUND\A3S4_RAYNE_4.WAV	script_captioned	WORLD\EN\A3_SHROUDTOWER_ASCENT.TXT	WORLD\RU\A3_SHROUDTOWER_ASCENT.TXT
SOUND\A3S4_RAYNE_5.WAV	script_captioned	WORLD\EN\A3_SHROUDTOWER_ASCENT.TXT	WORLD\RU\A3_SHROUDTOWER_ASCENT.TXT
SOUND\A3S4_RAYNE_6.WAV	script_captioned	WORLD\EN\A3_SHROUDTOWER_ASCENT.TXT	WORLD\RU\A3_SHROUDTOWER_ASCENT.TXT
SOUND\A3S4_RAYNE_7.WAV	script_captioned	WORLD\EN\A3_SHROUDTOWER_ASCENT.TXT	WORLD\RU\A3_SHROUDTOWER_ASCENT.TXT
SOUND\A3S4_RAYNE_8.WAV	script_captioned	WORLD\EN\A3_SHROUDTOWER_ASCENT.TXT	WORLD\RU\A3_SHROUDTOWER_ASCENT.TXT
SOUND\A3S4_RAYNE_9.WAV	script_captioned	WORLD\EN\A3_SHROUDTOWER_ROOF.TXT	WORLD\RU\A3_SHROUDTOWER_ROOF.TXT
SOUND\A3S4_SEVERIN_1.WAV	no_english_script_key_audio_or_unmapped		
SOUND\A3S4_SEVERIN_10.WAV	script_captioned	WORLD\EN\A3_SHROUDTOWER_ASCENT.TXT	WORLD\RU\A3_SHROUDTOWER_ASCENT.TXT
SOUND\A3S4_SEVERIN_11.WAV	no_english_script_key_audio_or_unmapped		
SOUND\A3S4_SEVERIN_12.WAV	no_english_script_key_audio_or_unmapped		
SOUND\A3S4_SEVERIN_13.WAV	no_english_script_key_audio_or_unmapped		
SOUND\A3S4_SEVERIN_2.WAV	script_captioned	WORLD\EN\A3_SHROUDTOWER_ASCENT.TXT	WORLD\RU\A3_SHROUDTOWER_ASCENT.TXT
SOUND\A3S4_SEVERIN_3.WAV	script_captioned	WORLD\EN\A3_SHROUDTOWER_ASCENT.TXT	WORLD\RU\A3_SHROUDTOWER_ASCENT.TXT
SOUND\A3S4_SEVERIN_4.WAV	no_english_script_key_audio_or_unmapped		
SOUND\A3S4_SEVERIN_5.WAV	script_captioned	WORLD\EN\A3_SHROUDTOWER_ASCENT.TXT	WORLD\RU\A3_SHROUDTOWER_ASCENT.TXT
SOUND\A3S4_SEVERIN_6.WAV	script_captioned	WORLD\EN\A3_SHROUDTOWER_ASCENT.TXT	WORLD\RU\A3_SHROUDTOWER_ASCENT.TXT
SOUND\A3S4_SEVERIN_7.WAV	script_captioned	WORLD\EN\A3_SHROUDTOWER_ASCENT.TXT	WORLD\RU\A3_SHROUDTOWER_ASCENT.TXT
SOUND\A3S4_SEVERIN_8.WAV	script_captioned	WORLD\EN\A3_SHROUDTOWER_ASCENT.TXT	WORLD\RU\A3_SHROUDTOWER_ASCENT.TXT
SOUND\A3S4_SEVERIN_9.WAV	script_captioned	WORLD\EN\A3_SHROUDTOWER_ASCENT.TXT	WORLD\RU\A3_SHROUDTOWER_ASCENT.TXT
SOUND\A4S1_CIVILIAN_10.WAV	no_english_script_key_audio_or_unmapped		
SOUND\A4S1_CIVILIAN_11.WAV	no_english_script_key_audio_or_unmapped		
SOUND\A4S1_CIVILIAN_12.WAV	no_english_script_key_audio_or_unmapped		
SOUND\A4S1_CIVILIAN_13.WAV	no_english_script_key_audio_or_unmapped		
SOUND\A4S1_CIVILIAN_14.WAV	no_english_script_key_audio_or_unmapped		
SOUND\A4S1_CIVILIAN_7.WAV	script_captioned	WORLD\EN\A4_PARK_1.TXT	WORLD\RU\A4_PARK_1.TXT
SOUND\A4S1_CIVILIAN_8.WAV	script_captioned	WORLD\EN\A4_PARK_2.TXT	WORLD\RU\A4_PARK_2.TXT
SOUND\A4S1_CIVILIAN_9.WAV	no_english_script_key_audio_or_unmapped		
SOUND\A4S1_EMINION1_1.WAV	no_english_script_key_audio_or_unmapped		
SOUND\A4S1_EMINION1_2.WAV	no_english_script_key_audio_or_unmapped		
SOUND\A4S1_EMINION1_3.WAV	script_captioned	WORLD\EN\A4_PARK_1.TXT	WORLD\RU\A4_PARK_1.TXT
SOUND\A4S1_EMINION1_4.WAV	script_captioned	WORLD\EN\A4_PARK_1.TXT	WORLD\RU\A4_PARK_1.TXT
SOUND\A4S1_EMINION1_5.WAV	script_captioned	WORLD\EN\A4_PARK_1.TXT	WORLD\RU\A4_PARK_1.TXT
SOUND\A4S1_EMINION1_6.WAV	script_captioned	WORLD\EN\A4_PARK_1.TXT	WORLD\RU\A4_PARK_1.TXT
SOUND\A4S1_EMINION1_7.WAV	script_captioned	WORLD\EN\A4_PARK_1.TXT	WORLD\RU\A4_PARK_1.TXT
SOUND\A4S1_EMINION1_8.WAV	script_captioned	WORLD\EN\A4_PARK_1.TXT	WORLD\RU\A4_PARK_1.TXT
SOUND\A4S1_EMINION2_1.WAV	no_english_script_key_audio_or_unmapped		
SOUND\A4S1_EPHEMERA_37.WAV	script_captioned	WORLD\EN\A4_PARK_2.TXT;WORLD\EN\A4_PARK_EPHEMERA.TXT	WORLD\RU\A4_PARK_2.TXT;WORLD\RU\A4_PARK_EPHEMERA.TXT
SOUND\A4S1_EPHEMERA_38.WAV	script_captioned	WORLD\EN\A4_PARK_2.TXT;WORLD\EN\A4_PARK_EPHEMERA.TXT	WORLD\RU\A4_PARK_2.TXT;WORLD\RU\A4_PARK_EPHEMERA.TXT
SOUND\A4S1_EPHEMERA_39.WAV	script_captioned	WORLD\EN\A4_PARK_2.TXT;WORLD\EN\A4_PARK_EPHEMERA.TXT	WORLD\RU\A4_PARK_2.TXT;WORLD\RU\A4_PARK_EPHEMERA.TXT
SOUND\A4S1_EPHEMERA_40.WAV	script_captioned	WORLD\EN\A4_PARK_EPHEMERA.TXT	WORLD\RU\A4_PARK_EPHEMERA.TXT
SOUND\A4S1_EPHEMERA_41.WAV	script_captioned	WORLD\EN\A4_PARK_EPHEMERA.TXT	WORLD\RU\A4_PARK_EPHEMERA.TXT
SOUND\A4S1_EPHEMERA_42.WAV	script_captioned	WORLD\EN\A4_PARK_EPHEMERA.TXT	WORLD\RU\A4_PARK_EPHEMERA.TXT
SOUND\A4S1_EPHEMERA_43.WAV	script_captioned	WORLD\EN\A4_PARK_EPHEMERA.TXT	WORLD\RU\A4_PARK_EPHEMERA.TXT
SOUND\A4S1_EPHEMERA_44.WAV	script_captioned	WORLD\EN\A4_PARK_EPHEMERA.TXT	WORLD\RU\A4_PARK_EPHEMERA.TXT
SOUND\A4S1_EPHEMERA_45.WAV	script_captioned	WORLD\EN\A4_PARK_EPHEMERA.TXT	WORLD\RU\A4_PARK_EPHEMERA.TXT
SOUND\A4S1_FDHAMPIR2_1.WAV	script_captioned	WORLD\EN\A4_PARK_1.TXT	WORLD\RU\A4_PARK_1.TXT
SOUND\A4S1_FDHAMPIR2_2.WAV	script_captioned	WORLD\EN\A4_PARK_1.TXT	WORLD\RU\A4_PARK_1.TXT
SOUND\A4S1_FERRIL_1.WAV	script_captioned	WORLD\EN\A4_PARK_CINEMAT_2.TXT	WORLD\RU\A4_PARK_CINEMAT_2.TXT
SOUND\A4S1_FERRIL_2.WAV	script_captioned	WORLD\EN\A4_PARK_CINEMAT_2.TXT	WORLD\RU\A4_PARK_CINEMAT_2.TXT
SOUND\A4S1_FERRIL_3.WAV	script_captioned	WORLD\EN\A4_PARK_CINEMAT_2.TXT	WORLD\RU\A4_PARK_CINEMAT_2.TXT
SOUND\A4S1_FERRIL_4.WAV	script_captioned	WORLD\EN\A4_PARK_CINEMAT_2.TXT	WORLD\RU\A4_PARK_CINEMAT_2.TXT
SOUND\A4S1_FERRIL_5.WAV	script_captioned	WORLD\EN\A4_PARK_CINEMAT_2.TXT	WORLD\RU\A4_PARK_CINEMAT_2.TXT
SOUND\A4S1_FERRIL_6.WAV	script_captioned	WORLD\EN\A4_PARK_CINEMAT_2.TXT	WORLD\RU\A4_PARK_CINEMAT_2.TXT
SOUND\A4S1_HELICOPTER_1.WAV	no_english_script_key_audio_or_unmapped		
SOUND\A4S1_HELICOPTER_2.WAV	script_captioned	WORLD\EN\A4_PARK_1.TXT	WORLD\RU\A4_PARK_1.TXT
SOUND\A4S1_NARRATOR_1.WAV	no_english_script_key_audio_or_unmapped		
SOUND\A4S1_NARRATOR_2.WAV	no_english_script_key_audio_or_unmapped		
SOUND\A4S1_NARRATOR_3.WAV	no_english_script_key_audio_or_unmapped		
SOUND\A4S1_NARRATOR_4.WAV	no_english_script_key_audio_or_unmapped		
SOUND\A4S1_RAYNE_1.WAV	script_captioned	WORLD\EN\A4_PARK_1.TXT;WORLD\EN\A4_PARK_CINEMAT_1.TXT	WORLD\RU\A4_PARK_1.TXT;WORLD\RU\A4_PARK_CINEMAT_1.TXT
SOUND\A4S1_RAYNE_10.WAV	script_captioned	WORLD\EN\A4_PARK_1.TXT	WORLD\RU\A4_PARK_1.TXT
SOUND\A4S1_RAYNE_11.WAV	script_captioned	WORLD\EN\A4_PARK_1.TXT	WORLD\RU\A4_PARK_1.TXT
SOUND\A4S1_RAYNE_12.WAV	script_captioned	WORLD\EN\A4_PARK_1.TXT	WORLD\RU\A4_PARK_1.TXT
SOUND\A4S1_RAYNE_13.WAV	script_captioned	WORLD\EN\A4_PARK_1.TXT	WORLD\RU\A4_PARK_1.TXT
SOUND\A4S1_RAYNE_14.WAV	script_captioned	WORLD\EN\A4_PARK_1.TXT	WORLD\RU\A4_PARK_1.TXT
SOUND\A4S1_RAYNE_15.WAV	script_captioned	WORLD\EN\A4_PARK_1.TXT	WORLD\RU\A4_PARK_1.TXT
SOUND\A4S1_RAYNE_16.WAV	script_captioned	WORLD\EN\A4_PARK_1.TXT	WORLD\RU\A4_PARK_1.TXT
SOUND\A4S1_RAYNE_17.WAV	script_captioned	WORLD\EN\A4_PARK_1.TXT	WORLD\RU\A4_PARK_1.TXT
SOUND\A4S1_RAYNE_19.WAV	script_captioned	WORLD\EN\A4_PARK_1.TXT	WORLD\RU\A4_PARK_1.TXT
SOUND\A4S1_RAYNE_2.WAV	script_captioned	WORLD\EN\A4_PARK_1.TXT;WORLD\EN\A4_PARK_CINEMAT_1.TXT	WORLD\RU\A4_PARK_1.TXT;WORLD\RU\A4_PARK_CINEMAT_1.TXT
SOUND\A4S1_RAYNE_20.WAV	script_captioned	WORLD\EN\A4_PARK_1.TXT	WORLD\RU\A4_PARK_1.TXT
SOUND\A4S1_RAYNE_21.WAV	script_captioned	WORLD\EN\A4_PARK_2.TXT	WORLD\RU\A4_PARK_2.TXT
SOUND\A4S1_RAYNE_22.WAV	script_captioned	WORLD\EN\A4_PARK_2.TXT	WORLD\RU\A4_PARK_2.TXT
SOUND\A4S1_RAYNE_23.WAV	script_captioned	WORLD\EN\A4_PARK_1.TXT	WORLD\RU\A4_PARK_1.TXT
SOUND\A4S1_RAYNE_24.WAV	script_captioned	WORLD\EN\A4_PARK_1.TXT	WORLD\RU\A4_PARK_1.TXT
SOUND\A4S1_RAYNE_25.WAV	script_captioned	WORLD\EN\A4_PARK_1.TXT	WORLD\RU\A4_PARK_1.TXT
SOUND\A4S1_RAYNE_26.WAV	script_captioned	WORLD\EN\A4_PARK_1.TXT	WORLD\RU\A4_PARK_1.TXT
SOUND\A4S1_RAYNE_27.WAV	no_english_script_key_audio_or_unmapped		
SOUND\A4S1_RAYNE_28.WAV	no_english_script_key_audio_or_unmapped		
SOUND\A4S1_RAYNE_29.WAV	no_english_script_key_audio_or_unmapped		
SOUND\A4S1_RAYNE_3.WAV	script_captioned	WORLD\EN\A4_PARK_1.TXT;WORLD\EN\A4_PARK_CINEMAT_1.TXT	WORLD\RU\A4_PARK_1.TXT;WORLD\RU\A4_PARK_CINEMAT_1.TXT
SOUND\A4S1_RAYNE_30.WAV	script_captioned	WORLD\EN\A4_PARK_1.TXT	WORLD\RU\A4_PARK_1.TXT
SOUND\A4S1_RAYNE_31.WAV	script_captioned	WORLD\EN\A4_PARK_1.TXT	WORLD\RU\A4_PARK_1.TXT
SOUND\A4S1_RAYNE_32.WAV	script_captioned	WORLD\EN\A4_PARK_1.TXT	WORLD\RU\A4_PARK_1.TXT
SOUND\A4S1_RAYNE_33.WAV	script_captioned	WORLD\EN\A4_PARK_1.TXT	WORLD\RU\A4_PARK_1.TXT
SOUND\A4S1_RAYNE_34.WAV	script_captioned	WORLD\EN\A4_PARK_1.TXT	WORLD\RU\A4_PARK_1.TXT
SOUND\A4S1_RAYNE_35.WAV	script_captioned	WORLD\EN\A4_PARK_2.TXT	WORLD\RU\A4_PARK_2.TXT
SOUND\A4S1_RAYNE_36.WAV	script_captioned	WORLD\EN\A4_PARK_2.TXT	WORLD\RU\A4_PARK_2.TXT
SOUND\A4S1_RAYNE_37.WAV	script_captioned	WORLD\EN\A4_PARK_2.TXT	WORLD\RU\A4_PARK_2.TXT
SOUND\A4S1_RAYNE_38.WAV	script_captioned	WORLD\EN\A4_PARK_2.TXT	WORLD\RU\A4_PARK_2.TXT
SOUND\A4S1_RAYNE_39.WAV	script_captioned	WORLD\EN\A4_PARK_2.TXT	WORLD\RU\A4_PARK_2.TXT
SOUND\A4S1_RAYNE_4.WAV	script_captioned	WORLD\EN\A4_PARK_1.TXT;WORLD\EN\A4_PARK_CINEMAT_1.TXT	WORLD\RU\A4_PARK_1.TXT;WORLD\RU\A4_PARK_CINEMAT_1.TXT
SOUND\A4S1_RAYNE_40.WAV	script_captioned	WORLD\EN\A4_PARK_2.TXT	WORLD\RU\A4_PARK_2.TXT
SOUND\A4S1_RAYNE_41.WAV	script_captioned	WORLD\EN\A4_PARK_1.TXT	WORLD\RU\A4_PARK_1.TXT
SOUND\A4S1_RAYNE_42.WAV	script_captioned	WORLD\EN\A4_PARK_2.TXT	WORLD\RU\A4_PARK_2.TXT
SOUND\A4S1_RAYNE_43.WAV	script_captioned	WORLD\EN\A4_PARK_2.TXT	WORLD\RU\A4_PARK_2.TXT
SOUND\A4S1_RAYNE_44.WAV	script_captioned	WORLD\EN\A4_PARK_2.TXT	WORLD\RU\A4_PARK_2.TXT
SOUND\A4S1_RAYNE_45.WAV	script_captioned	WORLD\EN\A4_PARK_2.TXT	WORLD\RU\A4_PARK_2.TXT
SOUND\A4S1_RAYNE_46.WAV	script_captioned	WORLD\EN\A4_PARK_2.TXT	WORLD\RU\A4_PARK_2.TXT
SOUND\A4S1_RAYNE_47.WAV	script_captioned	WORLD\EN\A4_PARK_2.TXT	WORLD\RU\A4_PARK_2.TXT
SOUND\A4S1_RAYNE_48.WAV	script_captioned	WORLD\EN\A4_PARK_2.TXT	WORLD\RU\A4_PARK_2.TXT
SOUND\A4S1_RAYNE_49.WAV	script_captioned	WORLD\EN\A4_PARK_2.TXT	WORLD\RU\A4_PARK_2.TXT
SOUND\A4S1_RAYNE_5.WAV	script_captioned	WORLD\EN\A4_PARK_1.TXT;WORLD\EN\A4_PARK_CINEMAT_1.TXT	WORLD\RU\A4_PARK_1.TXT;WORLD\RU\A4_PARK_CINEMAT_1.TXT
SOUND\A4S1_RAYNE_50.WAV	script_captioned	WORLD\EN\A4_PARK_2.TXT	WORLD\RU\A4_PARK_2.TXT
SOUND\A4S1_RAYNE_51.WAV	script_captioned	WORLD\EN\A4_PARK_2.TXT	WORLD\RU\A4_PARK_2.TXT
SOUND\A4S1_RAYNE_52.WAV	script_captioned	WORLD\EN\A4_PARK_2.TXT;WORLD\EN\A4_PARK_EPHEMERA.TXT	WORLD\RU\A4_PARK_2.TXT;WORLD\RU\A4_PARK_EPHEMERA.TXT
SOUND\A4S1_RAYNE_53.WAV	script_captioned	WORLD\EN\A4_PARK_2.TXT;WORLD\EN\A4_PARK_EPHEMERA.TXT	WORLD\RU\A4_PARK_2.TXT;WORLD\RU\A4_PARK_EPHEMERA.TXT
SOUND\A4S1_RAYNE_54.WAV	script_captioned	WORLD\EN\A4_PARK_2.TXT;WORLD\EN\A4_PARK_EPHEMERA.TXT	WORLD\RU\A4_PARK_2.TXT;WORLD\RU\A4_PARK_EPHEMERA.TXT
SOUND\A4S1_RAYNE_55.WAV	script_captioned	WORLD\EN\A4_PARK_2.TXT;WORLD\EN\A4_PARK_EPHEMERA.TXT	WORLD\RU\A4_PARK_2.TXT;WORLD\RU\A4_PARK_EPHEMERA.TXT
SOUND\A4S1_RAYNE_56.WAV	script_captioned	WORLD\EN\A4_PARK_EPHEMERA.TXT	WORLD\RU\A4_PARK_EPHEMERA.TXT
SOUND\A4S1_RAYNE_57.WAV	script_captioned	WORLD\EN\A4_PARK_EPHEMERA.TXT	WORLD\RU\A4_PARK_EPHEMERA.TXT
SOUND\A4S1_RAYNE_58.WAV	script_captioned	WORLD\EN\A4_PARK_EPHEMERA.TXT	WORLD\RU\A4_PARK_EPHEMERA.TXT
SOUND\A4S1_RAYNE_59.WAV	script_captioned	WORLD\EN\A4_PARK_EPHEMERA.TXT	WORLD\RU\A4_PARK_EPHEMERA.TXT
SOUND\A4S1_RAYNE_6.WAV	script_captioned	WORLD\EN\A4_PARK_1.TXT;WORLD\EN\A4_PARK_CINEMAT_1.TXT	WORLD\RU\A4_PARK_1.TXT;WORLD\RU\A4_PARK_CINEMAT_1.TXT
SOUND\A4S1_RAYNE_60.WAV	script_captioned	WORLD\EN\A4_PARK_EPHEMERA.TXT	WORLD\RU\A4_PARK_EPHEMERA.TXT
SOUND\A4S1_RAYNE_61.WAV	script_captioned	WORLD\EN\A4_PARK_EPHEMERA.TXT	WORLD\RU\A4_PARK_EPHEMERA.TXT
SOUND\A4S1_RAYNE_62.WAV	script_captioned	WORLD\EN\A4_PARK_EPHEMERA.TXT	WORLD\RU\A4_PARK_EPHEMERA.TXT
SOUND\A4S1_RAYNE_63.WAV	script_captioned	WORLD\EN\A4_PARK_CINEMAT_2.TXT	WORLD\RU\A4_PARK_CINEMAT_2.TXT
SOUND\A4S1_RAYNE_64.WAV	script_captioned	WORLD\EN\A4_PARK_CINEMAT_2.TXT	WORLD\RU\A4_PARK_CINEMAT_2.TXT
SOUND\A4S1_RAYNE_65.WAV	script_captioned	WORLD\EN\A4_PARK_CINEMAT_2.TXT	WORLD\RU\A4_PARK_CINEMAT_2.TXT
SOUND\A4S1_RAYNE_66.WAV	script_captioned	WORLD\EN\A4_PARK_CINEMAT_2.TXT	WORLD\RU\A4_PARK_CINEMAT_2.TXT
SOUND\A4S1_RAYNE_7.WAV	script_captioned	WORLD\EN\A4_PARK_1.TXT;WORLD\EN\A4_PARK_CINEMAT_1.TXT	WORLD\RU\A4_PARK_1.TXT;WORLD\RU\A4_PARK_CINEMAT_1.TXT
SOUND\A4S1_RAYNE_8.WAV	no_english_script_key_audio_or_unmapped		
SOUND\A4S1_RAYNE_9.WAV	script_captioned	WORLD\EN\A4_PARK_1.TXT	WORLD\RU\A4_PARK_1.TXT
SOUND\A4S1_SEVERIN_1.WAV	script_captioned	WORLD\EN\A4_PARK_1.TXT;WORLD\EN\A4_PARK_CINEMAT_1.TXT	WORLD\RU\A4_PARK_1.TXT;WORLD\RU\A4_PARK_CINEMAT_1.TXT
SOUND\A4S1_SEVERIN_10.WAV	script_captioned	WORLD\EN\A4_PARK_1.TXT;WORLD\EN\A4_PARK_CINEMAT_1.TXT	WORLD\RU\A4_PARK_1.TXT;WORLD\RU\A4_PARK_CINEMAT_1.TXT
SOUND\A4S1_SEVERIN_11.WAV	script_captioned	WORLD\EN\A4_PARK_1.TXT	WORLD\RU\A4_PARK_1.TXT
SOUND\A4S1_SEVERIN_12.WAV	script_captioned	WORLD\EN\A4_PARK_1.TXT	WORLD\RU\A4_PARK_1.TXT
SOUND\A4S1_SEVERIN_13.WAV	script_captioned	WORLD\EN\A4_PARK_1.TXT	WORLD\RU\A4_PARK_1.TXT
SOUND\A4S1_SEVERIN_14.WAV	script_captioned	WORLD\EN\A4_PARK_1.TXT	WORLD\RU\A4_PARK_1.TXT
SOUND\A4S1_SEVERIN_15.WAV	script_captioned	WORLD\EN\A4_PARK_1.TXT	WORLD\RU\A4_PARK_1.TXT
SOUND\A4S1_SEVERIN_16.WAV	script_captioned	WORLD\EN\A4_PARK_1.TXT	WORLD\RU\A4_PARK_1.TXT
SOUND\A4S1_SEVERIN_17.WAV	script_captioned	WORLD\EN\A4_PARK_1.TXT	WORLD\RU\A4_PARK_1.TXT
SOUND\A4S1_SEVERIN_18.WAV	script_captioned	WORLD\EN\A4_PARK_1.TXT	WORLD\RU\A4_PARK_1.TXT
SOUND\A4S1_SEVERIN_19.WAV	script_captioned	WORLD\EN\A4_PARK_1.TXT	WORLD\RU\A4_PARK_1.TXT
SOUND\A4S1_SEVERIN_2.WAV	script_captioned	WORLD\EN\A4_PARK_1.TXT;WORLD\EN\A4_PARK_CINEMAT_1.TXT	WORLD\RU\A4_PARK_1.TXT;WORLD\RU\A4_PARK_CINEMAT_1.TXT
SOUND\A4S1_SEVERIN_20.WAV	script_captioned	WORLD\EN\A4_PARK_1.TXT	WORLD\RU\A4_PARK_1.TXT
SOUND\A4S1_SEVERIN_21.WAV	script_captioned	WORLD\EN\A4_PARK_1.TXT	WORLD\RU\A4_PARK_1.TXT
SOUND\A4S1_SEVERIN_22.WAV	no_english_script_key_audio_or_unmapped		
SOUND\A4S1_SEVERIN_23.WAV	script_captioned	WORLD\EN\A4_PARK_1.TXT	WORLD\RU\A4_PARK_1.TXT
SOUND\A4S1_SEVERIN_24.WAV	script_captioned	WORLD\EN\A4_PARK_1.TXT	WORLD\RU\A4_PARK_1.TXT
SOUND\A4S1_SEVERIN_25.WAV	script_captioned	WORLD\EN\A4_PARK_1.TXT	WORLD\RU\A4_PARK_1.TXT
SOUND\A4S1_SEVERIN_26.WAV	script_captioned	WORLD\EN\A4_PARK_2.TXT	WORLD\RU\A4_PARK_2.TXT
SOUND\A4S1_SEVERIN_27.WAV	script_captioned	WORLD\EN\A4_KAGANSTOWER_1.TXT;WORLD\EN\A4_PARK_2.TXT	WORLD\RU\A4_KAGANSTOWER_1.TXT;WORLD\RU\A4_PARK_2.TXT
SOUND\A4S1_SEVERIN_28.WAV	script_captioned	WORLD\EN\A4_PARK_2.TXT	WORLD\RU\A4_PARK_2.TXT
SOUND\A4S1_SEVERIN_29.WAV	script_captioned	WORLD\EN\A4_PARK_2.TXT	WORLD\RU\A4_PARK_2.TXT
SOUND\A4S1_SEVERIN_3.WAV	script_captioned	WORLD\EN\A4_PARK_1.TXT;WORLD\EN\A4_PARK_CINEMAT_1.TXT	WORLD\RU\A4_PARK_1.TXT;WORLD\RU\A4_PARK_CINEMAT_1.TXT
SOUND\A4S1_SEVERIN_30.WAV	script_captioned	WORLD\EN\A4_PARK_2.TXT	WORLD\RU\A4_PARK_2.TXT
SOUND\A4S1_SEVERIN_31.WAV	script_captioned	WORLD\EN\A4_PARK_2.TXT	WORLD\RU\A4_PARK_2.TXT
SOUND\A4S1_SEVERIN_32.WAV	script_captioned	WORLD\EN\A4_PARK_2.TXT	WORLD\RU\A4_PARK_2.TXT
SOUND\A4S1_SEVERIN_33.WAV	script_captioned	WORLD\EN\A4_PARK_2.TXT	WORLD\RU\A4_PARK_2.TXT
SOUND\A4S1_SEVERIN_34.WAV	script_captioned	WORLD\EN\A4_PARK_2.TXT	WORLD\RU\A4_PARK_2.TXT
SOUND\A4S1_SEVERIN_35.WAV	script_captioned	WORLD\EN\A4_PARK_2.TXT;WORLD\EN\A4_PARK_EPHEMERA.TXT	WORLD\RU\A4_PARK_2.TXT;WORLD\RU\A4_PARK_EPHEMERA.TXT
SOUND\A4S1_SEVERIN_36.WAV	script_captioned	WORLD\EN\A4_PARK_EPHEMERA.TXT	WORLD\RU\A4_PARK_EPHEMERA.TXT
SOUND\A4S1_SEVERIN_37.WAV	script_captioned	WORLD\EN\A4_PARK_EPHEMERA.TXT	WORLD\RU\A4_PARK_EPHEMERA.TXT
SOUND\A4S1_SEVERIN_38.WAV	script_captioned	WORLD\EN\A4_PARK_EPHEMERA.TXT	WORLD\RU\A4_PARK_EPHEMERA.TXT
SOUND\A4S1_SEVERIN_39.WAV	script_captioned	WORLD\EN\A4_PARK_EPHEMERA.TXT	WORLD\RU\A4_PARK_EPHEMERA.TXT
SOUND\A4S1_SEVERIN_4.WAV	script_captioned	WORLD\EN\A4_PARK_1.TXT;WORLD\EN\A4_PARK_CINEMAT_1.TXT	WORLD\RU\A4_PARK_1.TXT;WORLD\RU\A4_PARK_CINEMAT_1.TXT
SOUND\A4S1_SEVERIN_40.WAV	script_captioned	WORLD\EN\A4_PARK_EPHEMERA.TXT	WORLD\RU\A4_PARK_EPHEMERA.TXT
SOUND\A4S1_SEVERIN_41.WAV	script_captioned	WORLD\EN\A4_PARK_EPHEMERA.TXT	WORLD\RU\A4_PARK_EPHEMERA.TXT
SOUND\A4S1_SEVERIN_42.WAV	script_captioned	WORLD\EN\A4_PARK_EPHEMERA.TXT	WORLD\RU\A4_PARK_EPHEMERA.TXT
SOUND\A4S1_SEVERIN_43.WAV	script_captioned	WORLD\EN\A4_PARK_CINEMAT_2.TXT	WORLD\RU\A4_PARK_CINEMAT_2.TXT
SOUND\A4S1_SEVERIN_44.WAV	script_captioned	WORLD\EN\A4_PARK_CINEMAT_2.TXT	WORLD\RU\A4_PARK_CINEMAT_2.TXT
SOUND\A4S1_SEVERIN_45.WAV	script_captioned	WORLD\EN\A4_PARK_CINEMAT_2.TXT	WORLD\RU\A4_PARK_CINEMAT_2.TXT
SOUND\A4S1_SEVERIN_46.WAV	script_captioned	WORLD\EN\A4_PARK_CINEMAT_2.TXT	WORLD\RU\A4_PARK_CINEMAT_2.TXT
SOUND\A4S1_SEVERIN_47.WAV	script_captioned	WORLD\EN\A4_PARK_CINEMAT_2.TXT	WORLD\RU\A4_PARK_CINEMAT_2.TXT
SOUND\A4S1_SEVERIN_48.WAV	script_captioned	WORLD\EN\A4_PARK_CINEMAT_2.TXT	WORLD\RU\A4_PARK_CINEMAT_2.TXT
SOUND\A4S1_SEVERIN_5.WAV	script_captioned	WORLD\EN\A4_PARK_1.TXT;WORLD\EN\A4_PARK_CINEMAT_1.TXT	WORLD\RU\A4_PARK_1.TXT;WORLD\RU\A4_PARK_CINEMAT_1.TXT
SOUND\A4S1_SEVERIN_6.WAV	script_captioned	WORLD\EN\A4_PARK_1.TXT;WORLD\EN\A4_PARK_CINEMAT_1.TXT	WORLD\RU\A4_PARK_1.TXT;WORLD\RU\A4_PARK_CINEMAT_1.TXT
SOUND\A4S1_SEVERIN_7.WAV	script_captioned	WORLD\EN\A4_PARK_1.TXT;WORLD\EN\A4_PARK_CINEMAT_1.TXT	WORLD\RU\A4_PARK_1.TXT;WORLD\RU\A4_PARK_CINEMAT_1.TXT
SOUND\A4S1_SEVERIN_8.WAV	script_captioned	WORLD\EN\A4_PARK_1.TXT;WORLD\EN\A4_PARK_CINEMAT_1.TXT	WORLD\RU\A4_PARK_1.TXT;WORLD\RU\A4_PARK_CINEMAT_1.TXT
SOUND\A4S1_SEVERIN_9.WAV	script_captioned	WORLD\EN\A4_PARK_1.TXT;WORLD\EN\A4_PARK_CINEMAT_1.TXT	WORLD\RU\A4_PARK_1.TXT;WORLD\RU\A4_PARK_CINEMAT_1.TXT
SOUND\A4S1_SLEGION_1.WAV	script_captioned	WORLD\EN\A4_PARK_1.TXT	WORLD\RU\A4_PARK_1.TXT
SOUND\A4S2_BRUTE_8.WAV	script_captioned	WORLD\EN\A4_KAGANSTOWER_1.TXT	WORLD\RU\A4_KAGANSTOWER_1.TXT
SOUND\A4S2_BRUTE_9.WAV	script_captioned	WORLD\EN\A4_KAGANSTOWER_1.TXT	WORLD\RU\A4_KAGANSTOWER_1.TXT
SOUND\A4S2_FMINION1_1.WAV	no_english_script_key_audio_or_unmapped		
SOUND\A4S2_FMINION1_2.WAV	no_english_script_key_audio_or_unmapped		
SOUND\A4S2_INTERCOM_1.WAV	no_english_script_key_audio_or_unmapped		
SOUND\A4S2_INTERCOM_2.WAV	no_english_script_key_audio_or_unmapped		
SOUND\A4S2_MDHAMPIR_3.WAV	no_english_script_key_audio_or_unmapped		
SOUND\A4S2_RAYNE_1.WAV	no_english_script_key_audio_or_unmapped		
SOUND\A4S2_RAYNE_10.WAV	script_captioned	WORLD\EN\A4_KAGANSTOWER_1.TXT	WORLD\RU\A4_KAGANSTOWER_1.TXT
SOUND\A4S2_RAYNE_11.WAV	script_captioned	WORLD\EN\A4_KAGANSTOWER_1.TXT	WORLD\RU\A4_KAGANSTOWER_1.TXT
SOUND\A4S2_RAYNE_12.WAV	script_captioned	WORLD\EN\A4_KAGANSTOWER_1.TXT	WORLD\RU\A4_KAGANSTOWER_1.TXT
SOUND\A4S2_RAYNE_13.WAV	no_english_script_key_audio_or_unmapped		
SOUND\A4S2_RAYNE_14.WAV	script_captioned	WORLD\EN\A4_KAGANSTOWER_1.TXT	WORLD\RU\A4_KAGANSTOWER_1.TXT
SOUND\A4S2_RAYNE_15.WAV	no_english_script_key_audio_or_unmapped		
SOUND\A4S2_RAYNE_16.WAV	script_captioned	WORLD\EN\A4_KAGANSTOWER_1.TXT	WORLD\RU\A4_KAGANSTOWER_1.TXT
SOUND\A4S2_RAYNE_17.WAV	script_captioned	WORLD\EN\A4_KAGANSTOWER_2.TXT	WORLD\RU\A4_KAGANSTOWER_2.TXT
SOUND\A4S2_RAYNE_18.WAV	script_captioned	WORLD\EN\A4_KAGANSTOWER_2.TXT	WORLD\RU\A4_KAGANSTOWER_2.TXT
SOUND\A4S2_RAYNE_19.WAV	no_english_script_key_audio_or_unmapped		
SOUND\A4S2_RAYNE_2.WAV	no_english_script_key_audio_or_unmapped		
SOUND\A4S2_RAYNE_20.WAV	script_captioned	WORLD\EN\A4_KAGANSTOWER_2.TXT	WORLD\RU\A4_KAGANSTOWER_2.TXT
SOUND\A4S2_RAYNE_21.WAV	script_captioned	WORLD\EN\A4_KAGANSTOWER_2.TXT	WORLD\RU\A4_KAGANSTOWER_2.TXT
SOUND\A4S2_RAYNE_22.WAV	no_english_script_key_audio_or_unmapped		
SOUND\A4S2_RAYNE_23.WAV	no_english_script_key_audio_or_unmapped		
SOUND\A4S2_RAYNE_24.WAV	no_english_script_key_audio_or_unmapped		
SOUND\A4S2_RAYNE_25.WAV	no_english_script_key_audio_or_unmapped		
SOUND\A4S2_RAYNE_26.WAV	script_captioned	WORLD\EN\A4_KAGANSTOWER_UNRAVELLER.TXT	WORLD\RU\A4_KAGANSTOWER_UNRAVELLER.TXT
SOUND\A4S2_RAYNE_27.WAV	script_captioned	WORLD\EN\A4_KAGANSTOWER_UNRAVELLER.TXT	WORLD\RU\A4_KAGANSTOWER_UNRAVELLER.TXT
SOUND\A4S2_RAYNE_28.WAV	script_captioned	WORLD\EN\A4_KAGANSTOWER_UNRAVELLER.TXT	WORLD\RU\A4_KAGANSTOWER_UNRAVELLER.TXT
SOUND\A4S2_RAYNE_3.WAV	no_english_script_key_audio_or_unmapped		
SOUND\A4S2_RAYNE_30.WAV	script_captioned	WORLD\EN\A4_KAGANSTOWER_UNRAVELLER.TXT	WORLD\RU\A4_KAGANSTOWER_UNRAVELLER.TXT
SOUND\A4S2_RAYNE_31.WAV	script_captioned	WORLD\EN\A4_KAGANSTOWER_UNRAVELLER.TXT	WORLD\RU\A4_KAGANSTOWER_UNRAVELLER.TXT
SOUND\A4S2_RAYNE_32.WAV	script_captioned	WORLD\EN\A4_KAGANSTOWER_UNRAVELLER.TXT	WORLD\RU\A4_KAGANSTOWER_UNRAVELLER.TXT
SOUND\A4S2_RAYNE_33.WAV	script_captioned	WORLD\EN\A4_KAGANSTOWER_UNRAVELLER.TXT	WORLD\RU\A4_KAGANSTOWER_UNRAVELLER.TXT
SOUND\A4S2_RAYNE_34.WAV	script_captioned	WORLD\EN\A4_KAGANSTOWER_UNRAVELLER.TXT	WORLD\RU\A4_KAGANSTOWER_UNRAVELLER.TXT
SOUND\A4S2_RAYNE_35.WAV	script_captioned	WORLD\EN\A4_KAGANSTOWER_UNRAVELLER.TXT	WORLD\RU\A4_KAGANSTOWER_UNRAVELLER.TXT
SOUND\A4S2_RAYNE_36.WAV	script_captioned	WORLD\EN\A4_KAGANSTOWER_UNRAVELLER.TXT	WORLD\RU\A4_KAGANSTOWER_UNRAVELLER.TXT
SOUND\A4S2_RAYNE_37.WAV	script_captioned	WORLD\EN\A4_KAGANSTOWER_UNRAVELLER.TXT	WORLD\RU\A4_KAGANSTOWER_UNRAVELLER.TXT
SOUND\A4S2_RAYNE_38.WAV	script_captioned	WORLD\EN\A4_KAGANSTOWER_UNRAVELLER.TXT	WORLD\RU\A4_KAGANSTOWER_UNRAVELLER.TXT
SOUND\A4S2_RAYNE_4.WAV	no_english_script_key_audio_or_unmapped		
SOUND\A4S2_RAYNE_5.WAV	no_english_script_key_audio_or_unmapped		
SOUND\A4S2_RAYNE_6.WAV	no_english_script_key_audio_or_unmapped		
SOUND\A4S2_RAYNE_7.WAV	no_english_script_key_audio_or_unmapped		
SOUND\A4S2_RAYNE_8.WAV	script_captioned	WORLD\EN\A4_KAGANSTOWER_1.TXT	WORLD\RU\A4_KAGANSTOWER_1.TXT
SOUND\A4S2_RAYNE_9.WAV	no_english_script_key_audio_or_unmapped		
SOUND\A4S2_SEVERIN_1.WAV	no_english_script_key_audio_or_unmapped		
SOUND\A4S2_SEVERIN_10.WAV	no_english_script_key_audio_or_unmapped		
SOUND\A4S2_SEVERIN_11.WAV	no_english_script_key_audio_or_unmapped		
SOUND\A4S2_SEVERIN_12.WAV	script_captioned	WORLD\EN\A4_KAGANSTOWER_UNRAVELLER.TXT	WORLD\RU\A4_KAGANSTOWER_UNRAVELLER.TXT
SOUND\A4S2_SEVERIN_13.WAV	script_captioned	WORLD\EN\A4_KAGANSTOWER_UNRAVELLER.TXT	WORLD\RU\A4_KAGANSTOWER_UNRAVELLER.TXT
SOUND\A4S2_SEVERIN_14.WAV	script_captioned	WORLD\EN\A4_KAGANSTOWER_UNRAVELLER.TXT	WORLD\RU\A4_KAGANSTOWER_UNRAVELLER.TXT
SOUND\A4S2_SEVERIN_15.WAV	script_captioned	WORLD\EN\A4_KAGANSTOWER_UNRAVELLER.TXT	WORLD\RU\A4_KAGANSTOWER_UNRAVELLER.TXT
SOUND\A4S2_SEVERIN_16.WAV	script_captioned	WORLD\EN\A4_KAGANSTOWER_UNRAVELLER.TXT	WORLD\RU\A4_KAGANSTOWER_UNRAVELLER.TXT
SOUND\A4S2_SEVERIN_17.WAV	script_captioned	WORLD\EN\A4_KAGANSTOWER_UNRAVELLER.TXT	WORLD\RU\A4_KAGANSTOWER_UNRAVELLER.TXT
SOUND\A4S2_SEVERIN_2.WAV	no_english_script_key_audio_or_unmapped		
SOUND\A4S2_SEVERIN_3.WAV	script_captioned	WORLD\EN\A4_KAGANSTOWER_2.TXT	WORLD\RU\A4_KAGANSTOWER_2.TXT
SOUND\A4S2_SEVERIN_4.WAV	script_captioned	WORLD\EN\A4_KAGANSTOWER_2.TXT	WORLD\RU\A4_KAGANSTOWER_2.TXT
SOUND\A4S2_SEVERIN_5.WAV	no_english_script_key_audio_or_unmapped		
SOUND\A4S2_SEVERIN_6.WAV	script_captioned	WORLD\EN\A4_KAGANSTOWER_2.TXT	WORLD\RU\A4_KAGANSTOWER_2.TXT
SOUND\A4S2_SEVERIN_7.WAV	no_english_script_key_audio_or_unmapped		
SOUND\A4S2_SEVERIN_8.WAV	script_captioned	WORLD\EN\A4_KAGANSTOWER_2.TXT	WORLD\RU\A4_KAGANSTOWER_2.TXT
SOUND\A4S2_SEVERIN_9.WAV	no_english_script_key_audio_or_unmapped		
SOUND\A4S2_UMINION1_1.WAV	no_english_script_key_audio_or_unmapped		
SOUND\A4S2_UMINION1_10.WAV	script_captioned	WORLD\EN\A4_KAGANSTOWER_1.TXT;WORLD\EN\A4_KAGANSTOWER_2.TXT	WORLD\RU\A4_KAGANSTOWER_1.TXT;WORLD\RU\A4_KAGANSTOWER_2.TXT
SOUND\A4S2_UMINION1_11.WAV	script_captioned	WORLD\EN\A4_KAGANSTOWER_1.TXT	WORLD\RU\A4_KAGANSTOWER_1.TXT
SOUND\A4S2_UMINION1_12.WAV	script_captioned	WORLD\EN\A4_KAGANSTOWER_1.TXT	WORLD\RU\A4_KAGANSTOWER_1.TXT
SOUND\A4S2_UMINION1_13.WAV	script_captioned	WORLD\EN\A4_KAGANSTOWER_1.TXT	WORLD\RU\A4_KAGANSTOWER_1.TXT
SOUND\A4S2_UMINION1_14.WAV	script_captioned	WORLD\EN\A4_KAGANSTOWER_1.TXT	WORLD\RU\A4_KAGANSTOWER_1.TXT
SOUND\A4S2_UMINION1_15.WAV	script_captioned	WORLD\EN\A4_KAGANSTOWER_1.TXT	WORLD\RU\A4_KAGANSTOWER_1.TXT
SOUND\A4S2_UMINION1_16.WAV	script_captioned	WORLD\EN\A4_KAGANSTOWER_1.TXT	WORLD\RU\A4_KAGANSTOWER_1.TXT
SOUND\A4S2_UMINION1_17.WAV	no_english_script_key_audio_or_unmapped		
SOUND\A4S2_UMINION1_2.WAV	no_english_script_key_audio_or_unmapped		
SOUND\A4S2_UMINION1_3.WAV	no_english_script_key_audio_or_unmapped		
SOUND\A4S2_UMINION1_4.WAV	no_english_script_key_audio_or_unmapped		
SOUND\A4S2_UMINION1_5.WAV	no_english_script_key_audio_or_unmapped		
SOUND\A4S2_UMINION1_6.WAV	script_captioned	WORLD\EN\A4_KAGANSTOWER_1.TXT	WORLD\RU\A4_KAGANSTOWER_1.TXT
SOUND\A4S2_UMINION1_7.WAV	script_captioned	WORLD\EN\A4_KAGANSTOWER_1.TXT	WORLD\RU\A4_KAGANSTOWER_1.TXT
SOUND\A4S2_UMINION1_8.WAV	script_captioned	WORLD\EN\A4_KAGANSTOWER_1.TXT	WORLD\RU\A4_KAGANSTOWER_1.TXT
SOUND\A4S2_UMINION1_9.WAV	script_captioned	WORLD\EN\A4_KAGANSTOWER_1.TXT	WORLD\RU\A4_KAGANSTOWER_1.TXT
SOUND\A4S2_UMINION2_1.WAV	script_captioned	WORLD\EN\A4_KAGANSTOWER_1.TXT	WORLD\RU\A4_KAGANSTOWER_1.TXT
SOUND\A4S2_UMINION2_2.WAV	script_captioned	WORLD\EN\A4_KAGANSTOWER_1.TXT	WORLD\RU\A4_KAGANSTOWER_1.TXT
SOUND\A4S2_UMINION2_3.WAV	script_captioned	WORLD\EN\A4_KAGANSTOWER_1.TXT	WORLD\RU\A4_KAGANSTOWER_1.TXT
SOUND\A4S2_UMINION2_4.WAV	script_captioned	WORLD\EN\A4_KAGANSTOWER_1.TXT	WORLD\RU\A4_KAGANSTOWER_1.TXT
SOUND\A4S2_UMINION2_5.WAV	script_captioned	WORLD\EN\A4_KAGANSTOWER_1.TXT	WORLD\RU\A4_KAGANSTOWER_1.TXT
SOUND\A4S2_XERX_1.WAV	no_english_script_key_audio_or_unmapped		
SOUND\A4S2_XERX_10.WAV	script_captioned	WORLD\EN\A4_KAGANSTOWER_1.TXT	WORLD\RU\A4_KAGANSTOWER_1.TXT
SOUND\A4S2_XERX_2.WAV	no_english_script_key_audio_or_unmapped		
SOUND\A4S2_XERX_3.WAV	no_english_script_key_audio_or_unmapped		
SOUND\A4S2_XERX_4.WAV	no_english_script_key_audio_or_unmapped		
SOUND\A4S2_XERX_5.WAV	no_english_script_key_audio_or_unmapped		
SOUND\A4S2_XERX_6.WAV	no_english_script_key_audio_or_unmapped		
SOUND\A4S2_XERX_7.WAV	no_english_script_key_audio_or_unmapped		
SOUND\A4S2_XERX_8.WAV	no_english_script_key_audio_or_unmapped		
SOUND\A4S2_XERX_9.WAV	script_captioned	WORLD\EN\A4_KAGANSTOWER_1.TXT	WORLD\RU\A4_KAGANSTOWER_1.TXT
SOUND\A4S3_FERRIL_1.WAV	script_captioned	WORLD\EN\A4_KAGANSTOWER_BIOARMOR.TXT	WORLD\RU\A4_KAGANSTOWER_BIOARMOR.TXT
SOUND\A4S3_FERRIL_2.WAV	script_captioned	WORLD\EN\A4_KAGANSTOWER_BIOARMOR.TXT	WORLD\RU\A4_KAGANSTOWER_BIOARMOR.TXT
SOUND\A4S3_FERRIL_3.WAV	script_captioned	WORLD\EN\A4_KAGANSTOWER_BIOARMOR.TXT	WORLD\RU\A4_KAGANSTOWER_BIOARMOR.TXT
SOUND\A4S3_FERRIL_4.WAV	script_captioned	WORLD\EN\A4_KAGANSTOWER_BIOARMOR.TXT	WORLD\RU\A4_KAGANSTOWER_BIOARMOR.TXT
SOUND\A4S3_KAGAN_1.WAV	script_captioned	WORLD\EN\A4_KAGANSTOWER_PENTHOUSE.TXT	WORLD\RU\A4_KAGANSTOWER_PENTHOUSE.TXT
SOUND\A4S3_KAGAN_10.WAV	script_captioned	WORLD\EN\A4_KAGANSTOWER_PENTHOUSE.TXT	WORLD\RU\A4_KAGANSTOWER_PENTHOUSE.TXT
SOUND\A4S3_KAGAN_11.WAV	script_captioned	WORLD\EN\A4_KAGANSTOWER_PENTHOUSE.TXT	WORLD\RU\A4_KAGANSTOWER_PENTHOUSE.TXT
SOUND\A4S3_KAGAN_12.WAV	script_captioned	WORLD\EN\A4_KAGANSTOWER_PENTHOUSE.TXT	WORLD\RU\A4_KAGANSTOWER_PENTHOUSE.TXT
SOUND\A4S3_KAGAN_13.WAV	script_captioned	WORLD\EN\A4_KAGANSTOWER_PENTHOUSE.TXT	WORLD\RU\A4_KAGANSTOWER_PENTHOUSE.TXT
SOUND\A4S3_KAGAN_14.WAV	script_captioned	WORLD\EN\A4_KAGANSTOWER_PENTHOUSE.TXT	WORLD\RU\A4_KAGANSTOWER_PENTHOUSE.TXT
SOUND\A4S3_KAGAN_2.WAV	script_captioned	WORLD\EN\A4_KAGANSTOWER_PENTHOUSE.TXT	WORLD\RU\A4_KAGANSTOWER_PENTHOUSE.TXT
SOUND\A4S3_KAGAN_3.WAV	script_captioned	WORLD\EN\A4_KAGANSTOWER_PENTHOUSE.TXT	WORLD\RU\A4_KAGANSTOWER_PENTHOUSE.TXT
SOUND\A4S3_KAGAN_4.WAV	script_captioned	WORLD\EN\A4_KAGANSTOWER_PENTHOUSE.TXT	WORLD\RU\A4_KAGANSTOWER_PENTHOUSE.TXT
SOUND\A4S3_KAGAN_5.WAV	script_captioned	WORLD\EN\A4_KAGANSTOWER_PENTHOUSE.TXT	WORLD\RU\A4_KAGANSTOWER_PENTHOUSE.TXT
SOUND\A4S3_KAGAN_6.WAV	script_captioned	WORLD\EN\A4_KAGANSTOWER_PENTHOUSE.TXT	WORLD\RU\A4_KAGANSTOWER_PENTHOUSE.TXT
SOUND\A4S3_KAGAN_7.WAV	script_captioned	WORLD\EN\A4_KAGANSTOWER_PENTHOUSE.TXT	WORLD\RU\A4_KAGANSTOWER_PENTHOUSE.TXT
SOUND\A4S3_KAGAN_8.WAV	script_captioned	WORLD\EN\A4_KAGANSTOWER_PENTHOUSE.TXT	WORLD\RU\A4_KAGANSTOWER_PENTHOUSE.TXT
SOUND\A4S3_KAGAN_9.WAV	script_captioned	WORLD\EN\A4_KAGANSTOWER_PENTHOUSE.TXT	WORLD\RU\A4_KAGANSTOWER_PENTHOUSE.TXT
SOUND\A4S3_RAYNE_1.WAV	script_captioned	WORLD\EN\A4_KAGANSTOWER_BIOARMOR.TXT	WORLD\RU\A4_KAGANSTOWER_BIOARMOR.TXT
SOUND\A4S3_RAYNE_10.WAV	script_captioned	WORLD\EN\A4_KAGANSTOWER_BIOARMOR.TXT	WORLD\RU\A4_KAGANSTOWER_BIOARMOR.TXT
SOUND\A4S3_RAYNE_11.WAV	script_captioned	WORLD\EN\A4_KAGANSTOWER_BIOARMOR.TXT	WORLD\RU\A4_KAGANSTOWER_BIOARMOR.TXT
SOUND\A4S3_RAYNE_12.WAV	script_captioned	WORLD\EN\A4_KAGANSTOWER_BIOARMOR.TXT	WORLD\RU\A4_KAGANSTOWER_BIOARMOR.TXT
SOUND\A4S3_RAYNE_13.WAV	script_captioned	WORLD\EN\A4_KAGANSTOWER_BIOARMOR.TXT	WORLD\RU\A4_KAGANSTOWER_BIOARMOR.TXT
SOUND\A4S3_RAYNE_14.WAV	script_captioned	WORLD\EN\A4_KAGANSTOWER_BIOARMOR.TXT	WORLD\RU\A4_KAGANSTOWER_BIOARMOR.TXT
SOUND\A4S3_RAYNE_15.WAV	script_captioned	WORLD\EN\A4_KAGANSTOWER_BIOARMOR.TXT	WORLD\RU\A4_KAGANSTOWER_BIOARMOR.TXT
SOUND\A4S3_RAYNE_16.WAV	script_captioned	WORLD\EN\A4_KAGANSTOWER_BIOARMOR.TXT	WORLD\RU\A4_KAGANSTOWER_BIOARMOR.TXT
SOUND\A4S3_RAYNE_17.WAV	script_captioned	WORLD\EN\A4_KAGANSTOWER_BIOARMOR.TXT	WORLD\RU\A4_KAGANSTOWER_BIOARMOR.TXT
SOUND\A4S3_RAYNE_18.WAV	script_captioned	WORLD\EN\A4_KAGANSTOWER_BIOARMOR.TXT	WORLD\RU\A4_KAGANSTOWER_BIOARMOR.TXT
SOUND\A4S3_RAYNE_19.WAV	script_captioned	WORLD\EN\A4_KAGANSTOWER_PENTHOUSE.TXT	WORLD\RU\A4_KAGANSTOWER_PENTHOUSE.TXT
SOUND\A4S3_RAYNE_2.WAV	script_captioned	WORLD\EN\A4_KAGANSTOWER_BIOARMOR.TXT	WORLD\RU\A4_KAGANSTOWER_BIOARMOR.TXT
SOUND\A4S3_RAYNE_20.WAV	script_captioned	WORLD\EN\A4_KAGANSTOWER_PENTHOUSE.TXT	WORLD\RU\A4_KAGANSTOWER_PENTHOUSE.TXT
SOUND\A4S3_RAYNE_21.WAV	script_captioned	WORLD\EN\A4_KAGANSTOWER_PENTHOUSE.TXT	WORLD\RU\A4_KAGANSTOWER_PENTHOUSE.TXT
SOUND\A4S3_RAYNE_22.WAV	script_captioned	WORLD\EN\A4_KAGANSTOWER_PENTHOUSE.TXT	WORLD\RU\A4_KAGANSTOWER_PENTHOUSE.TXT
SOUND\A4S3_RAYNE_23.WAV	script_captioned	WORLD\EN\A4_KAGANSTOWER_PENTHOUSE.TXT	WORLD\RU\A4_KAGANSTOWER_PENTHOUSE.TXT
SOUND\A4S3_RAYNE_24.WAV	script_captioned	WORLD\EN\A4_KAGANSTOWER_PENTHOUSE.TXT	WORLD\RU\A4_KAGANSTOWER_PENTHOUSE.TXT
SOUND\A4S3_RAYNE_25.WAV	script_captioned	WORLD\EN\A4_KAGANSTOWER_PENTHOUSE.TXT	WORLD\RU\A4_KAGANSTOWER_PENTHOUSE.TXT
SOUND\A4S3_RAYNE_26.WAV	script_captioned	WORLD\EN\A4_KAGANSTOWER_PENTHOUSE.TXT	WORLD\RU\A4_KAGANSTOWER_PENTHOUSE.TXT
SOUND\A4S3_RAYNE_27.WAV	script_captioned	WORLD\EN\A4_KAGANSTOWER_PENTHOUSE.TXT	WORLD\RU\A4_KAGANSTOWER_PENTHOUSE.TXT
SOUND\A4S3_RAYNE_28.WAV	script_captioned	WORLD\EN\A4_KAGANSTOWER_PENTHOUSE.TXT	WORLD\RU\A4_KAGANSTOWER_PENTHOUSE.TXT
SOUND\A4S3_RAYNE_29.WAV	script_captioned	WORLD\EN\A4_KAGANSTOWER_PENTHOUSE.TXT	WORLD\RU\A4_KAGANSTOWER_PENTHOUSE.TXT
SOUND\A4S3_RAYNE_3.WAV	script_captioned	WORLD\EN\A4_KAGANSTOWER_BIOARMOR.TXT	WORLD\RU\A4_KAGANSTOWER_BIOARMOR.TXT
SOUND\A4S3_RAYNE_30.WAV	script_captioned	WORLD\EN\A4_KAGANSTOWER_PENTHOUSE.TXT	WORLD\RU\A4_KAGANSTOWER_PENTHOUSE.TXT
SOUND\A4S3_RAYNE_31.WAV	script_captioned	WORLD\EN\A4_KAGANSTOWER_PENTHOUSE.TXT	WORLD\RU\A4_KAGANSTOWER_PENTHOUSE.TXT
SOUND\A4S3_RAYNE_32.WAV	script_captioned	WORLD\EN\A4_KAGANSTOWER_PENTHOUSE.TXT	WORLD\RU\A4_KAGANSTOWER_PENTHOUSE.TXT
SOUND\A4S3_RAYNE_33.WAV	script_captioned	WORLD\EN\A4_KAGANSTOWER_PENTHOUSE.TXT	WORLD\RU\A4_KAGANSTOWER_PENTHOUSE.TXT
SOUND\A4S3_RAYNE_34.WAV	script_captioned	WORLD\EN\A4_KAGANSTOWER_PENTHOUSE.TXT	WORLD\RU\A4_KAGANSTOWER_PENTHOUSE.TXT
SOUND\A4S3_RAYNE_35.WAV	script_captioned	WORLD\EN\A4_KAGANSTOWER_PENTHOUSE.TXT	WORLD\RU\A4_KAGANSTOWER_PENTHOUSE.TXT
SOUND\A4S3_RAYNE_36.WAV	script_captioned	WORLD\EN\A4_KAGANSTOWER_PENTHOUSE.TXT	WORLD\RU\A4_KAGANSTOWER_PENTHOUSE.TXT
SOUND\A4S3_RAYNE_4.WAV	script_captioned	WORLD\EN\A4_KAGANSTOWER_BIOARMOR.TXT	WORLD\RU\A4_KAGANSTOWER_BIOARMOR.TXT
SOUND\A4S3_RAYNE_5.WAV	script_captioned	WORLD\EN\A4_KAGANSTOWER_BIOARMOR.TXT	WORLD\RU\A4_KAGANSTOWER_BIOARMOR.TXT
SOUND\A4S3_RAYNE_6.WAV	script_captioned	WORLD\EN\A4_KAGANSTOWER_BIOARMOR.TXT	WORLD\RU\A4_KAGANSTOWER_BIOARMOR.TXT
SOUND\A4S3_RAYNE_7.WAV	script_captioned	WORLD\EN\A4_KAGANSTOWER_BIOARMOR.TXT	WORLD\RU\A4_KAGANSTOWER_BIOARMOR.TXT
SOUND\A4S3_RAYNE_8.WAV	script_captioned	WORLD\EN\A4_KAGANSTOWER_BIOARMOR.TXT	WORLD\RU\A4_KAGANSTOWER_BIOARMOR.TXT
SOUND\A4S3_RAYNE_9.WAV	script_captioned	WORLD\EN\A4_KAGANSTOWER_BIOARMOR.TXT	WORLD\RU\A4_KAGANSTOWER_BIOARMOR.TXT
SOUND\A4S3_SEVERIN_1.WAV	script_captioned	WORLD\EN\A4_KAGANSTOWER_BIOARMOR.TXT	WORLD\RU\A4_KAGANSTOWER_BIOARMOR.TXT
SOUND\A4S3_SEVERIN_10.WAV	script_captioned	WORLD\EN\A4_KAGANSTOWER_PENTHOUSE.TXT	WORLD\RU\A4_KAGANSTOWER_PENTHOUSE.TXT
SOUND\A4S3_SEVERIN_11.WAV	script_captioned	WORLD\EN\A4_KAGANSTOWER_PENTHOUSE.TXT	WORLD\RU\A4_KAGANSTOWER_PENTHOUSE.TXT
SOUND\A4S3_SEVERIN_12.WAV	script_captioned	WORLD\EN\A4_KAGANSTOWER_PENTHOUSE.TXT	WORLD\RU\A4_KAGANSTOWER_PENTHOUSE.TXT
SOUND\A4S3_SEVERIN_2.WAV	script_captioned	WORLD\EN\A4_KAGANSTOWER_BIOARMOR.TXT	WORLD\RU\A4_KAGANSTOWER_BIOARMOR.TXT
SOUND\A4S3_SEVERIN_3.WAV	script_captioned	WORLD\EN\A4_KAGANSTOWER_PENTHOUSE.TXT	WORLD\RU\A4_KAGANSTOWER_PENTHOUSE.TXT
SOUND\A4S3_SEVERIN_4.WAV	script_captioned	WORLD\EN\A4_KAGANSTOWER_PENTHOUSE.TXT	WORLD\RU\A4_KAGANSTOWER_PENTHOUSE.TXT
SOUND\A4S3_SEVERIN_5.WAV	script_captioned	WORLD\EN\A4_KAGANSTOWER_PENTHOUSE.TXT	WORLD\RU\A4_KAGANSTOWER_PENTHOUSE.TXT
SOUND\A4S3_SEVERIN_6.WAV	script_captioned	WORLD\EN\A4_KAGANSTOWER_PENTHOUSE.TXT	WORLD\RU\A4_KAGANSTOWER_PENTHOUSE.TXT
SOUND\A4S3_SEVERIN_7.WAV	script_captioned	WORLD\EN\A4_KAGANSTOWER_PENTHOUSE.TXT	WORLD\RU\A4_KAGANSTOWER_PENTHOUSE.TXT
SOUND\A4S3_SEVERIN_8.WAV	script_captioned	WORLD\EN\A4_KAGANSTOWER_PENTHOUSE.TXT	WORLD\RU\A4_KAGANSTOWER_PENTHOUSE.TXT
SOUND\A4S3_SEVERIN_9.WAV	script_captioned	WORLD\EN\A4_KAGANSTOWER_PENTHOUSE.TXT	WORLD\RU\A4_KAGANSTOWER_PENTHOUSE.TXT
SOUND\A4S3_XERX_1.WAV	script_captioned	WORLD\EN\A4_KAGANSTOWER_BIOARMOR.TXT	WORLD\RU\A4_KAGANSTOWER_BIOARMOR.TXT
SOUND\A4S3_XERX_10.WAV	script_captioned	WORLD\EN\A4_KAGANSTOWER_BIOARMOR.TXT	WORLD\RU\A4_KAGANSTOWER_BIOARMOR.TXT
SOUND\A4S3_XERX_11.WAV	script_captioned	WORLD\EN\A4_KAGANSTOWER_BIOARMOR.TXT	WORLD\RU\A4_KAGANSTOWER_BIOARMOR.TXT
SOUND\A4S3_XERX_12.WAV	script_captioned	WORLD\EN\A4_KAGANSTOWER_BIOARMOR.TXT	WORLD\RU\A4_KAGANSTOWER_BIOARMOR.TXT
SOUND\A4S3_XERX_13.WAV	script_captioned	WORLD\EN\A4_KAGANSTOWER_BIOARMOR.TXT	WORLD\RU\A4_KAGANSTOWER_BIOARMOR.TXT
SOUND\A4S3_XERX_14.WAV	script_captioned	WORLD\EN\A4_KAGANSTOWER_BIOARMOR.TXT	WORLD\RU\A4_KAGANSTOWER_BIOARMOR.TXT
SOUND\A4S3_XERX_2.WAV	script_captioned	WORLD\EN\A4_KAGANSTOWER_BIOARMOR.TXT	WORLD\RU\A4_KAGANSTOWER_BIOARMOR.TXT
SOUND\A4S3_XERX_3.WAV	script_captioned	WORLD\EN\A4_KAGANSTOWER_BIOARMOR.TXT	WORLD\RU\A4_KAGANSTOWER_BIOARMOR.TXT
SOUND\A4S3_XERX_4.WAV	script_captioned	WORLD\EN\A4_KAGANSTOWER_BIOARMOR.TXT	WORLD\RU\A4_KAGANSTOWER_BIOARMOR.TXT
SOUND\A4S3_XERX_5.WAV	script_captioned	WORLD\EN\A4_KAGANSTOWER_BIOARMOR.TXT	WORLD\RU\A4_KAGANSTOWER_BIOARMOR.TXT
SOUND\A4S3_XERX_6.WAV	script_captioned	WORLD\EN\A4_KAGANSTOWER_BIOARMOR.TXT	WORLD\RU\A4_KAGANSTOWER_BIOARMOR.TXT
SOUND\A4S3_XERX_7.WAV	script_captioned	WORLD\EN\A4_KAGANSTOWER_BIOARMOR.TXT	WORLD\RU\A4_KAGANSTOWER_BIOARMOR.TXT
SOUND\A4S3_XERX_8.WAV	script_captioned	WORLD\EN\A4_KAGANSTOWER_BIOARMOR.TXT	WORLD\RU\A4_KAGANSTOWER_BIOARMOR.TXT
SOUND\A4S3_XERX_9.WAV	script_captioned	WORLD\EN\A4_KAGANSTOWER_BIOARMOR.TXT	WORLD\RU\A4_KAGANSTOWER_BIOARMOR.TXT
SOUND\A4S3_XERX_9B.WAV	no_english_script_key_audio_or_unmapped		
SOUND\A5S1_MINION_1.WAV	script_captioned	WORLD\EN\A3_SHROUDTOWER_ASCENT.TXT	WORLD\RU\A3_SHROUDTOWER_ASCENT.TXT
SOUND\A5S1_MINION_2.WAV	script_captioned	WORLD\EN\A3_SHROUDTOWER_ASCENT.TXT	WORLD\RU\A3_SHROUDTOWER_ASCENT.TXT
SOUND\A5S1_MINION_3.WAV	script_captioned	WORLD\EN\A3_SHROUDTOWER_ASCENT.TXT	WORLD\RU\A3_SHROUDTOWER_ASCENT.TXT
SOUND\A5S1_RAYNE_1.WAV	no_english_script_key_audio_or_unmapped		
SOUND\A5S1_RAYNE_2.WAV	no_english_script_key_audio_or_unmapped		
SOUND\A5S1_RAYNE_3.WAV	no_english_script_key_audio_or_unmapped		
SOUND\A5S1_SEVERIN_1.WAV	no_english_script_key_audio_or_unmapped		
SOUND\A5S1_SEVERIN_2.WAV	no_english_script_key_audio_or_unmapped		
SOUND\A5S1_SEVERIN_3.WAV	no_english_script_key_audio_or_unmapped		
SOUND\A5S2_SEVERIN_1.WAV	script_captioned	WORLD\EN\A3_WETWORKS_N_1.TXT	WORLD\RU\A3_WETWORKS_N_1.TXT
SOUND\A5S3_FCIVILIAN_1.WAV	script_captioned	WORLD\EN\A2_SEWER_2.TXT	WORLD\RU\A2_SEWER_2.TXT
SOUND\A5S3_FCIVILIAN_2.WAV	script_captioned	WORLD\EN\A2_SEWER_2.TXT	WORLD\RU\A2_SEWER_2.TXT
SOUND\A5S3_FCIVILIAN_3.WAV	script_captioned	WORLD\EN\A2_SEWER_2.TXT	WORLD\RU\A2_SEWER_2.TXT
SOUND\A5S3_MCIVILIAN_1.WAV	script_captioned	WORLD\EN\A2_SEWER_1.TXT	WORLD\RU\A2_SEWER_1.TXT
SOUND\A5S3_MCIVILIAN_2.WAV	script_captioned	WORLD\EN\A2_SEWER_1.TXT	WORLD\RU\A2_SEWER_1.TXT
SOUND\A5S3_MCIVILIAN_3.WAV	script_captioned	WORLD\EN\A2_SEWER_2.TXT	WORLD\RU\A2_SEWER_2.TXT
SOUND\A5S3_MCIVILIAN_4.WAV	script_captioned	WORLD\EN\A2_SEWER_1.TXT	WORLD\RU\A2_SEWER_1.TXT
SOUND\A5S3_MCIVILIAN_5.WAV	script_captioned	WORLD\EN\A4_PARK_1.TXT	WORLD\RU\A4_PARK_1.TXT
SOUND\A5S3_MCIVILIAN_6.WAV	script_captioned	WORLD\EN\A4_PARK_1.TXT	WORLD\RU\A4_PARK_1.TXT
SOUND\A5S3_MCIVILIAN_7.WAV	script_captioned	WORLD\EN\A4_PARK_1.TXT	WORLD\RU\A4_PARK_1.TXT
SOUND\A5S3_MCIVILIAN_8.WAV	script_captioned	WORLD\EN\A4_PARK_1.TXT	WORLD\RU\A4_PARK_1.TXT
SOUND\A5S3_MINION1_1.WAV	script_captioned	WORLD\EN\A2_SEWER_1.TXT	WORLD\RU\A2_SEWER_1.TXT
SOUND\A5S3_MINION2_1.WAV	script_captioned	WORLD\EN\A2_SEWER_1.TXT	WORLD\RU\A2_SEWER_1.TXT
SOUND\A5S3_MINION2_10.WAV	script_captioned	WORLD\EN\A4_PARK_1.TXT	WORLD\RU\A4_PARK_1.TXT
SOUND\A5S3_MINION2_2.WAV	script_captioned	WORLD\EN\A2_SEWER_1.TXT	WORLD\RU\A2_SEWER_1.TXT
SOUND\A5S3_MINION2_3.WAV	script_captioned	WORLD\EN\A2_SEWER_1.TXT	WORLD\RU\A2_SEWER_1.TXT
SOUND\A5S3_MINION2_4.WAV	script_captioned	WORLD\EN\A4_PARK_1.TXT	WORLD\RU\A4_PARK_1.TXT
SOUND\A5S3_MINION2_5.WAV	script_captioned	WORLD\EN\A4_PARK_1.TXT	WORLD\RU\A4_PARK_1.TXT
SOUND\A5S3_MINION2_6.WAV	script_captioned	WORLD\EN\A4_PARK_1.TXT	WORLD\RU\A4_PARK_1.TXT
SOUND\A5S3_MINION2_7.WAV	script_captioned	WORLD\EN\A4_PARK_1.TXT	WORLD\RU\A4_PARK_1.TXT
SOUND\A5S3_MINION2_8.WAV	script_captioned	WORLD\EN\A4_PARK_1.TXT	WORLD\RU\A4_PARK_1.TXT
SOUND\A5S3_MINION2_9.WAV	script_captioned	WORLD\EN\A4_PARK_1.TXT	WORLD\RU\A4_PARK_1.TXT
SOUND\A5S3_PILOT_1.WAV	script_captioned	WORLD\EN\A4_PARK_1.TXT	WORLD\RU\A4_PARK_1.TXT
SOUND\A5S3_RAYNE_0.WAV	script_captioned	WORLD\EN\A2_SEWER_1.TXT	WORLD\RU\A2_SEWER_1.TXT
SOUND\A5S3_RAYNE_1.WAV	script_captioned	WORLD\EN\A4_PARK_1.TXT	WORLD\RU\A4_PARK_1.TXT
SOUND\A5S3_RAYNE_2.WAV	script_captioned	WORLD\EN\A4_PARK_1.TXT	WORLD\RU\A4_PARK_1.TXT
SOUND\A5S3_RAYNE_20.WAV	no_english_script_key_audio_or_unmapped		
SOUND\A5S3_RAYNE_3.WAV	script_captioned	WORLD\EN\A4_PARK_1.TXT	WORLD\RU\A4_PARK_1.TXT
SOUND\A5S3_RAYNE_38.WAV	no_english_script_key_audio_or_unmapped		
SOUND\A5S3_RAYNE_4.WAV	script_captioned	WORLD\EN\A4_PARK_2.TXT	WORLD\RU\A4_PARK_2.TXT
SOUND\A5S3_RAYNE_57.WAV	no_english_script_key_audio_or_unmapped		
SOUND\A5S3_RAYNE_6.WAV	no_english_script_key_audio_or_unmapped		
SOUND\A5S3_RAYNE_79.WAV	no_english_script_key_audio_or_unmapped		
SOUND\A5S3_RAYNE_9.WAV	no_english_script_key_audio_or_unmapped		
SOUND\A5S3_SEVERIN_15.WAV	no_english_script_key_audio_or_unmapped		
SOUND\A5S3_SEVERIN_16.WAV	no_english_script_key_audio_or_unmapped		
SOUND\A5S3_SEVERIN_2.WAV	no_english_script_key_audio_or_unmapped		
SOUND\A5S3_SEVERIN_35.WAV	no_english_script_key_audio_or_unmapped		
SOUND\A5S3_SLEGION_1.WAV	script_captioned	WORLD\EN\A4_PARK_2.TXT	WORLD\RU\A4_PARK_2.TXT
SOUND\A5S3_SLEGION_2.WAV	script_captioned	WORLD\EN\A4_PARK_2.TXT	WORLD\RU\A4_PARK_2.TXT
SOUND\A9_S1_LPUNK_1.WAV	script_captioned	WORLD\EN\A4_PARK_2.TXT	WORLD\RU\A4_PARK_2.TXT
SOUND\A9_S1_LPUNK_2.WAV	script_captioned	WORLD\EN\A4_PARK_2.TXT	WORLD\RU\A4_PARK_2.TXT
SOUND\A9_S1_LPUNK_3.WAV	script_captioned	WORLD\EN\A4_PARK_2.TXT	WORLD\RU\A4_PARK_2.TXT
SOUND\A9_S1_LPUNK_4.WAV	script_captioned	WORLD\EN\A4_PARK_2.TXT	WORLD\RU\A4_PARK_2.TXT
SOUND\A9_S1_LPUNK_5.WAV	script_captioned	WORLD\EN\A4_PARK_2.TXT	WORLD\RU\A4_PARK_2.TXT
SOUND\A9_S1_LPUNK_6.WAV	script_captioned	WORLD\EN\A4_PARK_2.TXT	WORLD\RU\A4_PARK_2.TXT
SOUND\BRUTE_ALERT_A_01.WAV	no_english_script_key_audio_or_unmapped		
SOUND\BRUTE_ALERT_A_02.WAV	no_english_script_key_audio_or_unmapped		
SOUND\BRUTE_ALERT_A_03.WAV	no_english_script_key_audio_or_unmapped		
SOUND\BRUTE_AMBIENT_A_01.WAV	no_english_script_key_audio_or_unmapped		
SOUND\BRUTE_AMBIENT_A_02.WAV	no_english_script_key_audio_or_unmapped		
SOUND\BRUTE_AMBIENT_A_03.WAV	no_english_script_key_audio_or_unmapped		
SOUND\BRUTE_ATTACK_A_01.WAV	no_english_script_key_audio_or_unmapped		
SOUND\BRUTE_ATTACK_A_02.WAV	no_english_script_key_audio_or_unmapped		
SOUND\BRUTE_ATTACK_A_03.WAV	no_english_script_key_audio_or_unmapped		
SOUND\BRUTE_ATTACK_A_04.WAV	no_english_script_key_audio_or_unmapped		
SOUND\BRUTE_ATTACK_A_05.WAV	no_english_script_key_audio_or_unmapped		
SOUND\BRUTE_ATTACK_A_06.WAV	no_english_script_key_audio_or_unmapped		
SOUND\BRUTE_ATTACK_A_07.WAV	no_english_script_key_audio_or_unmapped		
SOUND\BRUTE_ATTACK_A_08.WAV	no_english_script_key_audio_or_unmapped		
SOUND\BRUTE_DIE_A_01.WAV	no_english_script_key_audio_or_unmapped		
SOUND\BRUTE_DIE_A_02.WAV	no_english_script_key_audio_or_unmapped		
SOUND\BRUTE_FOOT_A_01.WAV	no_english_script_key_audio_or_unmapped		
SOUND\BRUTE_FOOT_A_02.WAV	no_english_script_key_audio_or_unmapped		
SOUND\BRUTE_HURT_A_01.WAV	no_english_script_key_audio_or_unmapped		
SOUND\BRUTE_HURT_A_02.WAV	no_english_script_key_audio_or_unmapped		
SOUND\BRUTE_HURT_A_03.WAV	no_english_script_key_audio_or_unmapped		
SOUND\BRUTE_HURT_A_04.WAV	no_english_script_key_audio_or_unmapped		
SOUND\BRUTE_TAUNT_A_01.WAV	no_english_script_key_audio_or_unmapped		
SOUND\DHAMPIR_ALERT_A_01.WAV	no_english_script_key_audio_or_unmapped		
SOUND\DHAMPIR_ALERT_A_02.WAV	no_english_script_key_audio_or_unmapped		
SOUND\DHAMPIR_ALERT_A_03.WAV	no_english_script_key_audio_or_unmapped		
SOUND\DHAMPIR_ALERT_A_04.WAV	no_english_script_key_audio_or_unmapped		
SOUND\DHAMPIR_ATTACK_A_01.WAV	no_english_script_key_audio_or_unmapped		
SOUND\DHAMPIR_ATTACK_A_02.WAV	no_english_script_key_audio_or_unmapped		
SOUND\DHAMPIR_ATTACK_A_03.WAV	no_english_script_key_audio_or_unmapped		
SOUND\DHAMPIR_ATTACK_A_04.WAV	no_english_script_key_audio_or_unmapped		
SOUND\DHAMPIR_ATTACK_A_05.WAV	no_english_script_key_audio_or_unmapped		
SOUND\DHAMPIR_ATTACK_A_06.WAV	no_english_script_key_audio_or_unmapped		
SOUND\DHAMPIR_ATTACKSUCCESS_A_01.WAV	no_english_script_key_audio_or_unmapped		
SOUND\DHAMPIR_ATTACKSUCCESS_A_02.WAV	no_english_script_key_audio_or_unmapped		
SOUND\DHAMPIR_ATTACKSUCCESS_A_03.WAV	no_english_script_key_audio_or_unmapped		
SOUND\DHAMPIR_ATTACKSUCCESS_A_04.WAV	no_english_script_key_audio_or_unmapped		
SOUND\DHAMPIR_DIE_A_01.WAV	no_english_script_key_audio_or_unmapped		
SOUND\DHAMPIR_DIE_A_02.WAV	no_english_script_key_audio_or_unmapped		
SOUND\DHAMPIR_DIE_A_03.WAV	no_english_script_key_audio_or_unmapped		
SOUND\DHAMPIR_DIE_A_04.WAV	no_english_script_key_audio_or_unmapped		
SOUND\DHAMPIR_ELUDE_A_01.WAV	no_english_script_key_audio_or_unmapped		
SOUND\DHAMPIR_ELUDE_A_02.WAV	no_english_script_key_audio_or_unmapped		
SOUND\DHAMPIR_ELUDE_A_03.WAV	no_english_script_key_audio_or_unmapped		
SOUND\DHAMPIR_HURT_A_01.WAV	no_english_script_key_audio_or_unmapped		
SOUND\DHAMPIR_HURT_A_02.WAV	no_english_script_key_audio_or_unmapped		
SOUND\DHAMPIR_HURT_A_03.WAV	no_english_script_key_audio_or_unmapped		
SOUND\DHAMPIR_HURT_A_04.WAV	no_english_script_key_audio_or_unmapped		
SOUND\DHAMPIR_HURT_A_05.WAV	no_english_script_key_audio_or_unmapped		
SOUND\DHAMPIR_HURT_A_06.WAV	no_english_script_key_audio_or_unmapped		
SOUND\DHAMPIR_KILL_A_01.WAV	no_english_script_key_audio_or_unmapped		
SOUND\DHAMPIR_KILL_A_02.WAV	no_english_script_key_audio_or_unmapped		
SOUND\DHAMPIR_KILL_A_03.WAV	no_english_script_key_audio_or_unmapped		
SOUND\DHAMPIR_KILL_A_04.WAV	no_english_script_key_audio_or_unmapped		
SOUND\DHAMPIR_TAUNT_A_01.WAV	no_english_script_key_audio_or_unmapped		
SOUND\DHAMPIR_TAUNT_A_02.WAV	no_english_script_key_audio_or_unmapped		
SOUND\DHAMPIR_TAUNT_A_03.WAV	no_english_script_key_audio_or_unmapped		
SOUND\DHAMPIR_TAUNT_A_04.WAV	no_english_script_key_audio_or_unmapped		
SOUND\DHAMPIRF_ATTACK_B_01.WAV	no_english_script_key_audio_or_unmapped		
SOUND\DHAMPIRF_ATTACK_B_02.WAV	no_english_script_key_audio_or_unmapped		
SOUND\DHAMPIRF_ATTACK_B_03.WAV	no_english_script_key_audio_or_unmapped		
SOUND\DHAMPIRF_ATTACK_B_05.WAV	no_english_script_key_audio_or_unmapped		
SOUND\DHAMPIRF_ATTACK_B_06.WAV	no_english_script_key_audio_or_unmapped		
SOUND\DHAMPIRF_ATTACK_B_07.WAV	no_english_script_key_audio_or_unmapped		
SOUND\DHAMPIRF_DIE_B_01.WAV	no_english_script_key_audio_or_unmapped		
SOUND\DHAMPIRF_DIE_B_02.WAV	no_english_script_key_audio_or_unmapped		
SOUND\DHAMPIRF_DIE_B_04.WAV	no_english_script_key_audio_or_unmapped		
SOUND\DHAMPIRF_DIE_B_05.WAV	no_english_script_key_audio_or_unmapped		
SOUND\DHAMPIRF_HURT_B_01.WAV	no_english_script_key_audio_or_unmapped		
SOUND\DHAMPIRF_HURT_B_02.WAV	no_english_script_key_audio_or_unmapped		
SOUND\DHAMPIRF_HURT_B_03.WAV	no_english_script_key_audio_or_unmapped		
SOUND\DHAMPIRF_HURT_B_04.WAV	no_english_script_key_audio_or_unmapped		
SOUND\DHAMPIRF_HURT_B_05.WAV	no_english_script_key_audio_or_unmapped		
SOUND\EPHEMER_HURT_1.WAV	no_english_script_key_audio_or_unmapped		
SOUND\EPHEMER_HURT_2.WAV	no_english_script_key_audio_or_unmapped		
SOUND\EPHEMER_HURT_3.WAV	no_english_script_key_audio_or_unmapped		
SOUND\EPHEMER_HURT_4.WAV	no_english_script_key_audio_or_unmapped		
SOUND\EPHEMER_HURT_5.WAV	no_english_script_key_audio_or_unmapped		
SOUND\EPHEMER_HURT_6.WAV	no_english_script_key_audio_or_unmapped		
SOUND\EPHEMER_HURT_7.WAV	no_english_script_key_audio_or_unmapped		
SOUND\EPHEMER_S_ATTACK_1.WAV	no_english_script_key_audio_or_unmapped		
SOUND\EPHEMER_S_ATTACK_2.WAV	no_english_script_key_audio_or_unmapped		
SOUND\EPHEMER_S_ATTACK_3.WAV	no_english_script_key_audio_or_unmapped		
SOUND\EPHEMER_TAKETHIS_1.WAV	no_english_script_key_audio_or_unmapped		
SOUND\EPHEMER_TAKETHIS_2.WAV	no_english_script_key_audio_or_unmapped		
SOUND\EPHEMER_TAKETHIS_3.WAV	no_english_script_key_audio_or_unmapped		
SOUND\EPHEMERA_ATTACK_1.WAV	no_english_script_key_audio_or_unmapped		
SOUND\EPHEMERA_ATTACK_2.WAV	no_english_script_key_audio_or_unmapped		
SOUND\EPHEMERA_ATTACK_3.WAV	no_english_script_key_audio_or_unmapped		
SOUND\EPHEMERA_ATTACK_4.WAV	no_english_script_key_audio_or_unmapped		
SOUND\EPHEMERA_ATTACK_5.WAV	no_english_script_key_audio_or_unmapped		
SOUND\EPUNK_ALERT_A_01.WAV	no_english_script_key_audio_or_unmapped		
SOUND\EPUNK_ALERT_A_02.WAV	no_english_script_key_audio_or_unmapped		
SOUND\EPUNK_ALERT_A_03.WAV	no_english_script_key_audio_or_unmapped		
SOUND\EPUNK_ALERT_A_04.WAV	no_english_script_key_audio_or_unmapped		
SOUND\EPUNK_ALERT_A_05.WAV	no_english_script_key_audio_or_unmapped		
SOUND\EPUNK_AMBIENT_A_01.WAV	no_english_script_key_audio_or_unmapped		
SOUND\EPUNK_AMBIENT_A_02.WAV	no_english_script_key_audio_or_unmapped		
SOUND\EPUNK_AMBIENT_A_03.WAV	no_english_script_key_audio_or_unmapped		
SOUND\EPUNK_AMBIENT_A_04.WAV	no_english_script_key_audio_or_unmapped		
SOUND\EPUNK_AMBIENT_A_05.WAV	no_english_script_key_audio_or_unmapped		
SOUND\EPUNK_ARM_A_01.WAV	no_english_script_key_audio_or_unmapped		
SOUND\EPUNK_ARM_A_02.WAV	no_english_script_key_audio_or_unmapped		
SOUND\EPUNK_ARM_A_03.WAV	no_english_script_key_audio_or_unmapped		
SOUND\EPUNK_ARM_A_04.WAV	no_english_script_key_audio_or_unmapped		
SOUND\EPUNK_ARM_A_05.WAV	no_english_script_key_audio_or_unmapped		
SOUND\EPUNK_ATTACK_A_01.WAV	no_english_script_key_audio_or_unmapped		
SOUND\EPUNK_ATTACK_A_02.WAV	no_english_script_key_audio_or_unmapped		
SOUND\EPUNK_ATTACK_A_03.WAV	no_english_script_key_audio_or_unmapped		
SOUND\EPUNK_ATTACK_A_04.WAV	no_english_script_key_audio_or_unmapped		
SOUND\EPUNK_ATTACK_A_05.WAV	no_english_script_key_audio_or_unmapped		
SOUND\EPUNK_ATTACK_A_06.WAV	no_english_script_key_audio_or_unmapped		
SOUND\EPUNK_ATTACK_A_07.WAV	no_english_script_key_audio_or_unmapped		
SOUND\EPUNK_ATTACK_A_08.WAV	no_english_script_key_audio_or_unmapped		
SOUND\EPUNK_ATTACK_A_09.WAV	no_english_script_key_audio_or_unmapped		
SOUND\EPUNK_ATTACKSUCCESS_A_01.WAV	no_english_script_key_audio_or_unmapped		
SOUND\EPUNK_ATTACKSUCCESS_A_02.WAV	no_english_script_key_audio_or_unmapped		
SOUND\EPUNK_ATTACKSUCCESS_A_03.WAV	no_english_script_key_audio_or_unmapped		
SOUND\EPUNK_ATTACKSUCCESS_A_04.WAV	no_english_script_key_audio_or_unmapped		
SOUND\EPUNK_ATTACKSUCCESS_A_05.WAV	no_english_script_key_audio_or_unmapped		
SOUND\EPUNK_ATTACKSUCCESS_A_06.WAV	no_english_script_key_audio_or_unmapped		
SOUND\EPUNK_ATTACKSUCCESS_A_07.WAV	no_english_script_key_audio_or_unmapped		
SOUND\EPUNK_ATTACKSUCCESS_A_08.WAV	no_english_script_key_audio_or_unmapped		
SOUND\EPUNK_DECAP_A_01.WAV	no_english_script_key_audio_or_unmapped		
SOUND\EPUNK_DECAP_A_02.WAV	no_english_script_key_audio_or_unmapped		
SOUND\EPUNK_DECAP_A_03.WAV	no_english_script_key_audio_or_unmapped		
SOUND\EPUNK_DIE_A_01.WAV	no_english_script_key_audio_or_unmapped		
SOUND\EPUNK_DIE_A_02.WAV	no_english_script_key_audio_or_unmapped		
SOUND\EPUNK_DIE_A_03.WAV	no_english_script_key_audio_or_unmapped		
SOUND\EPUNK_DIE_A_04.WAV	no_english_script_key_audio_or_unmapped		
SOUND\EPUNK_DIE_A_05.WAV	no_english_script_key_audio_or_unmapped		
SOUND\EPUNK_DIE_A_06.WAV	no_english_script_key_audio_or_unmapped		
SOUND\EPUNK_ELECTRIC_A_01.WAV	no_english_script_key_audio_or_unmapped		
SOUND\EPUNK_ELUDE_A_01.WAV	no_english_script_key_audio_or_unmapped		
SOUND\EPUNK_ELUDE_A_02.WAV	no_english_script_key_audio_or_unmapped		
SOUND\EPUNK_ELUDE_A_03.WAV	no_english_script_key_audio_or_unmapped		
SOUND\EPUNK_ELUDE_A_04.WAV	no_english_script_key_audio_or_unmapped		
SOUND\EPUNK_ELUDE_A_05.WAV	no_english_script_key_audio_or_unmapped		
SOUND\EPUNK_EQUIP_A_06.WAV	no_english_script_key_audio_or_unmapped		
SOUND\EPUNK_EQUIP_A_07.WAV	no_english_script_key_audio_or_unmapped		
SOUND\EPUNK_EQUIP_A_08.WAV	no_english_script_key_audio_or_unmapped		
SOUND\EPUNK_EQUIP_A_09.WAV	no_english_script_key_audio_or_unmapped		
SOUND\EPUNK_EQUIP_A_10.WAV	no_english_script_key_audio_or_unmapped		
SOUND\EPUNK_FEDON_A_01.WAV	no_english_script_key_audio_or_unmapped		
SOUND\EPUNK_FEDON_A_02.WAV	no_english_script_key_audio_or_unmapped		
SOUND\EPUNK_FEDON_A_03.WAV	no_english_script_key_audio_or_unmapped		
SOUND\EPUNK_FEDON_A_04.WAV	no_english_script_key_audio_or_unmapped		
SOUND\EPUNK_FEDON_A_06.WAV	no_english_script_key_audio_or_unmapped		
SOUND\EPUNK_FEDON_A_07.WAV	no_english_script_key_audio_or_unmapped		
SOUND\EPUNK_FIRE_A_01.WAV	no_english_script_key_audio_or_unmapped		
SOUND\EPUNK_FIRE_A_02.WAV	no_english_script_key_audio_or_unmapped		
SOUND\EPUNK_HARPOON_A_01.WAV	no_english_script_key_audio_or_unmapped		
SOUND\EPUNK_HARPOON_A_02.WAV	no_english_script_key_audio_or_unmapped		
SOUND\EPUNK_HARPOON_A_03.WAV	no_english_script_key_audio_or_unmapped		
SOUND\EPUNK_HARPOON_A_04.WAV	no_english_script_key_audio_or_unmapped		
SOUND\EPUNK_HARPOON_A_05.WAV	no_english_script_key_audio_or_unmapped		
SOUND\EPUNK_HARPOON_A_06.WAV	no_english_script_key_audio_or_unmapped		
SOUND\EPUNK_HURT_A_01.WAV	no_english_script_key_audio_or_unmapped		
SOUND\EPUNK_HURT_A_02.WAV	no_english_script_key_audio_or_unmapped		
SOUND\EPUNK_HURT_A_03.WAV	no_english_script_key_audio_or_unmapped		
SOUND\EPUNK_HURT_A_04.WAV	no_english_script_key_audio_or_unmapped		
SOUND\EPUNK_HURT_A_05.WAV	no_english_script_key_audio_or_unmapped		
SOUND\EPUNK_HURT_A_06.WAV	no_english_script_key_audio_or_unmapped		
SOUND\EPUNK_HURT_A_07.WAV	no_english_script_key_audio_or_unmapped		
SOUND\EPUNK_HURT_A_08.WAV	no_english_script_key_audio_or_unmapped		
SOUND\EPUNK_HURT_A_09.WAV	no_english_script_key_audio_or_unmapped		
SOUND\EPUNK_HURT_A_10.WAV	no_english_script_key_audio_or_unmapped		
SOUND\EPUNK_HURT_A_11.WAV	no_english_script_key_audio_or_unmapped		
SOUND\EPUNK_HURT_A_12.WAV	no_english_script_key_audio_or_unmapped		
SOUND\EPUNK_HURT_A_13.WAV	no_english_script_key_audio_or_unmapped		
SOUND\EPUNK_HURT_A_14.WAV	no_english_script_key_audio_or_unmapped		
SOUND\EPUNK_HURT_A_15.WAV	no_english_script_key_audio_or_unmapped		
SOUND\EPUNK_HURT_A_16.WAV	no_english_script_key_audio_or_unmapped		
SOUND\EPUNK_IMPALE_A_01.WAV	no_english_script_key_audio_or_unmapped		
SOUND\EPUNK_IMPALE_A_02.WAV	no_english_script_key_audio_or_unmapped		
SOUND\EPUNK_IMPALE_A_03.WAV	no_english_script_key_audio_or_unmapped		
SOUND\EPUNK_IMPALE_A_04.WAV	no_english_script_key_audio_or_unmapped		
SOUND\EPUNK_IMPALE_A_05.WAV	no_english_script_key_audio_or_unmapped		
SOUND\EPUNK_IMPALE_A_06.WAV	no_english_script_key_audio_or_unmapped		
SOUND\EPUNK_INWATER_A_01.WAV	no_english_script_key_audio_or_unmapped		
SOUND\EPUNK_INWATER_A_02.WAV	no_english_script_key_audio_or_unmapped		
SOUND\EPUNK_INWATER_A_03.WAV	no_english_script_key_audio_or_unmapped		
SOUND\EPUNK_KILL_A_01.WAV	no_english_script_key_audio_or_unmapped		
SOUND\EPUNK_KILL_A_02.WAV	no_english_script_key_audio_or_unmapped		
SOUND\EPUNK_KILL_A_03.WAV	no_english_script_key_audio_or_unmapped		
SOUND\EPUNK_KILL_A_04.WAV	no_english_script_key_audio_or_unmapped		
SOUND\EPUNK_LEG_A_03.WAV	no_english_script_key_audio_or_unmapped		
SOUND\EPUNK_LEG_A_04.WAV	no_english_script_key_audio_or_unmapped		
SOUND\EPUNK_LEG_A_05.WAV	no_english_script_key_audio_or_unmapped		
SOUND\EPUNK_LEG_A_06.WAV	no_english_script_key_audio_or_unmapped		
SOUND\EPUNK_RATS_A_01.WAV	no_english_script_key_audio_or_unmapped		
SOUND\EPUNK_RATS_A_02.WAV	no_english_script_key_audio_or_unmapped		
SOUND\EPUNK_RATS_A_03.WAV	no_english_script_key_audio_or_unmapped		
SOUND\EPUNK_RATS_A_04.WAV	no_english_script_key_audio_or_unmapped		
SOUND\EPUNK_RATS_A_05.WAV	no_english_script_key_audio_or_unmapped		
SOUND\EPUNK_RATS_A_06.WAV	no_english_script_key_audio_or_unmapped		
SOUND\EPUNK_SCARED_A_01.WAV	no_english_script_key_audio_or_unmapped		
SOUND\EPUNK_SCARED_A_02.WAV	no_english_script_key_audio_or_unmapped		
SOUND\EPUNK_SCARED_A_03.WAV	no_english_script_key_audio_or_unmapped		
SOUND\EPUNK_SCARED_A_04.WAV	no_english_script_key_audio_or_unmapped		
SOUND\EPUNK_TAUNT_A_01.WAV	no_english_script_key_audio_or_unmapped		
SOUND\EPUNK_TAUNT_A_02.WAV	no_english_script_key_audio_or_unmapped		
SOUND\EPUNK_TAUNT_A_03.WAV	no_english_script_key_audio_or_unmapped		
SOUND\EPUNK_TAUNT_A_04.WAV	no_english_script_key_audio_or_unmapped		
SOUND\EPUNK_TAUNT_A_05.WAV	no_english_script_key_audio_or_unmapped		
SOUND\EPUNK_TAUNT_A_06.WAV	no_english_script_key_audio_or_unmapped		
SOUND\EPUNK_THROWN_A_01.WAV	no_english_script_key_audio_or_unmapped		
SOUND\EPUNK_THROWN_A_02.WAV	no_english_script_key_audio_or_unmapped		
SOUND\EPUNKF_ALERT_A_01.WAV	no_english_script_key_audio_or_unmapped		
SOUND\EPUNKF_ALERT_A_02.WAV	no_english_script_key_audio_or_unmapped		
SOUND\EPUNKF_ALERT_A_03.WAV	no_english_script_key_audio_or_unmapped		
SOUND\EPUNKF_ALERT_A_04.WAV	no_english_script_key_audio_or_unmapped		
SOUND\EPUNKF_ALERT_A_05.WAV	no_english_script_key_audio_or_unmapped		
SOUND\EPUNKF_AMBIENT_A_01.WAV	no_english_script_key_audio_or_unmapped		
SOUND\EPUNKF_AMBIENT_A_02.WAV	no_english_script_key_audio_or_unmapped		
SOUND\EPUNKF_AMBIENT_A_03.WAV	no_english_script_key_audio_or_unmapped		
SOUND\EPUNKF_AMBIENT_A_04.WAV	no_english_script_key_audio_or_unmapped		
SOUND\EPUNKF_ARM_A_01.WAV	no_english_script_key_audio_or_unmapped		
SOUND\EPUNKF_ARM_A_02.WAV	no_english_script_key_audio_or_unmapped		
SOUND\EPUNKF_ARM_A_03.WAV	no_english_script_key_audio_or_unmapped		
SOUND\EPUNKF_ATTACK_A_01.WAV	no_english_script_key_audio_or_unmapped		
SOUND\EPUNKF_ATTACK_A_02.WAV	no_english_script_key_audio_or_unmapped		
SOUND\EPUNKF_ATTACK_A_03.WAV	no_english_script_key_audio_or_unmapped		
SOUND\EPUNKF_ATTACK_A_04.WAV	no_english_script_key_audio_or_unmapped		
SOUND\EPUNKF_ATTACK_A_05.WAV	no_english_script_key_audio_or_unmapped		
SOUND\EPUNKF_ATTACK_A_06.WAV	no_english_script_key_audio_or_unmapped		
SOUND\EPUNKF_ATTACKSUCCESS_A_01.WAV	no_english_script_key_audio_or_unmapped		
SOUND\EPUNKF_ATTACKSUCCESS_A_02.WAV	no_english_script_key_audio_or_unmapped		
SOUND\EPUNKF_ATTACKSUCCESS_A_03.WAV	no_english_script_key_audio_or_unmapped		
SOUND\EPUNKF_ATTACKSUCCESS_A_04.WAV	no_english_script_key_audio_or_unmapped		
SOUND\EPUNKF_DECAP_A_01.WAV	no_english_script_key_audio_or_unmapped		
SOUND\EPUNKF_DECAP_A_02.WAV	no_english_script_key_audio_or_unmapped		
SOUND\EPUNKF_DECAP_A_03.WAV	no_english_script_key_audio_or_unmapped		
SOUND\EPUNKF_DECAP_A_04.WAV	no_english_script_key_audio_or_unmapped		
SOUND\EPUNKF_DIE_A_01.WAV	no_english_script_key_audio_or_unmapped		
SOUND\EPUNKF_DIE_A_02.WAV	no_english_script_key_audio_or_unmapped		
SOUND\EPUNKF_DIE_A_03.WAV	no_english_script_key_audio_or_unmapped		
SOUND\EPUNKF_DIE_A_04.WAV	no_english_script_key_audio_or_unmapped		
SOUND\EPUNKF_DIE_A_05.WAV	no_english_script_key_audio_or_unmapped		
SOUND\EPUNKF_ELECTRIC_A_01.WAV	no_english_script_key_audio_or_unmapped		
SOUND\EPUNKF_ELECTRIC_A_02.WAV	no_english_script_key_audio_or_unmapped		
SOUND\EPUNKF_ELUDE_A_01.WAV	no_english_script_key_audio_or_unmapped		
SOUND\EPUNKF_ELUDE_A_02.WAV	no_english_script_key_audio_or_unmapped		
SOUND\EPUNKF_ELUDE_A_03.WAV	no_english_script_key_audio_or_unmapped		
SOUND\EPUNKF_EQUIP_A_01.WAV	no_english_script_key_audio_or_unmapped		
SOUND\EPUNKF_EQUIP_A_02.WAV	no_english_script_key_audio_or_unmapped		
SOUND\EPUNKF_EQUIP_A_03.WAV	no_english_script_key_audio_or_unmapped		
SOUND\EPUNKF_EQUIP_A_04.WAV	no_english_script_key_audio_or_unmapped		
SOUND\EPUNKF_EQUIP_A_05.WAV	no_english_script_key_audio_or_unmapped		
SOUND\EPUNKF_EQUIP_A_06.WAV	no_english_script_key_audio_or_unmapped		
SOUND\EPUNKF_EQUIP_A_07.WAV	no_english_script_key_audio_or_unmapped		
SOUND\EPUNKF_FEDON_A_01.WAV	no_english_script_key_audio_or_unmapped		
SOUND\EPUNKF_FEDON_A_02.WAV	no_english_script_key_audio_or_unmapped		
SOUND\EPUNKF_FEDON_A_03.WAV	no_english_script_key_audio_or_unmapped		
SOUND\EPUNKF_FEDON_A_04.WAV	no_english_script_key_audio_or_unmapped		
SOUND\EPUNKF_FEDON_A_05.WAV	no_english_script_key_audio_or_unmapped		
SOUND\EPUNKF_FEDON_A_06.WAV	no_english_script_key_audio_or_unmapped		
SOUND\EPUNKF_FEDON_A_07.WAV	no_english_script_key_audio_or_unmapped		
SOUND\EPUNKF_FEDON_A_08.WAV	no_english_script_key_audio_or_unmapped		
SOUND\EPUNKF_FEDON_A_09.WAV	no_english_script_key_audio_or_unmapped		
SOUND\EPUNKF_FIRE_A_01.WAV	no_english_script_key_audio_or_unmapped		
SOUND\EPUNKF_FIRE_A_02.WAV	no_english_script_key_audio_or_unmapped		
SOUND\EPUNKF_HARPOON_A_01.WAV	no_english_script_key_audio_or_unmapped		
SOUND\EPUNKF_HARPOON_A_02.WAV	no_english_script_key_audio_or_unmapped		
SOUND\EPUNKF_HARPOON_A_03.WAV	no_english_script_key_audio_or_unmapped		
SOUND\EPUNKF_HARPOON_A_04.WAV	no_english_script_key_audio_or_unmapped		
SOUND\EPUNKF_HURT_A_01.WAV	no_english_script_key_audio_or_unmapped		
SOUND\EPUNKF_HURT_A_02.WAV	no_english_script_key_audio_or_unmapped		
SOUND\EPUNKF_HURT_A_03.WAV	no_english_script_key_audio_or_unmapped		
SOUND\EPUNKF_HURT_A_04.WAV	no_english_script_key_audio_or_unmapped		
SOUND\EPUNKF_HURT_A_05.WAV	no_english_script_key_audio_or_unmapped		
SOUND\EPUNKF_HURT_A_06.WAV	no_english_script_key_audio_or_unmapped		
SOUND\EPUNKF_HURT_A_07.WAV	no_english_script_key_audio_or_unmapped		
SOUND\EPUNKF_HURT_A_08.WAV	no_english_script_key_audio_or_unmapped		
SOUND\EPUNKF_HURT_A_09.WAV	no_english_script_key_audio_or_unmapped		
SOUND\EPUNKF_HURT_A_10.WAV	no_english_script_key_audio_or_unmapped		
SOUND\EPUNKF_IMPALE_A_01.WAV	no_english_script_key_audio_or_unmapped		
SOUND\EPUNKF_IMPALE_A_02.WAV	no_english_script_key_audio_or_unmapped		
SOUND\EPUNKF_IMPALE_A_03.WAV	no_english_script_key_audio_or_unmapped		
SOUND\EPUNKF_IMPALE_A_04.WAV	no_english_script_key_audio_or_unmapped		
SOUND\EPUNKF_IMPALE_A_05.WAV	no_english_script_key_audio_or_unmapped		
SOUND\EPUNKF_IMPALE_A_06.WAV	no_english_script_key_audio_or_unmapped		
SOUND\EPUNKF_IMPALE_A_07.WAV	no_english_script_key_audio_or_unmapped		
SOUND\EPUNKF_INWATER_A_01.WAV	no_english_script_key_audio_or_unmapped		
SOUND\EPUNKF_INWATER_A_02.WAV	no_english_script_key_audio_or_unmapped		
SOUND\EPUNKF_KILL_A_01.WAV	no_english_script_key_audio_or_unmapped		
SOUND\EPUNKF_KILL_A_02.WAV	no_english_script_key_audio_or_unmapped		
SOUND\EPUNKF_KILL_A_03.WAV	no_english_script_key_audio_or_unmapped		
SOUND\EPUNKF_KILL_A_04.WAV	no_english_script_key_audio_or_unmapped		
SOUND\EPUNKF_KILL_A_05.WAV	no_english_script_key_audio_or_unmapped		
SOUND\EPUNKF_LEG_A_01.WAV	no_english_script_key_audio_or_unmapped		
SOUND\EPUNKF_LEG_A_02.WAV	no_english_script_key_audio_or_unmapped		
SOUND\EPUNKF_RATS_A_01.WAV	no_english_script_key_audio_or_unmapped		
SOUND\EPUNKF_RATS_A_02.WAV	no_english_script_key_audio_or_unmapped		
SOUND\EPUNKF_RATS_A_03.WAV	no_english_script_key_audio_or_unmapped		
SOUND\EPUNKF_RATS_A_04.WAV	no_english_script_key_audio_or_unmapped		
SOUND\EPUNKF_SCARED_A_01.WAV	no_english_script_key_audio_or_unmapped		
SOUND\EPUNKF_SCARED_A_02.WAV	no_english_script_key_audio_or_unmapped		
SOUND\EPUNKF_SCARED_A_03.WAV	no_english_script_key_audio_or_unmapped		
SOUND\EPUNKF_SCARED_A_04.WAV	no_english_script_key_audio_or_unmapped		
SOUND\EPUNKF_TAUNT_A_01.WAV	no_english_script_key_audio_or_unmapped		
SOUND\EPUNKF_TAUNT_A_02.WAV	no_english_script_key_audio_or_unmapped		
SOUND\EPUNKF_TAUNT_A_03.WAV	no_english_script_key_audio_or_unmapped		
SOUND\EPUNKF_TAUNT_A_04.WAV	no_english_script_key_audio_or_unmapped		
SOUND\EPUNKF_TAUNT_A_05.WAV	no_english_script_key_audio_or_unmapped		
SOUND\EPUNKF_TAUNT_A_06.WAV	no_english_script_key_audio_or_unmapped		
SOUND\EPUNKF_TAUNT_A_07.WAV	no_english_script_key_audio_or_unmapped		
SOUND\EPUNKF_THROWN_A_01.WAV	no_english_script_key_audio_or_unmapped		
SOUND\EPUNKF_THROWN_A_02.WAV	no_english_script_key_audio_or_unmapped		
SOUND\EPUNKF_THROWN_A_03.WAV	no_english_script_key_audio_or_unmapped		
SOUND\EPUNKF_THROWN_A_04.WAV	no_english_script_key_audio_or_unmapped		
SOUND\FERRIL_ATTACK_1.WAV	no_english_script_key_audio_or_unmapped		
SOUND\FERRIL_ATTACK_2.WAV	no_english_script_key_audio_or_unmapped		
SOUND\FERRIL_ATTACK_3.WAV	no_english_script_key_audio_or_unmapped		
SOUND\FERRIL_ATTACK_4.WAV	no_english_script_key_audio_or_unmapped		
SOUND\FERRIL_ATTACK_5.WAV	no_english_script_key_audio_or_unmapped		
SOUND\FERRIL_ATTACK_6.WAV	no_english_script_key_audio_or_unmapped		
SOUND\FERRIL_ATTACK_7.WAV	no_english_script_key_audio_or_unmapped		
SOUND\FERRIL_ATTACK_S_1.WAV	no_english_script_key_audio_or_unmapped		
SOUND\FERRIL_HURT_1.WAV	no_english_script_key_audio_or_unmapped		
SOUND\FERRIL_HURT_3.WAV	no_english_script_key_audio_or_unmapped		
SOUND\FERRIL_HURT_4.WAV	no_english_script_key_audio_or_unmapped		
SOUND\FERRIL_HURT_5.WAV	no_english_script_key_audio_or_unmapped		
SOUND\FOREMAN_AMBIENT_A_01.WAV	no_english_script_key_audio_or_unmapped		
SOUND\FOREMAN_AMBIENT_A_02.WAV	no_english_script_key_audio_or_unmapped		
SOUND\FOREMAN_AMBIENT_A_03.WAV	no_english_script_key_audio_or_unmapped		
SOUND\FOREMAN_AMBIENT_A_04.WAV	no_english_script_key_audio_or_unmapped		
SOUND\FOREMAN_ATTACK_A_01.WAV	no_english_script_key_audio_or_unmapped		
SOUND\FOREMAN_ATTACK_A_02.WAV	no_english_script_key_audio_or_unmapped		
SOUND\FOREMAN_ATTACK_A_03.WAV	no_english_script_key_audio_or_unmapped		
SOUND\FOREMAN_ATTACK_A_04.WAV	no_english_script_key_audio_or_unmapped		
SOUND\FOREMAN_DIE_A_01.WAV	no_english_script_key_audio_or_unmapped		
SOUND\FOREMAN_FOOT_A_01.WAV	no_english_script_key_audio_or_unmapped		
SOUND\FOREMAN_FOOT_A_02.WAV	no_english_script_key_audio_or_unmapped		
SOUND\FOREMAN_HURT_A_01.WAV	no_english_script_key_audio_or_unmapped		
SOUND\FOREMAN_HURT_A_02.WAV	no_english_script_key_audio_or_unmapped		
SOUND\FOREMAN_HURT_A_03.WAV	no_english_script_key_audio_or_unmapped		
SOUND\FOREMAN_TAUNT_A_01.WAV	no_english_script_key_audio_or_unmapped		
SOUND\FOREMAN_TAUNT_A_02.WAV	no_english_script_key_audio_or_unmapped		
SOUND\FOREMAN_TAUNT_A_03.WAV	no_english_script_key_audio_or_unmapped		
SOUND\FPUNK_ALERT_C_01.WAV	no_english_script_key_audio_or_unmapped		
SOUND\FPUNK_ALERT_C_02.WAV	no_english_script_key_audio_or_unmapped		
SOUND\FPUNK_ALERT_C_03.WAV	no_english_script_key_audio_or_unmapped		
SOUND\FPUNK_ALERT_C_04.WAV	no_english_script_key_audio_or_unmapped		
SOUND\FPUNK_ALERT_C_05.WAV	no_english_script_key_audio_or_unmapped		
SOUND\FPUNK_ALERT_C_06.WAV	no_english_script_key_audio_or_unmapped		
SOUND\FPUNK_ALERT_C_07.WAV	no_english_script_key_audio_or_unmapped		
SOUND\FPUNK_ALERT_C_08.WAV	no_english_script_key_audio_or_unmapped		
SOUND\FPUNK_ALERT_C_09.WAV	no_english_script_key_audio_or_unmapped		
SOUND\FPUNK_ALERT_C_10.WAV	no_english_script_key_audio_or_unmapped		
SOUND\FPUNK_ALERT_C_11.WAV	no_english_script_key_audio_or_unmapped		
SOUND\FPUNK_ALERT_C_13.WAV	no_english_script_key_audio_or_unmapped		
SOUND\FPUNK_ALERT_C_14.WAV	no_english_script_key_audio_or_unmapped		
SOUND\FPUNK_ALERT_C_15.WAV	script_captioned	WORLD\EN\A2_SEWER_1.TXT	WORLD\RU\A2_SEWER_1.TXT
SOUND\FPUNK_ALERT_C_16.WAV	no_english_script_key_audio_or_unmapped		
SOUND\FPUNK_ALERT_C_17.WAV	no_english_script_key_audio_or_unmapped		
SOUND\FPUNK_ALERT_C_18.WAV	no_english_script_key_audio_or_unmapped		
SOUND\FPUNK_ALERT_C_19.WAV	no_english_script_key_audio_or_unmapped		
SOUND\FPUNK_ALERT_C_20.WAV	no_english_script_key_audio_or_unmapped		
SOUND\FPUNK_ALERT_C_21.WAV	no_english_script_key_audio_or_unmapped		
SOUND\FPUNK_ALERT_C_22.WAV	no_english_script_key_audio_or_unmapped		
SOUND\FPUNK_ALERT_C_23.WAV	no_english_script_key_audio_or_unmapped		
SOUND\FPUNK_ALERT_C_24.WAV	no_english_script_key_audio_or_unmapped		
SOUND\FPUNK_ALERT_C_25.WAV	no_english_script_key_audio_or_unmapped		
SOUND\FPUNK_ALERT_C_26.WAV	no_english_script_key_audio_or_unmapped		
SOUND\FPUNK_ALERT_C_27.WAV	no_english_script_key_audio_or_unmapped		
SOUND\FPUNK_ALERT_C_28.WAV	no_english_script_key_audio_or_unmapped		
SOUND\FPUNK_ALERT_C_29.WAV	no_english_script_key_audio_or_unmapped		
SOUND\FPUNK_ALERT_C_30.WAV	no_english_script_key_audio_or_unmapped		
SOUND\FPUNK_ALERT_C_31.WAV	no_english_script_key_audio_or_unmapped		
SOUND\FPUNK_ALERT_C_32.WAV	no_english_script_key_audio_or_unmapped		
SOUND\FPUNK_ALERT_C_33.WAV	no_english_script_key_audio_or_unmapped		
SOUND\FPUNK_ALERT_C_34.WAV	no_english_script_key_audio_or_unmapped		
SOUND\FPUNK_ALERT_C_35.WAV	no_english_script_key_audio_or_unmapped		
SOUND\FPUNK_ALERT_C_36.WAV	no_english_script_key_audio_or_unmapped		
SOUND\FPUNK_ALERT_C_37.WAV	no_english_script_key_audio_or_unmapped		
SOUND\FPUNK_ALERT_C_38.WAV	no_english_script_key_audio_or_unmapped		
SOUND\FPUNK_ALERT_C_39.WAV	no_english_script_key_audio_or_unmapped		
SOUND\FPUNK_AMBIENT_B_01.WAV	no_english_script_key_audio_or_unmapped		
SOUND\FPUNK_AMBIENT_B_02.WAV	no_english_script_key_audio_or_unmapped		
SOUND\FPUNK_AMBIENT_B_03.WAV	no_english_script_key_audio_or_unmapped		
SOUND\FPUNK_AMBIENT_B_04.WAV	no_english_script_key_audio_or_unmapped		
SOUND\FPUNK_AMBIENT_B_05.WAV	no_english_script_key_audio_or_unmapped		
SOUND\FPUNK_AMBIENT_B_06.WAV	no_english_script_key_audio_or_unmapped		
SOUND\FPUNK_AMBIENT_C_01.WAV	no_english_script_key_audio_or_unmapped		
SOUND\FPUNK_AMBIENT_C_02.WAV	no_english_script_key_audio_or_unmapped		
SOUND\FPUNK_AMBIENT_C_03.WAV	no_english_script_key_audio_or_unmapped		
SOUND\FPUNK_AMBIENT_C_04.WAV	no_english_script_key_audio_or_unmapped		
SOUND\FPUNK_AMBIENT_C_05.WAV	no_english_script_key_audio_or_unmapped		
SOUND\FPUNK_AMBIENT_C_06.WAV	no_english_script_key_audio_or_unmapped		
SOUND\FPUNK_AMBIENT_C_07.WAV	no_english_script_key_audio_or_unmapped		
SOUND\FPUNK_AMBIENT_C_08.WAV	no_english_script_key_audio_or_unmapped		
SOUND\FPUNK_AMBIENT_C_09.WAV	no_english_script_key_audio_or_unmapped		
SOUND\FPUNK_AMBIENT_C_10.WAV	no_english_script_key_audio_or_unmapped		
SOUND\FPUNK_AMBIENT_C_11.WAV	no_english_script_key_audio_or_unmapped		
SOUND\FPUNK_AMBIENT_C_12.WAV	no_english_script_key_audio_or_unmapped		
SOUND\FPUNK_AMBIENT_C_13.WAV	no_english_script_key_audio_or_unmapped		
SOUND\FPUNK_AMBIENT_C_14.WAV	no_english_script_key_audio_or_unmapped		
SOUND\FPUNK_AMBIENT_C_15.WAV	no_english_script_key_audio_or_unmapped		
SOUND\FPUNK_AMBIENT_C_16.WAV	no_english_script_key_audio_or_unmapped		
SOUND\FPUNK_AMBIENT_C_17.WAV	no_english_script_key_audio_or_unmapped		
SOUND\FPUNK_AMBIENT_C_18.WAV	no_english_script_key_audio_or_unmapped		
SOUND\FPUNK_ARM_A_01.WAV	no_english_script_key_audio_or_unmapped		
SOUND\FPUNK_ARM_A_02.WAV	no_english_script_key_audio_or_unmapped		
SOUND\FPUNK_ARM_A_03.WAV	no_english_script_key_audio_or_unmapped		
SOUND\FPUNK_ARM_B_01.WAV	no_english_script_key_audio_or_unmapped		
SOUND\FPUNK_ARM_B_02.WAV	no_english_script_key_audio_or_unmapped		
SOUND\FPUNK_ARM_B_03.WAV	no_english_script_key_audio_or_unmapped		
SOUND\FPUNK_ARM_C_01.WAV	no_english_script_key_audio_or_unmapped		
SOUND\FPUNK_ARM_C_02.WAV	no_english_script_key_audio_or_unmapped		
SOUND\FPUNK_ARM_C_03.WAV	no_english_script_key_audio_or_unmapped		
SOUND\FPUNK_ARM_C_04.WAV	no_english_script_key_audio_or_unmapped		
SOUND\FPUNK_ARM_C_05.WAV	no_english_script_key_audio_or_unmapped		
SOUND\FPUNK_ATTACK_A_01.WAV	no_english_script_key_audio_or_unmapped		
SOUND\FPUNK_ATTACK_A_02.WAV	no_english_script_key_audio_or_unmapped		
SOUND\FPUNK_ATTACK_A_03.WAV	no_english_script_key_audio_or_unmapped		
SOUND\FPUNK_ATTACK_A_04.WAV	no_english_script_key_audio_or_unmapped		
SOUND\FPUNK_ATTACK_B_01.WAV	no_english_script_key_audio_or_unmapped		
SOUND\FPUNK_ATTACK_B_02.WAV	no_english_script_key_audio_or_unmapped		
SOUND\FPUNK_ATTACK_B_03.WAV	no_english_script_key_audio_or_unmapped		
SOUND\FPUNK_ATTACK_B_04.WAV	no_english_script_key_audio_or_unmapped		
SOUND\FPUNK_ATTACK_B_05.WAV	no_english_script_key_audio_or_unmapped		
SOUND\FPUNK_ATTACK_C_01.WAV	no_english_script_key_audio_or_unmapped		
SOUND\FPUNK_ATTACK_C_02.WAV	no_english_script_key_audio_or_unmapped		
SOUND\FPUNK_ATTACK_C_03.WAV	no_english_script_key_audio_or_unmapped		
SOUND\FPUNK_ATTACK_C_04.WAV	no_english_script_key_audio_or_unmapped		
SOUND\FPUNK_ATTACK_C_05.WAV	no_english_script_key_audio_or_unmapped		
SOUND\FPUNK_ATTACK_C_06.WAV	no_english_script_key_audio_or_unmapped		
SOUND\FPUNK_ATTACK_C_07.WAV	no_english_script_key_audio_or_unmapped		
SOUND\FPUNK_ATTACK_C_08.WAV	no_english_script_key_audio_or_unmapped		
SOUND\FPUNK_ATTACK_C_09.WAV	no_english_script_key_audio_or_unmapped		
SOUND\FPUNK_ATTACK_C_10.WAV	no_english_script_key_audio_or_unmapped		
SOUND\FPUNK_ATTACK_C_11.WAV	no_english_script_key_audio_or_unmapped		
SOUND\FPUNK_ATTACK_C_12.WAV	no_english_script_key_audio_or_unmapped		
SOUND\FPUNK_ATTACK_C_13.WAV	no_english_script_key_audio_or_unmapped		
SOUND\FPUNK_ATTACK_C_14.WAV	no_english_script_key_audio_or_unmapped		
SOUND\FPUNK_ATTACK_C_15.WAV	no_english_script_key_audio_or_unmapped		
SOUND\FPUNK_ATTACK_C_16.WAV	no_english_script_key_audio_or_unmapped		
SOUND\FPUNK_ATTACK_C_17.WAV	no_english_script_key_audio_or_unmapped		
SOUND\FPUNK_ATTACK_C_18.WAV	no_english_script_key_audio_or_unmapped		
SOUND\FPUNK_ATTACK_C_19.WAV	no_english_script_key_audio_or_unmapped		
SOUND\FPUNK_ATTACK_C_20.WAV	no_english_script_key_audio_or_unmapped		
SOUND\FPUNK_ATTACK_C_21.WAV	no_english_script_key_audio_or_unmapped		
SOUND\FPUNK_ATTACK_C_22.WAV	no_english_script_key_audio_or_unmapped		
SOUND\FPUNK_ATTACK_C_23.WAV	no_english_script_key_audio_or_unmapped		
SOUND\FPUNK_ATTACK_C_24.WAV	no_english_script_key_audio_or_unmapped		
SOUND\FPUNK_ATTACK_C_25.WAV	no_english_script_key_audio_or_unmapped		
SOUND\FPUNK_ATTACKSUCCESS_C_01.WAV	no_english_script_key_audio_or_unmapped		
SOUND\FPUNK_ATTACKSUCCESS_C_02.WAV	no_english_script_key_audio_or_unmapped		
SOUND\FPUNK_ATTACKSUCCESS_C_03.WAV	no_english_script_key_audio_or_unmapped		
SOUND\FPUNK_ATTACKSUCCESS_C_04.WAV	no_english_script_key_audio_or_unmapped		
SOUND\FPUNK_ATTACKSUCCESS_C_05.WAV	no_english_script_key_audio_or_unmapped		
SOUND\FPUNK_ATTACKSUCCESS_C_06.WAV	no_english_script_key_audio_or_unmapped		
SOUND\FPUNK_ATTACKSUCCESS_C_07.WAV	no_english_script_key_audio_or_unmapped		
SOUND\FPUNK_ATTACKSUCCESS_C_08.WAV	no_english_script_key_audio_or_unmapped		
SOUND\FPUNK_ATTACKSUCCESS_C_09.WAV	no_english_script_key_audio_or_unmapped		
SOUND\FPUNK_ATTACKSUCCESS_C_10.WAV	no_english_script_key_audio_or_unmapped		
SOUND\FPUNK_ATTACKSUCCESS_C_11.WAV	no_english_script_key_audio_or_unmapped		
SOUND\FPUNK_DECAP_A_01.WAV	no_english_script_key_audio_or_unmapped		
SOUND\FPUNK_DECAP_A_02.WAV	no_english_script_key_audio_or_unmapped		
SOUND\FPUNK_DECAP_A_03.WAV	no_english_script_key_audio_or_unmapped		
SOUND\FPUNK_DECAP_A_04.WAV	no_english_script_key_audio_or_unmapped		
SOUND\FPUNK_DECAP_B_01.WAV	no_english_script_key_audio_or_unmapped		
SOUND\FPUNK_DECAP_B_02.WAV	no_english_script_key_audio_or_unmapped		
SOUND\FPUNK_DECAP_C_01.WAV	no_english_script_key_audio_or_unmapped		
SOUND\FPUNK_DECAP_C_02.WAV	no_english_script_key_audio_or_unmapped		
SOUND\FPUNK_DECAP_C_03.WAV	no_english_script_key_audio_or_unmapped		
SOUND\FPUNK_DECAP_C_04.WAV	no_english_script_key_audio_or_unmapped		
SOUND\FPUNK_DECAP_C_05.WAV	no_english_script_key_audio_or_unmapped		
SOUND\FPUNK_DIE_A_01.WAV	no_english_script_key_audio_or_unmapped		
SOUND\FPUNK_DIE_A_02.WAV	no_english_script_key_audio_or_unmapped		
SOUND\FPUNK_DIE_A_03.WAV	no_english_script_key_audio_or_unmapped		
SOUND\FPUNK_DIE_A_04.WAV	no_english_script_key_audio_or_unmapped		
SOUND\FPUNK_DIE_A_05.WAV	no_english_script_key_audio_or_unmapped		
SOUND\FPUNK_DIE_B_01.WAV	no_english_script_key_audio_or_unmapped		
SOUND\FPUNK_DIE_B_02.WAV	no_english_script_key_audio_or_unmapped		WORLD\RU\A4_PARK_2.TXT
SOUND\FPUNK_DIE_B_03.WAV	no_english_script_key_audio_or_unmapped		
SOUND\FPUNK_DIE_B_04.WAV	no_english_script_key_audio_or_unmapped		WORLD\RU\A4_PARK_2.TXT
SOUND\FPUNK_DIE_C_01.WAV	no_english_script_key_audio_or_unmapped		
SOUND\FPUNK_DIE_C_02.WAV	no_english_script_key_audio_or_unmapped		
SOUND\FPUNK_DIE_C_03.WAV	no_english_script_key_audio_or_unmapped		
SOUND\FPUNK_DIE_C_04.WAV	no_english_script_key_audio_or_unmapped		
SOUND\FPUNK_DIE_C_05.WAV	no_english_script_key_audio_or_unmapped		
SOUND\FPUNK_DIE_C_06.WAV	no_english_script_key_audio_or_unmapped		
SOUND\FPUNK_DIE_C_07.WAV	no_english_script_key_audio_or_unmapped		
SOUND\FPUNK_DIE_C_08.WAV	no_english_script_key_audio_or_unmapped		
SOUND\FPUNK_ELECTRIC_B_01.WAV	no_english_script_key_audio_or_unmapped		
SOUND\FPUNK_ELECTRIC_B_02.WAV	no_english_script_key_audio_or_unmapped		
SOUND\FPUNK_ELECTRIC_B_03.WAV	no_english_script_key_audio_or_unmapped		
SOUND\FPUNK_ELECTRIC_C_01.WAV	no_english_script_key_audio_or_unmapped		
SOUND\FPUNK_ELECTRIC_C_02.WAV	no_english_script_key_audio_or_unmapped		
SOUND\FPUNK_ELUDE_C_01.WAV	no_english_script_key_audio_or_unmapped		
SOUND\FPUNK_ELUDE_C_02.WAV	no_english_script_key_audio_or_unmapped		
SOUND\FPUNK_ELUDE_C_03.WAV	no_english_script_key_audio_or_unmapped		
SOUND\FPUNK_ELUDE_C_04.WAV	no_english_script_key_audio_or_unmapped		
SOUND\FPUNK_ELUDE_C_05.WAV	no_english_script_key_audio_or_unmapped		
SOUND\FPUNK_ELUDE_C_06.WAV	no_english_script_key_audio_or_unmapped		
SOUND\FPUNK_ELUDE_C_07.WAV	no_english_script_key_audio_or_unmapped		
SOUND\FPUNK_ELUDE_C_08.WAV	no_english_script_key_audio_or_unmapped		
SOUND\FPUNK_ELUDE_C_09.WAV	no_english_script_key_audio_or_unmapped		
SOUND\FPUNK_ELUDE_C_10.WAV	no_english_script_key_audio_or_unmapped		
SOUND\FPUNK_EQUIP_C_01.WAV	no_english_script_key_audio_or_unmapped		
SOUND\FPUNK_EQUIP_C_02.WAV	no_english_script_key_audio_or_unmapped		
SOUND\FPUNK_EQUIP_C_03.WAV	no_english_script_key_audio_or_unmapped		
SOUND\FPUNK_EQUIP_C_04.WAV	no_english_script_key_audio_or_unmapped		
SOUND\FPUNK_EQUIP_C_05.WAV	no_english_script_key_audio_or_unmapped		
SOUND\FPUNK_EQUIP_C_06.WAV	no_english_script_key_audio_or_unmapped		
SOUND\FPUNK_FALL_B_01.WAV	no_english_script_key_audio_or_unmapped		
SOUND\FPUNK_FALL_B_02.WAV	no_english_script_key_audio_or_unmapped		
SOUND\FPUNK_FALL_B_03.WAV	no_english_script_key_audio_or_unmapped		
SOUND\FPUNK_FALL_B_04.WAV	no_english_script_key_audio_or_unmapped		
SOUND\FPUNK_FALL_B_05.WAV	no_english_script_key_audio_or_unmapped		
SOUND\FPUNK_FALL_C_01.WAV	no_english_script_key_audio_or_unmapped		
SOUND\FPUNK_FALL_C_02.WAV	no_english_script_key_audio_or_unmapped		
SOUND\FPUNK_FALL_C_03.WAV	no_english_script_key_audio_or_unmapped		
SOUND\FPUNK_FEDON_A_01.WAV	no_english_script_key_audio_or_unmapped		
SOUND\FPUNK_FEDON_A_03.WAV	no_english_script_key_audio_or_unmapped		
SOUND\FPUNK_FEDON_A_04.WAV	no_english_script_key_audio_or_unmapped		
SOUND\FPUNK_FEDON_B_01.WAV	no_english_script_key_audio_or_unmapped		
SOUND\FPUNK_FEDON_B_02.WAV	no_english_script_key_audio_or_unmapped		
SOUND\FPUNK_FEDON_B_03.WAV	no_english_script_key_audio_or_unmapped		
SOUND\FPUNK_FEDON_B_04.WAV	no_english_script_key_audio_or_unmapped		
SOUND\FPUNK_FEDON_B_05.WAV	no_english_script_key_audio_or_unmapped		
SOUND\FPUNK_FEDON_B_06.WAV	no_english_script_key_audio_or_unmapped		
SOUND\FPUNK_FEDON_B_07.WAV	no_english_script_key_audio_or_unmapped		
SOUND\FPUNK_FEDON_B_08.WAV	no_english_script_key_audio_or_unmapped		
SOUND\FPUNK_FEDON_B_09.WAV	no_english_script_key_audio_or_unmapped		
SOUND\FPUNK_FEDON_C_01.WAV	no_english_script_key_audio_or_unmapped		
SOUND\FPUNK_FEDON_C_02.WAV	no_english_script_key_audio_or_unmapped		
SOUND\FPUNK_FEDON_C_03.WAV	no_english_script_key_audio_or_unmapped		
SOUND\FPUNK_FEDON_C_04.WAV	no_english_script_key_audio_or_unmapped		
SOUND\FPUNK_FEDON_C_05.WAV	no_english_script_key_audio_or_unmapped		
SOUND\FPUNK_FEDON_C_06.WAV	no_english_script_key_audio_or_unmapped		
SOUND\FPUNK_FIRE_B_01.WAV	no_english_script_key_audio_or_unmapped		
SOUND\FPUNK_FIRE_B_02.WAV	no_english_script_key_audio_or_unmapped		
SOUND\FPUNK_FIRE_B_03.WAV	no_english_script_key_audio_or_unmapped		
SOUND\FPUNK_FIRE_B_04.WAV	no_english_script_key_audio_or_unmapped		
SOUND\FPUNK_FIRE_C_01.WAV	no_english_script_key_audio_or_unmapped		
SOUND\FPUNK_FIRE_C_02.WAV	no_english_script_key_audio_or_unmapped		
SOUND\FPUNK_HARPOON_B_01.WAV	no_english_script_key_audio_or_unmapped		
SOUND\FPUNK_HARPOON_B_02.WAV	no_english_script_key_audio_or_unmapped		
SOUND\FPUNK_HARPOON_B_03.WAV	no_english_script_key_audio_or_unmapped		
SOUND\FPUNK_HARPOON_B_04.WAV	no_english_script_key_audio_or_unmapped		
SOUND\FPUNK_HARPOON_C_01.WAV	no_english_script_key_audio_or_unmapped		
SOUND\FPUNK_HARPOON_C_02.WAV	no_english_script_key_audio_or_unmapped		
SOUND\FPUNK_HARPOON_C_03.WAV	no_english_script_key_audio_or_unmapped		
SOUND\FPUNK_HARPOON_C_04.WAV	no_english_script_key_audio_or_unmapped		
SOUND\FPUNK_HARPOON_C_05.WAV	no_english_script_key_audio_or_unmapped		
SOUND\FPUNK_HURT_A_01.WAV	no_english_script_key_audio_or_unmapped		
SOUND\FPUNK_HURT_A_02.WAV	no_english_script_key_audio_or_unmapped		
SOUND\FPUNK_HURT_A_03.WAV	no_english_script_key_audio_or_unmapped		
SOUND\FPUNK_HURT_A_04.WAV	no_english_script_key_audio_or_unmapped		
SOUND\FPUNK_HURT_A_05.WAV	no_english_script_key_audio_or_unmapped		
SOUND\FPUNK_HURT_B_01.WAV	no_english_script_key_audio_or_unmapped		
SOUND\FPUNK_HURT_B_02.WAV	no_english_script_key_audio_or_unmapped		
SOUND\FPUNK_HURT_B_03.WAV	no_english_script_key_audio_or_unmapped		
SOUND\FPUNK_HURT_B_04.WAV	no_english_script_key_audio_or_unmapped		
SOUND\FPUNK_HURT_B_05.WAV	no_english_script_key_audio_or_unmapped		
SOUND\FPUNK_HURT_B_06.WAV	no_english_script_key_audio_or_unmapped		
SOUND\FPUNK_HURT_B_07.WAV	no_english_script_key_audio_or_unmapped		
SOUND\FPUNK_HURT_B_08.WAV	no_english_script_key_audio_or_unmapped		
SOUND\FPUNK_HURT_B_09.WAV	no_english_script_key_audio_or_unmapped		
SOUND\FPUNK_HURT_B_10.WAV	no_english_script_key_audio_or_unmapped		
SOUND\FPUNK_HURT_C_01.WAV	no_english_script_key_audio_or_unmapped		
SOUND\FPUNK_HURT_C_02.WAV	no_english_script_key_audio_or_unmapped		
SOUND\FPUNK_HURT_C_03.WAV	no_english_script_key_audio_or_unmapped		
SOUND\FPUNK_HURT_C_04.WAV	no_english_script_key_audio_or_unmapped		
SOUND\FPUNK_HURT_C_06.WAV	no_english_script_key_audio_or_unmapped		
SOUND\FPUNK_HURT_C_07.WAV	no_english_script_key_audio_or_unmapped		
SOUND\FPUNK_HURT_C_08.WAV	no_english_script_key_audio_or_unmapped		
SOUND\FPUNK_HURT_C_09.WAV	no_english_script_key_audio_or_unmapped		
SOUND\FPUNK_HURT_C_10.WAV	no_english_script_key_audio_or_unmapped		
SOUND\FPUNK_HURT_C_11.WAV	no_english_script_key_audio_or_unmapped		
SOUND\FPUNK_HURT_C_12.WAV	no_english_script_key_audio_or_unmapped		
SOUND\FPUNK_HURT_C_13.WAV	no_english_script_key_audio_or_unmapped		
SOUND\FPUNK_HURT_C_14.WAV	no_english_script_key_audio_or_unmapped		
SOUND\FPUNK_HURT_C_15.WAV	no_english_script_key_audio_or_unmapped		
SOUND\FPUNK_HURT_C_16.WAV	no_english_script_key_audio_or_unmapped		
SOUND\FPUNK_HURT_C_17.WAV	no_english_script_key_audio_or_unmapped		
SOUND\FPUNK_HURT_C_18.WAV	no_english_script_key_audio_or_unmapped		
SOUND\FPUNK_HURT_C_19.WAV	no_english_script_key_audio_or_unmapped		
SOUND\FPUNK_HURT_C_20.WAV	no_english_script_key_audio_or_unmapped		
SOUND\FPUNK_HURT_C_21.WAV	no_english_script_key_audio_or_unmapped		
SOUND\FPUNK_HURT_C_22.WAV	no_english_script_key_audio_or_unmapped		
SOUND\FPUNK_HURT_C_23.WAV	no_english_script_key_audio_or_unmapped		
SOUND\FPUNK_HURT_C_24.WAV	no_english_script_key_audio_or_unmapped		
SOUND\FPUNK_HURT_C_25.WAV	no_english_script_key_audio_or_unmapped		
SOUND\FPUNK_HURT_C_26.WAV	no_english_script_key_audio_or_unmapped		
SOUND\FPUNK_HURT_C_27.WAV	no_english_script_key_audio_or_unmapped		
SOUND\FPUNK_HURT_C_28.WAV	no_english_script_key_audio_or_unmapped		
SOUND\FPUNK_HURT_C_29.WAV	no_english_script_key_audio_or_unmapped		
SOUND\FPUNK_HURT_C_30.WAV	no_english_script_key_audio_or_unmapped		
SOUND\FPUNK_HURT_C_31.WAV	no_english_script_key_audio_or_unmapped		
SOUND\FPUNK_HURT_C_32.WAV	no_english_script_key_audio_or_unmapped		
SOUND\FPUNK_HURT_C_33.WAV	no_english_script_key_audio_or_unmapped		
SOUND\FPUNK_HURT_C_34.WAV	no_english_script_key_audio_or_unmapped		
SOUND\FPUNK_HURT_C_35.WAV	no_english_script_key_audio_or_unmapped		
SOUND\FPUNK_HURT_C_36.WAV	no_english_script_key_audio_or_unmapped		
SOUND\FPUNK_HURT_C_37.WAV	no_english_script_key_audio_or_unmapped		
SOUND\FPUNK_HURT_C_38.WAV	no_english_script_key_audio_or_unmapped		
SOUND\FPUNK_HURT_C_39.WAV	no_english_script_key_audio_or_unmapped		
SOUND\FPUNK_HURT_C_40.WAV	no_english_script_key_audio_or_unmapped		
SOUND\FPUNK_HURT_C_41.WAV	no_english_script_key_audio_or_unmapped		
SOUND\FPUNK_HURT_C_42.WAV	no_english_script_key_audio_or_unmapped		
SOUND\FPUNK_HURT_C_43.WAV	no_english_script_key_audio_or_unmapped		
SOUND\FPUNK_HURT_C_44.WAV	no_english_script_key_audio_or_unmapped		
SOUND\FPUNK_HURT_C_45.WAV	no_english_script_key_audio_or_unmapped		
SOUND\FPUNK_HURT_C_46.WAV	no_english_script_key_audio_or_unmapped		
SOUND\FPUNK_HURT_C_47.WAV	no_english_script_key_audio_or_unmapped		
SOUND\FPUNK_HURT_C_48.WAV	no_english_script_key_audio_or_unmapped		
SOUND\FPUNK_HURT_C_49.WAV	no_english_script_key_audio_or_unmapped		
SOUND\FPUNK_HURT_C_50.WAV	no_english_script_key_audio_or_unmapped		
SOUND\FPUNK_HURT_C_51.WAV	no_english_script_key_audio_or_unmapped		
SOUND\FPUNK_HURT_C_52.WAV	no_english_script_key_audio_or_unmapped		
SOUND\FPUNK_HURT_C_53.WAV	no_english_script_key_audio_or_unmapped		
SOUND\FPUNK_HURT_C_54.WAV	no_english_script_key_audio_or_unmapped		
SOUND\FPUNK_HURT_C_55.WAV	no_english_script_key_audio_or_unmapped		
SOUND\FPUNK_HURT_C_56.WAV	no_english_script_key_audio_or_unmapped		
SOUND\FPUNK_HURT_C_57.WAV	no_english_script_key_audio_or_unmapped		
SOUND\FPUNK_HURT_C_58.WAV	no_english_script_key_audio_or_unmapped		
SOUND\FPUNK_HURT_C_59.WAV	no_english_script_key_audio_or_unmapped		
SOUND\FPUNK_HURT_C_60.WAV	no_english_script_key_audio_or_unmapped		
SOUND\FPUNK_HURT_C_61.WAV	no_english_script_key_audio_or_unmapped		
SOUND\FPUNK_HURT_C_65.WAV	no_english_script_key_audio_or_unmapped		
SOUND\FPUNK_HURT_C_66.WAV	no_english_script_key_audio_or_unmapped		
SOUND\FPUNK_IMPALE_A_01.WAV	no_english_script_key_audio_or_unmapped		
SOUND\FPUNK_IMPALE_A_02.WAV	no_english_script_key_audio_or_unmapped		
SOUND\FPUNK_IMPALE_B_01.WAV	no_english_script_key_audio_or_unmapped		
SOUND\FPUNK_IMPALE_B_02.WAV	no_english_script_key_audio_or_unmapped		
SOUND\FPUNK_IMPALE_B_03.WAV	no_english_script_key_audio_or_unmapped		
SOUND\FPUNK_IMPALE_B_04.WAV	no_english_script_key_audio_or_unmapped		
SOUND\FPUNK_KILL_C_01.WAV	no_english_script_key_audio_or_unmapped		
SOUND\FPUNK_KILL_C_02.WAV	no_english_script_key_audio_or_unmapped		
SOUND\FPUNK_KILL_C_03.WAV	no_english_script_key_audio_or_unmapped		
SOUND\FPUNK_KILL_C_04.WAV	no_english_script_key_audio_or_unmapped		
SOUND\FPUNK_KILL_C_05.WAV	no_english_script_key_audio_or_unmapped		
SOUND\FPUNK_KILL_C_06.WAV	no_english_script_key_audio_or_unmapped		
SOUND\FPUNK_KILL_C_07.WAV	no_english_script_key_audio_or_unmapped		
SOUND\FPUNK_KILL_C_08.WAV	no_english_script_key_audio_or_unmapped		
SOUND\FPUNK_KILL_C_09.WAV	no_english_script_key_audio_or_unmapped		
SOUND\FPUNK_KILL_C_10.WAV	no_english_script_key_audio_or_unmapped		
SOUND\FPUNK_KILL_C_11.WAV	no_english_script_key_audio_or_unmapped		
SOUND\FPUNK_KILL_C_12.WAV	no_english_script_key_audio_or_unmapped		
SOUND\FPUNK_KILL_C_13.WAV	no_english_script_key_audio_or_unmapped		
SOUND\FPUNK_KILL_C_14.WAV	no_english_script_key_audio_or_unmapped		
SOUND\FPUNK_LEG_A_01.WAV	no_english_script_key_audio_or_unmapped		
SOUND\FPUNK_LEG_A_02.WAV	no_english_script_key_audio_or_unmapped		
SOUND\FPUNK_LEG_A_03.WAV	no_english_script_key_audio_or_unmapped		
SOUND\FPUNK_LEG_A_04.WAV	no_english_script_key_audio_or_unmapped		
SOUND\FPUNK_LEG_B_01.WAV	no_english_script_key_audio_or_unmapped		
SOUND\FPUNK_LEG_B_02.WAV	no_english_script_key_audio_or_unmapped		
SOUND\FPUNK_LEG_B_03.WAV	no_english_script_key_audio_or_unmapped		
SOUND\FPUNK_LEG_C_01.WAV	no_english_script_key_audio_or_unmapped		
SOUND\FPUNK_LEG_C_02.WAV	no_english_script_key_audio_or_unmapped		
SOUND\FPUNK_LEG_C_03.WAV	no_english_script_key_audio_or_unmapped		
SOUND\FPUNK_OIL_B_01.WAV	no_english_script_key_audio_or_unmapped		
SOUND\FPUNK_RAT_C_01.WAV	no_english_script_key_audio_or_unmapped		
SOUND\FPUNK_RAT_C_02.WAV	no_english_script_key_audio_or_unmapped		
SOUND\FPUNK_RAT_C_03.WAV	no_english_script_key_audio_or_unmapped		
SOUND\FPUNK_RAT_C_04.WAV	no_english_script_key_audio_or_unmapped		
SOUND\FPUNK_RAT_C_05.WAV	no_english_script_key_audio_or_unmapped		
SOUND\FPUNK_RAT_C_06.WAV	no_english_script_key_audio_or_unmapped		
SOUND\FPUNK_RAT_C_07.WAV	no_english_script_key_audio_or_unmapped		
SOUND\FPUNK_RATS_B_01.WAV	no_english_script_key_audio_or_unmapped		
SOUND\FPUNK_RATS_B_02.WAV	no_english_script_key_audio_or_unmapped		
SOUND\FPUNK_RATS_B_03.WAV	no_english_script_key_audio_or_unmapped		
SOUND\FPUNK_RATS_B_04.WAV	no_english_script_key_audio_or_unmapped		
SOUND\FPUNK_SCARED_A_01.WAV	no_english_script_key_audio_or_unmapped		
SOUND\FPUNK_SCARED_A_02.WAV	no_english_script_key_audio_or_unmapped		
SOUND\FPUNK_SCARED_B_01.WAV	no_english_script_key_audio_or_unmapped		
SOUND\FPUNK_SCARED_B_02.WAV	no_english_script_key_audio_or_unmapped		
SOUND\FPUNK_SCARED_B_03.WAV	no_english_script_key_audio_or_unmapped		
SOUND\FPUNK_SCARED_C_01.WAV	no_english_script_key_audio_or_unmapped		
SOUND\FPUNK_SCARED_C_02.WAV	no_english_script_key_audio_or_unmapped		
SOUND\FPUNK_SCARED_C_03.WAV	no_english_script_key_audio_or_unmapped		
SOUND\FPUNK_SCARED_C_04.WAV	no_english_script_key_audio_or_unmapped		
SOUND\FPUNK_SCARED_C_05.WAV	no_english_script_key_audio_or_unmapped		
SOUND\FPUNK_SCARED_C_06.WAV	no_english_script_key_audio_or_unmapped		
SOUND\FPUNK_SCARED_C_07.WAV	no_english_script_key_audio_or_unmapped		
SOUND\FPUNK_SCARED_C_08.WAV	no_english_script_key_audio_or_unmapped		
SOUND\FPUNK_SCARED_C_09.WAV	no_english_script_key_audio_or_unmapped		
SOUND\FPUNK_SCARED_C_10.WAV	no_english_script_key_audio_or_unmapped		
SOUND\FPUNK_SCARED_C_11.WAV	no_english_script_key_audio_or_unmapped		
SOUND\FPUNK_SCARED_C_12.WAV	no_english_script_key_audio_or_unmapped		
SOUND\FPUNK_SCARED_C_13.WAV	no_english_script_key_audio_or_unmapped		
SOUND\FPUNK_SCARED_C_14.WAV	no_english_script_key_audio_or_unmapped		
SOUND\FPUNK_SCARED_C_15.WAV	no_english_script_key_audio_or_unmapped		
SOUND\FPUNK_SPEAR_C_01.WAV	no_english_script_key_audio_or_unmapped		
SOUND\FPUNK_SPEAR_C_02.WAV	no_english_script_key_audio_or_unmapped		
SOUND\FPUNK_SPEAR_C_03.WAV	no_english_script_key_audio_or_unmapped		
SOUND\FPUNK_TAUNT_B_01.WAV	no_english_script_key_audio_or_unmapped		
SOUND\FPUNK_TAUNT_B_02.WAV	no_english_script_key_audio_or_unmapped		
SOUND\FPUNK_TAUNT_B_03.WAV	no_english_script_key_audio_or_unmapped		
SOUND\FPUNK_TAUNT_B_04.WAV	no_english_script_key_audio_or_unmapped		
SOUND\FPUNK_TAUNT_B_05.WAV	no_english_script_key_audio_or_unmapped		
SOUND\FPUNK_TAUNT_B_06.WAV	no_english_script_key_audio_or_unmapped		
SOUND\FPUNK_TAUNT_B_07.WAV	no_english_script_key_audio_or_unmapped		
SOUND\FPUNK_TAUNT_B_08.WAV	no_english_script_key_audio_or_unmapped		
SOUND\FPUNK_TAUNT_C_01.WAV	no_english_script_key_audio_or_unmapped		
SOUND\FPUNK_TAUNT_C_02.WAV	no_english_script_key_audio_or_unmapped		
SOUND\FPUNK_TAUNT_C_03.WAV	no_english_script_key_audio_or_unmapped		
SOUND\FPUNK_TAUNT_C_05.WAV	no_english_script_key_audio_or_unmapped		
SOUND\FPUNK_TAUNT_C_06.WAV	no_english_script_key_audio_or_unmapped		
SOUND\FPUNK_TAUNT_C_07.WAV	no_english_script_key_audio_or_unmapped		
SOUND\FPUNK_TAUNT_C_08.WAV	no_english_script_key_audio_or_unmapped		
SOUND\FPUNK_TAUNT_C_09.WAV	no_english_script_key_audio_or_unmapped		
SOUND\FPUNK_TAUNT_C_1.WAV	no_english_script_key_audio_or_unmapped		
SOUND\FPUNK_TAUNT_C_10.WAV	no_english_script_key_audio_or_unmapped		
SOUND\FPUNK_TAUNT_C_11.WAV	no_english_script_key_audio_or_unmapped		
SOUND\FPUNK_TAUNT_C_12.WAV	no_english_script_key_audio_or_unmapped		
SOUND\FPUNK_TAUNT_C_13.WAV	no_english_script_key_audio_or_unmapped		
SOUND\FPUNK_TAUNT_C_3.WAV	no_english_script_key_audio_or_unmapped		
SOUND\FPUNK_TAUNT_C_5.WAV	no_english_script_key_audio_or_unmapped		
SOUND\FPUNK_TAUNT_C_6.WAV	no_english_script_key_audio_or_unmapped		
SOUND\FPUNK_TAUNT_C_7.WAV	no_english_script_key_audio_or_unmapped		
SOUND\FPUNK_TAUNT_C_8.WAV	no_english_script_key_audio_or_unmapped		
SOUND\FPUNK_TAUNTS_C_01.WAV	no_english_script_key_audio_or_unmapped		
SOUND\FPUNK_TAUNTS_C_02.WAV	no_english_script_key_audio_or_unmapped		
SOUND\FPUNK_TAUNTS_C_03.WAV	no_english_script_key_audio_or_unmapped		
SOUND\FPUNK_TAUNTS_C_04.WAV	no_english_script_key_audio_or_unmapped		
SOUND\FPUNK_TAUNTS_C_05.WAV	no_english_script_key_audio_or_unmapped		
SOUND\FPUNK_TAUNTS_C_06.WAV	no_english_script_key_audio_or_unmapped		
SOUND\FPUNK_TAUNTS_C_07.WAV	no_english_script_key_audio_or_unmapped		
SOUND\FPUNK_TAUNTS_C_08.WAV	no_english_script_key_audio_or_unmapped		
SOUND\FPUNK_TAUNTS_C_09.WAV	no_english_script_key_audio_or_unmapped		
SOUND\FPUNK_TAUNTS_C_10.WAV	no_english_script_key_audio_or_unmapped		
SOUND\FPUNK_TAUNTS_C_12.WAV	no_english_script_key_audio_or_unmapped		
SOUND\FPUNK_THROWN_A_01.WAV	no_english_script_key_audio_or_unmapped		
SOUND\FPUNK_THROWN_A_02.WAV	no_english_script_key_audio_or_unmapped		
SOUND\FPUNK_THROWN_B_01.WAV	no_english_script_key_audio_or_unmapped		
SOUND\FPUNK_THROWN_B_02.WAV	no_english_script_key_audio_or_unmapped		
SOUND\FPUNK_THROWN_C_01.WAV	no_english_script_key_audio_or_unmapped		
SOUND\FPUNK_THROWN_C_02.WAV	no_english_script_key_audio_or_unmapped		
SOUND\FPUNK_THROWN_C_03.WAV	no_english_script_key_audio_or_unmapped		
SOUND\FPUNKF_ARM_A_01.WAV	no_english_script_key_audio_or_unmapped		
SOUND\FPUNKF_ARM_A_02.WAV	no_english_script_key_audio_or_unmapped		
SOUND\FPUNKF_ARM_B_01.WAV	no_english_script_key_audio_or_unmapped		
SOUND\FPUNKF_ARM_B_02.WAV	no_english_script_key_audio_or_unmapped		
SOUND\FPUNKF_ARM_B_03.WAV	no_english_script_key_audio_or_unmapped		
SOUND\FPUNKF_ARM_B_04.WAV	no_english_script_key_audio_or_unmapped		
SOUND\FPUNKF_ARM_B_05.WAV	no_english_script_key_audio_or_unmapped		
SOUND\FPUNKF_ARM_B_06.WAV	no_english_script_key_audio_or_unmapped		
SOUND\FPUNKF_ATTACK_A_01.WAV	no_english_script_key_audio_or_unmapped		
SOUND\FPUNKF_ATTACK_A_02.WAV	no_english_script_key_audio_or_unmapped		
SOUND\FPUNKF_ATTACK_B_01.WAV	no_english_script_key_audio_or_unmapped		
SOUND\FPUNKF_ATTACK_B_02.WAV	no_english_script_key_audio_or_unmapped		
SOUND\FPUNKF_ATTACK_B_03.WAV	no_english_script_key_audio_or_unmapped		
SOUND\FPUNKF_ATTACK_B_04.WAV	no_english_script_key_audio_or_unmapped		
SOUND\FPUNKF_ATTACK_B_05.WAV	no_english_script_key_audio_or_unmapped		
SOUND\FPUNKF_ATTACK_B_06.WAV	no_english_script_key_audio_or_unmapped		
SOUND\FPUNKF_ATTACK_B_07.WAV	no_english_script_key_audio_or_unmapped		
SOUND\FPUNKF_ATTACK_B_08.WAV	no_english_script_key_audio_or_unmapped		
SOUND\FPUNKF_ATTACK_B_09.WAV	no_english_script_key_audio_or_unmapped		
SOUND\FPUNKF_DECAP_A_01.WAV	no_english_script_key_audio_or_unmapped		
SOUND\FPUNKF_DECAP_A_02.WAV	no_english_script_key_audio_or_unmapped		
SOUND\FPUNKF_DECAP_B_01.WAV	no_english_script_key_audio_or_unmapped		
SOUND\FPUNKF_DECAP_B_02.WAV	no_english_script_key_audio_or_unmapped		
SOUND\FPUNKF_DECAP_B_03.WAV	no_english_script_key_audio_or_unmapped		
SOUND\FPUNKF_DECAP_B_04.WAV	no_english_script_key_audio_or_unmapped		
SOUND\FPUNKF_DECAP_B_05.WAV	no_english_script_key_audio_or_unmapped		
SOUND\FPUNKF_DECAP_B_06.WAV	no_english_script_key_audio_or_unmapped		
SOUND\FPUNKF_DIE_A_01.WAV	no_english_script_key_audio_or_unmapped		
SOUND\FPUNKF_DIE_A_02.WAV	no_english_script_key_audio_or_unmapped		
SOUND\FPUNKF_DIE_A_03.WAV	no_english_script_key_audio_or_unmapped		
SOUND\FPUNKF_DIE_A_04.WAV	no_english_script_key_audio_or_unmapped		
SOUND\FPUNKF_DIE_B_01.WAV	no_english_script_key_audio_or_unmapped		
SOUND\FPUNKF_DIE_B_02.WAV	no_english_script_key_audio_or_unmapped		
SOUND\FPUNKF_DIE_B_03.WAV	no_english_script_key_audio_or_unmapped		
SOUND\FPUNKF_DIE_B_05.WAV	no_english_script_key_audio_or_unmapped		
SOUND\FPUNKF_FEDON_A_01.WAV	no_english_script_key_audio_or_unmapped		
SOUND\FPUNKF_FEDON_A_02.WAV	no_english_script_key_audio_or_unmapped		
SOUND\FPUNKF_FEDON_A_03.WAV	no_english_script_key_audio_or_unmapped		
SOUND\FPUNKF_FEDON_A_04.WAV	no_english_script_key_audio_or_unmapped		
SOUND\FPUNKF_FEDON_A_05.WAV	no_english_script_key_audio_or_unmapped		
SOUND\FPUNKF_FEDON_A_06.WAV	no_english_script_key_audio_or_unmapped		
SOUND\FPUNKF_FEDON_B_01.WAV	no_english_script_key_audio_or_unmapped		
SOUND\FPUNKF_FEDON_B_02.WAV	no_english_script_key_audio_or_unmapped		
SOUND\FPUNKF_FEDON_B_03.WAV	no_english_script_key_audio_or_unmapped		
SOUND\FPUNKF_FEDON_B_04.WAV	no_english_script_key_audio_or_unmapped		
SOUND\FPUNKF_FEDON_B_05.WAV	no_english_script_key_audio_or_unmapped		
SOUND\FPUNKF_FEDON_B_06.WAV	no_english_script_key_audio_or_unmapped		
SOUND\FPUNKF_FEDON_B_07.WAV	no_english_script_key_audio_or_unmapped		
SOUND\FPUNKF_FEDON_B_08.WAV	no_english_script_key_audio_or_unmapped		
SOUND\FPUNKF_FEDON_B_09.WAV	no_english_script_key_audio_or_unmapped		
SOUND\FPUNKF_HURT_A_01.WAV	no_english_script_key_audio_or_unmapped		
SOUND\FPUNKF_HURT_A_02.WAV	no_english_script_key_audio_or_unmapped		
SOUND\FPUNKF_HURT_A_03.WAV	no_english_script_key_audio_or_unmapped		
SOUND\FPUNKF_HURT_A_04.WAV	no_english_script_key_audio_or_unmapped		
SOUND\FPUNKF_HURT_A_05.WAV	no_english_script_key_audio_or_unmapped		
SOUND\FPUNKF_HURT_A_06.WAV	no_english_script_key_audio_or_unmapped		
SOUND\FPUNKF_HURT_A_07.WAV	no_english_script_key_audio_or_unmapped		
SOUND\FPUNKF_HURT_A_08.WAV	no_english_script_key_audio_or_unmapped		
SOUND\FPUNKF_HURT_B_01.WAV	no_english_script_key_audio_or_unmapped		
SOUND\FPUNKF_HURT_B_02.WAV	no_english_script_key_audio_or_unmapped		
SOUND\FPUNKF_HURT_B_03.WAV	no_english_script_key_audio_or_unmapped		
SOUND\FPUNKF_HURT_B_04.WAV	no_english_script_key_audio_or_unmapped		
SOUND\FPUNKF_HURT_B_05.WAV	no_english_script_key_audio_or_unmapped		
SOUND\FPUNKF_HURT_B_06.WAV	no_english_script_key_audio_or_unmapped		
SOUND\FPUNKF_HURT_B_07.WAV	no_english_script_key_audio_or_unmapped		
SOUND\FPUNKF_HURT_B_08.WAV	no_english_script_key_audio_or_unmapped		
SOUND\FPUNKF_IMPALE_A_01.WAV	no_english_script_key_audio_or_unmapped		
SOUND\FPUNKF_IMPALE_B_01.WAV	no_english_script_key_audio_or_unmapped		
SOUND\FPUNKF_IMPALE_B_02.WAV	no_english_script_key_audio_or_unmapped		
SOUND\FPUNKF_IMPALE_B_03.WAV	no_english_script_key_audio_or_unmapped		
SOUND\FPUNKF_IMPALE_B_04.WAV	no_english_script_key_audio_or_unmapped		
SOUND\FPUNKF_IMPALE_B_05.WAV	no_english_script_key_audio_or_unmapped		
SOUND\FPUNKF_LEG_A_01.WAV	no_english_script_key_audio_or_unmapped		
SOUND\FPUNKF_LEG_A_02.WAV	no_english_script_key_audio_or_unmapped		
SOUND\FPUNKF_LEG_B_01.WAV	no_english_script_key_audio_or_unmapped		
SOUND\FPUNKF_LEG_B_02.WAV	no_english_script_key_audio_or_unmapped		
SOUND\FPUNKF_LEG_B_03.WAV	no_english_script_key_audio_or_unmapped		
SOUND\FPUNKF_LEG_B_04.WAV	no_english_script_key_audio_or_unmapped		
SOUND\FPUNKF_LEG_B_05.WAV	no_english_script_key_audio_or_unmapped		
SOUND\FPUNKF_LEG_B_06.WAV	no_english_script_key_audio_or_unmapped		
SOUND\FPUNKF_SCARED_A_01.WAV	no_english_script_key_audio_or_unmapped		
SOUND\FPUNKF_SCARED_B_01.WAV	no_english_script_key_audio_or_unmapped		
SOUND\FPUNKF_SCARED_B_02.WAV	no_english_script_key_audio_or_unmapped		
SOUND\FPUNKF_SCARED_B_03.WAV	no_english_script_key_audio_or_unmapped		
SOUND\FPUNKF_SCARED_B_04.WAV	no_english_script_key_audio_or_unmapped		
SOUND\FPUNKF_SCARED_B_05.WAV	no_english_script_key_audio_or_unmapped		
SOUND\FPUNKF_SCARED_B_06.WAV	no_english_script_key_audio_or_unmapped		
SOUND\FPUNKF_THROWN_A_01.WAV	no_english_script_key_audio_or_unmapped		
SOUND\FPUNKF_THROWN_B_01.WAV	no_english_script_key_audio_or_unmapped		
SOUND\FPUNKF_THROWN_B_02.WAV	no_english_script_key_audio_or_unmapped		
SOUND\FPUNKF_THROWN_B_03.WAV	no_english_script_key_audio_or_unmapped		
SOUND\FPUNKF_THROWN_B_04.WAV	no_english_script_key_audio_or_unmapped		
SOUND\FPUNKF_THROWN_B_05.WAV	no_english_script_key_audio_or_unmapped		
SOUND\FPUNKF_THROWN_B_06.WAV	no_english_script_key_audio_or_unmapped		
SOUND\KELITE_ALERT_A_01.WAV	no_english_script_key_audio_or_unmapped		
SOUND\KELITE_ALERT_A_02.WAV	no_english_script_key_audio_or_unmapped		
SOUND\KELITE_ALERT_A_03.WAV	no_english_script_key_audio_or_unmapped		
SOUND\KELITE_ALERT_A_04.WAV	no_english_script_key_audio_or_unmapped		
SOUND\KELITE_ALERT_A_05.WAV	no_english_script_key_audio_or_unmapped		
SOUND\KELITE_ALERT_B_01.WAV	no_english_script_key_audio_or_unmapped		
SOUND\KELITE_ALERT_B_02.WAV	no_english_script_key_audio_or_unmapped		
SOUND\KELITE_ALERT_B_03.WAV	no_english_script_key_audio_or_unmapped		
SOUND\KELITE_ALERT_B_04.WAV	no_english_script_key_audio_or_unmapped		
SOUND\KELITE_ALERT_B_05.WAV	no_english_script_key_audio_or_unmapped		
SOUND\KELITE_ALERT_B_06.WAV	no_english_script_key_audio_or_unmapped		
SOUND\KELITE_ALERT_B_07.WAV	no_english_script_key_audio_or_unmapped		
SOUND\KELITE_ALERT_B_08.WAV	no_english_script_key_audio_or_unmapped		
SOUND\KELITE_AMBIENT_A_01.WAV	no_english_script_key_audio_or_unmapped		
SOUND\KELITE_AMBIENT_A_02.WAV	no_english_script_key_audio_or_unmapped		
SOUND\KELITE_AMBIENT_A_03.WAV	no_english_script_key_audio_or_unmapped		
SOUND\KELITE_AMBIENT_A_04.WAV	no_english_script_key_audio_or_unmapped		
SOUND\KELITE_AMBIENT_A_05.WAV	no_english_script_key_audio_or_unmapped		
SOUND\KELITE_AMBIENT_B_01.WAV	no_english_script_key_audio_or_unmapped		
SOUND\KELITE_AMBIENT_B_02.WAV	no_english_script_key_audio_or_unmapped		
SOUND\KELITE_AMBIENT_B_03.WAV	no_english_script_key_audio_or_unmapped		
SOUND\KELITE_AMBIENT_B_04.WAV	no_english_script_key_audio_or_unmapped		
SOUND\KELITE_AMBIENT_B_05.WAV	no_english_script_key_audio_or_unmapped		
SOUND\KELITE_ATTACK_A_01.WAV	no_english_script_key_audio_or_unmapped		
SOUND\KELITE_ATTACK_A_02.WAV	no_english_script_key_audio_or_unmapped		
SOUND\KELITE_ATTACK_A_04.WAV	no_english_script_key_audio_or_unmapped		
SOUND\KELITE_ATTACK_A_05.WAV	no_english_script_key_audio_or_unmapped		
SOUND\KELITE_ATTACK_A_06.WAV	no_english_script_key_audio_or_unmapped		
SOUND\KELITE_ATTACK_A_09.WAV	no_english_script_key_audio_or_unmapped		
SOUND\KELITE_ATTACK_A_10.WAV	no_english_script_key_audio_or_unmapped		
SOUND\KELITE_ATTACK_A_11.WAV	no_english_script_key_audio_or_unmapped		
SOUND\KELITE_ATTACK_A_12.WAV	no_english_script_key_audio_or_unmapped		
SOUND\KELITE_ATTACK_A_13.WAV	no_english_script_key_audio_or_unmapped		
SOUND\KELITE_ATTACK_B_01.WAV	no_english_script_key_audio_or_unmapped		
SOUND\KELITE_ATTACK_B_02.WAV	no_english_script_key_audio_or_unmapped		
SOUND\KELITE_ATTACK_B_03.WAV	no_english_script_key_audio_or_unmapped		
SOUND\KELITE_ATTACK_B_04.WAV	no_english_script_key_audio_or_unmapped		
SOUND\KELITE_ATTACKSUCCESS_A_01.WAV	no_english_script_key_audio_or_unmapped		
SOUND\KELITE_ATTACKSUCCESS_A_02.WAV	no_english_script_key_audio_or_unmapped		
SOUND\KELITE_ATTACKSUCCESS_A_03.WAV	no_english_script_key_audio_or_unmapped		
SOUND\KELITE_ATTACKSUCCESS_A_04.WAV	no_english_script_key_audio_or_unmapped		
SOUND\KELITE_ATTACKSUCCESS_A_05.WAV	no_english_script_key_audio_or_unmapped		
SOUND\KELITE_ATTACKSUCCESS_A_06.WAV	no_english_script_key_audio_or_unmapped		
SOUND\KELITE_ATTACKSUCCESS_B_01.WAV	no_english_script_key_audio_or_unmapped		
SOUND\KELITE_ATTACKSUCCESS_B_02.WAV	no_english_script_key_audio_or_unmapped		
SOUND\KELITE_ATTACKSUCCESS_B_03.WAV	no_english_script_key_audio_or_unmapped		
SOUND\KELITE_ATTACKSUCCESS_B_04.WAV	no_english_script_key_audio_or_unmapped		
SOUND\KELITE_ATTACKSUCCESS_B_05.WAV	no_english_script_key_audio_or_unmapped		
SOUND\KELITE_ATTACKSUCCESS_B_06.WAV	no_english_script_key_audio_or_unmapped		
SOUND\KELITE_ATTACKSUCCESS_B_07.WAV	no_english_script_key_audio_or_unmapped		
SOUND\KELITE_DIE_A_01.WAV	no_english_script_key_audio_or_unmapped		
SOUND\KELITE_DIE_A_02.WAV	no_english_script_key_audio_or_unmapped		
SOUND\KELITE_DIE_A_03.WAV	no_english_script_key_audio_or_unmapped		
SOUND\KELITE_DIE_A_04.WAV	no_english_script_key_audio_or_unmapped		
SOUND\KELITE_DIE_A_05.WAV	no_english_script_key_audio_or_unmapped		
SOUND\KELITE_DIE_A_06.WAV	no_english_script_key_audio_or_unmapped		
SOUND\KELITE_DIE_A_07.WAV	no_english_script_key_audio_or_unmapped		
SOUND\KELITE_DIE_B_01.WAV	no_english_script_key_audio_or_unmapped		
SOUND\KELITE_DIE_B_02.WAV	no_english_script_key_audio_or_unmapped		
SOUND\KELITE_DIE_B_03.WAV	no_english_script_key_audio_or_unmapped		
SOUND\KELITE_DIE_B_04.WAV	no_english_script_key_audio_or_unmapped		
SOUND\KELITE_DIE_B_05.WAV	no_english_script_key_audio_or_unmapped		
SOUND\KELITE_DIE_B_06.WAV	no_english_script_key_audio_or_unmapped		
SOUND\KELITE_DROWN_A_01.WAV	no_english_script_key_audio_or_unmapped		
SOUND\KELITE_DROWN_A_02.WAV	no_english_script_key_audio_or_unmapped		
SOUND\KELITE_ELECTRIC_A_01.WAV	no_english_script_key_audio_or_unmapped		
SOUND\KELITE_ELUDE_A_01.WAV	no_english_script_key_audio_or_unmapped		
SOUND\KELITE_ELUDE_A_02.WAV	no_english_script_key_audio_or_unmapped		
SOUND\KELITE_ELUDE_A_03.WAV	no_english_script_key_audio_or_unmapped		
SOUND\KELITE_ELUDE_A_04.WAV	no_english_script_key_audio_or_unmapped		
SOUND\KELITE_ELUDE_A_05.WAV	no_english_script_key_audio_or_unmapped		
SOUND\KELITE_ELUDE_B_01.WAV	no_english_script_key_audio_or_unmapped		
SOUND\KELITE_ELUDE_B_02.WAV	no_english_script_key_audio_or_unmapped		
SOUND\KELITE_ELUDE_B_03.WAV	no_english_script_key_audio_or_unmapped		
SOUND\KELITE_ELUDE_B_04.WAV	no_english_script_key_audio_or_unmapped		
SOUND\KELITE_ELUDE_B_05.WAV	no_english_script_key_audio_or_unmapped		
SOUND\KELITE_FALL_A_01.WAV	no_english_script_key_audio_or_unmapped		
SOUND\KELITE_FALL_A_02.WAV	no_english_script_key_audio_or_unmapped		
SOUND\KELITE_HURT_A_01.WAV	no_english_script_key_audio_or_unmapped		
SOUND\KELITE_HURT_A_02.WAV	no_english_script_key_audio_or_unmapped		
SOUND\KELITE_HURT_A_03.WAV	no_english_script_key_audio_or_unmapped		
SOUND\KELITE_HURT_A_07.WAV	no_english_script_key_audio_or_unmapped		
SOUND\KELITE_HURT_A_09.WAV	no_english_script_key_audio_or_unmapped		
SOUND\KELITE_HURT_A_10.WAV	no_english_script_key_audio_or_unmapped		
SOUND\KELITE_HURT_A_11.WAV	no_english_script_key_audio_or_unmapped		
SOUND\KELITE_HURT_A_12.WAV	no_english_script_key_audio_or_unmapped		
SOUND\KELITE_HURT_A_13.WAV	no_english_script_key_audio_or_unmapped		
SOUND\KELITE_HURT_A_14.WAV	no_english_script_key_audio_or_unmapped		
SOUND\KELITE_HURT_A_15.WAV	no_english_script_key_audio_or_unmapped		
SOUND\KELITE_HURT_A_16.WAV	no_english_script_key_audio_or_unmapped		
SOUND\KELITE_HURT_A_17.WAV	no_english_script_key_audio_or_unmapped		
SOUND\KELITE_HURT_A_18.WAV	no_english_script_key_audio_or_unmapped		
SOUND\KELITE_HURT_A_19.WAV	no_english_script_key_audio_or_unmapped		
SOUND\KELITE_HURT_A_20.WAV	no_english_script_key_audio_or_unmapped		
SOUND\KELITE_HURT_B_01.WAV	no_english_script_key_audio_or_unmapped		
SOUND\KELITE_HURT_B_02.WAV	no_english_script_key_audio_or_unmapped		
SOUND\KELITE_HURT_B_03.WAV	no_english_script_key_audio_or_unmapped		
SOUND\KELITE_HURT_B_04.WAV	no_english_script_key_audio_or_unmapped		
SOUND\KELITE_HURT_B_05.WAV	no_english_script_key_audio_or_unmapped		
SOUND\KELITE_HURT_B_06.WAV	no_english_script_key_audio_or_unmapped		
SOUND\KELITE_HURT_B_07.WAV	no_english_script_key_audio_or_unmapped		
SOUND\KELITE_HURT_B_08.WAV	no_english_script_key_audio_or_unmapped		
SOUND\KELITE_HURT_B_09.WAV	no_english_script_key_audio_or_unmapped		
SOUND\KELITE_HURT_B_10.WAV	no_english_script_key_audio_or_unmapped		
SOUND\KELITE_HURT_B_11.WAV	no_english_script_key_audio_or_unmapped		
SOUND\KELITE_INSUN_A_01.WAV	no_english_script_key_audio_or_unmapped		
SOUND\KELITE_INSUN_A_02.WAV	no_english_script_key_audio_or_unmapped		
SOUND\KELITE_INSUN_A_03.WAV	no_english_script_key_audio_or_unmapped		
SOUND\KELITE_INSUN_A_04.WAV	no_english_script_key_audio_or_unmapped		
SOUND\KELITE_INSUN_B_003.WAV	no_english_script_key_audio_or_unmapped		
SOUND\KELITE_INSUN_B_01.WAV	no_english_script_key_audio_or_unmapped		
SOUND\KELITE_INSUN_B_02.WAV	no_english_script_key_audio_or_unmapped		
SOUND\KELITE_INSUN_B_03.WAV	no_english_script_key_audio_or_unmapped		
SOUND\KELITE_INWATER_A_01.WAV	no_english_script_key_audio_or_unmapped		
SOUND\KELITE_INWATER_A_02.WAV	no_english_script_key_audio_or_unmapped		
SOUND\KELITE_INWATER_A_03.WAV	no_english_script_key_audio_or_unmapped		
SOUND\KELITE_INWATER_B_01.WAV	no_english_script_key_audio_or_unmapped		
SOUND\KELITE_INWATER_B_02.WAV	no_english_script_key_audio_or_unmapped		
SOUND\KELITE_INWATER_B_03.WAV	no_english_script_key_audio_or_unmapped		
SOUND\KELITE_KILL_A_01.WAV	no_english_script_key_audio_or_unmapped		
SOUND\KELITE_KILL_A_02.WAV	no_english_script_key_audio_or_unmapped		
SOUND\KELITE_KILL_A_03.WAV	no_english_script_key_audio_or_unmapped		
SOUND\KELITE_KILL_A_04.WAV	no_english_script_key_audio_or_unmapped		
SOUND\KELITE_KILL_A_05.WAV	no_english_script_key_audio_or_unmapped		
SOUND\KELITE_KILL_B_01.WAV	no_english_script_key_audio_or_unmapped		
SOUND\KELITE_KILL_B_02.WAV	no_english_script_key_audio_or_unmapped		
SOUND\KELITE_SHOCKED_B_01.WAV	no_english_script_key_audio_or_unmapped		
SOUND\KELITE_SHOCKED_B_02.WAV	no_english_script_key_audio_or_unmapped		
SOUND\KELITE_SHOTGUN.WAV	no_english_script_key_audio_or_unmapped		
SOUND\KELITE_SMG_HEAD.WAV	no_english_script_key_audio_or_unmapped		
SOUND\KELITE_SMG_LOOP.WAV	no_english_script_key_audio_or_unmapped		
SOUND\KELITE_SMG_TAIL.WAV	no_english_script_key_audio_or_unmapped		
SOUND\KELITE_TAUNT_A_01.WAV	no_english_script_key_audio_or_unmapped		
SOUND\KELITE_TAUNT_A_02.WAV	no_english_script_key_audio_or_unmapped		
SOUND\KELITE_TAUNT_A_03.WAV	script_captioned	WORLD\EN\A4_KAGANSTOWER_2.TXT	WORLD\RU\A4_KAGANSTOWER_2.TXT
SOUND\KELITE_TAUNT_A_04.WAV	no_english_script_key_audio_or_unmapped		
SOUND\KELITE_TAUNT_A_05.WAV	no_english_script_key_audio_or_unmapped		
SOUND\KELITE_TAUNT_B_01.WAV	no_english_script_key_audio_or_unmapped		
SOUND\KELITE_TAUNT_B_02.WAV	no_english_script_key_audio_or_unmapped		
SOUND\KELITE_TAUNT_B_03.WAV	no_english_script_key_audio_or_unmapped		
SOUND\KELITE_TAUNT_B_04.WAV	no_english_script_key_audio_or_unmapped		
SOUND\KELITE_TAUNT_B_05.WAV	no_english_script_key_audio_or_unmapped		
SOUND\KELITE_TAUNT_B_06.WAV	no_english_script_key_audio_or_unmapped		
SOUND\KESTREL_ALERT_B_01.WAV	no_english_script_key_audio_or_unmapped		
SOUND\KESTREL_ALERT_B_02.WAV	no_english_script_key_audio_or_unmapped		
SOUND\KESTREL_ATTACK_A_01.WAV	no_english_script_key_audio_or_unmapped		
SOUND\KESTREL_ATTACK_A_02.WAV	no_english_script_key_audio_or_unmapped		
SOUND\KESTREL_ATTACK_A_03.WAV	no_english_script_key_audio_or_unmapped		
SOUND\KESTREL_ATTACK_B_01.WAV	no_english_script_key_audio_or_unmapped		
SOUND\KESTREL_ATTACK_B_02.WAV	no_english_script_key_audio_or_unmapped		
SOUND\KESTREL_ATTACK_B_03.WAV	no_english_script_key_audio_or_unmapped		
SOUND\KESTREL_ATTACK_B_04.WAV	no_english_script_key_audio_or_unmapped		
SOUND\KESTREL_ATTACK_B_05.WAV	no_english_script_key_audio_or_unmapped		
SOUND\KESTREL_ATTACK_B_06.WAV	no_english_script_key_audio_or_unmapped		
SOUND\KESTREL_ATTACK_B_07.WAV	no_english_script_key_audio_or_unmapped		
SOUND\KESTREL_ATTACKSUCCESS_B_01.WAV	no_english_script_key_audio_or_unmapped		
SOUND\KESTREL_ATTACKSUCCESS_B_02.WAV	no_english_script_key_audio_or_unmapped		
SOUND\KESTREL_ATTACKSUCCESS_B_03.WAV	no_english_script_key_audio_or_unmapped		
SOUND\KESTREL_ATTACKSUCCESS_B_04.WAV	no_english_script_key_audio_or_unmapped		
SOUND\KESTREL_ATTACKSUCCESS_B_05.WAV	no_english_script_key_audio_or_unmapped		
SOUND\KESTREL_DIE_A_01.WAV	no_english_script_key_audio_or_unmapped		
SOUND\KESTREL_DIE_A_02.WAV	no_english_script_key_audio_or_unmapped		
SOUND\KESTREL_DIE_A_03.WAV	no_english_script_key_audio_or_unmapped		
SOUND\KESTREL_DIE_A_04.WAV	no_english_script_key_audio_or_unmapped		
SOUND\KESTREL_DIE_B_01.WAV	no_english_script_key_audio_or_unmapped		
SOUND\KESTREL_DIE_B_02.WAV	no_english_script_key_audio_or_unmapped		
SOUND\KESTREL_ELUDE_B_01.WAV	no_english_script_key_audio_or_unmapped		
SOUND\KESTREL_ELUDE_B_02.WAV	no_english_script_key_audio_or_unmapped		
SOUND\KESTREL_ELUDE_B_03.WAV	no_english_script_key_audio_or_unmapped		
SOUND\KESTREL_HURT_A_01.WAV	no_english_script_key_audio_or_unmapped		
SOUND\KESTREL_HURT_A_02.WAV	no_english_script_key_audio_or_unmapped		
SOUND\KESTREL_HURT_A_06.WAV	no_english_script_key_audio_or_unmapped		
SOUND\KESTREL_HURT_A_07.WAV	no_english_script_key_audio_or_unmapped		
SOUND\KESTREL_HURT_A_08.WAV	no_english_script_key_audio_or_unmapped		
SOUND\KESTREL_HURT_A_09.WAV	no_english_script_key_audio_or_unmapped		
SOUND\KESTREL_HURT_A_10.WAV	no_english_script_key_audio_or_unmapped		
SOUND\KESTREL_HURT_A_11.WAV	no_english_script_key_audio_or_unmapped		
SOUND\KESTREL_HURT_A_12.WAV	no_english_script_key_audio_or_unmapped		
SOUND\KESTREL_HURT_B_01.WAV	no_english_script_key_audio_or_unmapped		
SOUND\KESTREL_HURT_B_02.WAV	no_english_script_key_audio_or_unmapped		
SOUND\KESTREL_HURT_B_03.WAV	no_english_script_key_audio_or_unmapped		
SOUND\KESTREL_HURT_B_04.WAV	no_english_script_key_audio_or_unmapped		
SOUND\KESTREL_HURT_B_05.WAV	no_english_script_key_audio_or_unmapped		
SOUND\KESTREL_HURT_B_06.WAV	no_english_script_key_audio_or_unmapped		
SOUND\KESTREL_HURT_B_07.WAV	no_english_script_key_audio_or_unmapped		
SOUND\KESTREL_HURT_B_08.WAV	no_english_script_key_audio_or_unmapped		
SOUND\KESTREL_HURT_B_09.WAV	no_english_script_key_audio_or_unmapped		
SOUND\KESTREL_HURT_B_10.WAV	no_english_script_key_audio_or_unmapped		
SOUND\KESTREL_HURT_B_11.WAV	no_english_script_key_audio_or_unmapped		
SOUND\KESTREL_HURT_B_12.WAV	no_english_script_key_audio_or_unmapped		
SOUND\KESTREL_HURT_B_13.WAV	no_english_script_key_audio_or_unmapped		
SOUND\KESTREL_KILL_B_01.WAV	no_english_script_key_audio_or_unmapped		
SOUND\KESTREL_KILL_B_02.WAV	no_english_script_key_audio_or_unmapped		
SOUND\KESTREL_KILL_B_03.WAV	no_english_script_key_audio_or_unmapped		
SOUND\KESTREL_TAUNT_B_02.WAV	no_english_script_key_audio_or_unmapped		
SOUND\KESTREL_TAUNT_B_03.WAV	no_english_script_key_audio_or_unmapped		
SOUND\KESTREL_TAUNT_B_04.WAV	no_english_script_key_audio_or_unmapped		
SOUND\KESTREL_TAUNT_B_05.WAV	no_english_script_key_audio_or_unmapped		
SOUND\LPUNK_ALERT_A_01.WAV	no_english_script_key_audio_or_unmapped		
SOUND\LPUNK_ALERT_A_02.WAV	no_english_script_key_audio_or_unmapped		
SOUND\LPUNK_ALERT_A_03.WAV	no_english_script_key_audio_or_unmapped		
SOUND\LPUNK_ALERT_A_04.WAV	no_english_script_key_audio_or_unmapped		
SOUND\LPUNK_ALERT_A_05.WAV	no_english_script_key_audio_or_unmapped		
SOUND\LPUNK_ALERT_A_06.WAV	no_english_script_key_audio_or_unmapped		
SOUND\LPUNK_ARM_A_01.WAV	no_english_script_key_audio_or_unmapped		
SOUND\LPUNK_ARM_A_02.WAV	no_english_script_key_audio_or_unmapped		
SOUND\LPUNK_ARM_A_03.WAV	no_english_script_key_audio_or_unmapped		
SOUND\LPUNK_ARM_A_04.WAV	no_english_script_key_audio_or_unmapped		
SOUND\LPUNK_ARM_A_05.WAV	no_english_script_key_audio_or_unmapped		
SOUND\LPUNK_ATTACK_A_01.WAV	no_english_script_key_audio_or_unmapped		
SOUND\LPUNK_ATTACK_A_02.WAV	no_english_script_key_audio_or_unmapped		
SOUND\LPUNK_ATTACK_A_03.WAV	no_english_script_key_audio_or_unmapped		
SOUND\LPUNK_ATTACK_A_04.WAV	no_english_script_key_audio_or_unmapped		
SOUND\LPUNK_ATTACK_A_05.WAV	no_english_script_key_audio_or_unmapped		
SOUND\LPUNK_ATTACK_A_06.WAV	no_english_script_key_audio_or_unmapped		
SOUND\LPUNK_ATTACK_A_07.WAV	no_english_script_key_audio_or_unmapped		
SOUND\LPUNK_ATTACK_A_08.WAV	no_english_script_key_audio_or_unmapped		
SOUND\LPUNK_ATTACK_A_09.WAV	no_english_script_key_audio_or_unmapped		
SOUND\LPUNK_DECAP_A_01.WAV	no_english_script_key_audio_or_unmapped		
SOUND\LPUNK_DECAP_A_02.WAV	no_english_script_key_audio_or_unmapped		
SOUND\LPUNK_DECAP_A_03.WAV	no_english_script_key_audio_or_unmapped		
SOUND\LPUNK_DECAP_A_04.WAV	no_english_script_key_audio_or_unmapped		
SOUND\LPUNK_DECAP_A_05.WAV	no_english_script_key_audio_or_unmapped		
SOUND\LPUNK_DIE_A_01.WAV	no_english_script_key_audio_or_unmapped		
SOUND\LPUNK_DIE_A_02.WAV	no_english_script_key_audio_or_unmapped		
SOUND\LPUNK_DIE_A_03.WAV	no_english_script_key_audio_or_unmapped		
SOUND\LPUNK_DIE_A_04.WAV	no_english_script_key_audio_or_unmapped		
SOUND\LPUNK_ELECTRIC_A_01.WAV	no_english_script_key_audio_or_unmapped		
SOUND\LPUNK_ELECTRIC_A_02.WAV	no_english_script_key_audio_or_unmapped		
SOUND\LPUNK_FEDON_A_01.WAV	no_english_script_key_audio_or_unmapped		
SOUND\LPUNK_FEDON_A_02.WAV	no_english_script_key_audio_or_unmapped		
SOUND\LPUNK_FEDON_A_03.WAV	no_english_script_key_audio_or_unmapped		
SOUND\LPUNK_FEDON_A_04.WAV	no_english_script_key_audio_or_unmapped		
SOUND\LPUNK_FIRE_A_01.WAV	no_english_script_key_audio_or_unmapped		
SOUND\LPUNK_FIRE_A_02.WAV	no_english_script_key_audio_or_unmapped		
SOUND\LPUNK_HARPOON_A_01.WAV	no_english_script_key_audio_or_unmapped		
SOUND\LPUNK_HARPOON_A_02.WAV	no_english_script_key_audio_or_unmapped		
SOUND\LPUNK_HARPOON_A_03.WAV	no_english_script_key_audio_or_unmapped		
SOUND\LPUNK_HARPOON_A_04.WAV	no_english_script_key_audio_or_unmapped		
SOUND\LPUNK_HARPOON_A_05.WAV	no_english_script_key_audio_or_unmapped		
SOUND\LPUNK_HURT_A_01.WAV	no_english_script_key_audio_or_unmapped		
SOUND\LPUNK_HURT_A_02.WAV	no_english_script_key_audio_or_unmapped		
SOUND\LPUNK_HURT_A_03.WAV	no_english_script_key_audio_or_unmapped		
SOUND\LPUNK_HURT_A_04.WAV	no_english_script_key_audio_or_unmapped		
SOUND\LPUNK_HURT_A_05.WAV	no_english_script_key_audio_or_unmapped		
SOUND\LPUNK_HURT_A_06.WAV	no_english_script_key_audio_or_unmapped		
SOUND\LPUNK_HURT_A_07.WAV	no_english_script_key_audio_or_unmapped		
SOUND\LPUNK_HURT_A_08.WAV	no_english_script_key_audio_or_unmapped		
SOUND\LPUNK_HURT_A_09.WAV	no_english_script_key_audio_or_unmapped		
SOUND\LPUNK_HURT_A_10.WAV	no_english_script_key_audio_or_unmapped		
SOUND\LPUNK_HURT_A_11.WAV	no_english_script_key_audio_or_unmapped		
SOUND\LPUNK_HURT_A_12.WAV	no_english_script_key_audio_or_unmapped		
SOUND\LPUNK_HURT_A_13.WAV	no_english_script_key_audio_or_unmapped		
SOUND\LPUNK_HURT_A_14.WAV	no_english_script_key_audio_or_unmapped		
SOUND\LPUNK_HURT_A_15.WAV	no_english_script_key_audio_or_unmapped		
SOUND\LPUNK_LEG_A_01.WAV	no_english_script_key_audio_or_unmapped		
SOUND\LPUNK_LEG_A_02.WAV	no_english_script_key_audio_or_unmapped		
SOUND\LPUNK_LEG_A_03.WAV	no_english_script_key_audio_or_unmapped		
SOUND\LPUNK_SPEAR_A_01.WAV	no_english_script_key_audio_or_unmapped		
SOUND\LPUNK_SPEAR_A_02.WAV	no_english_script_key_audio_or_unmapped		
SOUND\LPUNK_SPEAR_A_03.WAV	no_english_script_key_audio_or_unmapped		
SOUND\LPUNK_THROWN_A_01.WAV	no_english_script_key_audio_or_unmapped		
SOUND\LPUNK_THROWN_A_02.WAV	no_english_script_key_audio_or_unmapped		
SOUND\LPUNK_THROWN_A_03.WAV	no_english_script_key_audio_or_unmapped		
SOUND\LTURNED_ALERT_A_01.WAV	no_english_script_key_audio_or_unmapped		
SOUND\LTURNED_ALERT_A_02.WAV	no_english_script_key_audio_or_unmapped		
SOUND\LTURNED_ALERT_A_03.WAV	no_english_script_key_audio_or_unmapped		
SOUND\LTURNED_ALERT_A_04.WAV	no_english_script_key_audio_or_unmapped		
SOUND\LTURNED_ALERT_A_05.WAV	no_english_script_key_audio_or_unmapped		
SOUND\LTURNED_AMBIENT_A_01.WAV	no_english_script_key_audio_or_unmapped		
SOUND\LTURNED_AMBIENT_A_02.WAV	no_english_script_key_audio_or_unmapped		
SOUND\LTURNED_AMBIENT_A_03.WAV	no_english_script_key_audio_or_unmapped		
SOUND\LTURNED_AMBIENT_A_04.WAV	no_english_script_key_audio_or_unmapped		
SOUND\LTURNED_AMBIENT_A_05.WAV	no_english_script_key_audio_or_unmapped		
SOUND\LTURNED_AMBIENT_A_06.WAV	no_english_script_key_audio_or_unmapped		
SOUND\LTURNED_ARM_A_01.WAV	no_english_script_key_audio_or_unmapped		
SOUND\LTURNED_ARM_A_02.WAV	no_english_script_key_audio_or_unmapped		
SOUND\LTURNED_ARM_A_03.WAV	no_english_script_key_audio_or_unmapped		
SOUND\LTURNED_ATTACK_A_01.WAV	no_english_script_key_audio_or_unmapped		
SOUND\LTURNED_ATTACK_A_02.WAV	no_english_script_key_audio_or_unmapped		
SOUND\LTURNED_ATTACK_A_03.WAV	no_english_script_key_audio_or_unmapped		
SOUND\LTURNED_ATTACK_A_04.WAV	no_english_script_key_audio_or_unmapped		
SOUND\LTURNED_ATTACK_A_05.WAV	no_english_script_key_audio_or_unmapped		
SOUND\LTURNED_ATTACK_A_06.WAV	no_english_script_key_audio_or_unmapped		
SOUND\LTURNED_ATTACK_A_07.WAV	no_english_script_key_audio_or_unmapped		
SOUND\LTURNED_ATTACK_A_08.WAV	no_english_script_key_audio_or_unmapped		
SOUND\LTURNED_ATTACKSUCCESS_A_01.WAV	no_english_script_key_audio_or_unmapped		
SOUND\LTURNED_ATTACKSUCCESS_A_02.WAV	no_english_script_key_audio_or_unmapped		
SOUND\LTURNED_ATTACKSUCCESS_A_03.WAV	no_english_script_key_audio_or_unmapped		
SOUND\LTURNED_DECAP_A_01.WAV	no_english_script_key_audio_or_unmapped		
SOUND\LTURNED_DECAP_A_02.WAV	no_english_script_key_audio_or_unmapped		
SOUND\LTURNED_DECAP_A_03.WAV	no_english_script_key_audio_or_unmapped		
SOUND\LTURNED_DIE_A_01.WAV	no_english_script_key_audio_or_unmapped		
SOUND\LTURNED_DIE_A_02.WAV	no_english_script_key_audio_or_unmapped		
SOUND\LTURNED_DIE_A_03.WAV	no_english_script_key_audio_or_unmapped		
SOUND\LTURNED_DIE_A_04.WAV	no_english_script_key_audio_or_unmapped		
SOUND\LTURNED_DIE_A_05.WAV	no_english_script_key_audio_or_unmapped		
SOUND\LTURNED_DIE_A_06.WAV	no_english_script_key_audio_or_unmapped		
SOUND\LTURNED_ELUDE_A_01.WAV	no_english_script_key_audio_or_unmapped		
SOUND\LTURNED_ELUDE_A_02.WAV	no_english_script_key_audio_or_unmapped		
SOUND\LTURNED_ELUDE_A_03.WAV	no_english_script_key_audio_or_unmapped		
SOUND\LTURNED_FEDON_A_01.WAV	no_english_script_key_audio_or_unmapped		
SOUND\LTURNED_FEDON_A_02.WAV	no_english_script_key_audio_or_unmapped		
SOUND\LTURNED_FEDON_A_03.WAV	no_english_script_key_audio_or_unmapped		
SOUND\LTURNED_FEDON_A_04.WAV	no_english_script_key_audio_or_unmapped		
SOUND\LTURNED_FEDON_A_05.WAV	no_english_script_key_audio_or_unmapped		
SOUND\LTURNED_HARPOON_A_01.WAV	no_english_script_key_audio_or_unmapped		
SOUND\LTURNED_HARPOON_A_02.WAV	no_english_script_key_audio_or_unmapped		
SOUND\LTURNED_HURT_A_01.WAV	no_english_script_key_audio_or_unmapped		
SOUND\LTURNED_HURT_A_02.WAV	no_english_script_key_audio_or_unmapped		
SOUND\LTURNED_HURT_A_03.WAV	no_english_script_key_audio_or_unmapped		
SOUND\LTURNED_HURT_A_04.WAV	no_english_script_key_audio_or_unmapped		
SOUND\LTURNED_HURT_A_05.WAV	no_english_script_key_audio_or_unmapped		
SOUND\LTURNED_HURT_A_06.WAV	no_english_script_key_audio_or_unmapped		
SOUND\LTURNED_HURT_A_07.WAV	no_english_script_key_audio_or_unmapped		
SOUND\LTURNED_HURT_A_08.WAV	no_english_script_key_audio_or_unmapped		
SOUND\LTURNED_HURT_A_09.WAV	no_english_script_key_audio_or_unmapped		
SOUND\LTURNED_KILL_A_01.WAV	no_english_script_key_audio_or_unmapped		
SOUND\LTURNED_KILL_A_02.WAV	no_english_script_key_audio_or_unmapped		
SOUND\LTURNED_KILL_A_03.WAV	no_english_script_key_audio_or_unmapped		
SOUND\LTURNED_KILL_A_04.WAV	no_english_script_key_audio_or_unmapped		
SOUND\LTURNED_KILL_A_05.WAV	no_english_script_key_audio_or_unmapped		
SOUND\LTURNED_KILL_A_06.WAV	no_english_script_key_audio_or_unmapped		
SOUND\LTURNED_LEG_A_01.WAV	no_english_script_key_audio_or_unmapped		
SOUND\LTURNED_LEG_A_02.WAV	no_english_script_key_audio_or_unmapped		
SOUND\LTURNED_LEG_A_03.WAV	no_english_script_key_audio_or_unmapped		
SOUND\LTURNED_ONFIRE_A_01.WAV	no_english_script_key_audio_or_unmapped		
SOUND\LTURNED_ONFIRE_A_02.WAV	no_english_script_key_audio_or_unmapped		
SOUND\LTURNED_ONFIRE_A_03.WAV	no_english_script_key_audio_or_unmapped		
SOUND\LTURNED_SPEAR_A_01.WAV	no_english_script_key_audio_or_unmapped		
SOUND\LTURNED_SPEAR_A_02.WAV	no_english_script_key_audio_or_unmapped		
SOUND\LTURNED_SPEAR_A_03.WAV	no_english_script_key_audio_or_unmapped		
SOUND\LTURNED_SPEAR_A_04.WAV	no_english_script_key_audio_or_unmapped		
SOUND\LTURNED_SPEAR_A_05.WAV	no_english_script_key_audio_or_unmapped		
SOUND\LTURNED_SPEAR_A_06.WAV	no_english_script_key_audio_or_unmapped		
SOUND\LTURNED_TAUNT_A_01.WAV	no_english_script_key_audio_or_unmapped		
SOUND\LTURNED_TAUNT_A_02.WAV	no_english_script_key_audio_or_unmapped		
SOUND\LTURNED_TAUNT_A_03.WAV	no_english_script_key_audio_or_unmapped		
SOUND\LTURNED_TAUNT_A_04.WAV	no_english_script_key_audio_or_unmapped		
SOUND\LTURNED_TAUNT_A_05.WAV	no_english_script_key_audio_or_unmapped		
SOUND\LTURNED_TAUNT_A_06.WAV	no_english_script_key_audio_or_unmapped		
SOUND\LTURNED_TAUNT_A_07.WAV	no_english_script_key_audio_or_unmapped		
SOUND\LTURNED_THROWN_A_01.WAV	no_english_script_key_audio_or_unmapped		
SOUND\LTURNED_THROWN_A_02.WAV	no_english_script_key_audio_or_unmapped		
SOUND\LTURNED_THROWN_A_03.WAV	no_english_script_key_audio_or_unmapped		
SOUND\LTURNED_THROWN_A_04.WAV	no_english_script_key_audio_or_unmapped		
SOUND\RAYNE_ALERT_1.WAV	no_english_script_key_audio_or_unmapped		
SOUND\RAYNE_ALERT_10.WAV	no_english_script_key_audio_or_unmapped		
SOUND\RAYNE_ALERT_11.WAV	no_english_script_key_audio_or_unmapped		
SOUND\RAYNE_ALERT_2.WAV	no_english_script_key_audio_or_unmapped		
SOUND\RAYNE_ALERT_3.WAV	no_english_script_key_audio_or_unmapped		
SOUND\RAYNE_ALERT_4.WAV	no_english_script_key_audio_or_unmapped		
SOUND\RAYNE_ALERT_5.WAV	no_english_script_key_audio_or_unmapped		
SOUND\RAYNE_ALERT_6.WAV	no_english_script_key_audio_or_unmapped		
SOUND\RAYNE_ALERT_7.WAV	no_english_script_key_audio_or_unmapped		
SOUND\RAYNE_ALERT_9.WAV	no_english_script_key_audio_or_unmapped		
SOUND\RAYNE_AMBIENTMANSION_1.WAV	no_english_script_key_audio_or_unmapped		
SOUND\RAYNE_AMBIENTMANSION_5.WAV	no_english_script_key_audio_or_unmapped		
SOUND\RAYNE_AMBIENTMANSION_7.WAV	no_english_script_key_audio_or_unmapped		
SOUND\RAYNE_AMBIENTMANSION_8.WAV	no_english_script_key_audio_or_unmapped		
SOUND\RAYNE_AMBIENTMEATPACK_1.WAV	no_english_script_key_audio_or_unmapped		
SOUND\RAYNE_AMBIENTMEATPACK_2.WAV	no_english_script_key_audio_or_unmapped		
SOUND\RAYNE_AMBIENTMEATPACK_3.WAV	no_english_script_key_audio_or_unmapped		
SOUND\RAYNE_AMBIENTMEATPACK_4.WAV	no_english_script_key_audio_or_unmapped		
SOUND\RAYNE_AMBIENTMEATPACK_5.WAV	no_english_script_key_audio_or_unmapped		
SOUND\RAYNE_AMBIENTMEATPACK_6.WAV	no_english_script_key_audio_or_unmapped		
SOUND\RAYNE_AMBIENTMEATPACK_7.WAV	no_english_script_key_audio_or_unmapped		
SOUND\RAYNE_AMBIENTPARK_1.WAV	no_english_script_key_audio_or_unmapped		
SOUND\RAYNE_AMBIENTPARK_2.WAV	no_english_script_key_audio_or_unmapped		
SOUND\RAYNE_AMBIENTPARK_3.WAV	no_english_script_key_audio_or_unmapped		
SOUND\RAYNE_AMBIENTPARK_4.WAV	no_english_script_key_audio_or_unmapped		
SOUND\RAYNE_AMBIENTPARK_5.WAV	no_english_script_key_audio_or_unmapped		
SOUND\RAYNE_AMBIENTPARK_6.WAV	no_english_script_key_audio_or_unmapped		
SOUND\RAYNE_AMBIENTPARK_7.WAV	no_english_script_key_audio_or_unmapped		
SOUND\RAYNE_AMBIENTSEWERS_1.WAV	no_english_script_key_audio_or_unmapped		
SOUND\RAYNE_AMBIENTSEWERS_2.WAV	no_english_script_key_audio_or_unmapped		
SOUND\RAYNE_AMBIENTSEWERS_3.WAV	no_english_script_key_audio_or_unmapped		
SOUND\RAYNE_AMBIENTSEWERS_4.WAV	no_english_script_key_audio_or_unmapped		
SOUND\RAYNE_AMBIENTSEWERS_5.WAV	no_english_script_key_audio_or_unmapped		
SOUND\RAYNE_AMBIENTSEWERS_6.WAV	no_english_script_key_audio_or_unmapped		
SOUND\RAYNE_AMBIENTSEWERS_7.WAV	no_english_script_key_audio_or_unmapped		
SOUND\RAYNE_AMBIENTSEWERS_8.WAV	no_english_script_key_audio_or_unmapped		
SOUND\RAYNE_AMBIENTSHROUD_1.WAV	no_english_script_key_audio_or_unmapped		
SOUND\RAYNE_AMBIENTSHROUD_2.WAV	no_english_script_key_audio_or_unmapped		
SOUND\RAYNE_AMBIENTSHROUD_3.WAV	no_english_script_key_audio_or_unmapped		
SOUND\RAYNE_AMBIENTSHROUD_4.WAV	no_english_script_key_audio_or_unmapped		
SOUND\RAYNE_AMBIENTSHROUD_5.WAV	no_english_script_key_audio_or_unmapped		
SOUND\RAYNE_AMBIENTSHROUD_6.WAV	no_english_script_key_audio_or_unmapped		
SOUND\RAYNE_AMBIENTUNION_1.WAV	no_english_script_key_audio_or_unmapped		
SOUND\RAYNE_AMBIENTUNION_2.WAV	no_english_script_key_audio_or_unmapped		
SOUND\RAYNE_AMBIENTUNION_3.WAV	no_english_script_key_audio_or_unmapped		
SOUND\RAYNE_AMBIENTUNION_4.WAV	no_english_script_key_audio_or_unmapped		
SOUND\RAYNE_AMBIENTUNION_5.WAV	no_english_script_key_audio_or_unmapped		
SOUND\RAYNE_AMBIENTWETWRKS_1.WAV	no_english_script_key_audio_or_unmapped		
SOUND\RAYNE_AMBIENTWETWRKS_2.WAV	no_english_script_key_audio_or_unmapped		
SOUND\RAYNE_AMBIENTWETWRKS_3.WAV	no_english_script_key_audio_or_unmapped		
SOUND\RAYNE_AMBIENTWETWRKS_4.WAV	no_english_script_key_audio_or_unmapped		
SOUND\RAYNE_AMBIENTWETWRKS_5.WAV	no_english_script_key_audio_or_unmapped		
SOUND\RAYNE_ATTACKBLADE_1.WAV	no_english_script_key_audio_or_unmapped		
SOUND\RAYNE_ATTACKBLADE_10.WAV	no_english_script_key_audio_or_unmapped		
SOUND\RAYNE_ATTACKBLADE_11.WAV	no_english_script_key_audio_or_unmapped		
SOUND\RAYNE_ATTACKBLADE_13.WAV	no_english_script_key_audio_or_unmapped		
SOUND\RAYNE_ATTACKBLADE_3.WAV	no_english_script_key_audio_or_unmapped		
SOUND\RAYNE_ATTACKBLADE_6.WAV	no_english_script_key_audio_or_unmapped		
SOUND\RAYNE_ATTACKKICK_1.WAV	no_english_script_key_audio_or_unmapped		
SOUND\RAYNE_ATTACKKICK_10.WAV	no_english_script_key_audio_or_unmapped		
SOUND\RAYNE_ATTACKKICK_11.WAV	no_english_script_key_audio_or_unmapped		
SOUND\RAYNE_ATTACKKICK_12.WAV	no_english_script_key_audio_or_unmapped		
SOUND\RAYNE_ATTACKKICK_13.WAV	no_english_script_key_audio_or_unmapped		
SOUND\RAYNE_ATTACKKICK_14.WAV	no_english_script_key_audio_or_unmapped		
SOUND\RAYNE_ATTACKKICK_3.WAV	no_english_script_key_audio_or_unmapped		
SOUND\RAYNE_ATTACKKICK_4.WAV	no_english_script_key_audio_or_unmapped		
SOUND\RAYNE_ATTACKKICK_5.WAV	no_english_script_key_audio_or_unmapped		
SOUND\RAYNE_ATTACKKICK_6.WAV	no_english_script_key_audio_or_unmapped		
SOUND\RAYNE_ATTACKKICK_7.WAV	no_english_script_key_audio_or_unmapped		
SOUND\RAYNE_ATTACKKICK_8.WAV	no_english_script_key_audio_or_unmapped		
SOUND\RAYNE_ATTACKKICK_9.WAV	no_english_script_key_audio_or_unmapped		
SOUND\RAYNE_DIE_1.WAV	no_english_script_key_audio_or_unmapped		
SOUND\RAYNE_DIE_2.WAV	no_english_script_key_audio_or_unmapped		
SOUND\RAYNE_DIE_3.WAV	no_english_script_key_audio_or_unmapped		
SOUND\RAYNE_DISMEMBER_1.WAV	no_english_script_key_audio_or_unmapped		
SOUND\RAYNE_DISMEMBER_10.WAV	no_english_script_key_audio_or_unmapped		
SOUND\RAYNE_DISMEMBER_12.WAV	no_english_script_key_audio_or_unmapped		
SOUND\RAYNE_DISMEMBER_3.WAV	no_english_script_key_audio_or_unmapped		
SOUND\RAYNE_DISMEMBER_4.WAV	no_english_script_key_audio_or_unmapped		
SOUND\RAYNE_DISMEMBER_5.WAV	no_english_script_key_audio_or_unmapped		
SOUND\RAYNE_DISMEMBER_6.WAV	no_english_script_key_audio_or_unmapped		
SOUND\RAYNE_DISMEMBER_7.WAV	no_english_script_key_audio_or_unmapped		
SOUND\RAYNE_DISMEMBER_8.WAV	no_english_script_key_audio_or_unmapped		
SOUND\RAYNE_DISMEMBER_9.WAV	no_english_script_key_audio_or_unmapped		
SOUND\RAYNE_EPHEMERAATTACK_1.WAV	no_english_script_key_audio_or_unmapped		
SOUND\RAYNE_EPHEMERAATTACK_2.WAV	no_english_script_key_audio_or_unmapped		
SOUND\RAYNE_EPHEMERAATTACK_3.WAV	no_english_script_key_audio_or_unmapped		
SOUND\RAYNE_EPHEMERADIE_1.WAV	no_english_script_key_audio_or_unmapped		
SOUND\RAYNE_EPHEMERAELUDE_1.WAV	no_english_script_key_audio_or_unmapped		
SOUND\RAYNE_EPHEMERAELUDE_2.WAV	no_english_script_key_audio_or_unmapped		
SOUND\RAYNE_EPHEMERAELUDE_3.WAV	no_english_script_key_audio_or_unmapped		
SOUND\RAYNE_EPHEMERAELUDE_4.WAV	no_english_script_key_audio_or_unmapped		
SOUND\RAYNE_EPHEMERAELUDE_5.WAV	no_english_script_key_audio_or_unmapped		
SOUND\RAYNE_EPHEMERAELUDE_6.WAV	no_english_script_key_audio_or_unmapped		
SOUND\RAYNE_EPHEMERAHINT_1.WAV	no_english_script_key_audio_or_unmapped		
SOUND\RAYNE_EPHEMERAHINT_2.WAV	no_english_script_key_audio_or_unmapped		
SOUND\RAYNE_EPHEMERAKILL_1.WAV	no_english_script_key_audio_or_unmapped		
SOUND\RAYNE_EPHEMERATAUNT_10.WAV	no_english_script_key_audio_or_unmapped		
SOUND\RAYNE_EPHEMERATAUNT_2.WAV	no_english_script_key_audio_or_unmapped		
SOUND\RAYNE_EPHEMERATAUNT_3.WAV	no_english_script_key_audio_or_unmapped		
SOUND\RAYNE_EPHEMERATAUNT_4.WAV	no_english_script_key_audio_or_unmapped		
SOUND\RAYNE_EPHEMERATAUNT_5.WAV	no_english_script_key_audio_or_unmapped		
SOUND\RAYNE_EPHEMERATAUNT_6.WAV	no_english_script_key_audio_or_unmapped		
SOUND\RAYNE_EPHEMERATAUNT_7.WAV	no_english_script_key_audio_or_unmapped		
SOUND\RAYNE_EPHEMERATAUNT_8.WAV	no_english_script_key_audio_or_unmapped		
SOUND\RAYNE_EPHEMERATAUNT_9.WAV	no_english_script_key_audio_or_unmapped		
SOUND\RAYNE_FEED_0.WAV	no_english_script_key_audio_or_unmapped		
SOUND\RAYNE_FEED_1.WAV	no_english_script_key_audio_or_unmapped		
SOUND\RAYNE_FEED_2.WAV	no_english_script_key_audio_or_unmapped		
SOUND\RAYNE_FEED_3.WAV	no_english_script_key_audio_or_unmapped		
SOUND\RAYNE_FEED_4.WAV	no_english_script_key_audio_or_unmapped		
SOUND\RAYNE_FEED_5.WAV	no_english_script_key_audio_or_unmapped		
SOUND\RAYNE_FEED_6.WAV	no_english_script_key_audio_or_unmapped		
SOUND\RAYNE_FEED_7.WAV	no_english_script_key_audio_or_unmapped		
SOUND\RAYNE_FEED_8.WAV	no_english_script_key_audio_or_unmapped		
SOUND\RAYNE_FEED_9.WAV	no_english_script_key_audio_or_unmapped		
SOUND\RAYNE_FEEDTAUNT_1.WAV	no_english_script_key_audio_or_unmapped		
SOUND\RAYNE_FEEDTAUNT_2.WAV	no_english_script_key_audio_or_unmapped		
SOUND\RAYNE_FEEDTAUNT_3.WAV	no_english_script_key_audio_or_unmapped		
SOUND\RAYNE_FEEDTAUNT_4.WAV	no_english_script_key_audio_or_unmapped		
SOUND\RAYNE_FEEDTAUNT_5.WAV	no_english_script_key_audio_or_unmapped		
SOUND\RAYNE_FEEDTAUNT_6.WAV	no_english_script_key_audio_or_unmapped		
SOUND\RAYNE_FEEDTAUNT_7.WAV	no_english_script_key_audio_or_unmapped		
SOUND\RAYNE_FEEDTAUNT_8.WAV	no_english_script_key_audio_or_unmapped		
SOUND\RAYNE_FERRILATTACK_1.WAV	no_english_script_key_audio_or_unmapped		
SOUND\RAYNE_FERRILATTACK_2.WAV	no_english_script_key_audio_or_unmapped		
SOUND\RAYNE_FERRILATTACK_3.WAV	no_english_script_key_audio_or_unmapped		
SOUND\RAYNE_FERRILDIE_1.WAV	no_english_script_key_audio_or_unmapped		
SOUND\RAYNE_FERRILELUDE_1.WAV	no_english_script_key_audio_or_unmapped		
SOUND\RAYNE_FERRILELUDE_2.WAV	no_english_script_key_audio_or_unmapped		
SOUND\RAYNE_FERRILELUDE_3.WAV	no_english_script_key_audio_or_unmapped		
SOUND\RAYNE_FERRILELUDE_5.WAV	no_english_script_key_audio_or_unmapped		
SOUND\RAYNE_FERRILGETHURT_1.WAV	no_english_script_key_audio_or_unmapped		
SOUND\RAYNE_FERRILGETHURT_10.WAV	no_english_script_key_audio_or_unmapped		
SOUND\RAYNE_FERRILGETHURT_11.WAV	no_english_script_key_audio_or_unmapped		
SOUND\RAYNE_FERRILGETHURT_2.WAV	no_english_script_key_audio_or_unmapped		
SOUND\RAYNE_FERRILGETHURT_3.WAV	no_english_script_key_audio_or_unmapped		
SOUND\RAYNE_FERRILGETHURT_4.WAV	no_english_script_key_audio_or_unmapped		
SOUND\RAYNE_FERRILGETHURT_5.WAV	no_english_script_key_audio_or_unmapped		
SOUND\RAYNE_FERRILGETHURT_6.WAV	no_english_script_key_audio_or_unmapped		
SOUND\RAYNE_FERRILGETHURT_7.WAV	no_english_script_key_audio_or_unmapped		
SOUND\RAYNE_FERRILGETHURT_8.WAV	no_english_script_key_audio_or_unmapped		
SOUND\RAYNE_FERRILGETHURT_9.WAV	no_english_script_key_audio_or_unmapped		
SOUND\RAYNE_FERRILKILL_1.WAV	no_english_script_key_audio_or_unmapped		
SOUND\RAYNE_FERRILTAUNT_1.WAV	no_english_script_key_audio_or_unmapped		
SOUND\RAYNE_FERRILTAUNT_2.WAV	no_english_script_key_audio_or_unmapped		
SOUND\RAYNE_FERRILTAUNT_3.WAV	no_english_script_key_audio_or_unmapped		
SOUND\RAYNE_FERRILTAUNT_4.WAV	no_english_script_key_audio_or_unmapped		
SOUND\RAYNE_FERRILTAUNT_5.WAV	no_english_script_key_audio_or_unmapped		
SOUND\RAYNE_FERRILTAUNT_6.WAV	no_english_script_key_audio_or_unmapped		
SOUND\RAYNE_GETHURT_1.WAV	no_english_script_key_audio_or_unmapped		
SOUND\RAYNE_GETHURT_10.WAV	script_captioned	WORLD\EN\A1_MANSION_PART4.TXT	WORLD\RU\A1_MANSION_PART4.TXT
SOUND\RAYNE_GETHURT_11.WAV	no_english_script_key_audio_or_unmapped		
SOUND\RAYNE_GETHURT_2.WAV	no_english_script_key_audio_or_unmapped		
SOUND\RAYNE_GETHURT_3.WAV	no_english_script_key_audio_or_unmapped		
SOUND\RAYNE_GETHURT_4.WAV	no_english_script_key_audio_or_unmapped		
SOUND\RAYNE_GETHURT_5.WAV	no_english_script_key_audio_or_unmapped		
SOUND\RAYNE_GETHURT_6.WAV	no_english_script_key_audio_or_unmapped		
SOUND\RAYNE_GETHURT_7.WAV	no_english_script_key_audio_or_unmapped		
SOUND\RAYNE_GETHURT_8.WAV	no_english_script_key_audio_or_unmapped		
SOUND\RAYNE_GETHURT_9.WAV	no_english_script_key_audio_or_unmapped		
SOUND\RAYNE_HINTACTIVE_1.WAV	no_english_script_key_audio_or_unmapped		
SOUND\RAYNE_HINTCOMBAT_1.WAV	no_english_script_key_audio_or_unmapped		
SOUND\RAYNE_HINTCOMBAT_2.WAV	no_english_script_key_audio_or_unmapped		
SOUND\RAYNE_HINTCOMBAT_3.WAV	script_captioned	WORLD\EN\A4_PARK_2.TXT	WORLD\RU\A4_PARK_2.TXT
SOUND\RAYNE_HINTGUNDRAIN_2.WAV	no_english_script_key_audio_or_unmapped		
SOUND\RAYNE_HINTGUNDRAIN_6.WAV	no_english_script_key_audio_or_unmapped		
SOUND\RAYNE_HINTGUNDRAIN_7.WAV	no_english_script_key_audio_or_unmapped		
SOUND\RAYNE_HINTHURTBAD_1.WAV	no_english_script_key_audio_or_unmapped		
SOUND\RAYNE_HINTHURTBAD_2.WAV	no_english_script_key_audio_or_unmapped		
SOUND\RAYNE_HINTHURTBAD_3.WAV	no_english_script_key_audio_or_unmapped		
SOUND\RAYNE_HINTKILLOMETER_1.WAV	no_english_script_key_audio_or_unmapped		
SOUND\RAYNE_HINTKILLOMETER_2.WAV	no_english_script_key_audio_or_unmapped		
SOUND\RAYNE_HINTKILLOMETER_2A.WAV	no_english_script_key_audio_or_unmapped		
SOUND\RAYNE_HINTKILLOMETER_3.WAV	no_english_script_key_audio_or_unmapped		
SOUND\RAYNE_HINTKILLOMETER_3A.WAV	no_english_script_key_audio_or_unmapped		
SOUND\RAYNE_HINTKILLOMETER_4.WAV	no_english_script_key_audio_or_unmapped		
SOUND\RAYNE_HINTKILLOMETER_5.WAV	no_english_script_key_audio_or_unmapped		
SOUND\RAYNE_HINTKILLOMETER_6.WAV	no_english_script_key_audio_or_unmapped		
SOUND\RAYNE_HINTKILLOMETER_7.WAV	no_english_script_key_audio_or_unmapped		
SOUND\RAYNE_HINTKILLOMETER_8.WAV	no_english_script_key_audio_or_unmapped		
SOUND\RAYNE_HINTKILLOMETER_9.WAV	no_english_script_key_audio_or_unmapped		
SOUND\RAYNE_HINTKILLOMETR_10.WAV	no_english_script_key_audio_or_unmapped		
SOUND\RAYNE_HINTKILLOMETR_10B.WAV	no_english_script_key_audio_or_unmapped		
SOUND\RAYNE_HINTKILLOMETR_11.WAV	no_english_script_key_audio_or_unmapped		
SOUND\RAYNE_HINTKILLOMETR_12.WAV	no_english_script_key_audio_or_unmapped		
SOUND\RAYNE_HINTMACHINEGUN_1.WAV	no_english_script_key_audio_or_unmapped		
SOUND\RAYNE_HINTMACHINEGUN_2.WAV	no_english_script_key_audio_or_unmapped		
SOUND\RAYNE_HINTNAVIGATION_1.WAV	no_english_script_key_audio_or_unmapped		
SOUND\RAYNE_HINTNAVIGATION_2.WAV	no_english_script_key_audio_or_unmapped		
SOUND\RAYNE_HINTNAVIGATION_3.WAV	no_english_script_key_audio_or_unmapped		
SOUND\RAYNE_HINTTOPPLE_1.WAV	no_english_script_key_audio_or_unmapped		
SOUND\RAYNE_HINTTOPPLE_2.WAV	no_english_script_key_audio_or_unmapped		
SOUND\RAYNE_HINTVAMPIRELAIR_1.WAV	no_english_script_key_audio_or_unmapped		
SOUND\RAYNE_HINTVAMPIRELAIR_2.WAV	no_english_script_key_audio_or_unmapped		
SOUND\RAYNE_HINTVAMPIRELAIR_3.WAV	no_english_script_key_audio_or_unmapped		
SOUND\RAYNE_HINTVAMPIRELAIR_4.WAV	no_english_script_key_audio_or_unmapped		
SOUND\RAYNE_HINTVAMPIRELAIR_5.WAV	no_english_script_key_audio_or_unmapped		
SOUND\RAYNE_HINTWAVEFIGHT_1.WAV	no_english_script_key_audio_or_unmapped		
SOUND\RAYNE_HINTWAVEFIGHT_2.WAV	no_english_script_key_audio_or_unmapped		
SOUND\RAYNE_HINTWAVEFIGHT_3.WAV	no_english_script_key_audio_or_unmapped		
SOUND\RAYNE_HINTWAVEFIGHT_4.WAV	no_english_script_key_audio_or_unmapped		
SOUND\RAYNE_HINTWAVEFIGHT_5.WAV	no_english_script_key_audio_or_unmapped		
SOUND\RAYNE_KAGANATTACK_1.WAV	no_english_script_key_audio_or_unmapped		
SOUND\RAYNE_KAGANATTACK_2.WAV	no_english_script_key_audio_or_unmapped		
SOUND\RAYNE_KAGANATTACK_3.WAV	no_english_script_key_audio_or_unmapped		
SOUND\RAYNE_KAGANATTACK_4.WAV	no_english_script_key_audio_or_unmapped		
SOUND\RAYNE_KAGANATTACK_5.WAV	no_english_script_key_audio_or_unmapped		
SOUND\RAYNE_KAGANATTACK_7.WAV	no_english_script_key_audio_or_unmapped		
SOUND\RAYNE_KAGANATTACK_8.WAV	no_english_script_key_audio_or_unmapped		
SOUND\RAYNE_KAGANELUDE_1.WAV	no_english_script_key_audio_or_unmapped		
SOUND\RAYNE_KAGANELUDE_2.WAV	no_english_script_key_audio_or_unmapped		
SOUND\RAYNE_KAGANELUDE_4.WAV	no_english_script_key_audio_or_unmapped		
SOUND\RAYNE_KAGANELUDE_5.WAV	no_english_script_key_audio_or_unmapped		
SOUND\RAYNE_KAGANGETHURT_1.WAV	no_english_script_key_audio_or_unmapped		
SOUND\RAYNE_KAGANGETHURT_10.WAV	no_english_script_key_audio_or_unmapped		
SOUND\RAYNE_KAGANGETHURT_11.WAV	no_english_script_key_audio_or_unmapped		
SOUND\RAYNE_KAGANGETHURT_12.WAV	no_english_script_key_audio_or_unmapped		
SOUND\RAYNE_KAGANGETHURT_13.WAV	no_english_script_key_audio_or_unmapped		
SOUND\RAYNE_KAGANGETHURT_2.WAV	no_english_script_key_audio_or_unmapped		
SOUND\RAYNE_KAGANGETHURT_3.WAV	no_english_script_key_audio_or_unmapped		
SOUND\RAYNE_KAGANGETHURT_4.WAV	no_english_script_key_audio_or_unmapped		
SOUND\RAYNE_KAGANGETHURT_5.WAV	no_english_script_key_audio_or_unmapped		
SOUND\RAYNE_KAGANGETHURT_6.WAV	no_english_script_key_audio_or_unmapped		
SOUND\RAYNE_KAGANGETHURT_7.WAV	no_english_script_key_audio_or_unmapped		
SOUND\RAYNE_KAGANGETHURT_8.WAV	no_english_script_key_audio_or_unmapped		
SOUND\RAYNE_KAGANGETHURT_9.WAV	no_english_script_key_audio_or_unmapped		
SOUND\RAYNE_KAGANTAUNT_1.WAV	no_english_script_key_audio_or_unmapped		
SOUND\RAYNE_KAGANTAUNT_2.WAV	no_english_script_key_audio_or_unmapped		
SOUND\RAYNE_KAGANTAUNT_3.WAV	no_english_script_key_audio_or_unmapped		
SOUND\RAYNE_KAGANTAUNT_4.WAV	no_english_script_key_audio_or_unmapped		
SOUND\RAYNE_KAGANTAUNT_5.WAV	no_english_script_key_audio_or_unmapped		
SOUND\RAYNE_KAGANTAUNT_6.WAV	no_english_script_key_audio_or_unmapped		
SOUND\RAYNE_KILL_1.WAV	no_english_script_key_audio_or_unmapped		
SOUND\RAYNE_KILL_10.WAV	no_english_script_key_audio_or_unmapped		
SOUND\RAYNE_KILL_2.WAV	no_english_script_key_audio_or_unmapped		
SOUND\RAYNE_KILL_3.WAV	no_english_script_key_audio_or_unmapped		
SOUND\RAYNE_KILL_4.WAV	no_english_script_key_audio_or_unmapped		
SOUND\RAYNE_KILL_5.WAV	no_english_script_key_audio_or_unmapped		
SOUND\RAYNE_KILL_6.WAV	no_english_script_key_audio_or_unmapped		
SOUND\RAYNE_KILL_7.WAV	no_english_script_key_audio_or_unmapped		
SOUND\RAYNE_KILL_8.WAV	no_english_script_key_audio_or_unmapped		
SOUND\RAYNE_KILL_9.WAV	no_english_script_key_audio_or_unmapped		
SOUND\RAYNE_NEEDRAGE_1.WAV	no_english_script_key_audio_or_unmapped		
SOUND\RAYNE_NEEDRAGE_3.WAV	no_english_script_key_audio_or_unmapped		
SOUND\RAYNE_NEEDRAGE_4.WAV	no_english_script_key_audio_or_unmapped		
SOUND\RAYNE_NEEDRAGE_5.WAV	no_english_script_key_audio_or_unmapped		
SOUND\RAYNE_ONFIRE_1.WAV	no_english_script_key_audio_or_unmapped		
SOUND\RAYNE_ONFIRE_10.WAV	no_english_script_key_audio_or_unmapped		
SOUND\RAYNE_ONFIRE_11.WAV	no_english_script_key_audio_or_unmapped		
SOUND\RAYNE_ONFIRE_12.WAV	no_english_script_key_audio_or_unmapped		
SOUND\RAYNE_ONFIRE_2.WAV	no_english_script_key_audio_or_unmapped		
SOUND\RAYNE_ONFIRE_3.WAV	no_english_script_key_audio_or_unmapped		
SOUND\RAYNE_ONFIRE_4.WAV	no_english_script_key_audio_or_unmapped		
SOUND\RAYNE_ONFIRE_5.WAV	no_english_script_key_audio_or_unmapped		
SOUND\RAYNE_ONFIRE_6.WAV	no_english_script_key_audio_or_unmapped		
SOUND\RAYNE_ONFIRE_7.WAV	no_english_script_key_audio_or_unmapped		
SOUND\RAYNE_ONFIRE_8.WAV	no_english_script_key_audio_or_unmapped		
SOUND\RAYNE_ONFIRE_9.WAV	no_english_script_key_audio_or_unmapped		
SOUND\RAYNE_SHOCKED_1.WAV	no_english_script_key_audio_or_unmapped		
SOUND\RAYNE_SHOCKED_2.WAV	no_english_script_key_audio_or_unmapped		
SOUND\RAYNE_SHOCKED_3.WAV	no_english_script_key_audio_or_unmapped		
SOUND\RAYNE_SHOCKED_4.WAV	no_english_script_key_audio_or_unmapped		
SOUND\RAYNE_SLEZZATTACK_1.WAV	no_english_script_key_audio_or_unmapped		
SOUND\RAYNE_SLEZZATTACK_2.WAV	no_english_script_key_audio_or_unmapped		
SOUND\RAYNE_SLEZZATTACK_3.WAV	no_english_script_key_audio_or_unmapped		
SOUND\RAYNE_SLEZZDIE_1.WAV	no_english_script_key_audio_or_unmapped		
SOUND\RAYNE_SLEZZEAT_1.WAV	no_english_script_key_audio_or_unmapped		
SOUND\RAYNE_SLEZZGETHURT_1.WAV	no_english_script_key_audio_or_unmapped		
SOUND\RAYNE_SLEZZGETHURT_10.WAV	no_english_script_key_audio_or_unmapped		
SOUND\RAYNE_SLEZZGETHURT_11.WAV	no_english_script_key_audio_or_unmapped		
SOUND\RAYNE_SLEZZGETHURT_2.WAV	no_english_script_key_audio_or_unmapped		
SOUND\RAYNE_SLEZZGETHURT_3.WAV	no_english_script_key_audio_or_unmapped		
SOUND\RAYNE_SLEZZGETHURT_4.WAV	no_english_script_key_audio_or_unmapped		
SOUND\RAYNE_SLEZZGETHURT_5.WAV	no_english_script_key_audio_or_unmapped		
SOUND\RAYNE_SLEZZGETHURT_6.WAV	no_english_script_key_audio_or_unmapped		
SOUND\RAYNE_SLEZZGETHURT_7.WAV	no_english_script_key_audio_or_unmapped		
SOUND\RAYNE_SLEZZGETHURT_8.WAV	no_english_script_key_audio_or_unmapped		
SOUND\RAYNE_SLEZZGETHURT_9.WAV	no_english_script_key_audio_or_unmapped		
SOUND\RAYNE_SLEZZHINT_1.WAV	no_english_script_key_audio_or_unmapped		
SOUND\RAYNE_SLEZZHINT_2.WAV	no_english_script_key_audio_or_unmapped		
SOUND\RAYNE_SLEZZHINT_3.WAV	no_english_script_key_audio_or_unmapped		
SOUND\RAYNE_SLEZZHINT_4.WAV	no_english_script_key_audio_or_unmapped		
SOUND\RAYNE_SLEZZHINT_5.WAV	no_english_script_key_audio_or_unmapped		
SOUND\RAYNE_SLEZZHINT_6.WAV	no_english_script_key_audio_or_unmapped		
SOUND\RAYNE_SLEZZKILL_1.WAV	no_english_script_key_audio_or_unmapped		
SOUND\RAYNE_SLEZZTAUNT_1.WAV	no_english_script_key_audio_or_unmapped		
SOUND\RAYNE_SLEZZTAUNT_2.WAV	no_english_script_key_audio_or_unmapped		
SOUND\RAYNE_SLEZZTAUNT_3.WAV	no_english_script_key_audio_or_unmapped		
SOUND\RAYNE_TAUNT_1.WAV	no_english_script_key_audio_or_unmapped		
SOUND\RAYNE_TAUNT_2.WAV	no_english_script_key_audio_or_unmapped		
SOUND\RAYNE_TAUNT_3.WAV	no_english_script_key_audio_or_unmapped		
SOUND\RAYNE_UNRAVELERATTACK_1.WAV	no_english_script_key_audio_or_unmapped		
SOUND\RAYNE_UNRAVELERATTACK_2.WAV	no_english_script_key_audio_or_unmapped		
SOUND\RAYNE_UNRAVELERATTACK_3.WAV	no_english_script_key_audio_or_unmapped		
SOUND\RAYNE_UNRAVELERHINT_1.WAV	no_english_script_key_audio_or_unmapped		
SOUND\RAYNE_UNRAVELERHINT_2.WAV	no_english_script_key_audio_or_unmapped		
SOUND\RAYNE_UNRAVELERHINT_3.WAV	no_english_script_key_audio_or_unmapped		
SOUND\RAYNE_UNRAVELERHINT_4.WAV	no_english_script_key_audio_or_unmapped		
SOUND\RAYNE_UNRAVELERHINT_5.WAV	no_english_script_key_audio_or_unmapped		
SOUND\RAYNE_UPGRADEBLADE_1.WAV	no_english_script_key_audio_or_unmapped		
SOUND\RAYNE_UPGRADEBLADE_2.WAV	no_english_script_key_audio_or_unmapped		
SOUND\RAYNE_UPGRADEBRAGE_3.WAV	no_english_script_key_audio_or_unmapped		
SOUND\RAYNE_UPGRADEBRAGE_4.WAV	no_english_script_key_audio_or_unmapped		
SOUND\RAYNE_UPGRADEDILATED_1.WAV	no_english_script_key_audio_or_unmapped		
SOUND\RAYNE_UPGRADEDILATED_2.WAV	no_english_script_key_audio_or_unmapped		
SOUND\RAYNE_UPGRADEGUNS_1.WAV	no_english_script_key_audio_or_unmapped		
SOUND\RAYNE_UPGRADEGUNS_2.WAV	no_english_script_key_audio_or_unmapped		
SOUND\RAYNE_UPGRADEHEALTH_1.WAV	no_english_script_key_audio_or_unmapped		
SOUND\RAYNE_UPGRADEHEALTH_2.WAV	no_english_script_key_audio_or_unmapped		
SOUND\RAYNE_UPGRADEKICK_1.WAV	no_english_script_key_audio_or_unmapped		
SOUND\RAYNE_UPGRADEKICK_2.WAV	no_english_script_key_audio_or_unmapped		
SOUND\RAYNE_UPGRADERAGEM_1.WAV	no_english_script_key_audio_or_unmapped		
SOUND\RAYNE_UPGRADERAGEM_2.WAV	no_english_script_key_audio_or_unmapped		
SOUND\RAYNE_XERXAATTACK_1.WAV	no_english_script_key_audio_or_unmapped		
SOUND\RAYNE_XERXAATTACK_2.WAV	no_english_script_key_audio_or_unmapped		
SOUND\RAYNE_XERXAATTACK_3.WAV	no_english_script_key_audio_or_unmapped		
SOUND\RAYNE_XERXAATTACK_4.WAV	no_english_script_key_audio_or_unmapped		
SOUND\RAYNE_XERXAATTACK_5.WAV	no_english_script_key_audio_or_unmapped		
SOUND\RAYNE_XERXAELUDE_1.WAV	no_english_script_key_audio_or_unmapped		
SOUND\RAYNE_XERXAHINT_1.WAV	no_english_script_key_audio_or_unmapped		
SOUND\RAYNE_XERXAHINT_2.WAV	no_english_script_key_audio_or_unmapped		
SOUND\RAYNE_XERXATAUNT_1.WAV	no_english_script_key_audio_or_unmapped		
SOUND\RAYNE_XERXATAUNT_2.WAV	no_english_script_key_audio_or_unmapped		
SOUND\RAYNE_XERXATAUNT_3.WAV	no_english_script_key_audio_or_unmapped		
SOUND\RAYNE_XERXATAUNT_4.WAV	no_english_script_key_audio_or_unmapped		
SOUND\RAYNE_XERXATAUNT_5.WAV	no_english_script_key_audio_or_unmapped		
SOUND\RAYNE_XERXBATTACK_1.WAV	no_english_script_key_audio_or_unmapped		
SOUND\RAYNE_XERXBATTACK_3.WAV	no_english_script_key_audio_or_unmapped		
SOUND\RAYNE_XERXBATTACK_4.WAV	no_english_script_key_audio_or_unmapped		
SOUND\RAYNE_XERXBATTACK_5.WAV	no_english_script_key_audio_or_unmapped		
SOUND\RAYNE_XERXBATTACK_6.WAV	no_english_script_key_audio_or_unmapped		
SOUND\RAYNE_XERXBELUDE_3.WAV	no_english_script_key_audio_or_unmapped		
SOUND\RAYNE_XERXBELUDE_4.WAV	no_english_script_key_audio_or_unmapped		
SOUND\RAYNE_XERXBGETHURT_1.WAV	no_english_script_key_audio_or_unmapped		
SOUND\RAYNE_XERXBGETHURT_2.WAV	no_english_script_key_audio_or_unmapped		
SOUND\RAYNE_XERXBGETHURT_3.WAV	no_english_script_key_audio_or_unmapped		
SOUND\RAYNE_XERXBGETHURT_4.WAV	no_english_script_key_audio_or_unmapped		
SOUND\RAYNE_XERXBHINT_1.WAV	no_english_script_key_audio_or_unmapped		
SOUND\RAYNE_XERXBHINT_2.WAV	no_english_script_key_audio_or_unmapped		
SOUND\RAYNE_XERXBKILL_1.WAV	no_english_script_key_audio_or_unmapped		
SOUND\RAYNE_XERXBTAUNT_1.WAV	no_english_script_key_audio_or_unmapped		
SOUND\RAYNE_XERXBTAUNT_2.WAV	no_english_script_key_audio_or_unmapped		
SOUND\RAYNE_XERXBTAUNT_3.WAV	no_english_script_key_audio_or_unmapped		
SOUND\RAYNE_XERXBTAUNT_4.WAV	no_english_script_key_audio_or_unmapped		
SOUND\RAYNE_XERXBTAUNT_5.WAV	no_english_script_key_audio_or_unmapped		
SOUND\RAYNE_ZERENSKIATTACK_1.WAV	no_english_script_key_audio_or_unmapped		
SOUND\RAYNE_ZERENSKIATTACK_2.WAV	no_english_script_key_audio_or_unmapped		
SOUND\RAYNE_ZERENSKIATTACK_3.WAV	no_english_script_key_audio_or_unmapped		
SOUND\RAYNE_ZERENSKIATTACK_4.WAV	no_english_script_key_audio_or_unmapped		
SOUND\RAYNE_ZERENSKIELUDE_1.WAV	no_english_script_key_audio_or_unmapped		
SOUND\RAYNE_ZERENSKIELUDE_2.WAV	no_english_script_key_audio_or_unmapped		
SOUND\RAYNE_ZERENSKIELUDE_3.WAV	no_english_script_key_audio_or_unmapped		
SOUND\RAYNE_ZERENSKIELUDE_4.WAV	no_english_script_key_audio_or_unmapped		
SOUND\RAYNE_ZERENSKIGETHURT_6.WAV	no_english_script_key_audio_or_unmapped		
SOUND\RAYNE_ZERENSKIHINT_1.WAV	no_english_script_key_audio_or_unmapped		
SOUND\RAYNE_ZERENSKIHINT_2.WAV	no_english_script_key_audio_or_unmapped		
SOUND\RAYNE_ZERENSKIHINT_3.WAV	no_english_script_key_audio_or_unmapped		
SOUND\RAYNE_ZERENSKIHINT_4.WAV	no_english_script_key_audio_or_unmapped		
SOUND\RAYNE_ZERENSKIKILL_1.WAV	no_english_script_key_audio_or_unmapped		
SOUND\RAYNE_ZERENSKISHOTBAT_1.WAV	no_english_script_key_audio_or_unmapped		
SOUND\RAYNE_ZERENSKISHOTBAT_2.WAV	no_english_script_key_audio_or_unmapped		
SOUND\RAYNE_ZERENSKITAUNT_1.WAV	no_english_script_key_audio_or_unmapped		
SOUND\RAYNE_ZERENSKITAUNT_2.WAV	no_english_script_key_audio_or_unmapped		
SOUND\RAYNE_ZERENSKITAUNT_3.WAV	no_english_script_key_audio_or_unmapped		
SOUND\RAYNE_ZERENSKITAUNT_4.WAV	no_english_script_key_audio_or_unmapped		
SOUND\SLEGION_DIE_A_01.WAV	no_english_script_key_audio_or_unmapped		
SOUND\SLEGION_DIE_A_02.WAV	no_english_script_key_audio_or_unmapped		
SOUND\SLEGION_DIE_A_03.WAV	no_english_script_key_audio_or_unmapped		
SOUND\SLEGION_DIE_A_04.WAV	no_english_script_key_audio_or_unmapped		
SOUND\SLEZZ_DIE_01.WAV	no_english_script_key_audio_or_unmapped		
SOUND\SLEZZ_DIE_02.WAV	no_english_script_key_audio_or_unmapped		
SOUND\SLEZZ_HURT_01.WAV	no_english_script_key_audio_or_unmapped		
SOUND\SLEZZ_HURT_02.WAV	no_english_script_key_audio_or_unmapped		
SOUND\SLEZZ_HURT_03.WAV	no_english_script_key_audio_or_unmapped		
SOUND\SLEZZ_HURT_04.WAV	no_english_script_key_audio_or_unmapped		
SOUND\SLEZZ_HURT_05.WAV	no_english_script_key_audio_or_unmapped		
SOUND\SLEZZ_HURT_06.WAV	no_english_script_key_audio_or_unmapped		
SOUND\SLEZZ_HURT_07.WAV	no_english_script_key_audio_or_unmapped		
SOUND\SLEZZ_HURT_08.WAV	no_english_script_key_audio_or_unmapped		
SOUND\SLEZZ_WATER_01.WAV	no_english_script_key_audio_or_unmapped		
SOUND\UNRAVELLER_BODYPART_HITRAYNE_1.WAV	no_english_script_key_audio_or_unmapped		
SOUND\UNRAVELLER_BODYPART_HITRAYNE_2.WAV	no_english_script_key_audio_or_unmapped		
SOUND\UNRAVELLER_BODYPART_HITRAYNE_3.WAV	no_english_script_key_audio_or_unmapped		
SOUND\UNRAVELLER_HAIRBALL_HITRAYNE_1.WAV	no_english_script_key_audio_or_unmapped		
SOUND\UNRAVELLER_HAIRBALL_HITRAYNE_2.WAV	no_english_script_key_audio_or_unmapped		
SOUND\UNRAVELLER_HAIRBALL_HITRAYNE_3.WAV	no_english_script_key_audio_or_unmapped		
SOUND\UPUNK_ALERT_A_01.WAV	no_english_script_key_audio_or_unmapped		
SOUND\UPUNK_ALERT_A_02.WAV	no_english_script_key_audio_or_unmapped		
SOUND\UPUNK_ALERT_A_03.WAV	no_english_script_key_audio_or_unmapped		
SOUND\UPUNK_ALERT_A_04.WAV	no_english_script_key_audio_or_unmapped		
SOUND\UPUNK_ALERT_A_05.WAV	no_english_script_key_audio_or_unmapped		
SOUND\UPUNK_ALERT_A_06.WAV	no_english_script_key_audio_or_unmapped		
SOUND\UPUNK_ALERT_A_07.WAV	no_english_script_key_audio_or_unmapped		
SOUND\UPUNK_ALERT_A_08.WAV	no_english_script_key_audio_or_unmapped		
SOUND\UPUNK_ALERT_A_09.WAV	no_english_script_key_audio_or_unmapped		
SOUND\UPUNK_ALERT_A_10.WAV	no_english_script_key_audio_or_unmapped		
SOUND\UPUNK_ALERT_B_01.WAV	no_english_script_key_audio_or_unmapped		
SOUND\UPUNK_ALERT_B_02.WAV	no_english_script_key_audio_or_unmapped		
SOUND\UPUNK_ALERT_B_03.WAV	no_english_script_key_audio_or_unmapped		
SOUND\UPUNK_ALERT_B_04.WAV	no_english_script_key_audio_or_unmapped		
SOUND\UPUNK_ALERT_B_05.WAV	no_english_script_key_audio_or_unmapped		
SOUND\UPUNK_ALERT_B_06.WAV	no_english_script_key_audio_or_unmapped		
SOUND\UPUNK_AMBIENT_A_01.WAV	no_english_script_key_audio_or_unmapped		
SOUND\UPUNK_AMBIENT_A_02.WAV	no_english_script_key_audio_or_unmapped		
SOUND\UPUNK_AMBIENT_A_03.WAV	no_english_script_key_audio_or_unmapped		
SOUND\UPUNK_AMBIENT_A_04.WAV	no_english_script_key_audio_or_unmapped		
SOUND\UPUNK_AMBIENT_A_05.WAV	no_english_script_key_audio_or_unmapped		
SOUND\UPUNK_AMBIENT_A_06.WAV	no_english_script_key_audio_or_unmapped		
SOUND\UPUNK_AMBIENT_A_07.WAV	no_english_script_key_audio_or_unmapped		
SOUND\UPUNK_AMBIENT_A_08.WAV	no_english_script_key_audio_or_unmapped		
SOUND\UPUNK_AMBIENT_A_09.WAV	no_english_script_key_audio_or_unmapped		
SOUND\UPUNK_AMBIENT_A_10.WAV	no_english_script_key_audio_or_unmapped		
SOUND\UPUNK_AMBIENT_A_11.WAV	no_english_script_key_audio_or_unmapped		
SOUND\UPUNK_AMBIENT_A_12.WAV	no_english_script_key_audio_or_unmapped		
SOUND\UPUNK_AMBIENT_A_13.WAV	no_english_script_key_audio_or_unmapped		
SOUND\UPUNK_AMBIENT_A_14.WAV	no_english_script_key_audio_or_unmapped		
SOUND\UPUNK_AMBIENT_A_15.WAV	no_english_script_key_audio_or_unmapped		
SOUND\UPUNK_AMBIENT_A_16.WAV	no_english_script_key_audio_or_unmapped		
SOUND\UPUNK_AMBIENT_A_17.WAV	no_english_script_key_audio_or_unmapped		
SOUND\UPUNK_AMBIENT_A_18.WAV	no_english_script_key_audio_or_unmapped		
SOUND\UPUNK_AMBIENT_A_19.WAV	no_english_script_key_audio_or_unmapped		
SOUND\UPUNK_AMBIENT_A_20.WAV	no_english_script_key_audio_or_unmapped		
SOUND\UPUNK_AMBIENT_A_21.WAV	no_english_script_key_audio_or_unmapped		
SOUND\UPUNK_AMBIENT_A_22.WAV	no_english_script_key_audio_or_unmapped		
SOUND\UPUNK_AMBIENT_B_01.WAV	no_english_script_key_audio_or_unmapped		
SOUND\UPUNK_AMBIENT_B_02.WAV	no_english_script_key_audio_or_unmapped		
SOUND\UPUNK_AMBIENT_B_03.WAV	no_english_script_key_audio_or_unmapped		
SOUND\UPUNK_AMBIENT_B_04.WAV	no_english_script_key_audio_or_unmapped		
SOUND\UPUNK_AMBIENT_B_05.WAV	no_english_script_key_audio_or_unmapped		
SOUND\UPUNK_AMBIENT_B_06.WAV	no_english_script_key_audio_or_unmapped		
SOUND\UPUNK_AMBIENT_B_07.WAV	no_english_script_key_audio_or_unmapped		
SOUND\UPUNK_AMBIENT_B_08.WAV	no_english_script_key_audio_or_unmapped		
SOUND\UPUNK_AMBIENT_B_09.WAV	no_english_script_key_audio_or_unmapped		
SOUND\UPUNK_AMBIENT_B_10.WAV	no_english_script_key_audio_or_unmapped		
SOUND\UPUNK_AMBIENT_B_11.WAV	no_english_script_key_audio_or_unmapped		
SOUND\UPUNK_AMBIENT_B_12.WAV	no_english_script_key_audio_or_unmapped		
SOUND\UPUNK_ARM_A_01.WAV	no_english_script_key_audio_or_unmapped		
SOUND\UPUNK_ARM_A_02.WAV	no_english_script_key_audio_or_unmapped		
SOUND\UPUNK_ARM_A_03.WAV	no_english_script_key_audio_or_unmapped		
SOUND\UPUNK_ARM_B_01.WAV	no_english_script_key_audio_or_unmapped		
SOUND\UPUNK_ARM_B_02.WAV	no_english_script_key_audio_or_unmapped		
SOUND\UPUNK_ARM_B_03.WAV	no_english_script_key_audio_or_unmapped		
SOUND\UPUNK_ARM_C_01.WAV	no_english_script_key_audio_or_unmapped		
SOUND\UPUNK_ARM_C_02.WAV	no_english_script_key_audio_or_unmapped		
SOUND\UPUNK_ATTACK_A_01.WAV	no_english_script_key_audio_or_unmapped		
SOUND\UPUNK_ATTACK_A_02.WAV	no_english_script_key_audio_or_unmapped		
SOUND\UPUNK_ATTACK_A_03.WAV	no_english_script_key_audio_or_unmapped		
SOUND\UPUNK_ATTACK_A_04.WAV	no_english_script_key_audio_or_unmapped		
SOUND\UPUNK_ATTACK_A_05.WAV	no_english_script_key_audio_or_unmapped		
SOUND\UPUNK_ATTACK_A_06.WAV	no_english_script_key_audio_or_unmapped		
SOUND\UPUNK_ATTACK_A_07.WAV	no_english_script_key_audio_or_unmapped		
SOUND\UPUNK_ATTACK_A_08.WAV	no_english_script_key_audio_or_unmapped		
SOUND\UPUNK_ATTACK_B_01.WAV	no_english_script_key_audio_or_unmapped		
SOUND\UPUNK_ATTACK_B_02.WAV	no_english_script_key_audio_or_unmapped		
SOUND\UPUNK_ATTACK_B_03.WAV	no_english_script_key_audio_or_unmapped		
SOUND\UPUNK_ATTACK_B_04.WAV	no_english_script_key_audio_or_unmapped		
SOUND\UPUNK_ATTACK_B_05.WAV	no_english_script_key_audio_or_unmapped		
SOUND\UPUNK_ATTACK_B_06.WAV	no_english_script_key_audio_or_unmapped		
SOUND\UPUNK_ATTACK_B_07.WAV	no_english_script_key_audio_or_unmapped		
SOUND\UPUNK_ATTACK_C_01.WAV	no_english_script_key_audio_or_unmapped		
SOUND\UPUNK_ATTACK_C_02.WAV	no_english_script_key_audio_or_unmapped		
SOUND\UPUNK_ATTACK_C_03.WAV	no_english_script_key_audio_or_unmapped		
SOUND\UPUNK_ATTACK_C_04.WAV	no_english_script_key_audio_or_unmapped		
SOUND\UPUNK_ATTACK_C_05.WAV	no_english_script_key_audio_or_unmapped		
SOUND\UPUNK_ATTACK_C_06.WAV	no_english_script_key_audio_or_unmapped		
SOUND\UPUNK_ATTACK_C_07.WAV	no_english_script_key_audio_or_unmapped		
SOUND\UPUNK_ATTACK_C_08.WAV	no_english_script_key_audio_or_unmapped		
SOUND\UPUNK_ATTACK_C_09.WAV	no_english_script_key_audio_or_unmapped		
SOUND\UPUNK_ATTACK_C_10.WAV	no_english_script_key_audio_or_unmapped		
SOUND\UPUNK_ATTACK_C_11.WAV	no_english_script_key_audio_or_unmapped		
SOUND\UPUNK_ATTACKSUCCESS_A_01.WAV	no_english_script_key_audio_or_unmapped		
SOUND\UPUNK_ATTACKSUCCESS_A_02.WAV	no_english_script_key_audio_or_unmapped		
SOUND\UPUNK_ATTACKSUCCESS_A_03.WAV	no_english_script_key_audio_or_unmapped		
SOUND\UPUNK_ATTACKSUCCESS_A_04.WAV	no_english_script_key_audio_or_unmapped		
SOUND\UPUNK_ATTACKSUCCESS_A_05.WAV	no_english_script_key_audio_or_unmapped		
SOUND\UPUNK_ATTACKSUCCESS_A_06.WAV	no_english_script_key_audio_or_unmapped		
SOUND\UPUNK_ATTACKSUCCESS_A_07.WAV	no_english_script_key_audio_or_unmapped		
SOUND\UPUNK_ATTACKSUCCESS_B_01.WAV	no_english_script_key_audio_or_unmapped		
SOUND\UPUNK_ATTACKSUCCESS_B_02.WAV	no_english_script_key_audio_or_unmapped		
SOUND\UPUNK_ATTACKSUCCESS_B_03.WAV	no_english_script_key_audio_or_unmapped		
SOUND\UPUNK_ATTACKSUCCESS_B_04.WAV	no_english_script_key_audio_or_unmapped		
SOUND\UPUNK_ATTACKSUCCESS_B_05.WAV	no_english_script_key_audio_or_unmapped		
SOUND\UPUNK_ATTACKSUCCESS_B_06.WAV	no_english_script_key_audio_or_unmapped		
SOUND\UPUNK_ATTACKSUCCESS_B_07.WAV	no_english_script_key_audio_or_unmapped		
SOUND\UPUNK_ATTACKSUCCESS_B_08.WAV	no_english_script_key_audio_or_unmapped		
SOUND\UPUNK_ATTACKSUCCESS_B_09.WAV	no_english_script_key_audio_or_unmapped		
SOUND\UPUNK_ATTACKSUCCESS_B_10.WAV	no_english_script_key_audio_or_unmapped		
SOUND\UPUNK_ATTACKSUCCESS_B_11.WAV	no_english_script_key_audio_or_unmapped		
SOUND\UPUNK_DECAP_A_01.WAV	no_english_script_key_audio_or_unmapped		
SOUND\UPUNK_DECAP_A_02.WAV	no_english_script_key_audio_or_unmapped		
SOUND\UPUNK_DECAP_A_03.WAV	no_english_script_key_audio_or_unmapped		
SOUND\UPUNK_DECAP_A_04.WAV	no_english_script_key_audio_or_unmapped		
SOUND\UPUNK_DECAP_B_01.WAV	no_english_script_key_audio_or_unmapped		
SOUND\UPUNK_DECAP_B_02.WAV	no_english_script_key_audio_or_unmapped		
SOUND\UPUNK_DECAP_B_03.WAV	no_english_script_key_audio_or_unmapped		
SOUND\UPUNK_DECAP_B_04.WAV	no_english_script_key_audio_or_unmapped		
SOUND\UPUNK_DECAP_B_05.WAV	no_english_script_key_audio_or_unmapped		
SOUND\UPUNK_DECAP_B_06.WAV	no_english_script_key_audio_or_unmapped		
SOUND\UPUNK_DECAP_C_01.WAV	no_english_script_key_audio_or_unmapped		
SOUND\UPUNK_DECAP_C_02.WAV	no_english_script_key_audio_or_unmapped		
SOUND\UPUNK_DECAP_C_03.WAV	no_english_script_key_audio_or_unmapped		
SOUND\UPUNK_DECAP_C_04.WAV	no_english_script_key_audio_or_unmapped		
SOUND\UPUNK_DIE_A_01.WAV	no_english_script_key_audio_or_unmapped		
SOUND\UPUNK_DIE_A_02.WAV	no_english_script_key_audio_or_unmapped		
SOUND\UPUNK_DIE_B_01.WAV	no_english_script_key_audio_or_unmapped		
SOUND\UPUNK_DIE_B_02.WAV	no_english_script_key_audio_or_unmapped		
SOUND\UPUNK_DIE_B_03.WAV	no_english_script_key_audio_or_unmapped		
SOUND\UPUNK_DIE_B_04.WAV	no_english_script_key_audio_or_unmapped		
SOUND\UPUNK_DIE_B_05.WAV	no_english_script_key_audio_or_unmapped		
SOUND\UPUNK_DIE_B_06.WAV	no_english_script_key_audio_or_unmapped		
SOUND\UPUNK_DIE_B_07.WAV	no_english_script_key_audio_or_unmapped		
SOUND\UPUNK_DIE_C_01.WAV	no_english_script_key_audio_or_unmapped		
SOUND\UPUNK_DIE_C_02.WAV	no_english_script_key_audio_or_unmapped		
SOUND\UPUNK_DIE_C_03.WAV	no_english_script_key_audio_or_unmapped		
SOUND\UPUNK_DIE_C_04.WAV	no_english_script_key_audio_or_unmapped		
SOUND\UPUNK_DIE_C_05.WAV	no_english_script_key_audio_or_unmapped		
SOUND\UPUNK_ELECTRIC_A_01.WAV	no_english_script_key_audio_or_unmapped		
SOUND\UPUNK_ELECTRIC_A_02.WAV	no_english_script_key_audio_or_unmapped		
SOUND\UPUNK_ELECTRIC_B_01.WAV	no_english_script_key_audio_or_unmapped		
SOUND\UPUNK_ELECTRIC_B_02.WAV	no_english_script_key_audio_or_unmapped		
SOUND\UPUNK_ELECTRIC_C_01.WAV	no_english_script_key_audio_or_unmapped		
SOUND\UPUNK_ELUDE_A_01.WAV	no_english_script_key_audio_or_unmapped		
SOUND\UPUNK_ELUDE_A_02.WAV	no_english_script_key_audio_or_unmapped		
SOUND\UPUNK_ELUDE_A_03.WAV	no_english_script_key_audio_or_unmapped		
SOUND\UPUNK_ELUDE_B_01.WAV	no_english_script_key_audio_or_unmapped		
SOUND\UPUNK_ELUDE_B_02.WAV	no_english_script_key_audio_or_unmapped		
SOUND\UPUNK_ELUDE_B_03.WAV	no_english_script_key_audio_or_unmapped		
SOUND\UPUNK_ELUDE_B_04.WAV	no_english_script_key_audio_or_unmapped		
SOUND\UPUNK_ELUDE_B_05.WAV	no_english_script_key_audio_or_unmapped		
SOUND\UPUNK_EQUIP_A_01.WAV	no_english_script_key_audio_or_unmapped		
SOUND\UPUNK_EQUIP_A_02.WAV	no_english_script_key_audio_or_unmapped		
SOUND\UPUNK_EQUIP_A_03.WAV	no_english_script_key_audio_or_unmapped		
SOUND\UPUNK_EQUIP_B_01.WAV	no_english_script_key_audio_or_unmapped		
SOUND\UPUNK_EQUIP_B_02.WAV	no_english_script_key_audio_or_unmapped		
SOUND\UPUNK_FEDON_A_01.WAV	no_english_script_key_audio_or_unmapped		
SOUND\UPUNK_FEDON_A_02.WAV	no_english_script_key_audio_or_unmapped		
SOUND\UPUNK_FEDON_A_03.WAV	no_english_script_key_audio_or_unmapped		
SOUND\UPUNK_FEDON_B_01.WAV	no_english_script_key_audio_or_unmapped		
SOUND\UPUNK_FEDON_B_02.WAV	no_english_script_key_audio_or_unmapped		
SOUND\UPUNK_FEDON_B_03.WAV	no_english_script_key_audio_or_unmapped		
SOUND\UPUNK_FEDON_B_04.WAV	no_english_script_key_audio_or_unmapped		
SOUND\UPUNK_FEDON_B_05.WAV	no_english_script_key_audio_or_unmapped		
SOUND\UPUNK_FEDON_B_06.WAV	no_english_script_key_audio_or_unmapped		
SOUND\UPUNK_FEDON_C_01.WAV	no_english_script_key_audio_or_unmapped		
SOUND\UPUNK_FEDON_C_02.WAV	no_english_script_key_audio_or_unmapped		
SOUND\UPUNK_FEDON_C_03.WAV	no_english_script_key_audio_or_unmapped		
SOUND\UPUNK_FIRE_A_01.WAV	no_english_script_key_audio_or_unmapped		
SOUND\UPUNK_FIRE_A_02.WAV	no_english_script_key_audio_or_unmapped		
SOUND\UPUNK_FIRE_B_01.WAV	no_english_script_key_audio_or_unmapped		
SOUND\UPUNK_FIRE_B_02.WAV	no_english_script_key_audio_or_unmapped		
SOUND\UPUNK_HARPOON_A_01.WAV	no_english_script_key_audio_or_unmapped		
SOUND\UPUNK_HARPOON_B_01.WAV	no_english_script_key_audio_or_unmapped		
SOUND\UPUNK_HARPOON_B_02.WAV	no_english_script_key_audio_or_unmapped		
SOUND\UPUNK_HARPOON_B_03.WAV	no_english_script_key_audio_or_unmapped		
SOUND\UPUNK_HARPOON_B_04.WAV	no_english_script_key_audio_or_unmapped		
SOUND\UPUNK_HARPOON_B_05.WAV	no_english_script_key_audio_or_unmapped		
SOUND\UPUNK_HARPOON_B_06.WAV	no_english_script_key_audio_or_unmapped		
SOUND\UPUNK_HARPOON_C_01.WAV	no_english_script_key_audio_or_unmapped		
SOUND\UPUNK_HARPOON_C_02.WAV	no_english_script_key_audio_or_unmapped		
SOUND\UPUNK_HARPOON_C_03.WAV	no_english_script_key_audio_or_unmapped		
SOUND\UPUNK_HARPOON_C_04.WAV	no_english_script_key_audio_or_unmapped		
SOUND\UPUNK_HARPOON_C_05.WAV	no_english_script_key_audio_or_unmapped		
SOUND\UPUNK_HURT_A_01.WAV	no_english_script_key_audio_or_unmapped		
SOUND\UPUNK_HURT_A_02.WAV	no_english_script_key_audio_or_unmapped		
SOUND\UPUNK_HURT_A_03.WAV	no_english_script_key_audio_or_unmapped		
SOUND\UPUNK_HURT_A_04.WAV	no_english_script_key_audio_or_unmapped		
SOUND\UPUNK_HURT_A_05.WAV	no_english_script_key_audio_or_unmapped		
SOUND\UPUNK_HURT_A_06.WAV	no_english_script_key_audio_or_unmapped		
SOUND\UPUNK_HURT_A_07.WAV	no_english_script_key_audio_or_unmapped		
SOUND\UPUNK_HURT_A_08.WAV	no_english_script_key_audio_or_unmapped		
SOUND\UPUNK_HURT_A_09.WAV	no_english_script_key_audio_or_unmapped		
SOUND\UPUNK_HURT_A_10.WAV	no_english_script_key_audio_or_unmapped		
SOUND\UPUNK_HURT_A_11.WAV	no_english_script_key_audio_or_unmapped		
SOUND\UPUNK_HURT_A_12.WAV	no_english_script_key_audio_or_unmapped		
SOUND\UPUNK_HURT_A_13.WAV	no_english_script_key_audio_or_unmapped		
SOUND\UPUNK_HURT_A_14.WAV	no_english_script_key_audio_or_unmapped		
SOUND\UPUNK_HURT_B_01.WAV	no_english_script_key_audio_or_unmapped		
SOUND\UPUNK_HURT_B_02.WAV	no_english_script_key_audio_or_unmapped		
SOUND\UPUNK_HURT_B_03.WAV	no_english_script_key_audio_or_unmapped		
SOUND\UPUNK_HURT_B_04.WAV	no_english_script_key_audio_or_unmapped		
SOUND\UPUNK_HURT_B_05.WAV	no_english_script_key_audio_or_unmapped		
SOUND\UPUNK_HURT_B_06.WAV	no_english_script_key_audio_or_unmapped		
SOUND\UPUNK_HURT_B_07.WAV	no_english_script_key_audio_or_unmapped		
SOUND\UPUNK_HURT_B_08.WAV	no_english_script_key_audio_or_unmapped		
SOUND\UPUNK_HURT_B_09.WAV	no_english_script_key_audio_or_unmapped		
SOUND\UPUNK_HURT_B_10.WAV	no_english_script_key_audio_or_unmapped		
SOUND\UPUNK_HURT_B_11.WAV	no_english_script_key_audio_or_unmapped		
SOUND\UPUNK_HURT_C_01.WAV	no_english_script_key_audio_or_unmapped		
SOUND\UPUNK_HURT_C_02.WAV	no_english_script_key_audio_or_unmapped		
SOUND\UPUNK_HURT_C_03.WAV	no_english_script_key_audio_or_unmapped		
SOUND\UPUNK_HURT_C_04.WAV	no_english_script_key_audio_or_unmapped		
SOUND\UPUNK_HURT_C_05.WAV	no_english_script_key_audio_or_unmapped		
SOUND\UPUNK_HURT_C_06.WAV	no_english_script_key_audio_or_unmapped		
SOUND\UPUNK_HURT_C_07.WAV	no_english_script_key_audio_or_unmapped		
SOUND\UPUNK_HURT_C_08.WAV	no_english_script_key_audio_or_unmapped		
SOUND\UPUNK_HURT_C_09.WAV	no_english_script_key_audio_or_unmapped		
SOUND\UPUNK_IMPALE_A_01.WAV	no_english_script_key_audio_or_unmapped		
SOUND\UPUNK_IMPALE_A_02.WAV	no_english_script_key_audio_or_unmapped		
SOUND\UPUNK_IMPALE_A_03.WAV	no_english_script_key_audio_or_unmapped		
SOUND\UPUNK_IMPALE_A_04.WAV	no_english_script_key_audio_or_unmapped		
SOUND\UPUNK_IMPALE_A_05.WAV	no_english_script_key_audio_or_unmapped		
SOUND\UPUNK_IMPALE_B_01.WAV	no_english_script_key_audio_or_unmapped		
SOUND\UPUNK_IMPALE_B_02.WAV	no_english_script_key_audio_or_unmapped		
SOUND\UPUNK_IMPALE_B_03.WAV	no_english_script_key_audio_or_unmapped		
SOUND\UPUNK_IMPALE_B_04.WAV	no_english_script_key_audio_or_unmapped		
SOUND\UPUNK_IMPALE_B_05.WAV	no_english_script_key_audio_or_unmapped		
SOUND\UPUNK_IMPALE_C_01.WAV	no_english_script_key_audio_or_unmapped		
SOUND\UPUNK_IMPALE_C_02.WAV	no_english_script_key_audio_or_unmapped		
SOUND\UPUNK_IMPALE_C_03.WAV	no_english_script_key_audio_or_unmapped		
SOUND\UPUNK_IMPALE_C_04.WAV	no_english_script_key_audio_or_unmapped		
SOUND\UPUNK_IMPALE_C_05.WAV	no_english_script_key_audio_or_unmapped		
SOUND\UPUNK_KILL_B_01.WAV	no_english_script_key_audio_or_unmapped		
SOUND\UPUNK_LEG_A_01.WAV	no_english_script_key_audio_or_unmapped		
SOUND\UPUNK_LEG_A_02.WAV	no_english_script_key_audio_or_unmapped		
SOUND\UPUNK_LEG_A_03.WAV	no_english_script_key_audio_or_unmapped		
SOUND\UPUNK_LEG_A_04.WAV	no_english_script_key_audio_or_unmapped		
SOUND\UPUNK_LEG_A_05.WAV	no_english_script_key_audio_or_unmapped		
SOUND\UPUNK_LEG_B_01.WAV	no_english_script_key_audio_or_unmapped		
SOUND\UPUNK_LEG_B_02.WAV	no_english_script_key_audio_or_unmapped		
SOUND\UPUNK_LEG_B_03.WAV	no_english_script_key_audio_or_unmapped		
SOUND\UPUNK_LEG_B_04.WAV	no_english_script_key_audio_or_unmapped		
SOUND\UPUNK_LEG_C_01.WAV	no_english_script_key_audio_or_unmapped		
SOUND\UPUNK_LEG_C_02.WAV	no_english_script_key_audio_or_unmapped		
SOUND\UPUNK_LEG_C_03.WAV	no_english_script_key_audio_or_unmapped		
SOUND\UPUNK_LEG_C_04.WAV	no_english_script_key_audio_or_unmapped		
SOUND\UPUNK_ONFIRE_C_01.WAV	no_english_script_key_audio_or_unmapped		
SOUND\UPUNK_RATS_A_01.WAV	no_english_script_key_audio_or_unmapped		
SOUND\UPUNK_RATS_A_02.WAV	no_english_script_key_audio_or_unmapped		
SOUND\UPUNK_RATS_A_03.WAV	no_english_script_key_audio_or_unmapped		
SOUND\UPUNK_RATS_A_04.WAV	no_english_script_key_audio_or_unmapped		
SOUND\UPUNK_RATS_A_05.WAV	no_english_script_key_audio_or_unmapped		
SOUND\UPUNK_RATS_A_06.WAV	no_english_script_key_audio_or_unmapped		
SOUND\UPUNK_RATS_A_07.WAV	no_english_script_key_audio_or_unmapped		
SOUND\UPUNK_RATS_A_08.WAV	no_english_script_key_audio_or_unmapped		
SOUND\UPUNK_RATS_B_01.WAV	no_english_script_key_audio_or_unmapped		
SOUND\UPUNK_RATS_B_02.WAV	no_english_script_key_audio_or_unmapped		
SOUND\UPUNK_RATS_B_03.WAV	no_english_script_key_audio_or_unmapped		
SOUND\UPUNK_RATS_B_04.WAV	no_english_script_key_audio_or_unmapped		
SOUND\UPUNK_RATS_B_05.WAV	no_english_script_key_audio_or_unmapped		
SOUND\UPUNK_RATS_B_06.WAV	no_english_script_key_audio_or_unmapped		
SOUND\UPUNK_RATS_B_07.WAV	no_english_script_key_audio_or_unmapped		
SOUND\UPUNK_RATS_B_08.WAV	no_english_script_key_audio_or_unmapped		
SOUND\UPUNK_RATS_B_09.WAV	no_english_script_key_audio_or_unmapped		
SOUND\UPUNK_SCARED_A_01.WAV	no_english_script_key_audio_or_unmapped		
SOUND\UPUNK_SCARED_A_02.WAV	no_english_script_key_audio_or_unmapped		
SOUND\UPUNK_SCARED_A_03.WAV	no_english_script_key_audio_or_unmapped		
SOUND\UPUNK_SCARED_A_04.WAV	no_english_script_key_audio_or_unmapped		
SOUND\UPUNK_SCARED_A_05.WAV	no_english_script_key_audio_or_unmapped		
SOUND\UPUNK_SCARED_A_06.WAV	no_english_script_key_audio_or_unmapped		
SOUND\UPUNK_SCARED_A_07.WAV	no_english_script_key_audio_or_unmapped		
SOUND\UPUNK_SCARED_A_08.WAV	no_english_script_key_audio_or_unmapped		
SOUND\UPUNK_SCARED_A_09.WAV	no_english_script_key_audio_or_unmapped		
SOUND\UPUNK_SCARED_B_01.WAV	no_english_script_key_audio_or_unmapped		
SOUND\UPUNK_SCARED_B_02.WAV	no_english_script_key_audio_or_unmapped		
SOUND\UPUNK_SCARED_B_03.WAV	no_english_script_key_audio_or_unmapped		
SOUND\UPUNK_SCARED_B_04.WAV	no_english_script_key_audio_or_unmapped		
SOUND\UPUNK_SCARED_B_05.WAV	no_english_script_key_audio_or_unmapped		
SOUND\UPUNK_TAUNT_A_01.WAV	no_english_script_key_audio_or_unmapped		
SOUND\UPUNK_TAUNT_A_02.WAV	no_english_script_key_audio_or_unmapped		
SOUND\UPUNK_TAUNT_B_01.WAV	no_english_script_key_audio_or_unmapped		
SOUND\UPUNK_TAUNT_B_02.WAV	no_english_script_key_audio_or_unmapped		
SOUND\UPUNK_TAUNT_B_03.WAV	no_english_script_key_audio_or_unmapped		
SOUND\UPUNK_TAUNT_B_04.WAV	no_english_script_key_audio_or_unmapped		
SOUND\UPUNK_TAUNT_B_05.WAV	no_english_script_key_audio_or_unmapped		
SOUND\UPUNK_TAUNT_B_06.WAV	no_english_script_key_audio_or_unmapped		
SOUND\UPUNK_TAUNT_B_07.WAV	no_english_script_key_audio_or_unmapped		
SOUND\UPUNK_TAUNT_B_08.WAV	no_english_script_key_audio_or_unmapped		
SOUND\UPUNK_TAUNT_C_01.WAV	no_english_script_key_audio_or_unmapped		
SOUND\UPUNK_TAUNT_C_02.WAV	no_english_script_key_audio_or_unmapped		
SOUND\UPUNK_THROWN_A_01.WAV	no_english_script_key_audio_or_unmapped		
SOUND\UPUNK_THROWN_A_02.WAV	no_english_script_key_audio_or_unmapped		
SOUND\UPUNK_THROWN_A_03.WAV	no_english_script_key_audio_or_unmapped		
SOUND\UPUNK_THROWN_B_01.WAV	no_english_script_key_audio_or_unmapped		
SOUND\UPUNK_THROWN_B_02.WAV	no_english_script_key_audio_or_unmapped		
SOUND\UPUNK_THROWN_B_03.WAV	no_english_script_key_audio_or_unmapped		
SOUND\UPUNK_THROWN_C_01.WAV	no_english_script_key_audio_or_unmapped		
SOUND\UPUNK_THROWN_C_02.WAV	no_english_script_key_audio_or_unmapped		
SOUND\ZERENZKI_DIE.WAV	no_english_script_key_audio_or_unmapped		
SOUND\ZERENZKI_LAUGH_01.WAV	no_english_script_key_audio_or_unmapped		
SOUND\ZERENZKI_LAUGH_02.WAV	no_english_script_key_audio_or_unmapped		
SOUND\ZPUNK_ALERT_A_11.WAV	no_english_script_key_audio_or_unmapped		
SOUND\ZPUNK_ALERT_A_12.WAV	no_english_script_key_audio_or_unmapped		
SOUND\ZPUNK_ALERT_A_13.WAV	no_english_script_key_audio_or_unmapped		
SOUND\ZPUNK_ALERT_A_14.WAV	no_english_script_key_audio_or_unmapped		
SOUND\ZPUNK_ALERT_A_16.WAV	no_english_script_key_audio_or_unmapped		
SOUND\ZPUNK_AMBIENT_A_01.WAV	no_english_script_key_audio_or_unmapped		
SOUND\ZPUNK_AMBIENT_A_02.WAV	no_english_script_key_audio_or_unmapped		
SOUND\ZPUNK_AMBIENT_A_03.WAV	no_english_script_key_audio_or_unmapped		
SOUND\ZPUNK_AMBIENT_A_09.WAV	no_english_script_key_audio_or_unmapped		
SOUND\ZPUNK_AMBIENT_A_10.WAV	no_english_script_key_audio_or_unmapped		
SOUND\ZPUNK_AMBIENT_A_11.WAV	no_english_script_key_audio_or_unmapped		
SOUND\ZPUNK_AMBIENT_A_12.WAV	no_english_script_key_audio_or_unmapped		
SOUND\ZPUNK_AMBIENT_A_13.WAV	no_english_script_key_audio_or_unmapped		
SOUND\ZPUNK_AMBIENT_A_14.WAV	no_english_script_key_audio_or_unmapped		
SOUND\ZPUNK_AMBIENT_A_15.WAV	script_captioned	WORLD\EN\A1_MANSION_PART2.TXT;WORLD\EN\A1_MANSION_PART2_5.TXT	WORLD\RU\A1_MANSION_PART2.TXT;WORLD\RU\A1_MANSION_PART2_5.TXT
SOUND\ZPUNK_AMBIENT_A_17.WAV	no_english_script_key_audio_or_unmapped		
SOUND\ZPUNK_AMBIENT_A_18.WAV	no_english_script_key_audio_or_unmapped		
SOUND\ZPUNK_ARM_A_01.WAV	no_english_script_key_audio_or_unmapped		
SOUND\ZPUNK_ARM_A_02.WAV	no_english_script_key_audio_or_unmapped		
SOUND\ZPUNK_ATTACK_A_01.WAV	no_english_script_key_audio_or_unmapped		
SOUND\ZPUNK_ATTACK_A_02.WAV	no_english_script_key_audio_or_unmapped		
SOUND\ZPUNK_ATTACK_A_03.WAV	no_english_script_key_audio_or_unmapped		
SOUND\ZPUNK_ATTACK_A_04.WAV	no_english_script_key_audio_or_unmapped		
SOUND\ZPUNK_ATTACK_A_05.WAV	no_english_script_key_audio_or_unmapped		
SOUND\ZPUNK_ATTACK_A_06.WAV	no_english_script_key_audio_or_unmapped		
SOUND\ZPUNK_ATTACK_A_07.WAV	no_english_script_key_audio_or_unmapped		
SOUND\ZPUNK_ATTACKSUCCESS_A_01.WAV	no_english_script_key_audio_or_unmapped		
SOUND\ZPUNK_ATTACKSUCCESS_A_04.WAV	no_english_script_key_audio_or_unmapped		
SOUND\ZPUNK_ATTACKSUCCESS_A_05.WAV	no_english_script_key_audio_or_unmapped		
SOUND\ZPUNK_ATTACKSUCCESS_A_06.WAV	no_english_script_key_audio_or_unmapped		
SOUND\ZPUNK_ATTACKSUCCESS_A_07.WAV	no_english_script_key_audio_or_unmapped		
SOUND\ZPUNK_ATTACKSUCCESS_A_08.WAV	no_english_script_key_audio_or_unmapped		
SOUND\ZPUNK_ATTACKSUCCESS_A_09.WAV	no_english_script_key_audio_or_unmapped		
SOUND\ZPUNK_ATTACKSUCCESS_A_10.WAV	no_english_script_key_audio_or_unmapped		
SOUND\ZPUNK_ATTACKSUCCESS_A_11.WAV	no_english_script_key_audio_or_unmapped		
SOUND\ZPUNK_ATTACKSUCCESS_A_12.WAV	no_english_script_key_audio_or_unmapped		
SOUND\ZPUNK_ATTACKSUCCESS_A_14.WAV	no_english_script_key_audio_or_unmapped		
SOUND\ZPUNK_ATTACKSUCCESS_A_16.WAV	no_english_script_key_audio_or_unmapped		
SOUND\ZPUNK_ATTACKSUCCESS_A_17.WAV	no_english_script_key_audio_or_unmapped		
SOUND\ZPUNK_ATTACKSUCCESS_A_18.WAV	no_english_script_key_audio_or_unmapped		
SOUND\ZPUNK_ATTACKSUCCESS_A_19.WAV	no_english_script_key_audio_or_unmapped		
SOUND\ZPUNK_ATTACKSUCCESS_A_20.WAV	no_english_script_key_audio_or_unmapped		
SOUND\ZPUNK_ATTACKSUCCESS_A_22.WAV	no_english_script_key_audio_or_unmapped		
SOUND\ZPUNK_ATTACKSUCCESS_A_23.WAV	no_english_script_key_audio_or_unmapped		
SOUND\ZPUNK_DECAP_A_01.WAV	no_english_script_key_audio_or_unmapped		
SOUND\ZPUNK_DECAP_A_02.WAV	no_english_script_key_audio_or_unmapped		
SOUND\ZPUNK_DECAP_A_03.WAV	no_english_script_key_audio_or_unmapped		
SOUND\ZPUNK_DIE_A_04.WAV	no_english_script_key_audio_or_unmapped		
SOUND\ZPUNK_DIE_A_06.WAV	no_english_script_key_audio_or_unmapped		
SOUND\ZPUNK_DIE_A_11.WAV	no_english_script_key_audio_or_unmapped		
SOUND\ZPUNK_DIE_A_12.WAV	no_english_script_key_audio_or_unmapped		
SOUND\ZPUNK_DIE_A_13.WAV	no_english_script_key_audio_or_unmapped		
SOUND\ZPUNK_DIE_A_14.WAV	no_english_script_key_audio_or_unmapped		
SOUND\ZPUNK_DROWN_A_01.WAV	no_english_script_key_audio_or_unmapped		
SOUND\ZPUNK_DROWN_A_02.WAV	no_english_script_key_audio_or_unmapped		
SOUND\ZPUNK_DROWN_A_03.WAV	no_english_script_key_audio_or_unmapped		
SOUND\ZPUNK_DROWN_A_04.WAV	no_english_script_key_audio_or_unmapped		
SOUND\ZPUNK_DROWN_A_05.WAV	no_english_script_key_audio_or_unmapped		
SOUND\ZPUNK_ELUDE_A_06.WAV	no_english_script_key_audio_or_unmapped		
SOUND\ZPUNK_ELUDE_A_08.WAV	no_english_script_key_audio_or_unmapped		
SOUND\ZPUNK_ELUDE_A_09.WAV	no_english_script_key_audio_or_unmapped		
SOUND\ZPUNK_ELUDE_A_10.WAV	no_english_script_key_audio_or_unmapped		
SOUND\ZPUNK_ELUDE_A_12.WAV	no_english_script_key_audio_or_unmapped		
SOUND\ZPUNK_ELUDE_A_13.WAV	no_english_script_key_audio_or_unmapped		
SOUND\ZPUNK_ELUDE_A_14.WAV	no_english_script_key_audio_or_unmapped		
SOUND\ZPUNK_ELUDE_A_15.WAV	no_english_script_key_audio_or_unmapped		
SOUND\ZPUNK_EQUIP_A_01.WAV	no_english_script_key_audio_or_unmapped		
SOUND\ZPUNK_EQUIP_A_02.WAV	no_english_script_key_audio_or_unmapped		
SOUND\ZPUNK_EQUIP_A_03.WAV	no_english_script_key_audio_or_unmapped		
SOUND\ZPUNK_EQUIP_A_04.WAV	no_english_script_key_audio_or_unmapped		
SOUND\ZPUNK_EQUIP_A_05.WAV	no_english_script_key_audio_or_unmapped		
SOUND\ZPUNK_EQUIP_A_06.WAV	no_english_script_key_audio_or_unmapped		
SOUND\ZPUNK_EQUIP_A_07.WAV	no_english_script_key_audio_or_unmapped		
SOUND\ZPUNK_EQUIP_A_08.WAV	no_english_script_key_audio_or_unmapped		
SOUND\ZPUNK_EQUIP_A_09.WAV	no_english_script_key_audio_or_unmapped		
SOUND\ZPUNK_FALL_A_01.WAV	no_english_script_key_audio_or_unmapped		
SOUND\ZPUNK_FALL_A_02.WAV	no_english_script_key_audio_or_unmapped		
SOUND\ZPUNK_FEDON_A_05.WAV	no_english_script_key_audio_or_unmapped		
SOUND\ZPUNK_FEDON_A_06.WAV	no_english_script_key_audio_or_unmapped		
SOUND\ZPUNK_FEDON_A_08.WAV	no_english_script_key_audio_or_unmapped		
SOUND\ZPUNK_FEDON_A_09.WAV	no_english_script_key_audio_or_unmapped		
SOUND\ZPUNK_FEDON_A_10.WAV	no_english_script_key_audio_or_unmapped		
SOUND\ZPUNK_FEDON_A_11.WAV	no_english_script_key_audio_or_unmapped		
SOUND\ZPUNK_FIRE_A_01.WAV	no_english_script_key_audio_or_unmapped		
SOUND\ZPUNK_FIRE_A_02.WAV	no_english_script_key_audio_or_unmapped		
SOUND\ZPUNK_HARPOON_A_01.WAV	no_english_script_key_audio_or_unmapped		
SOUND\ZPUNK_HARPOON_A_02.WAV	no_english_script_key_audio_or_unmapped		
SOUND\ZPUNK_HARPOON_A_04.WAV	no_english_script_key_audio_or_unmapped		
SOUND\ZPUNK_HARPOON_A_06.WAV	no_english_script_key_audio_or_unmapped		
SOUND\ZPUNK_HARPOON_A_08.WAV	no_english_script_key_audio_or_unmapped		
SOUND\ZPUNK_HARPOON_A_10.WAV	no_english_script_key_audio_or_unmapped		
SOUND\ZPUNK_HARPOON_A_11.WAV	no_english_script_key_audio_or_unmapped		
SOUND\ZPUNK_HARPOON_A_12.WAV	no_english_script_key_audio_or_unmapped		
SOUND\ZPUNK_HURT_A_01.WAV	no_english_script_key_audio_or_unmapped		
SOUND\ZPUNK_HURT_A_02.WAV	no_english_script_key_audio_or_unmapped		
SOUND\ZPUNK_HURT_A_03.WAV	no_english_script_key_audio_or_unmapped		
SOUND\ZPUNK_HURT_A_04.WAV	no_english_script_key_audio_or_unmapped		
SOUND\ZPUNK_HURT_A_05.WAV	no_english_script_key_audio_or_unmapped		
SOUND\ZPUNK_HURT_A_06.WAV	no_english_script_key_audio_or_unmapped		
SOUND\ZPUNK_HURT_A_09.WAV	no_english_script_key_audio_or_unmapped		
SOUND\ZPUNK_HURT_A_10.WAV	no_english_script_key_audio_or_unmapped		
SOUND\ZPUNK_HURT_A_11.WAV	no_english_script_key_audio_or_unmapped		
SOUND\ZPUNK_HURT_A_12.WAV	no_english_script_key_audio_or_unmapped		
SOUND\ZPUNK_HURT_A_14.WAV	no_english_script_key_audio_or_unmapped		
SOUND\ZPUNK_HURT_A_16.WAV	no_english_script_key_audio_or_unmapped		
SOUND\ZPUNK_HURT_A_17.WAV	no_english_script_key_audio_or_unmapped		
SOUND\ZPUNK_HURT_A_18.WAV	no_english_script_key_audio_or_unmapped		
SOUND\ZPUNK_IMPALE_A_01.WAV	no_english_script_key_audio_or_unmapped		
SOUND\ZPUNK_IMPALE_A_02.WAV	no_english_script_key_audio_or_unmapped		
SOUND\ZPUNK_IMPALE_A_03.WAV	no_english_script_key_audio_or_unmapped		
SOUND\ZPUNK_IMPALE_A_04.WAV	no_english_script_key_audio_or_unmapped		
SOUND\ZPUNK_IMPALE_A_05.WAV	no_english_script_key_audio_or_unmapped		
SOUND\ZPUNK_INSUN_A_01.WAV	no_english_script_key_audio_or_unmapped		
SOUND\ZPUNK_INSUN_A_02.WAV	no_english_script_key_audio_or_unmapped		
SOUND\ZPUNK_KILL_A_04.WAV	no_english_script_key_audio_or_unmapped		
SOUND\ZPUNK_KILL_A_05.WAV	no_english_script_key_audio_or_unmapped		
SOUND\ZPUNK_KILL_A_08.WAV	no_english_script_key_audio_or_unmapped		
SOUND\ZPUNK_KILL_A_10.WAV	no_english_script_key_audio_or_unmapped		
SOUND\ZPUNK_KILL_A_13.WAV	no_english_script_key_audio_or_unmapped		
SOUND\ZPUNK_KILL_A_14.WAV	no_english_script_key_audio_or_unmapped		
SOUND\ZPUNK_KILL_A_15.WAV	no_english_script_key_audio_or_unmapped		
SOUND\ZPUNK_LEG_A_01.WAV	no_english_script_key_audio_or_unmapped		
SOUND\ZPUNK_LEG_A_02.WAV	no_english_script_key_audio_or_unmapped		
SOUND\ZPUNK_LEG_A_03.WAV	no_english_script_key_audio_or_unmapped		
SOUND\ZPUNK_SCARED_A_01.WAV	no_english_script_key_audio_or_unmapped		
SOUND\ZPUNK_SCARED_A_02.WAV	no_english_script_key_audio_or_unmapped		
SOUND\ZPUNK_SCARED_A_04.WAV	no_english_script_key_audio_or_unmapped		
SOUND\ZPUNK_SCARED_A_06.WAV	no_english_script_key_audio_or_unmapped		
SOUND\ZPUNK_SCARED_A_07.WAV	no_english_script_key_audio_or_unmapped		
SOUND\ZPUNK_SCARED_A_08.WAV	no_english_script_key_audio_or_unmapped		
SOUND\ZPUNK_SCARED_A_09.WAV	no_english_script_key_audio_or_unmapped		
SOUND\ZPUNK_SCARED_A_10.WAV	no_english_script_key_audio_or_unmapped		
SOUND\ZPUNK_SCARED_A_11.WAV	no_english_script_key_audio_or_unmapped		
SOUND\ZPUNK_SCARED_A_13.WAV	no_english_script_key_audio_or_unmapped		
SOUND\ZPUNK_SCARED_A_14.WAV	no_english_script_key_audio_or_unmapped		
SOUND\ZPUNK_SCARED_A_16.WAV	no_english_script_key_audio_or_unmapped		
SOUND\ZPUNK_SCARED_A_17.WAV	no_english_script_key_audio_or_unmapped		
SOUND\ZPUNK_TAUNT_A_01.WAV	no_english_script_key_audio_or_unmapped		
SOUND\ZPUNK_TAUNT_A_03.WAV	no_english_script_key_audio_or_unmapped		
SOUND\ZPUNK_THROWN_A_01.WAV	no_english_script_key_audio_or_unmapped		
SOUND\ZPUNK_THROWN_A_02.WAV	no_english_script_key_audio_or_unmapped		
SOUND\ZPUNK_THROWN_A_03.WAV	no_english_script_key_audio_or_unmapped		
SOUND\ZPUNKF_ALERT_A_01.WAV	no_english_script_key_audio_or_unmapped		
SOUND\ZPUNKF_ALERT_A_02.WAV	no_english_script_key_audio_or_unmapped		
SOUND\ZPUNKF_ALERT_A_03.WAV	no_english_script_key_audio_or_unmapped		
SOUND\ZPUNKF_ALERT_A_04.WAV	no_english_script_key_audio_or_unmapped		
SOUND\ZPUNKF_ALERT_A_05.WAV	no_english_script_key_audio_or_unmapped		
SOUND\ZPUNKF_ALERT_B_01.WAV	no_english_script_key_audio_or_unmapped		
SOUND\ZPUNKF_ALERT_B_02.WAV	no_english_script_key_audio_or_unmapped		
SOUND\ZPUNKF_ALERT_B_03.WAV	no_english_script_key_audio_or_unmapped		
SOUND\ZPUNKF_ALERT_B_04.WAV	no_english_script_key_audio_or_unmapped		
SOUND\ZPUNKF_ALERT_B_05.WAV	no_english_script_key_audio_or_unmapped		
SOUND\ZPUNKF_ALERT_B_06.WAV	no_english_script_key_audio_or_unmapped		
SOUND\ZPUNKF_ALERT_B_07.WAV	no_english_script_key_audio_or_unmapped		
SOUND\ZPUNKF_ALERT_B_08.WAV	no_english_script_key_audio_or_unmapped		
SOUND\ZPUNKF_ALERT_B_09.WAV	no_english_script_key_audio_or_unmapped		
SOUND\ZPUNKF_AMBIENT_A_01.WAV	no_english_script_key_audio_or_unmapped		
SOUND\ZPUNKF_AMBIENT_A_02.WAV	no_english_script_key_audio_or_unmapped		
SOUND\ZPUNKF_AMBIENT_B_01.WAV	no_english_script_key_audio_or_unmapped		
SOUND\ZPUNKF_AMBIENT_B_02.WAV	no_english_script_key_audio_or_unmapped		
SOUND\ZPUNKF_AMBIENT_B_03.WAV	no_english_script_key_audio_or_unmapped		
SOUND\ZPUNKF_AMBIENT_B_04.WAV	no_english_script_key_audio_or_unmapped		
SOUND\ZPUNKF_ARM_A_01.WAV	no_english_script_key_audio_or_unmapped		
SOUND\ZPUNKF_ARM_A_02.WAV	no_english_script_key_audio_or_unmapped		
SOUND\ZPUNKF_ARM_A_03.WAV	no_english_script_key_audio_or_unmapped		
SOUND\ZPUNKF_ARM_B_01.WAV	no_english_script_key_audio_or_unmapped		
SOUND\ZPUNKF_ARM_B_02.WAV	no_english_script_key_audio_or_unmapped		
SOUND\ZPUNKF_ARM_B_03.WAV	no_english_script_key_audio_or_unmapped		
SOUND\ZPUNKF_ARM_B_04.WAV	no_english_script_key_audio_or_unmapped		
SOUND\ZPUNKF_ARM_B_05.WAV	no_english_script_key_audio_or_unmapped		
SOUND\ZPUNKF_ARM_B_06.WAV	no_english_script_key_audio_or_unmapped		
SOUND\ZPUNKF_ATTACK_A_01.WAV	no_english_script_key_audio_or_unmapped		
SOUND\ZPUNKF_ATTACK_A_02.WAV	no_english_script_key_audio_or_unmapped		
SOUND\ZPUNKF_ATTACK_A_03.WAV	no_english_script_key_audio_or_unmapped		
SOUND\ZPUNKF_ATTACK_A_04.WAV	no_english_script_key_audio_or_unmapped		
SOUND\ZPUNKF_ATTACK_A_05.WAV	no_english_script_key_audio_or_unmapped		
SOUND\ZPUNKF_ATTACK_A_06.WAV	no_english_script_key_audio_or_unmapped		
SOUND\ZPUNKF_ATTACK_B_01.WAV	no_english_script_key_audio_or_unmapped		
SOUND\ZPUNKF_ATTACK_B_02.WAV	no_english_script_key_audio_or_unmapped		
SOUND\ZPUNKF_ATTACK_B_03.WAV	no_english_script_key_audio_or_unmapped		
SOUND\ZPUNKF_ATTACK_B_04.WAV	no_english_script_key_audio_or_unmapped		
SOUND\ZPUNKF_ATTACK_B_05.WAV	no_english_script_key_audio_or_unmapped		
SOUND\ZPUNKF_ATTACK_B_06.WAV	no_english_script_key_audio_or_unmapped		
SOUND\ZPUNKF_ATTACKSUCCESS_A_01.WAV	no_english_script_key_audio_or_unmapped		
SOUND\ZPUNKF_ATTACKSUCCESS_A_02.WAV	no_english_script_key_audio_or_unmapped		
SOUND\ZPUNKF_ATTACKSUCCESS_A_03.WAV	no_english_script_key_audio_or_unmapped		
SOUND\ZPUNKF_ATTACKSUCCESS_A_04.WAV	no_english_script_key_audio_or_unmapped		
SOUND\ZPUNKF_ATTACKSUCCESS_A_05.WAV	no_english_script_key_audio_or_unmapped		
SOUND\ZPUNKF_ATTACKSUCCESS_B_01.WAV	no_english_script_key_audio_or_unmapped		
SOUND\ZPUNKF_ATTACKSUCCESS_B_02.WAV	no_english_script_key_audio_or_unmapped		
SOUND\ZPUNKF_ATTACKSUCCESS_B_03.WAV	no_english_script_key_audio_or_unmapped		
SOUND\ZPUNKF_ATTACKSUCCESS_B_04.WAV	no_english_script_key_audio_or_unmapped		
SOUND\ZPUNKF_ATTACKSUCCESS_B_05.WAV	no_english_script_key_audio_or_unmapped		
SOUND\ZPUNKF_DECAP_A_01.WAV	no_english_script_key_audio_or_unmapped		
SOUND\ZPUNKF_DECAP_A_02.WAV	no_english_script_key_audio_or_unmapped		
SOUND\ZPUNKF_DECAP_A_03.WAV	no_english_script_key_audio_or_unmapped		
SOUND\ZPUNKF_DECAP_A_04.WAV	no_english_script_key_audio_or_unmapped		
SOUND\ZPUNKF_DECAP_B_01.WAV	no_english_script_key_audio_or_unmapped		
SOUND\ZPUNKF_DECAP_B_02.WAV	no_english_script_key_audio_or_unmapped		
SOUND\ZPUNKF_DECAP_B_03.WAV	no_english_script_key_audio_or_unmapped		
SOUND\ZPUNKF_DECAP_B_04.WAV	no_english_script_key_audio_or_unmapped		
SOUND\ZPUNKF_DIE_A_01.WAV	no_english_script_key_audio_or_unmapped		
SOUND\ZPUNKF_DIE_A_02.WAV	no_english_script_key_audio_or_unmapped		
SOUND\ZPUNKF_DIE_A_03.WAV	no_english_script_key_audio_or_unmapped		
SOUND\ZPUNKF_DIE_A_04.WAV	no_english_script_key_audio_or_unmapped		
SOUND\ZPUNKF_DIE_A_05.WAV	no_english_script_key_audio_or_unmapped		
SOUND\ZPUNKF_DIE_B_01.WAV	no_english_script_key_audio_or_unmapped		
SOUND\ZPUNKF_DIE_B_02.WAV	no_english_script_key_audio_or_unmapped		
SOUND\ZPUNKF_DIE_B_03.WAV	no_english_script_key_audio_or_unmapped		
SOUND\ZPUNKF_ELECTRIC_A_01.WAV	no_english_script_key_audio_or_unmapped		
SOUND\ZPUNKF_ELECTRIC_A_02.WAV	no_english_script_key_audio_or_unmapped		
SOUND\ZPUNKF_ELECTRIC_B_01.WAV	no_english_script_key_audio_or_unmapped		
SOUND\ZPUNKF_ELECTRIC_B_02.WAV	no_english_script_key_audio_or_unmapped		
SOUND\ZPUNKF_ELECTRIC_B_03.WAV	no_english_script_key_audio_or_unmapped		
SOUND\ZPUNKF_ELUDE_A_01.WAV	no_english_script_key_audio_or_unmapped		
SOUND\ZPUNKF_ELUDE_A_02.WAV	no_english_script_key_audio_or_unmapped		
SOUND\ZPUNKF_ELUDE_A_03.WAV	no_english_script_key_audio_or_unmapped		
SOUND\ZPUNKF_ELUDE_B_01.WAV	no_english_script_key_audio_or_unmapped		
SOUND\ZPUNKF_ELUDE_B_02.WAV	no_english_script_key_audio_or_unmapped		
SOUND\ZPUNKF_ELUDE_B_03.WAV	no_english_script_key_audio_or_unmapped		
SOUND\ZPUNKF_EQUIP_A_01.WAV	no_english_script_key_audio_or_unmapped		
SOUND\ZPUNKF_EQUIP_A_02.WAV	no_english_script_key_audio_or_unmapped		
SOUND\ZPUNKF_EQUIP_A_03.WAV	no_english_script_key_audio_or_unmapped		
SOUND\ZPUNKF_EQUIP_A_04.WAV	no_english_script_key_audio_or_unmapped		
SOUND\ZPUNKF_EQUIP_A_05.WAV	no_english_script_key_audio_or_unmapped		
SOUND\ZPUNKF_EQUIP_A_06.WAV	no_english_script_key_audio_or_unmapped		
SOUND\ZPUNKF_EQUIP_A_07.WAV	no_english_script_key_audio_or_unmapped		
SOUND\ZPUNKF_FEDON_A_01.WAV	no_english_script_key_audio_or_unmapped		
SOUND\ZPUNKF_FEDON_A_02.WAV	no_english_script_key_audio_or_unmapped		
SOUND\ZPUNKF_FEDON_A_03.WAV	no_english_script_key_audio_or_unmapped		
SOUND\ZPUNKF_FEDON_A_04.WAV	no_english_script_key_audio_or_unmapped		
SOUND\ZPUNKF_FEDON_A_05.WAV	no_english_script_key_audio_or_unmapped		
SOUND\ZPUNKF_FEDON_A_06.WAV	no_english_script_key_audio_or_unmapped		
SOUND\ZPUNKF_FEDON_A_07.WAV	no_english_script_key_audio_or_unmapped		
SOUND\ZPUNKF_FEDON_A_08.WAV	no_english_script_key_audio_or_unmapped		
SOUND\ZPUNKF_FEDON_A_09.WAV	no_english_script_key_audio_or_unmapped		
SOUND\ZPUNKF_FEDON_B_01.WAV	no_english_script_key_audio_or_unmapped		
SOUND\ZPUNKF_FEDON_B_02.WAV	no_english_script_key_audio_or_unmapped		
SOUND\ZPUNKF_FEDON_B_03.WAV	no_english_script_key_audio_or_unmapped		
SOUND\ZPUNKF_FEDON_B_04.WAV	no_english_script_key_audio_or_unmapped		
SOUND\ZPUNKF_FIRE_A_01.WAV	no_english_script_key_audio_or_unmapped		
SOUND\ZPUNKF_FIRE_A_02.WAV	no_english_script_key_audio_or_unmapped		
SOUND\ZPUNKF_FIRE_B_01.WAV	no_english_script_key_audio_or_unmapped		
SOUND\ZPUNKF_FIRE_B_02.WAV	no_english_script_key_audio_or_unmapped		
SOUND\ZPUNKF_FIRE_B_03.WAV	no_english_script_key_audio_or_unmapped		
SOUND\ZPUNKF_FIRE_B_05.WAV	no_english_script_key_audio_or_unmapped		
SOUND\ZPUNKF_FIRE_B_06.WAV	no_english_script_key_audio_or_unmapped		
SOUND\ZPUNKF_HARPOON_A_01.WAV	no_english_script_key_audio_or_unmapped		
SOUND\ZPUNKF_HARPOON_A_02.WAV	no_english_script_key_audio_or_unmapped		
SOUND\ZPUNKF_HARPOON_A_03.WAV	no_english_script_key_audio_or_unmapped		
SOUND\ZPUNKF_HARPOON_A_04.WAV	no_english_script_key_audio_or_unmapped		
SOUND\ZPUNKF_HARPOON_B_01.WAV	no_english_script_key_audio_or_unmapped		
SOUND\ZPUNKF_HARPOON_B_02.WAV	no_english_script_key_audio_or_unmapped		
SOUND\ZPUNKF_HURT_A_01.WAV	no_english_script_key_audio_or_unmapped		
SOUND\ZPUNKF_HURT_A_02.WAV	no_english_script_key_audio_or_unmapped		
SOUND\ZPUNKF_HURT_A_03.WAV	no_english_script_key_audio_or_unmapped		
SOUND\ZPUNKF_HURT_A_04.WAV	no_english_script_key_audio_or_unmapped		
SOUND\ZPUNKF_HURT_A_05.WAV	no_english_script_key_audio_or_unmapped		
SOUND\ZPUNKF_HURT_A_06.WAV	no_english_script_key_audio_or_unmapped		
SOUND\ZPUNKF_HURT_A_07.WAV	no_english_script_key_audio_or_unmapped		
SOUND\ZPUNKF_HURT_A_08.WAV	no_english_script_key_audio_or_unmapped		
SOUND\ZPUNKF_HURT_A_09.WAV	no_english_script_key_audio_or_unmapped		
SOUND\ZPUNKF_HURT_A_10.WAV	no_english_script_key_audio_or_unmapped		
SOUND\ZPUNKF_HURT_B_01.WAV	no_english_script_key_audio_or_unmapped		
SOUND\ZPUNKF_HURT_B_02.WAV	no_english_script_key_audio_or_unmapped		
SOUND\ZPUNKF_HURT_B_03.WAV	no_english_script_key_audio_or_unmapped		
SOUND\ZPUNKF_HURT_B_04.WAV	no_english_script_key_audio_or_unmapped		
SOUND\ZPUNKF_HURT_B_05.WAV	no_english_script_key_audio_or_unmapped		
SOUND\ZPUNKF_HURT_B_06.WAV	no_english_script_key_audio_or_unmapped		
SOUND\ZPUNKF_HURT_B_07.WAV	no_english_script_key_audio_or_unmapped		
SOUND\ZPUNKF_HURT_B_08.WAV	no_english_script_key_audio_or_unmapped		
SOUND\ZPUNKF_HURT_B_09.WAV	no_english_script_key_audio_or_unmapped		
SOUND\ZPUNKF_HURT_B_10.WAV	no_english_script_key_audio_or_unmapped		
SOUND\ZPUNKF_HURT_B_11.WAV	no_english_script_key_audio_or_unmapped		
SOUND\ZPUNKF_HURT_B_12.WAV	no_english_script_key_audio_or_unmapped		
SOUND\ZPUNKF_IMPALE_A_01.WAV	no_english_script_key_audio_or_unmapped		
SOUND\ZPUNKF_IMPALE_A_02.WAV	no_english_script_key_audio_or_unmapped		
SOUND\ZPUNKF_IMPALE_A_03.WAV	no_english_script_key_audio_or_unmapped		
SOUND\ZPUNKF_IMPALE_A_04.WAV	no_english_script_key_audio_or_unmapped		
SOUND\ZPUNKF_IMPALE_A_05.WAV	no_english_script_key_audio_or_unmapped		
SOUND\ZPUNKF_IMPALE_A_06.WAV	no_english_script_key_audio_or_unmapped		
SOUND\ZPUNKF_IMPALE_A_07.WAV	no_english_script_key_audio_or_unmapped		
SOUND\ZPUNKF_IMPALE_B_01.WAV	no_english_script_key_audio_or_unmapped		
SOUND\ZPUNKF_IMPALE_B_02.WAV	no_english_script_key_audio_or_unmapped		
SOUND\ZPUNKF_IMPALE_B_03.WAV	no_english_script_key_audio_or_unmapped		
SOUND\ZPUNKF_INWATER_A_01.WAV	no_english_script_key_audio_or_unmapped		
SOUND\ZPUNKF_INWATER_A_02.WAV	no_english_script_key_audio_or_unmapped		
SOUND\ZPUNKF_KILL_A_01.WAV	no_english_script_key_audio_or_unmapped		
SOUND\ZPUNKF_KILL_A_02.WAV	no_english_script_key_audio_or_unmapped		
SOUND\ZPUNKF_KILL_A_03.WAV	no_english_script_key_audio_or_unmapped		
SOUND\ZPUNKF_KILL_A_04.WAV	no_english_script_key_audio_or_unmapped		
SOUND\ZPUNKF_KILL_A_05.WAV	no_english_script_key_audio_or_unmapped		
SOUND\ZPUNKF_KILL_B_01.WAV	no_english_script_key_audio_or_unmapped		
SOUND\ZPUNKF_KILL_B_02.WAV	no_english_script_key_audio_or_unmapped		
SOUND\ZPUNKF_LEG_A_01.WAV	no_english_script_key_audio_or_unmapped		
SOUND\ZPUNKF_LEG_A_02.WAV	no_english_script_key_audio_or_unmapped		
SOUND\ZPUNKF_LEG_B_01.WAV	no_english_script_key_audio_or_unmapped		
SOUND\ZPUNKF_LEG_B_02.WAV	no_english_script_key_audio_or_unmapped		
SOUND\ZPUNKF_LEG_B_03.WAV	no_english_script_key_audio_or_unmapped		
SOUND\ZPUNKF_LEG_B_04.WAV	no_english_script_key_audio_or_unmapped		
SOUND\ZPUNKF_LEG_B_05.WAV	no_english_script_key_audio_or_unmapped		
SOUND\ZPUNKF_LEG_B_06.WAV	no_english_script_key_audio_or_unmapped		
SOUND\ZPUNKF_LEG_B_07.WAV	no_english_script_key_audio_or_unmapped		
SOUND\ZPUNKF_LEG_B_08.WAV	no_english_script_key_audio_or_unmapped		
SOUND\ZPUNKF_LEG_B_09.WAV	no_english_script_key_audio_or_unmapped		
SOUND\ZPUNKF_LEG_B_10.WAV	no_english_script_key_audio_or_unmapped		
SOUND\ZPUNKF_RATS_A_01.WAV	no_english_script_key_audio_or_unmapped		
SOUND\ZPUNKF_RATS_A_02.WAV	no_english_script_key_audio_or_unmapped		
SOUND\ZPUNKF_RATS_A_03.WAV	no_english_script_key_audio_or_unmapped		
SOUND\ZPUNKF_RATS_A_04.WAV	no_english_script_key_audio_or_unmapped		
SOUND\ZPUNKF_SCARED_A_01.WAV	no_english_script_key_audio_or_unmapped		
SOUND\ZPUNKF_SCARED_A_02.WAV	no_english_script_key_audio_or_unmapped		
SOUND\ZPUNKF_SCARED_A_05.WAV	no_english_script_key_audio_or_unmapped		
SOUND\ZPUNKF_SCARED_B_01.WAV	no_english_script_key_audio_or_unmapped		
SOUND\ZPUNKF_SCARED_B_02.WAV	no_english_script_key_audio_or_unmapped		
SOUND\ZPUNKF_SCARED_B_03.WAV	no_english_script_key_audio_or_unmapped		
SOUND\ZPUNKF_TAUNT_A_01.WAV	no_english_script_key_audio_or_unmapped		
SOUND\ZPUNKF_TAUNT_A_02.WAV	no_english_script_key_audio_or_unmapped		
SOUND\ZPUNKF_TAUNT_A_03.WAV	no_english_script_key_audio_or_unmapped		
SOUND\ZPUNKF_TAUNT_A_04.WAV	no_english_script_key_audio_or_unmapped		
SOUND\ZPUNKF_TAUNT_A_05.WAV	no_english_script_key_audio_or_unmapped		
SOUND\ZPUNKF_TAUNT_A_06.WAV	no_english_script_key_audio_or_unmapped		
SOUND\ZPUNKF_TAUNT_A_07.WAV	no_english_script_key_audio_or_unmapped		
SOUND\ZPUNKF_TAUNT_B_01.WAV	no_english_script_key_audio_or_unmapped		
SOUND\ZPUNKF_TAUNT_B_02.WAV	no_english_script_key_audio_or_unmapped		
SOUND\ZPUNKF_TAUNT_B_03.WAV	no_english_script_key_audio_or_unmapped		
SOUND\ZPUNKF_TAUNT_B_04.WAV	no_english_script_key_audio_or_unmapped		
SOUND\ZPUNKF_TAUNT_B_05.WAV	no_english_script_key_audio_or_unmapped		
SOUND\ZPUNKF_THROWN_A_01.WAV	no_english_script_key_audio_or_unmapped		
SOUND\ZPUNKF_THROWN_A_02.WAV	no_english_script_key_audio_or_unmapped		
SOUND\ZPUNKF_THROWN_A_03.WAV	no_english_script_key_audio_or_unmapped		
SOUND\ZPUNKF_THROWN_A_04.WAV	no_english_script_key_audio_or_unmapped		
SOUND\ZPUNKF_THROWN_B_01.WAV	no_english_script_key_audio_or_unmapped		
SOUND\ZPUNKF_THROWN_B_02.WAV	no_english_script_key_audio_or_unmapped		
SOUND\ZPUNKF_THROWN_B_03.WAV	no_english_script_key_audio_or_unmapped		
SOUND\ZPUNKF_THROWN_B_04.WAV	no_english_script_key_audio_or_unmapped		
