id	unit_id	file	line	key	source_status	original_translation_zh	notes
dialogue:0COMBAT.TXT:1:ost_double	dialogue-unit:01957b2e69690ce6	0COMBAT.TXT	1	ost_double	pending	两名敌人。	
dialogue:0COMBAT.TXT:2:ost_quadruple	dialogue-unit:3a4d4eb20b7c29cb	0COMBAT.TXT	2	ost_quadruple	pending	四名敌人。	
dialogue:0COMBAT.TXT:3:ost_single	dialogue-unit:8a32ced43b68cc8a	0COMBAT.TXT	3	ost_single	pending	单个敌人。	
dialogue:0COMBAT.TXT:4:ost_triple	dialogue-unit:0382d7395ad6dafc	0COMBAT.TXT	4	ost_triple	pending	三名敌人。	
dialogue:0WALKTO.TXT:1:ost_patrol1	dialogue-unit:dc223c996a9f2769	0WALKTO.TXT	1	ost_patrol1	pending	小喽啰应沿着墙顶行走，再回到生成位置	
dialogue:A1_MANSION_PART1.TXT:1:a1s1_mdhampir_1.wav	dialogue-unit:f789549ace0a1b25	A1_MANSION_PART1.TXT	1	a1s1_mdhampir_1.wav	pending	半吸血鬼：那你几十年来可真是走运，今天你的好运走到头了。	
dialogue:A1_MANSION_PART1.TXT:2:a1s1_rayne_12.wav	dialogue-unit:ad9791647e7633da	A1_MANSION_PART1.TXT	2	a1s1_rayne_12.wav	pending	莱恩：我可不是什么客人，伙计。	
dialogue:A1_MANSION_PART1.TXT:3:a1s1_rayne_13.wav	dialogue-unit:8b170b0ace51b2dd	A1_MANSION_PART1.TXT	3	a1s1_rayne_13.wav	pending	莱恩：哎呀，你们几个可真够硬气的。	
dialogue:A1_MANSION_PART1.TXT:4:a1s1_rayne_14.wav	dialogue-unit:73bb4bdf77568993	A1_MANSION_PART1.TXT	4	a1s1_rayne_14.wav	pending	莱恩拜托，男孩们，这可不是跟女孩说话的方式……	
dialogue:A1_MANSION_PART1.TXT:5:a1s1_rayne_15.wav	dialogue-unit:559f715fb674efb7	A1_MANSION_PART1.TXT	5	a1s1_rayne_15.wav	pending	莱恩：不过嘛……接着说，我还挺喜欢听的。	
dialogue:A1_MANSION_PART1.TXT:6:a1s1_rayne_16.wav	dialogue-unit:63ccf9f3b530b135	A1_MANSION_PART1.TXT	6	a1s1_rayne_16.wav	pending	莱恩：哎呀，才不是跟别人一样呢……想试试我吗？	
dialogue:A1_MANSION_PART1.TXT:7:a1s1_rayne_17.wav	dialogue-unit:42689c94e6a32d08	A1_MANSION_PART1.TXT	7	a1s1_rayne_17.wav	pending	莱恩：来吧，先生们，我够你们每个人分的。	
dialogue:A1_MANSION_PART1.TXT:8:a1s1_rayne_18.wav	dialogue-unit:f2ba7c458b184eb9	A1_MANSION_PART1.TXT	8	a1s1_rayne_18.wav	pending	莱恩：嚯！这卧室可真够气派。我敢打赌，我是第一个自愿来看它的女孩吧？	
dialogue:A1_MANSION_PART1.TXT:9:a1s1_rayne_19.wav	dialogue-unit:a2b50f0ca58ad5fd	A1_MANSION_PART1.TXT	9	a1s1_rayne_19.wav	pending	莱恩：嗯哼，就知道能在这儿找到你，死了都还要碍我的事。	
dialogue:A1_MANSION_PART1.TXT:10:a1s1_rayne_20.wav	dialogue-unit:de492f7140a15e50	A1_MANSION_PART1.TXT	10	a1s1_rayne_20.wav	pending	莱恩：你离开很久了，卡根。不过我一直替你照顾着你的家人呢。	
dialogue:A1_MANSION_PART1.TXT:11:a1s1_rayne_21.wav	dialogue-unit:63184e033c3cffdd	A1_MANSION_PART1.TXT	11	a1s1_rayne_21.wav	pending	莱恩：嘶啦！七十年来，世界各地，一个接一个，就像你杀我母亲的家人那样，只是更慢一点。我想我差不多快做完了。	
dialogue:A1_MANSION_PART1.TXT:12:a1s1_rayne_22.wav	dialogue-unit:347f5c39348c6812	A1_MANSION_PART1.TXT	12	a1s1_rayne_22.wav	pending	莱恩：现在你怎么看我呢，父亲？	
dialogue:A1_MANSION_PART1.TXT:13:a1s1_rayne_23.wav	dialogue-unit:650dcab09f32e30d	A1_MANSION_PART1.TXT	13	a1s1_rayne_23.wav	pending	莱恩：你这儿阵仗可真不小啊，泽伦斯基。卡根邪教都跨国经营了，是吧？	
dialogue:A1_MANSION_PART1.TXT:14:a1s1_rayne_24.wav	dialogue-unit:6f3dce0b2fbb178a	A1_MANSION_PART1.TXT	14	a1s1_rayne_24.wav	pending	莱恩：现在我清楚自己到底在对付谁了，可你又在搞什么？	
dialogue:A1_MANSION_PART1.TXT:15:a1s1_rayne_25.wav	dialogue-unit:dc2030c2aae6925a	A1_MANSION_PART1.TXT	15	a1s1_rayne_25.wav	pending	莱恩：哇！我几十年没见过你们这种家伙了！都躲哪儿去了？	
dialogue:A1_MANSION_PART1.TXT:16:a1s1_rayne_26.wav	dialogue-unit:b6d1a19856dc1023	A1_MANSION_PART1.TXT	16	a1s1_rayne_26.wav	pending	莱恩：哦，还说古语？我可没学过，听着还挺装腔作势的。	
dialogue:A1_MANSION_PART1.TXT:17:a1s1_rayne_27.wav	dialogue-unit:a3643f3e37ef2aec	A1_MANSION_PART1.TXT	17	a1s1_rayne_27.wav	pending	莱恩：好吧！多谢你给我上课，贱人。	
dialogue:A1_MANSION_PART1.TXT:18:a1s1_zminion1_1.wav	dialogue-unit:001b212cd4b35488	A1_MANSION_PART1.TXT	18	a1s1_zminion1_1.wav	pending	仆从：女士，宾客禁止进入此区域。	
dialogue:A1_MANSION_PART1.TXT:19:a1s1_zminion1_2.wav	dialogue-unit:fac17dda17582c1b	A1_MANSION_PART1.TXT	19	a1s1_zminion1_2.wav	pending	喽啰：这吵吵闹闹的是怎么回事？！	
dialogue:A1_MANSION_PART1.TXT:20:a1s1_zminion1_3.wav	dialogue-unit:fdf927800902457d	A1_MANSION_PART1.TXT	20	a1s1_zminion1_3.wav	pending	仆从：闭上你那张……请允许我送您回宴会厅，女士？	
dialogue:A1_MANSION_PART1.TXT:21:a1s1_zminion1_4.wav	dialogue-unit:35ca22d7f67359eb	A1_MANSION_PART1.TXT	21	a1s1_zminion1_4.wav	pending	仆从：你不能在这里，女士。	
dialogue:A1_MANSION_PART1.TXT:22:a1s1_zminion2_1.wav	dialogue-unit:2643ec95b72662f8	A1_MANSION_PART1.TXT	22	a1s1_zminion2_1.wav	pending	喽啰：哈！有人想提前拿到惊喜啊！	
dialogue:A1_MANSION_PART1.TXT:23:a1s1_zminion2_2.wav	dialogue-unit:7e775b588e879b85	A1_MANSION_PART1.TXT	23	a1s1_zminion2_2.wav	pending	喽啰：小点声！要是主人的客人们不安起来，他会把我们撕碎的！	
dialogue:A1_MANSION_PART1.TXT:24:a1s1_zminion2_3.wav	dialogue-unit:d73d0fd09c5b9ed0	A1_MANSION_PART1.TXT	24	a1s1_zminion2_3.wav	pending	仆从：女士，你不该在这里。	
dialogue:A1_MANSION_PART1.TXT:25:a1s1_zminion2_4.wav	dialogue-unit:9abf13d3647285a9	A1_MANSION_PART1.TXT	25	a1s1_zminion2_4.wav	pending	仆从：天啊，看那刀刃！她是半吸血鬼！	
dialogue:A1_MANSION_PART1.TXT:26:a1s1_zminion3_1.wav	dialogue-unit:314590cddfd90ee7	A1_MANSION_PART1.TXT	26	a1s1_zminion3_1.wav	pending	喽啰：抓住她，动静小点。	
dialogue:A1_MANSION_PART1.TXT:27:a1s1_zminion3_2.wav	dialogue-unit:2f5ab6c17273b62f	A1_MANSION_PART1.TXT	27	a1s1_zminion3_2.wav	pending	仆从：半吸血鬼挨了打也照样会趴下。	
dialogue:A1_MANSION_PART1.TXT:28:a1s1_zminion4_1.wav	dialogue-unit:2cb16ce3af55c90d	A1_MANSION_PART1.TXT	28	a1s1_zminion4_1.wav	pending	喽啰：你会很适合摆进主人的战利品柜！	
dialogue:A1_MANSION_PART1.TXT:29:a1s1_zminion4_2.wav	dialogue-unit:323076a61a78239a	A1_MANSION_PART1.TXT	29	a1s1_zminion4_2.wav	pending	喽啰：我的天！她疯了。快叫人来！随便谁都行！	
dialogue:A1_MANSION_PART1.TXT:30:a1s1_zminion5_1.wav	dialogue-unit:15ca70a6a88cbea5	A1_MANSION_PART1.TXT	30	a1s1_zminion5_1.wav	pending	喽啰：亲爱的，你真该和其他羔羊一起待在楼下……	
dialogue:A1_MANSION_PART1.TXT:31:a1s2_ephemera_1.wav	dialogue-unit:24f775d6de235420	A1_MANSION_PART1.TXT	31	a1s2_ephemera_1.wav	pending	泽克斯，泽伦斯基死了。	
dialogue:A1_MANSION_PART1.TXT:32:a1s2_ephemera_2.wav	dialogue-unit:086e66923075f887	A1_MANSION_PART1.TXT	32	a1s2_ephemera_2.wav	pending	他的宴会很成功。首领们一死，城市就门户大开了。	
dialogue:A1_MANSION_PART1.TXT:33:a1s2_ephemera_3.wav	dialogue-unit:a46e2f09e4ab2bdd	A1_MANSION_PART1.TXT	33	a1s2_ephemera_3.wav	pending	还不清楚。可能有个搅局者，我正在调查。	
dialogue:A1_MANSION_PART1.TXT:34:a1s2_ephemera_4.wav	dialogue-unit:e7d60001bc2bab38	A1_MANSION_PART1.TXT	34	a1s2_ephemera_4.wav	pending	闻着像斯莱兹……	
dialogue:A1_MANSION_PART1.TXT:36:a1s2_ephemera_6.wav	dialogue-unit:afe7974f2d816fe4	A1_MANSION_PART1.TXT	36	a1s2_ephemera_6.wav	pending	死神在上，泽克斯！太恶心了！	
dialogue:A1_MANSION_PART1.TXT:37:a1s2_mancow_1.wav	dialogue-unit:960142acd34f296c	A1_MANSION_PART1.TXT	37	a1s2_mancow_1.wav	pending	哞！	
dialogue:A1_MANSION_PART1.TXT:38:a1s2_rayne_1.wav	dialogue-unit:093750449a1967bb	A1_MANSION_PART1.TXT	38	a1s2_rayne_1.wav	pending	莱恩：主人可以来舔我的猴子西装。	
dialogue:A1_MANSION_PART1.TXT:39:a1s2_rayne_10.wav	dialogue-unit:e1de9ee0d364d022	A1_MANSION_PART1.TXT	39	a1s2_rayne_10.wav	pending	莱恩：这一点都不好笑，塞弗林。像泽伦斯基这种天生的吸血鬼，为什么会在自己的地产上放这么多水？	
dialogue:A1_MANSION_PART1.TXT:40:a1s2_rayne_11.wav	dialogue-unit:4be3f1b676a202f7	A1_MANSION_PART1.TXT	40	a1s2_rayne_11.wav	pending	莱恩：那东西伤他可比伤我还狠……	
dialogue:A1_MANSION_PART1.TXT:41:a1s2_rayne_12.wav	dialogue-unit:04941560dbb15abc	A1_MANSION_PART1.TXT	41	a1s2_rayne_12.wav	pending	莱恩：哇，这家伙还真是个拼命往上爬的社交攀附狂。	
dialogue:A1_MANSION_PART1.TXT:42:a1s2_rayne_13.wav	dialogue-unit:c243f2c061aa9037	A1_MANSION_PART1.TXT	42	a1s2_rayne_13.wav	pending	莱恩：嗯，要是上面的那些灯掉到这里来，会怎么样？	
dialogue:A1_MANSION_PART1.TXT:43:a1s2_rayne_14.wav	dialogue-unit:37149d9db7fca93f	A1_MANSION_PART1.TXT	43	a1s2_rayne_14.wav	pending	莱恩：好了，现在这潘趣酒里可有点劲儿了。谁想尝尝？	
dialogue:A1_MANSION_PART1.TXT:44:a1s2_rayne_15.wav	dialogue-unit:1b7c2eac76c304b4	A1_MANSION_PART1.TXT	44	a1s2_rayne_15.wav	pending	莱恩：我算是有点天赋吧。	
dialogue:A1_MANSION_PART1.TXT:45:a1s2_rayne_16.wav	dialogue-unit:a3ced5519cd92090	A1_MANSION_PART1.TXT	45	a1s2_rayne_16.wav	pending	莱恩：啧，蠢货，电流早在你淹死之前就会把你烤熟。	
dialogue:A1_MANSION_PART1.TXT:46:a1s2_rayne_17.wav	dialogue-unit:660bfcedc0b5d1f6	A1_MANSION_PART1.TXT	46	a1s2_rayne_17.wav	pending	莱恩：我正想着你什么时候会出现呢，原来被泽伦斯基转化后的吸血鬼长这样，呃。	
dialogue:A1_MANSION_PART1.TXT:47:a1s2_rayne_18.wav	dialogue-unit:57c32bd8498e4ca9	A1_MANSION_PART1.TXT	47	a1s2_rayne_18.wav	pending	莱恩：这就是你们拼了命想变成的样子？啧，目标能不能稍微高一点啊？	
dialogue:A1_MANSION_PART1.TXT:48:a1s2_rayne_19.wav	dialogue-unit:788dd37e55968a32	A1_MANSION_PART1.TXT	48	a1s2_rayne_19.wav	pending	莱恩：哇，看他滋滋冒烟！	
dialogue:A1_MANSION_PART1.TXT:49:a1s2_rayne_2.wav	dialogue-unit:959b679c2b4aa5fc	A1_MANSION_PART1.TXT	49	a1s2_rayne_2.wav	pending	莱恩：该死。	
dialogue:A1_MANSION_PART1.TXT:50:a1s2_rayne_20.wav	dialogue-unit:44d3d107757fe8e1	A1_MANSION_PART1.TXT	50	a1s2_rayne_20.wav	pending	莱恩：太棒了，我还想再来一次。	
dialogue:A1_MANSION_PART1.TXT:51:a1s2_rayne_21.wav	dialogue-unit:eb954d854dfea15c	A1_MANSION_PART1.TXT	51	a1s2_rayne_21.wav	pending	莱恩：那群混蛋把我锁在里面，还一个劲儿地往里冲。	
dialogue:A1_MANSION_PART1.TXT:52:a1s2_rayne_22.wav	dialogue-unit:03668ccb01d1d663	A1_MANSION_PART1.TXT	52	a1s2_rayne_22.wav	pending	莱恩：你总能想出最好玩的主意……	
dialogue:A1_MANSION_PART1.TXT:53:a1s2_rayne_23.wav	dialogue-unit:dc4c9800e97a3296	A1_MANSION_PART1.TXT	53	a1s2_rayne_23.wav	pending	莱恩：哦，不会吧……它们是真的？	
dialogue:A1_MANSION_PART1.TXT:54:a1s2_rayne_24.wav	dialogue-unit:ddca79e17b81ddce	A1_MANSION_PART1.TXT	54	a1s2_rayne_24.wav	pending	莱恩：我的天，塞弗林！泽伦斯基有喀尔巴阡龙枪！我还以为那只是传说！	
dialogue:A1_MANSION_PART1.TXT:55:a1s2_rayne_25.wav	dialogue-unit:59bcedfd422c7527	A1_MANSION_PART1.TXT	55	a1s2_rayne_25.wav	pending	莱恩：哦，我没事。只是它们实在是……太美了……	
dialogue:A1_MANSION_PART1.TXT:56:a1s2_rayne_26.wav	dialogue-unit:b215ff1d8ef5f166	A1_MANSION_PART1.TXT	56	a1s2_rayne_26.wav	pending	莱恩：你在哪儿？有麻烦吗？	
dialogue:A1_MANSION_PART1.TXT:57:a1s2_rayne_27.wav	dialogue-unit:ebc4b636d74ef804	A1_MANSION_PART1.TXT	57	a1s2_rayne_27.wav	pending	莱恩：他表现不好吗？这都是他从小受的教育。	
dialogue:A1_MANSION_PART1.TXT:58:a1s2_rayne_28.wav	dialogue-unit:4222554340211d6a	A1_MANSION_PART1.TXT	58	a1s2_rayne_28.wav	pending	莱恩：我忘了吃客人时的礼仪了，小指应该翘起来，还是收进去？	
dialogue:A1_MANSION_PART1.TXT:59:a1s2_rayne_29.wav	dialogue-unit:b328e6eaf9446a3c	A1_MANSION_PART1.TXT	59	a1s2_rayne_29.wav	pending	莱恩：哎呀！被你抓到了！我刚才溜去翻药柜了。看来我错过大场面了。	
dialogue:A1_MANSION_PART1.TXT:60:a1s2_rayne_3.wav	dialogue-unit:7c5cbb9bb2bd91d2	A1_MANSION_PART1.TXT	60	a1s2_rayne_3.wav	pending	莱恩：当然是，你觉得我能找硫磺会报销吗？	
dialogue:A1_MANSION_PART1.TXT:61:a1s2_rayne_30.wav	dialogue-unit:5cb1c621b45d4fd9	A1_MANSION_PART1.TXT	61	a1s2_rayne_30.wav	pending	莱恩：哎呀，我敢说肯定很不错。有气球和彩纸吗？有漂亮女孩从大蛋糕里跳出来吗？	
dialogue:A1_MANSION_PART1.TXT:62:a1s2_rayne_31.wav	dialogue-unit:041e4d7a6a29979b	A1_MANSION_PART1.TXT	62	a1s2_rayne_31.wav	pending	莱恩：不过，看！我自己挑好了礼物。你觉得怎么样？是不是美极了？	
dialogue:A1_MANSION_PART1.TXT:63:a1s2_rayne_32.wav	dialogue-unit:0d6fe9b9afd7ebf7	A1_MANSION_PART1.TXT	63	a1s2_rayne_32.wav	pending	莱恩：好啦好啦，我正在 —— 哦，你是在跟我说话？还是跟它们？	
dialogue:A1_MANSION_PART1.TXT:64:a1s2_rayne_33.wav	dialogue-unit:75ade72576602858	A1_MANSION_PART1.TXT	64	a1s2_rayne_33.wav	pending	莱恩：先回答我的问题：为什么要大开杀戒？他们不是你最亲近的五百个朋友吗？	
dialogue:A1_MANSION_PART1.TXT:65:a1s2_rayne_34.wav	dialogue-unit:248b8f0c086126a4	A1_MANSION_PART1.TXT	65	a1s2_rayne_34.wav	pending	莱恩：卡根家族团聚？	
dialogue:A1_MANSION_PART1.TXT:66:a1s2_rayne_35.wav	dialogue-unit:d8b00cbeb1036cd5	A1_MANSION_PART1.TXT	66	a1s2_rayne_35.wav	pending	莱恩：拜托了，泽。我可是害群之马！没人愿意提起的那个！我正在环球旅行，拜访我能找到的每一个卡根私生子！	
dialogue:A1_MANSION_PART1.TXT:67:a1s2_rayne_36.wav	dialogue-unit:e79260f3725b75fd	A1_MANSION_PART1.TXT	67	a1s2_rayne_36.wav	pending	莱恩：西印度群岛那个？养蛇的那个？她告诉了我你的名字。虽然不情愿，不过倒是很忠心。	
dialogue:A1_MANSION_PART1.TXT:68:a1s2_rayne_37.wav	dialogue-unit:187ddcb7c4d151e3	A1_MANSION_PART1.TXT	68	a1s2_rayne_37.wav	pending	莱恩：呃！那是同父异母的妹妹，蠢货！	
dialogue:A1_MANSION_PART1.TXT:69:a1s2_rayne_38.wav	dialogue-unit:dd78aa0a043d37a7	A1_MANSION_PART1.TXT	69	a1s2_rayne_38.wav	pending	莱恩：呃！那是同父异母的妹妹，臭吸血鼠！	
dialogue:A1_MANSION_PART1.TXT:70:a1s2_rayne_39.wav	dialogue-unit:6ac6ae651addb3f5	A1_MANSION_PART1.TXT	70	a1s2_rayne_39.wav	pending	莱恩：太好了！我最喜欢学新招了！	
dialogue:A1_MANSION_PART1.TXT:71:a1s2_rayne_4.wav	dialogue-unit:73bc8e36b4ccdfa4	A1_MANSION_PART1.TXT	71	a1s2_rayne_4.wav	pending	莱恩：我会留着收据的。	
dialogue:A1_MANSION_PART1.TXT:72:a1s2_rayne_40.wav	dialogue-unit:0f460f87e4c99229	A1_MANSION_PART1.TXT	72	a1s2_rayne_40.wav	pending	莱恩：哦耶！等不及要用这个了！	
dialogue:A1_MANSION_PART1.TXT:73:a1s2_rayne_41.wav	dialogue-unit:cdf7dd3f2fcfb848	A1_MANSION_PART1.TXT	73	a1s2_rayne_41.wav	pending	莱恩：哎，他们自己选错了路，早该好好上学的。我处理这事的时候，别惹麻烦，好吗？	
dialogue:A1_MANSION_PART1.TXT:74:a1s2_rayne_42.wav	dialogue-unit:1db8685b4b79adfd	A1_MANSION_PART1.TXT	74	a1s2_rayne_42.wav	pending	莱恩：有一点你说对了，你确实该走了。	
dialogue:A1_MANSION_PART1.TXT:75:a1s2_rayne_43.wav	dialogue-unit:c042794ea06c916b	A1_MANSION_PART1.TXT	75	a1s2_rayne_43.wav	pending	莱恩：你好啊。这里这么吵，跟你有关系吗？	
dialogue:A1_MANSION_PART1.TXT:76:a1s2_rayne_44.wav	dialogue-unit:dfec2cb37799ef93	A1_MANSION_PART1.TXT	76	a1s2_rayne_44.wav	pending	莱恩：没问题。马上到。	
dialogue:A1_MANSION_PART1.TXT:77:a1s2_rayne_45.wav	dialogue-unit:9a067d62992d27d8	A1_MANSION_PART1.TXT	77	a1s2_rayne_45.wav	pending	莱恩：当然，这正是我想找的东西，一棵扭曲的家族树。	
dialogue:A1_MANSION_PART1.TXT:78:a1s2_rayne_46.wav	dialogue-unit:055db1731f35eba1	A1_MANSION_PART1.TXT	78	a1s2_rayne_46.wav	pending	莱恩：上面列着整个卡根邪教的下落，而且看起来他们全都在往这里汇合，就在这座城市。	
dialogue:A1_MANSION_PART1.TXT:79:a1s2_rayne_47.wav	dialogue-unit:08d111a61ba5351f	A1_MANSION_PART1.TXT	79	a1s2_rayne_47.wav	pending	莱恩：没错，他们全都来了，来找我，我终于要终结他们了。我父亲那条病态的血脉也会就此断绝。	
dialogue:A1_MANSION_PART1.TXT:80:a1s2_rayne_5.wav	dialogue-unit:043fc184d3eb0fe0	A1_MANSION_PART1.TXT	80	a1s2_rayne_5.wav	pending	莱恩：刚到书房外的庭院。	
dialogue:A1_MANSION_PART1.TXT:81:a1s2_rayne_6.wav	dialogue-unit:3320be3fb77f57bc	A1_MANSION_PART1.TXT	81	a1s2_rayne_6.wav	pending	莱恩：嗯，大概吧。只不过又是我天生擅长的一件事。	
dialogue:A1_MANSION_PART1.TXT:82:a1s2_rayne_7.wav	dialogue-unit:ff841c672c9af5ef	A1_MANSION_PART1.TXT	82	a1s2_rayne_7.wav	pending	莱恩：不知道，通常没人能活着看到其中一个。	
dialogue:A1_MANSION_PART1.TXT:83:a1s2_rayne_8.wav	dialogue-unit:38faf4fcdbf3376c	A1_MANSION_PART1.TXT	83	a1s2_rayne_8.wav	pending	莱恩：或者走到它们附近 —— 它们简直就是自找的！世界上有玻璃癖这种东西吗？	
dialogue:A1_MANSION_PART1.TXT:84:a1s2_rayne_9.wav	dialogue-unit:d2faa7f271e55fb2	A1_MANSION_PART1.TXT	84	a1s2_rayne_9.wav	pending	莱恩：啊，太好了。水。	
dialogue:A1_MANSION_PART1.TXT:85:a1s2_severin_1.wav	dialogue-unit:e0922c9243acb629	A1_MANSION_PART1.TXT	85	a1s2_severin_1.wav	pending	塞弗林：听起来挺贵的……	
dialogue:A1_MANSION_PART1.TXT:86:a1s2_severin_10.wav	dialogue-unit:cc206b27eae6dc53	A1_MANSION_PART1.TXT	86	a1s2_severin_10.wav	pending	塞弗林：里面有什么能拿来砸开门的东西吗？比如又大又重的东西？	
dialogue:A1_MANSION_PART1.TXT:87:a1s2_severin_11.wav	dialogue-unit:93f66db88c2e31cb	A1_MANSION_PART1.TXT	87	a1s2_severin_11.wav	pending	塞弗林：你拿到了什么？有意思的东西？	
dialogue:A1_MANSION_PART1.TXT:88:a1s2_severin_12.wav	dialogue-unit:30078465943c3adb	A1_MANSION_PART1.TXT	88	a1s2_severin_12.wav	pending	塞弗林：哼，硫磺会也是这么想的。	
dialogue:A1_MANSION_PART1.TXT:89:a1s2_severin_13.wav	dialogue-unit:f06c2c5f2b6df132	A1_MANSION_PART1.TXT	89	a1s2_severin_13.wav	pending	塞弗林：莱恩？莱恩！你在吗？发生什么事了？！	
dialogue:A1_MANSION_PART1.TXT:90:a1s2_severin_14.wav	dialogue-unit:fb8349a34af8dd31	A1_MANSION_PART1.TXT	90	a1s2_severin_14.wav	pending	塞弗林：……而且极其危险。听着，如果它们真是喀尔巴阡龙枪，它们会吸食半吸血鬼宿主的血 —— 也就是你。	
dialogue:A1_MANSION_PART1.TXT:91:a1s2_severin_15.wav	dialogue-unit:6eaf087990e7228d	A1_MANSION_PART1.TXT	91	a1s2_severin_15.wav	pending	塞弗林：它们会通过炼金术把原料加工成能杀死吸血鬼的弹丸，你得吸血来填满它们的储液槽。	
dialogue:A1_MANSION_PART1.TXT:92:a1s2_severin_16.wav	dialogue-unit:b713d630f9cb6f8d	A1_MANSION_PART1.TXT	92	a1s2_severin_16.wav	pending	塞弗林：储液槽空了你依然能用它们，但它们会直接从你身上抽血。	
dialogue:A1_MANSION_PART1.TXT:93:a1s2_severin_17.wav	dialogue-unit:4954e4de6f332a38	A1_MANSION_PART1.TXT	93	a1s2_severin_17.wav	pending	塞弗林：你最好下来，泽伦斯基刚向客人们展示了一个大惊喜。	
dialogue:A1_MANSION_PART1.TXT:94:a1s2_severin_18.wav	dialogue-unit:78cd86f306f26f4f	A1_MANSION_PART1.TXT	94	a1s2_severin_18.wav	pending	塞弗林：就在舞厅外面。我没事。只是，你懂的，躲远点，其他客人可就不好说了。快来，不然你就错过了。	
dialogue:A1_MANSION_PART1.TXT:95:a1s2_severin_19.wav	dialogue-unit:82cc284e737d436b	A1_MANSION_PART1.TXT	95	a1s2_severin_19.wav	pending	塞弗林：啧，我看泽伦斯基这下是把乡村俱乐部的会员资格玩没了。	
dialogue:A1_MANSION_PART1.TXT:96:a1s2_severin_2.wav	dialogue-unit:5c157b644e440c83	A1_MANSION_PART1.TXT	96	a1s2_severin_2.wav	pending	塞弗林：呃，等我们看到今晚的最终账单再说吧。	
dialogue:A1_MANSION_PART1.TXT:97:a1s2_severin_20.wav	dialogue-unit:0be9e6231a5aa137	A1_MANSION_PART1.TXT	97	a1s2_severin_20.wav	pending	塞弗林：你自己看吧。我想现在你该做去做该做的事了，我去做我的事，晚点见。	
dialogue:A1_MANSION_PART1.TXT:98:a1s2_severin_21.wav	dialogue-unit:41092dc2f9beec7f	A1_MANSION_PART1.TXT	98	a1s2_severin_21.wav	pending	塞弗林：你的目标和他的打手都在那儿。现在你真的生气了，是吧？可怜的混蛋，我都有点同情他们了。	
dialogue:A1_MANSION_PART1.TXT:99:a1s2_severin_22.wav	dialogue-unit:3c6531b2baadc52c	A1_MANSION_PART1.TXT	99	a1s2_severin_22.wav	pending	塞弗林：我还有得选吗。我去找条撤离路线，待会儿见。	
dialogue:A1_MANSION_PART1.TXT:100:a1s2_severin_23.wav	dialogue-unit:ef26c7dc6817bcfe	A1_MANSION_PART1.TXT	100	a1s2_severin_23.wav	pending	塞弗林：其实整座宅子都装了爆炸装置，大概是为了防止泽伦斯基身上发生什么可怕的事，比如说你。	
dialogue:A1_MANSION_PART1.TXT:101:a1s2_severin_24.wav	dialogue-unit:2c1a7159a0cd1fa3	A1_MANSION_PART1.TXT	101	a1s2_severin_24.wav	pending	塞弗林：我只是把几个定时器的时间往前拨了点，但我没法再靠近接你了，你得上来找我。	
dialogue:A1_MANSION_PART1.TXT:102:a1s2_severin_25.wav	dialogue-unit:0428060f67d282f6	A1_MANSION_PART1.TXT	102	a1s2_severin_25.wav	pending	塞弗林：那份名单你还拿着吗？	
dialogue:A1_MANSION_PART1.TXT:103:a1s2_severin_26.wav	dialogue-unit:c4c2904c0962396a	A1_MANSION_PART1.TXT	103	a1s2_severin_26.wav	pending	塞弗林：我已经上报了。硫磺会派出了他们最顶尖的头脑，没人会高兴的。	
dialogue:A1_MANSION_PART1.TXT:104:a1s2_severin_3.wav	dialogue-unit:ef3c0f40f74febe5	A1_MANSION_PART1.TXT	104	a1s2_severin_3.wav	pending	塞弗林：我之前去过那里，你最近在练杂技吗？	
dialogue:A1_MANSION_PART1.TXT:105:a1s2_severin_4.wav	dialogue-unit:5740793d8510955a	A1_MANSION_PART1.TXT	105	a1s2_severin_4.wav	pending	塞弗林：那么你的返场节目是什么？	
dialogue:A1_MANSION_PART1.TXT:106:a1s2_severin_5.wav	dialogue-unit:19303486356904fd	A1_MANSION_PART1.TXT	106	a1s2_severin_5.wav	pending	塞弗林：啊，温室？你知道人们怎么说住在玻璃屋里的人……	
dialogue:A1_MANSION_PART1.TXT:107:a1s2_severin_6.wav	dialogue-unit:daac15405e0786f6	A1_MANSION_PART1.TXT	107	a1s2_severin_6.wav	pending	塞弗林：我正想问你呢。	
dialogue:A1_MANSION_PART1.TXT:108:a1s2_severin_7.wav	dialogue-unit:5215cde31a140099	A1_MANSION_PART1.TXT	108	a1s2_severin_7.wav	pending	塞弗林：啊，你找到泳池了，不错吧？想下去泡一泡？	
dialogue:A1_MANSION_PART1.TXT:109:a1s2_severin_8.wav	dialogue-unit:1c4afae9bfe5edad	A1_MANSION_PART1.TXT	109	a1s2_severin_8.wav	pending	塞弗林：他给我的感觉就是那种为了在客人面前撑场面，什么都做得出来的人。	
dialogue:A1_MANSION_PART1.TXT:110:a1s2_severin_9.wav	dialogue-unit:b4b2d86a3ff31122	A1_MANSION_PART1.TXT	110	a1s2_severin_9.wav	pending	塞弗林：嘿，太好了！听起来你已经想出办法在里面杀人了，我就知道你做得到。	
dialogue:A1_MANSION_PART1.TXT:111:a1s2_xerx_1.wav	dialogue-unit:5bdacd1937cd68bf	A1_MANSION_PART1.TXT	111	a1s2_xerx_1.wav	pending	嗯？哦。埃菲梅拉。	
dialogue:A1_MANSION_PART1.TXT:112:a1s2_xerx_2.wav	dialogue-unit:a5aac8c6ecc6f0de	A1_MANSION_PART1.TXT	112	a1s2_xerx_2.wav	pending	啊，那他算是完成自己的使命了。在自然秩序中，没有比这更崇高的追求了。那么，我们那位曾经的兄弟是怎么死的？	
dialogue:A1_MANSION_PART1.TXT:113:a1s2_xerx_3.wav	dialogue-unit:414c7f7e6af792ff	A1_MANSION_PART1.TXT	113	a1s2_xerx_3.wav	pending	嗯，我一直在研究一件会让你感兴趣的东西。	
dialogue:A1_MANSION_PART1.TXT:114:a1s2_xerx_4.wav	dialogue-unit:1e2276b83813cdac	A1_MANSION_PART1.TXT	114	a1s2_xerx_4.wav	pending	好了，好了……	
dialogue:A1_MANSION_PART1.TXT:115:a1s2_xerx_5.wav	dialogue-unit:f9d16a8eb2eafb60	A1_MANSION_PART1.TXT	115	a1s2_xerx_5.wav	pending	确实。宽泛地说，她是他的母亲。我们的“下水道大夫人”仍有用途……	
dialogue:A1_MANSION_PART1.TXT:116:a1s2_xerx_6.wav	dialogue-unit:f1479f224c593ad2	A1_MANSION_PART1.TXT	116	a1s2_xerx_6.wav	pending	看他胀满了浓厚丰饶的血液！你可以从任何地方吸食。	
dialogue:A1_MANSION_PART1.TXT:117:a1s2_xerx_7.wav	dialogue-unit:c3b1e89b81c0655c	A1_MANSION_PART1.TXT	117	a1s2_xerx_7.wav	pending	谁能想到呢？一种制造出来、可控制的食物来源，用来抵御即将到来的漫长寒冬。	
dialogue:A1_MANSION_PART1.TXT:118:a1s2_xerx_8.wav	dialogue-unit:89a15f7ad0d4a39b	A1_MANSION_PART1.TXT	118	a1s2_xerx_8.wav	pending	而父亲还以为人类永远派不上用场。	
dialogue:A1_MANSION_PART1.TXT:119:a1s2_xerx_9.wav	dialogue-unit:bba24c9f39c2f51d	A1_MANSION_PART1.TXT	119	a1s2_xerx_9.wav	pending	是的，我们也在改进口味。总会成功的……	
dialogue:A1_MANSION_PART1.TXT:120:a1s2_zerenzki_10.wav	dialogue-unit:cb4d689d5015ace8	A1_MANSION_PART1.TXT	120	a1s2_zerenzki_10.wav	pending	泽伦斯基：你到底是谁？！	
dialogue:A1_MANSION_PART1.TXT:121:a1s2_zerenzki_11.wav	dialogue-unit:35b0106646e7caf8	A1_MANSION_PART1.TXT	121	a1s2_zerenzki_11.wav	pending	泽伦斯基：没错。为了这个，我不得不牺牲几十年来费尽心机爬上来的地位。不过一切都值得。	
dialogue:A1_MANSION_PART1.TXT:122:a1s2_zerenzki_12.wav	dialogue-unit:eba9c49b643b91a9	A1_MANSION_PART1.TXT	122	a1s2_zerenzki_12.wav	pending	泽伦斯基：我得清除几个障碍，好给我们计划中的家族团聚让路。	
dialogue:A1_MANSION_PART1.TXT:123:a1s2_zerenzki_13.wav	dialogue-unit:8877d21923c3f1ee	A1_MANSION_PART1.TXT	123	a1s2_zerenzki_13.wav	pending	泽伦斯基：你怎么知道那个名字？！	
dialogue:A1_MANSION_PART1.TXT:124:a1s2_zerenzki_14.wav	dialogue-unit:e433ad85a19226f3	A1_MANSION_PART1.TXT	124	a1s2_zerenzki_14.wav	pending	泽伦斯基：啊……所以你就是那个神秘刺客？你确实已经大开杀戒了……不是吗？	
dialogue:A1_MANSION_PART1.TXT:125:a1s2_zerenzki_15.wav	dialogue-unit:8fbada6d9232f1d7	A1_MANSION_PART1.TXT	125	a1s2_zerenzki_15.wav	pending	泽伦斯基：直到可怜的德琳达没了脑袋地出现，我们甚至都不确定你是不是真的存在。	
dialogue:A1_MANSION_PART1.TXT:126:a1s2_zerenzki_16.wav	dialogue-unit:d9eb80b30c4bb54f	A1_MANSION_PART1.TXT	126	a1s2_zerenzki_16.wav	pending	泽伦斯基：噗，才不是，她们谁都不是。	
dialogue:A1_MANSION_PART1.TXT:127:a1s2_zerenzki_17.wav	dialogue-unit:f3210c8068d302f4	A1_MANSION_PART1.TXT	127	a1s2_zerenzki_17.wav	pending	泽伦斯基：你让我很感兴趣，但恐怕我必须去处理别的事了，所以晚安了，小妹妹。把这里当自己家吧。	
dialogue:A1_MANSION_PART1.TXT:128:a1s2_zerenzki_18.wav	dialogue-unit:4c4c5f480a68a2e4	A1_MANSION_PART1.TXT	128	a1s2_zerenzki_18.wav	pending	泽伦斯基：一个永世难忘的夜晚！最长之夜的序幕！该起飞了，我的孩子们！家族正在等待我们的到来！	
dialogue:A1_MANSION_PART1.TXT:129:a1s2_zerenzki_19.wav	dialogue-unit:2a0129332b494079	A1_MANSION_PART1.TXT	129	a1s2_zerenzki_19.wav	pending	泽伦斯基：可你是我的客人！把你就这样留下，实在不可饶恕！	
dialogue:A1_MANSION_PART1.TXT:130:a1s2_zerenzki_5.wav	dialogue-unit:001d2d7b79426bdb	A1_MANSION_PART1.TXT	130	a1s2_zerenzki_5.wav	pending	泽伦斯基：对，把他们撕碎，孩子们。不要留活口！记得检查洗手间和庭院。	
dialogue:A1_MANSION_PART1.TXT:131:a1s2_zerenzki_6.wav	dialogue-unit:a5a413ea13d4d6b9	A1_MANSION_PART1.TXT	131	a1s2_zerenzki_6.wav	pending	泽伦斯基：啊！那就得看他们的纳税等级了。你又跑到哪儿去了？！	
dialogue:A1_MANSION_PART1.TXT:132:a1s2_zerenzki_7.wav	dialogue-unit:abf4d4865251b36d	A1_MANSION_PART1.TXT	132	a1s2_zerenzki_7.wav	pending	泽伦斯基：哦，你确实错过了！那场面精彩极了，真可惜你不在。	
dialogue:A1_MANSION_PART1.TXT:133:a1s2_zerenzki_8.wav	dialogue-unit:91bb84d77b8c6f76	A1_MANSION_PART1.TXT	133	a1s2_zerenzki_8.wav	pending	泽伦斯基：不止这些！最棒的是，每个人都收到了一份非常特别的礼物！不过你的那份，我们特意给你留着了！	
dialogue:A1_MANSION_PART1.TXT:134:a1s2_zerenzki_9.wav	dialogue-unit:dae322d1c2ec1154	A1_MANSION_PART1.TXT	134	a1s2_zerenzki_9.wav	pending	泽伦斯基：我的龙枪！加达斯的脓疮！！她怎么……？把她撕成碎片！！	
dialogue:A1_MANSION_PART1.TXT:135:a1s2_zminion1_1.wav	dialogue-unit:052e91ef6516183e	A1_MANSION_PART1.TXT	135	a1s2_zminion1_1.wav	pending	仆从：主人，呃，泽伦斯基先生，希望所有客人都留在楼下，夫人。	
dialogue:A1_MANSION_PART1.TXT:136:a1s2_zminion1_2.wav	dialogue-unit:c7db600b600bc78a	A1_MANSION_PART1.TXT	136	a1s2_zminion1_2.wav	pending	仆从：等一下 —— 看，她是半吸血鬼。你是主人那边的吗？	speaker/control differs: EN='Z. m.Minion 1'; RU='Z. m.MINION 1'
dialogue:A1_MANSION_PART1.TXT:137:a1s2_zminion1_3.wav	dialogue-unit:8169b6d71c948243	A1_MANSION_PART1.TXT	137	a1s2_zminion1_3.wav	pending	喽啰：就是她搞出这么大动静！进去后把门锁上。	speaker/control differs: EN='Z. m.Minion 1'; RU='Z. m.MINION 1'
dialogue:A1_MANSION_PART1.TXT:138:a1s2_zminion1_4.wav	dialogue-unit:245048eed4719bec	A1_MANSION_PART1.TXT	138	a1s2_zminion1_4.wav	pending	喽啰：天哪，你看见了吗？她像飓风一样冲过了那帮人！	speaker/control differs: EN='Z. m.Minion 1'; RU='Z. m.MINION 1'
dialogue:A1_MANSION_PART1.TXT:139:a1s2_zminion1_5.wav	dialogue-unit:f4ee6ceeb9fd69cb	A1_MANSION_PART1.TXT	139	a1s2_zminion1_5.wav	pending	喽啰：你觉得呢？难道我想看见那个怪物从那儿冲出来？	speaker/control differs: EN='Z. m.Minion 1'; RU='Z. m.MINION 1'
dialogue:A1_MANSION_PART1.TXT:140:a1s2_zminion1_6.wav	dialogue-unit:e406051960ba7242	A1_MANSION_PART1.TXT	140	a1s2_zminion1_6.wav	pending	喽啰：谁都不准逃！谁都不准活！把他们全抓住！	speaker/control differs: EN='Z. m.Minion 1'; RU='Z. m.MINION 1'
dialogue:A1_MANSION_PART1.TXT:141:a1s2_zminion2_1.wav	dialogue-unit:64d84249c6e4de05	A1_MANSION_PART1.TXT	141	a1s2_zminion2_1.wav	pending	仆从：不可能！主人讨厌女半吸血鬼，他绝不会把这种人留在身边。	speaker/control differs: EN='Z. m.Minion 2'; RU='Z. m.MINION 2'
dialogue:A1_MANSION_PART1.TXT:142:a1s2_zminion2_2.wav	dialogue-unit:e089eb9430f99ae8	A1_MANSION_PART1.TXT	142	a1s2_zminion2_2.wav	pending	喽啰：对，我们可不想被人打扰。	speaker/control differs: EN='Z. m.Minion 2'; RU='Z. m.MINION 2'
dialogue:A1_MANSION_PART1.TXT:143:a1s2_zminion2_3.wav	dialogue-unit:19b42c1ecb9160fd	A1_MANSION_PART1.TXT	143	a1s2_zminion2_3.wav	pending	喽啰：你确定那些门都封死了？	speaker/control differs: EN='Z. m.Minion 2'; RU='Z. m.MINION 2'
dialogue:A1_MANSION_PART1.TXT:144:a1s2_zminion3_1.wav	dialogue-unit:fa79f25120178c85	A1_MANSION_PART1.TXT	144	a1s2_zminion3_1.wav	pending	喽啰：行了，严丝合缝！	speaker/control differs: EN='Z. m.Minion 3'; RU='Z. m.MINION 3'
dialogue:A1_MANSION_PART1.TXT:145:a1s2_zminion4_3.wav	dialogue-unit:c5d3b890e1eb1e94	A1_MANSION_PART1.TXT	145	a1s2_zminion4_3.wav	pending	喽啰：我不会游泳！我不想淹死在里面。	speaker/control differs: EN='Z. m.Minion 4'; RU='Z. m.MINION 4'
dialogue:A1_MANSION_PART1.TXT:146:missiondescription	dialogue-unit:53f656fb5c91c88f	A1_MANSION_PART1.TXT	146	missiondescription	pending	泽伦斯基宅邸入口	
dialogue:A1_MANSION_PART1.TXT:147:objectivebreakopentomb	dialogue-unit:79d24860302df540	A1_MANSION_PART1.TXT	147	objectivebreakopentomb	pending	砸开泽伦斯基的墓室	
dialogue:A1_MANSION_PART1.TXT:148:objectivedefeatwave	dialogue-unit:ed6d5913f12cfd88	A1_MANSION_PART1.TXT	148	objectivedefeatwave	pending	击败所有阻挡你的喽啰	
dialogue:A1_MANSION_PART1.TXT:149:objectivevampireroom	dialogue-unit:2b1325a864979f58	A1_MANSION_PART1.TXT	149	objectivevampireroom	pending	击败半吸血鬼，并找到离开泽伦斯基私人巢穴的路	
dialogue:A1_MANSION_PART1.TXT:150:objectivewayin	dialogue-unit:ecd81074ed9478a3	A1_MANSION_PART1.TXT	150	objectivewayin	pending	想办法进入宅邸的安保区域	
dialogue:A1_MANSION_PART1.TXT:151:objectivezerenskilair	dialogue-unit:a5b50ea8ea2b5e56	A1_MANSION_PART1.TXT	151	objectivezerenskilair	pending	找到通往泽伦斯基巢穴的隐藏入口	
dialogue:A1_MANSION_PART1.TXT:152:objectivezerenskisbedroom	dialogue-unit:bb867d9810f9c8d7	A1_MANSION_PART1.TXT	152	objectivezerenskisbedroom	pending	进入泽伦斯基的私人卧室	
dialogue:A1_MANSION_PART1.TXT:155:ost_fixme_cantopenthatyet	dialogue-unit:c2607eea7d1d6534	A1_MANSION_PART1.TXT	155	ost_fixme_cantopenthatyet	pending	你现在还打不开那个……	
dialogue:A1_MANSION_PART1.TXT:156:ost_tute_acro	dialogue-unit:06f9549446518e0e	A1_MANSION_PART1.TXT	156	ost_tute_acro	pending	使用杂技动作到达顶层	
dialogue:A1_MANSION_PART1.TXT:157:ost_tute_aura1	dialogue-unit:e46cfdbb61c6c15f	A1_MANSION_PART1.TXT	157	ost_tute_aura1	pending	@@auraPowersButtonName@@ 灵光视觉@@newline@@寻找敌人、目标、互动对象和杂技路线	
dialogue:A1_MANSION_PART1.TXT:158:ost_tute_aura2	dialogue-unit:23db41cc8de5b357	A1_MANSION_PART1.TXT	158	ost_tute_aura2	pending	@@auraPowersButtonName@@ 灵光视觉可以显示吸血鬼巢穴	
dialogue:A1_MANSION_PART1.TXT:159:ost_tute_aura3	dialogue-unit:3faed3a90750342c	A1_MANSION_PART1.TXT	159	ost_tute_aura3	pending	@@auraPowersButtonName@@ 灵光视觉可以显示吸血鬼门	
dialogue:A1_MANSION_PART1.TXT:160:ost_tute_camera1	dialogue-unit:ca90e000dff0d850	A1_MANSION_PART1.TXT	160	ost_tute_camera1	pending	@@turnAxis@@ 镜头	
dialogue:A1_MANSION_PART1.TXT:161:ost_tute_combat1	dialogue-unit:cd36a499056666b2	A1_MANSION_PART1.TXT	161	ost_tute_combat1	pending	@@bladeButtonName@@ 刀刃@@newline@@@@kickButtonName@@ 踢击	
dialogue:A1_MANSION_PART1.TXT:162:ost_tute_combat2	dialogue-unit:ad9da37c86fe7f9c	A1_MANSION_PART1.TXT	162	ost_tute_combat2	pending	@@kickButtonName@@ 连续踢击可打掉敌人的武器	
dialogue:A1_MANSION_PART1.TXT:163:ost_tute_dilated	dialogue-unit:f9912584cc74ae8d	A1_MANSION_PART1.TXT	163	ost_tute_dilated	pending	@@speedPowersButtonName@@ 感知扩张@@newline@@减缓时间，让战斗更轻松	
dialogue:A1_MANSION_PART1.TXT:164:ost_tute_evade	dialogue-unit:2e2f4f479abd2e90	A1_MANSION_PART1.TXT	164	ost_tute_evade	pending	按住 @@lockOnButtonName@@ + @@moveAxis@@ 进行闪避	
dialogue:A1_MANSION_PART1.TXT:165:ost_tute_feed1	dialogue-unit:bdb41ebe2fc27614	A1_MANSION_PART1.TXT	165	ost_tute_feed1	pending	@@harpoonBiteButtonName@@ 吸食猎物	
dialogue:A1_MANSION_PART1.TXT:166:ost_tute_feed2	dialogue-unit:9f8d5daa2a2baafa	A1_MANSION_PART1.TXT	166	ost_tute_feed2	pending	@@harpoonBiteButtonName@@ 吸食猎物@@newline@@@@bladeButtonName@@ 或 @@kickButtonName@@ 处决可获得怒气奖励	
dialogue:A1_MANSION_PART1.TXT:167:ost_tute_harpoon1	dialogue-unit:97bb973617a070c1	A1_MANSION_PART1.TXT	167	ost_tute_harpoon1	pending	使用 @@lockOnButtonName@@ + @@harpoonBiteButtonName@@ 将敌人扔到犀牛角上	
dialogue:A1_MANSION_PART1.TXT:168:ost_tute_harpoon2	dialogue-unit:f1a4f83726cccee8	A1_MANSION_PART1.TXT	168	ost_tute_harpoon2	pending	@@lockOnButtonName@@ + @@harpoonBiteButtonName@@ 鱼叉锁定目标@@newline@@@@moveAxis@@ 鱼叉投掷目标	
dialogue:A1_MANSION_PART1.TXT:169:ost_tute_jump1	dialogue-unit:588df5febf492cbc	A1_MANSION_PART1.TXT	169	ost_tute_jump1	pending	@@jumpButtonName@@ 跳跃	
dialogue:A1_MANSION_PART1.TXT:170:ost_tute_jump2	dialogue-unit:28deb27f479ccfca	A1_MANSION_PART1.TXT	170	ost_tute_jump2	pending	@@jumpButtonName@@ 跳过栏杆	
dialogue:A1_MANSION_PART1.TXT:171:ost_tute_killpuz1	dialogue-unit:2dce67557871fe87	A1_MANSION_PART1.TXT	171	ost_tute_killpuz1	pending	利用危险物杀死敌人可获得杀戮点数	
dialogue:A1_MANSION_PART1.TXT:172:ost_tute_killpuz2	dialogue-unit:02ca3ade65653f7c	A1_MANSION_PART1.TXT	172	ost_tute_killpuz2	pending	用鱼叉投掷将敌人扔进火里	
dialogue:A1_MANSION_PART1.TXT:173:ost_tute_lock1	dialogue-unit:3620fbff515ecb15	A1_MANSION_PART1.TXT	173	ost_tute_lock1	pending	按住 @@lockOnButtonName@@ 锁定目标并格挡	
dialogue:A1_MANSION_PART1.TXT:174:ost_tute_lock2	dialogue-unit:ab5ee4b0193c8c95	A1_MANSION_PART1.TXT	174	ost_tute_lock2	pending	松开 @@lockOnButtonName@@ 锁定，可攻击更多目标	
dialogue:A1_MANSION_PART1.TXT:175:ost_tute_lock3	dialogue-unit:2dddce396c6d5df9	A1_MANSION_PART1.TXT	175	ost_tute_lock3	pending	按住 @@lockOnButtonName@@ 锁定目标@@newline@@@@cycleLockOnTargetButtonName@@ 切换目标	
dialogue:A1_MANSION_PART1.TXT:176:ost_tute_minionbedroomsurprise1	dialogue-unit:63def4536b870264	A1_MANSION_PART1.TXT	176	ost_tute_minionbedroomsurprise1	pending	喽啰1：你不能在这里，女士。	
dialogue:A1_MANSION_PART1.TXT:177:ost_tute_minionbedroomsurprise2	dialogue-unit:3050cb883dc808a6	A1_MANSION_PART1.TXT	177	ost_tute_minionbedroomsurprise2	pending	喽啰2：天啊，看那刀刃！她是半吸血鬼！	
dialogue:A1_MANSION_PART1.TXT:178:ost_tute_minionbedroomsurprise3	dialogue-unit:f03fb4e80008112c	A1_MANSION_PART1.TXT	178	ost_tute_minionbedroomsurprise3	pending	喽啰1：半吸血鬼挨了打也照样会趴下。	
dialogue:A1_MANSION_PART1.TXT:179:ost_tute_minionbedroomsurprise4	dialogue-unit:323076a61a78239a	A1_MANSION_PART1.TXT	179	ost_tute_minionbedroomsurprise4	pending	喽啰：我的天！她疯了。叫人来！随便谁都行！	
dialogue:A1_MANSION_PART1.TXT:180:ost_tute_minioncomment1	dialogue-unit:8e01723d9aa9bde6	A1_MANSION_PART1.TXT	180	ost_tute_minioncomment1	pending	喽啰1：这吵吵闹闹的是怎么回事？	
dialogue:A1_MANSION_PART1.TXT:181:ost_tute_minioncomment2	dialogue-unit:7459554754402dda	A1_MANSION_PART1.TXT	181	ost_tute_minioncomment2	pending	喽啰2：老兄，你也知道，要是客人们不安起来，主人会把我们撕碎的。	
dialogue:A1_MANSION_PART1.TXT:182:ost_tute_minionsurprise1	dialogue-unit:ed35396f1e5aad34	A1_MANSION_PART1.TXT	182	ost_tute_minionsurprise1	pending	喽啰1：女士，你不该在这里。	
dialogue:A1_MANSION_PART1.TXT:183:ost_tute_minionsurprise2	dialogue-unit:f5f77005dfad5609	A1_MANSION_PART1.TXT	183	ost_tute_minionsurprise2	pending	喽啰2：闭上你那张……请允许我送您回宴会厅，女士？	
dialogue:A1_MANSION_PART1.TXT:184:ost_tute_minionwarning	dialogue-unit:25bd6045fed9801e	A1_MANSION_PART1.TXT	184	ost_tute_minionwarning	pending	喽啰1：女士，宾客禁止进入此区域。	
dialogue:A1_MANSION_PART1.TXT:185:ost_tute_move1	dialogue-unit:1ea2a5f9c483fce9	A1_MANSION_PART1.TXT	185	ost_tute_move1	pending	@@moveAxis@@ 移动 @@newline@@ @@turnAxis@@ 镜头	
dialogue:A1_MANSION_PART1.TXT:186:ost_tute_pole1	dialogue-unit:6c8df0179dcfe729	A1_MANSION_PART1.TXT	186	ost_tute_pole1	pending	@@jumpButtonName@@ 朝杆子跳去抓住	
dialogue:A1_MANSION_PART1.TXT:187:ost_tute_pole2	dialogue-unit:6284fc992181c8cd	A1_MANSION_PART1.TXT	187	ost_tute_pole2	pending	@@moveAxisForward@@ 摆荡@@newline@@@@jumpButtonName@@ 摆荡时松手	
dialogue:A1_MANSION_PART1.TXT:188:ost_tute_pole3	dialogue-unit:065a912cdce11557	A1_MANSION_PART1.TXT	188	ost_tute_pole3	pending	按住 @@strafeAxisLeft@@ 或 @@strafeAxisRight@@ 反转方向	
dialogue:A1_MANSION_PART1.TXT:189:ost_tute_pole4	dialogue-unit:6c8df0179dcfe729	A1_MANSION_PART1.TXT	189	ost_tute_pole4	pending	@@jumpButtonName@@ 朝杆子跳去抓住	
dialogue:A1_MANSION_PART1.TXT:190:ost_tute_rage	dialogue-unit:38e6314653ae38cf	A1_MANSION_PART1.TXT	190	ost_tute_rage	pending	@@ragePowersButtonName@@ 血怒@@newline@@提升攻击和防御	
dialogue:A1_MANSION_PART1.TXT:191:ost_tute_rail1	dialogue-unit:cbcc9806b69703a7	A1_MANSION_PART1.TXT	191	ost_tute_rail1	pending	移动到金属轨道上向下滑行	
dialogue:A1_MANSION_PART1.TXT:192:ost_tute_rail2	dialogue-unit:6a0b5bbd10f760b9	A1_MANSION_PART1.TXT	192	ost_tute_rail2	pending	移动到轨道上向上奔跑	
dialogue:A1_MANSION_PART1.TXT:193:ost_tute_style2	dialogue-unit:a02240774a7aeef3	A1_MANSION_PART1.TXT	193	ost_tute_style2	pending	获得杀戮点数以提升生命值和怒气	
dialogue:A1_MANSION_PART1.TXT:194:ost_tute_style2a	dialogue-unit:523653bbb57f7361	A1_MANSION_PART1.TXT	194	ost_tute_style2a	pending	@@lockOnButtonName@@ + @@harpoonBiteButtonName@@ 鱼叉钩住吊灯@@newline@@@@moveAxis@@ 拉下吊灯	
dialogue:A1_MANSION_PART1.TXT:195:ost_tute_wall0	dialogue-unit:d0547348c9ee714a	A1_MANSION_PART1.TXT	195	ost_tute_wall0	pending	靠近脚手架围栏，学习蹬墙跳	
dialogue:A1_MANSION_PART1.TXT:196:ost_tute_wall1	dialogue-unit:5178eb5b39603dcf	A1_MANSION_PART1.TXT	196	ost_tute_wall1	pending	@@jumpButtonName@@ 朝围栏跳去抓住	
dialogue:A1_MANSION_PART1.TXT:197:ost_tute_wall2	dialogue-unit:c3577223fc3cc8df	A1_MANSION_PART1.TXT	197	ost_tute_wall2	pending	@@jumpButtonName@@ 跳到下一面墙	
dialogue:A1_MANSION_PART1.TXT:198:powerup	dialogue-unit:f997ca6931876a23	A1_MANSION_PART1.TXT	198	powerup	pending	@@moveaxisforward@@（圆周）+ @@kickbuttonname@@ 扭风	
dialogue:A1_MANSION_PART2.TXT:1:a1s1_mdhampir_1.wav	dialogue-unit:f789549ace0a1b25	A1_MANSION_PART2.TXT	1	a1s1_mdhampir_1.wav	pending	半吸血鬼：那你几十年来可真是走运，今天你的好运走到头了。	
dialogue:A1_MANSION_PART2.TXT:2:a1s1_rayne_12.wav	dialogue-unit:ad9791647e7633da	A1_MANSION_PART2.TXT	2	a1s1_rayne_12.wav	pending	莱恩：我可不是什么客人，伙计。	
dialogue:A1_MANSION_PART2.TXT:3:a1s1_rayne_13.wav	dialogue-unit:8b170b0ace51b2dd	A1_MANSION_PART2.TXT	3	a1s1_rayne_13.wav	pending	莱恩：哎呀，你们几个可真够硬气的。	
dialogue:A1_MANSION_PART2.TXT:4:a1s1_rayne_14.wav	dialogue-unit:73bb4bdf77568993	A1_MANSION_PART2.TXT	4	a1s1_rayne_14.wav	pending	莱恩：拜托，男孩们，这可不是跟女孩说话的方式……	
dialogue:A1_MANSION_PART2.TXT:5:a1s1_rayne_15.wav	dialogue-unit:559f715fb674efb7	A1_MANSION_PART2.TXT	5	a1s1_rayne_15.wav	pending	莱恩：不过嘛……接着说，我还挺喜欢听的。	
dialogue:A1_MANSION_PART2.TXT:6:a1s1_rayne_16.wav	dialogue-unit:63ccf9f3b530b135	A1_MANSION_PART2.TXT	6	a1s1_rayne_16.wav	pending	莱恩：哎呀，才不是跟别人一样呢……想试试我吗？	
dialogue:A1_MANSION_PART2.TXT:7:a1s1_rayne_17.wav	dialogue-unit:42689c94e6a32d08	A1_MANSION_PART2.TXT	7	a1s1_rayne_17.wav	pending	莱恩：来吧，先生们，我够你们每个人分的。	
dialogue:A1_MANSION_PART2.TXT:8:a1s1_rayne_18.wav	dialogue-unit:f2ba7c458b184eb9	A1_MANSION_PART2.TXT	8	a1s1_rayne_18.wav	pending	莱恩：嚯！这卧室可真够气派的。敢打赌，我是第一个自愿来看它的女孩吧？	
dialogue:A1_MANSION_PART2.TXT:9:a1s1_rayne_19.wav	dialogue-unit:a2b50f0ca58ad5fd	A1_MANSION_PART2.TXT	9	a1s1_rayne_19.wav	pending	莱恩：嗯哼，就知道能在这儿找到你，死了都还要碍我的事。	
dialogue:A1_MANSION_PART2.TXT:10:a1s1_rayne_20.wav	dialogue-unit:de492f7140a15e50	A1_MANSION_PART2.TXT	10	a1s1_rayne_20.wav	pending	莱恩：你离开很久了，卡根。不过你的家人，我一直替你照顾着呢。	
dialogue:A1_MANSION_PART2.TXT:11:a1s1_rayne_21.wav	dialogue-unit:d80657d7bdb3085c	A1_MANSION_PART2.TXT	11	a1s1_rayne_21.wav	pending	七十年来，世界各地，一个接一个。我想我差不多快做完了。	
dialogue:A1_MANSION_PART2.TXT:12:a1s1_rayne_22.wav	dialogue-unit:347f5c39348c6812	A1_MANSION_PART2.TXT	12	a1s1_rayne_22.wav	pending	现在你怎么看我，父亲？	
dialogue:A1_MANSION_PART2.TXT:13:a1s1_rayne_23.wav	dialogue-unit:650dcab09f32e30d	A1_MANSION_PART2.TXT	13	a1s1_rayne_23.wav	pending	你这儿阵仗可真不小啊，泽伦斯基。卡根邪教都跨国经营了，是吧？	
dialogue:A1_MANSION_PART2.TXT:14:a1s1_rayne_24.wav	dialogue-unit:6f3dce0b2fbb178a	A1_MANSION_PART2.TXT	14	a1s1_rayne_24.wav	pending	现在我清楚自己到底在对付谁了。可你又在搞什么？	
dialogue:A1_MANSION_PART2.TXT:15:a1s1_rayne_25.wav	dialogue-unit:dc2030c2aae6925a	A1_MANSION_PART2.TXT	15	a1s1_rayne_25.wav	pending	哇！我几十年没见过你们这种家伙了！都躲哪儿去了？	
dialogue:A1_MANSION_PART2.TXT:16:a1s1_rayne_26.wav	dialogue-unit:b6d1a19856dc1023	A1_MANSION_PART2.TXT	16	a1s1_rayne_26.wav	pending	哦，还说古语？我可没学过。听着还挺装腔作势的。	
dialogue:A1_MANSION_PART2.TXT:17:a1s1_rayne_27.wav	dialogue-unit:a3643f3e37ef2aec	A1_MANSION_PART2.TXT	17	a1s1_rayne_27.wav	pending	好吧！多谢你上课。贱人。	
dialogue:A1_MANSION_PART2.TXT:18:a1s1_zminion1_1.wav	dialogue-unit:001b212cd4b35488	A1_MANSION_PART2.TXT	18	a1s1_zminion1_1.wav	pending	女士，宾客禁止进入此区域。	
dialogue:A1_MANSION_PART2.TXT:19:a1s1_zminion1_2.wav	dialogue-unit:fac17dda17582c1b	A1_MANSION_PART2.TXT	19	a1s1_zminion1_2.wav	pending	这吵吵闹闹的是怎么回事？！	
dialogue:A1_MANSION_PART2.TXT:20:a1s1_zminion1_3.wav	dialogue-unit:fdf927800902457d	A1_MANSION_PART2.TXT	20	a1s1_zminion1_3.wav	pending	闭上你他——……夫人，需要我送您回宴会吗？	
dialogue:A1_MANSION_PART2.TXT:21:a1s1_zminion1_4.wav	dialogue-unit:35ca22d7f67359eb	A1_MANSION_PART2.TXT	21	a1s1_zminion1_4.wav	pending	你不能在这里。女士。	
dialogue:A1_MANSION_PART2.TXT:22:a1s1_zminion2_1.wav	dialogue-unit:2643ec95b72662f8	A1_MANSION_PART2.TXT	22	a1s1_zminion2_1.wav	pending	哈！有人想提前拿到惊喜啊！	
dialogue:A1_MANSION_PART2.TXT:23:a1s1_zminion2_2.wav	dialogue-unit:7e775b588e879b85	A1_MANSION_PART2.TXT	23	a1s1_zminion2_2.wav	pending	小声点！要是主人的客人们不安起来，他会把我们撕碎的！	
dialogue:A1_MANSION_PART2.TXT:24:a1s1_zminion2_3.wav	dialogue-unit:d73d0fd09c5b9ed0	A1_MANSION_PART2.TXT	24	a1s1_zminion2_3.wav	pending	女士，你不该在这里。	
dialogue:A1_MANSION_PART2.TXT:25:a1s1_zminion2_4.wav	dialogue-unit:9abf13d3647285a9	A1_MANSION_PART2.TXT	25	a1s1_zminion2_4.wav	pending	天啊，看那刀刃！她是半吸血鬼！	
dialogue:A1_MANSION_PART2.TXT:26:a1s1_zminion3_1.wav	dialogue-unit:314590cddfd90ee7	A1_MANSION_PART2.TXT	26	a1s1_zminion3_1.wav	pending	抓住她。但动静小点。	
dialogue:A1_MANSION_PART2.TXT:27:a1s1_zminion3_2.wav	dialogue-unit:2f5ab6c17273b62f	A1_MANSION_PART2.TXT	27	a1s1_zminion3_2.wav	pending	半吸血鬼也跟别人一样会倒下。	
dialogue:A1_MANSION_PART2.TXT:28:a1s1_zminion4_1.wav	dialogue-unit:2cb16ce3af55c90d	A1_MANSION_PART2.TXT	28	a1s1_zminion4_1.wav	pending	你会很适合摆进主人的战利品柜！	
dialogue:A1_MANSION_PART2.TXT:29:a1s1_zminion4_2.wav	dialogue-unit:323076a61a78239a	A1_MANSION_PART2.TXT	29	a1s1_zminion4_2.wav	pending	我的天！她疯了。叫人来！随便谁都行！	
dialogue:A1_MANSION_PART2.TXT:30:a1s1_zminion5_1.wav	dialogue-unit:15ca70a6a88cbea5	A1_MANSION_PART2.TXT	30	a1s1_zminion5_1.wav	pending	亲爱的，你真该和其他羔羊一起待在楼下……	
dialogue:A1_MANSION_PART2.TXT:31:a1s2_rayne_1.wav	dialogue-unit:093750449a1967bb	A1_MANSION_PART2.TXT	31	a1s2_rayne_1.wav	pending	主人可以来舔我的猴子西装。	
dialogue:A1_MANSION_PART2.TXT:32:a1s2_rayne_10.wav	dialogue-unit:e1de9ee0d364d022	A1_MANSION_PART2.TXT	32	a1s2_rayne_10.wav	pending	这连一点都不好笑，塞弗林。像泽伦斯基这种天生吸血鬼，为什么会在自己的地产上放这么多水？	
dialogue:A1_MANSION_PART2.TXT:33:a1s2_rayne_11.wav	dialogue-unit:4be3f1b676a202f7	A1_MANSION_PART2.TXT	33	a1s2_rayne_11.wav	pending	那东西伤他可比伤我还狠……	
dialogue:A1_MANSION_PART2.TXT:34:a1s2_rayne_12.wav	dialogue-unit:04941560dbb15abc	A1_MANSION_PART2.TXT	34	a1s2_rayne_12.wav	pending	哇。这家伙还真是个拼命往上爬的社交攀附狂。	
dialogue:A1_MANSION_PART2.TXT:35:a1s2_rayne_13.wav	dialogue-unit:c243f2c061aa9037	A1_MANSION_PART2.TXT	35	a1s2_rayne_13.wav	pending	嗯。要是上面的那些灯掉到这里来，会怎么样？	
dialogue:A1_MANSION_PART2.TXT:36:a1s2_rayne_14.wav	dialogue-unit:37149d9db7fca93f	A1_MANSION_PART2.TXT	36	a1s2_rayne_14.wav	pending	好了。现在这潘趣酒里可有点劲儿了。谁想尝尝？	
dialogue:A1_MANSION_PART2.TXT:37:a1s2_rayne_15.wav	dialogue-unit:1b7c2eac76c304b4	A1_MANSION_PART2.TXT	37	a1s2_rayne_15.wav	pending	我算是有点天赋吧。	
dialogue:A1_MANSION_PART2.TXT:38:a1s2_rayne_16.wav	dialogue-unit:a3ced5519cd92090	A1_MANSION_PART2.TXT	38	a1s2_rayne_16.wav	pending	啧。蠢货，电流早在你淹死之前就会把你烤熟。	
dialogue:A1_MANSION_PART2.TXT:39:a1s2_rayne_17.wav	dialogue-unit:660bfcedc0b5d1f6	A1_MANSION_PART2.TXT	39	a1s2_rayne_17.wav	pending	我正想着你什么时候会出现呢。原来被泽伦斯基转化后的吸血鬼长这样。呃。	
dialogue:A1_MANSION_PART2.TXT:40:a1s2_rayne_18.wav	dialogue-unit:57c32bd8498e4ca9	A1_MANSION_PART2.TXT	40	a1s2_rayne_18.wav	pending	这就是你们拼了命想变成的样子？啧。目标能不能稍微高一点？	
dialogue:A1_MANSION_PART2.TXT:41:a1s2_rayne_19.wav	dialogue-unit:788dd37e55968a32	A1_MANSION_PART2.TXT	41	a1s2_rayne_19.wav	pending	哇，看他滋滋冒烟！	
dialogue:A1_MANSION_PART2.TXT:42:a1s2_rayne_2.wav	dialogue-unit:959b679c2b4aa5fc	A1_MANSION_PART2.TXT	42	a1s2_rayne_2.wav	pending	该死。	
dialogue:A1_MANSION_PART2.TXT:43:a1s2_rayne_20.wav	dialogue-unit:44d3d107757fe8e1	A1_MANSION_PART2.TXT	43	a1s2_rayne_20.wav	pending	太棒了。我还想再来一次。	
dialogue:A1_MANSION_PART2.TXT:44:a1s2_rayne_23.wav	dialogue-unit:dc4c9800e97a3296	A1_MANSION_PART2.TXT	44	a1s2_rayne_23.wav	pending	哦，不会吧……它们是真的？	
dialogue:A1_MANSION_PART2.TXT:45:a1s2_rayne_24.wav	dialogue-unit:ddca79e17b81ddce	A1_MANSION_PART2.TXT	45	a1s2_rayne_24.wav	pending	我的天，塞弗林！泽伦斯基有喀尔巴阡龙枪！我还以为那只是传说！	
dialogue:A1_MANSION_PART2.TXT:46:a1s2_rayne_25.wav	dialogue-unit:59bcedfd422c7527	A1_MANSION_PART2.TXT	46	a1s2_rayne_25.wav	pending	哦，我没事。只是它们实在是……太美了……	
dialogue:A1_MANSION_PART2.TXT:47:a1s2_rayne_26.wav	dialogue-unit:b215ff1d8ef5f166	A1_MANSION_PART2.TXT	47	a1s2_rayne_26.wav	pending	你在哪儿？有麻烦吗？	
dialogue:A1_MANSION_PART2.TXT:48:a1s2_rayne_27.wav	dialogue-unit:ebc4b636d74ef804	A1_MANSION_PART2.TXT	48	a1s2_rayne_27.wav	pending	他表现不好吗？这都是他从小受的教育。	
dialogue:A1_MANSION_PART2.TXT:49:a1s2_rayne_28.wav	dialogue-unit:4222554340211d6a	A1_MANSION_PART2.TXT	49	a1s2_rayne_28.wav	pending	我忘了吃客人时的礼仪了，小指是翘起来，还是收进去？	
dialogue:A1_MANSION_PART2.TXT:50:a1s2_rayne_29.wav	dialogue-unit:b328e6eaf9446a3c	A1_MANSION_PART2.TXT	50	a1s2_rayne_29.wav	pending	哎呀！被你抓到了！我刚才溜去翻药柜了。看来我错过大场面了。	
dialogue:A1_MANSION_PART2.TXT:51:a1s2_rayne_3.wav	dialogue-unit:7c5cbb9bb2bd91d2	A1_MANSION_PART2.TXT	51	a1s2_rayne_3.wav	pending	当然是。你觉得我能找硫磺会报销吗？	
dialogue:A1_MANSION_PART2.TXT:52:a1s2_rayne_30.wav	dialogue-unit:5cb1c621b45d4fd9	A1_MANSION_PART2.TXT	52	a1s2_rayne_30.wav	pending	哎呀，我敢说肯定很不错。有气球和彩纸吗？有漂亮女孩从大蛋糕里跳出来吗？	
dialogue:A1_MANSION_PART2.TXT:53:a1s2_rayne_31.wav	dialogue-unit:041e4d7a6a29979b	A1_MANSION_PART2.TXT	53	a1s2_rayne_31.wav	pending	不过看！我自己挑好了礼物。你觉得怎么样？是不是美极了？	
dialogue:A1_MANSION_PART2.TXT:54:a1s2_rayne_32.wav	dialogue-unit:0d6fe9b9afd7ebf7	A1_MANSION_PART2.TXT	54	a1s2_rayne_32.wav	pending	好啦好啦，我正在——哦，你是在跟我说话？还是跟它们？	
dialogue:A1_MANSION_PART2.TXT:55:a1s2_rayne_33.wav	dialogue-unit:75ade72576602858	A1_MANSION_PART2.TXT	55	a1s2_rayne_33.wav	pending	先回答我的问题：为什么要大开杀戒？他们不是你最亲近的五百个朋友吗？	
dialogue:A1_MANSION_PART2.TXT:56:a1s2_rayne_34.wav	dialogue-unit:248b8f0c086126a4	A1_MANSION_PART2.TXT	56	a1s2_rayne_34.wav	pending	卡根家族团聚？	
dialogue:A1_MANSION_PART2.TXT:57:a1s2_rayne_35.wav	dialogue-unit:d8b00cbeb1036cd5	A1_MANSION_PART2.TXT	57	a1s2_rayne_35.wav	pending	拜托了，泽。我可是害群之马！没人愿意提起的那个！我正在环球旅行，拜访我能找到的每一个卡根私生子！	
dialogue:A1_MANSION_PART2.TXT:58:a1s2_rayne_36.wav	dialogue-unit:e79260f3725b75fd	A1_MANSION_PART2.TXT	58	a1s2_rayne_36.wav	pending	西印度群岛那个？养蛇的那个？她告诉了我你的名字。虽然不情愿，倒是很忠心。	
dialogue:A1_MANSION_PART2.TXT:59:a1s2_rayne_37.wav	dialogue-unit:187ddcb7c4d151e3	A1_MANSION_PART2.TXT	59	a1s2_rayne_37.wav	pending	呃！那是同父异母的妹妹，蠢货！	
dialogue:A1_MANSION_PART2.TXT:60:a1s2_rayne_38.wav	dialogue-unit:dd78aa0a043d37a7	A1_MANSION_PART2.TXT	60	a1s2_rayne_38.wav	pending	呃！那是同父异母的妹妹，臭吸血鼠！	
dialogue:A1_MANSION_PART2.TXT:61:a1s2_rayne_39.wav	dialogue-unit:6ac6ae651addb3f5	A1_MANSION_PART2.TXT	61	a1s2_rayne_39.wav	pending	太好了！我最喜欢学新招了！	
dialogue:A1_MANSION_PART2.TXT:62:a1s2_rayne_4.wav	dialogue-unit:73bc8e36b4ccdfa4	A1_MANSION_PART2.TXT	62	a1s2_rayne_4.wav	pending	收据我会留着的。	
dialogue:A1_MANSION_PART2.TXT:63:a1s2_rayne_40.wav	dialogue-unit:0f460f87e4c99229	A1_MANSION_PART2.TXT	63	a1s2_rayne_40.wav	pending	哦耶！等不及要用这个了！	
dialogue:A1_MANSION_PART2.TXT:64:a1s2_rayne_41.wav	dialogue-unit:cdf7dd3f2fcfb848	A1_MANSION_PART2.TXT	64	a1s2_rayne_41.wav	pending	哎。他们自己选错了路。早该好好上学的。我处理这事的时候，别惹麻烦，好吗？	
dialogue:A1_MANSION_PART2.TXT:65:a1s2_rayne_42.wav	dialogue-unit:1db8685b4b79adfd	A1_MANSION_PART2.TXT	65	a1s2_rayne_42.wav	pending	有一点你说对了，你确实该走了。	
dialogue:A1_MANSION_PART2.TXT:66:a1s2_rayne_43.wav	dialogue-unit:c042794ea06c916b	A1_MANSION_PART2.TXT	66	a1s2_rayne_43.wav	pending	你好啊。这里这么吵，跟你有关系吗？	
dialogue:A1_MANSION_PART2.TXT:67:a1s2_rayne_44.wav	dialogue-unit:dfec2cb37799ef93	A1_MANSION_PART2.TXT	67	a1s2_rayne_44.wav	pending	没问题。马上到。	
dialogue:A1_MANSION_PART2.TXT:68:a1s2_rayne_45.wav	dialogue-unit:9a067d62992d27d8	A1_MANSION_PART2.TXT	68	a1s2_rayne_45.wav	pending	当然。这正是我想找的东西。一棵扭曲的家族树。	
dialogue:A1_MANSION_PART2.TXT:69:a1s2_rayne_46.wav	dialogue-unit:055db1731f35eba1	A1_MANSION_PART2.TXT	69	a1s2_rayne_46.wav	pending	上面列着整个卡根邪教的下落。而且看起来他们全都在往这里汇合。就在这座城市。	
dialogue:A1_MANSION_PART2.TXT:70:a1s2_rayne_47.wav	dialogue-unit:08d111a61ba5351f	A1_MANSION_PART2.TXT	70	a1s2_rayne_47.wav	pending	没错。他们全都来了。来找我。我终于要终结他们了。我父亲那条病态的血脉也会就此断绝。	
dialogue:A1_MANSION_PART2.TXT:71:a1s2_rayne_5.wav	dialogue-unit:043fc184d3eb0fe0	A1_MANSION_PART2.TXT	71	a1s2_rayne_5.wav	pending	刚到书房外的庭院。	
dialogue:A1_MANSION_PART2.TXT:72:a1s2_rayne_6.wav	dialogue-unit:3320be3fb77f57bc	A1_MANSION_PART2.TXT	72	a1s2_rayne_6.wav	pending	嗯，大概吧。只不过又是我天生擅长的一件事。	
dialogue:A1_MANSION_PART2.TXT:73:a1s2_rayne_7.wav	dialogue-unit:ff841c672c9af5ef	A1_MANSION_PART2.TXT	73	a1s2_rayne_7.wav	pending	不知道。通常没人能活着看到其中一个。	
dialogue:A1_MANSION_PART2.TXT:74:a1s2_rayne_8.wav	dialogue-unit:38faf4fcdbf3376c	A1_MANSION_PART2.TXT	74	a1s2_rayne_8.wav	pending	或者走到它们附近——它们简直就是自找的！世界上有玻璃癖这种东西吗？	
dialogue:A1_MANSION_PART2.TXT:75:a1s2_rayne_9.wav	dialogue-unit:d2faa7f271e55fb2	A1_MANSION_PART2.TXT	75	a1s2_rayne_9.wav	pending	啊，太好了。水。	
dialogue:A1_MANSION_PART2.TXT:76:a1s2_severin_1.wav	dialogue-unit:e0922c9243acb629	A1_MANSION_PART2.TXT	76	a1s2_severin_1.wav	pending	听起来挺贵的……	
dialogue:A1_MANSION_PART2.TXT:77:a1s2_severin_11.wav	dialogue-unit:93f66db88c2e31cb	A1_MANSION_PART2.TXT	77	a1s2_severin_11.wav	pending	你拿到了什么？有意思的东西？	
dialogue:A1_MANSION_PART2.TXT:78:a1s2_severin_12.wav	dialogue-unit:30078465943c3adb	A1_MANSION_PART2.TXT	78	a1s2_severin_12.wav	pending	哼。硫磺会也是这么想的。	
dialogue:A1_MANSION_PART2.TXT:79:a1s2_severin_13.wav	dialogue-unit:f06c2c5f2b6df132	A1_MANSION_PART2.TXT	79	a1s2_severin_13.wav	pending	莱恩？莱恩！你在吗？发生什么事了？！	
dialogue:A1_MANSION_PART2.TXT:80:a1s2_severin_14.wav	dialogue-unit:fb8349a34af8dd31	A1_MANSION_PART2.TXT	80	a1s2_severin_14.wav	pending	……而且极其危险。听着，如果它们真是喀尔巴阡龙枪，它们会吸食半吸血鬼宿主的血。也就是你。	
dialogue:A1_MANSION_PART2.TXT:81:a1s2_severin_15.wav	dialogue-unit:6eaf087990e7228d	A1_MANSION_PART2.TXT	81	a1s2_severin_15.wav	pending	它们会通过炼金术把原料加工成能杀死吸血鬼的弹丸。你得吸血来填满它们的储液槽。	
dialogue:A1_MANSION_PART2.TXT:82:a1s2_severin_16.wav	dialogue-unit:b713d630f9cb6f8d	A1_MANSION_PART2.TXT	82	a1s2_severin_16.wav	pending	储液槽空了你依然能用它们，但它们会直接从你身上抽血。	
dialogue:A1_MANSION_PART2.TXT:83:a1s2_severin_17.wav	dialogue-unit:4954e4de6f332a38	A1_MANSION_PART2.TXT	83	a1s2_severin_17.wav	pending	你最好下来。泽伦斯基刚向客人们展示了一个大惊喜。	
dialogue:A1_MANSION_PART2.TXT:84:a1s2_severin_18.wav	dialogue-unit:78cd86f306f26f4f	A1_MANSION_PART2.TXT	84	a1s2_severin_18.wav	pending	就在舞厅外面。我没事。只是，你懂的，躲远点。其他客人可就不好说了。快来，不然你就错过了。	
dialogue:A1_MANSION_PART2.TXT:85:a1s2_severin_19.wav	dialogue-unit:82cc284e737d436b	A1_MANSION_PART2.TXT	85	a1s2_severin_19.wav	pending	啧。我看泽伦斯基这下是把乡村俱乐部的会员资格玩没了。	
dialogue:A1_MANSION_PART2.TXT:86:a1s2_severin_2.wav	dialogue-unit:5c157b644e440c83	A1_MANSION_PART2.TXT	86	a1s2_severin_2.wav	pending	呃，等我们看到今晚的最终账单再说吧。	
dialogue:A1_MANSION_PART2.TXT:87:a1s2_severin_20.wav	dialogue-unit:0be9e6231a5aa137	A1_MANSION_PART2.TXT	87	a1s2_severin_20.wav	pending	你自己看吧。我想现在该你做你的事了。我去做我的事，晚点见。	
dialogue:A1_MANSION_PART2.TXT:88:a1s2_severin_21.wav	dialogue-unit:41092dc2f9beec7f	A1_MANSION_PART2.TXT	88	a1s2_severin_21.wav	pending	你的目标和他的打手都在那儿。现在你真的生气了，是吧？可怜的混蛋。我都有点同情他们了。	
dialogue:A1_MANSION_PART2.TXT:89:a1s2_severin_22.wav	dialogue-unit:3c6531b2baadc52c	A1_MANSION_PART2.TXT	89	a1s2_severin_22.wav	pending	我还有得选吗。我去找条撤离路线。待会儿见。	
dialogue:A1_MANSION_PART2.TXT:90:a1s2_severin_23.wav	dialogue-unit:ef26c7dc6817bcfe	A1_MANSION_PART2.TXT	90	a1s2_severin_23.wav	pending	其实整座宅子都装了爆炸装置。大概是为了防止泽伦斯基身上发生什么可怕的事。比如你。	
dialogue:A1_MANSION_PART2.TXT:91:a1s2_severin_24.wav	dialogue-unit:2c1a7159a0cd1fa3	A1_MANSION_PART2.TXT	91	a1s2_severin_24.wav	pending	我只是把几个定时器的时间往前拨了点。但我没法再靠近接你。你得上来找我。	
dialogue:A1_MANSION_PART2.TXT:92:a1s2_severin_25.wav	dialogue-unit:0428060f67d282f6	A1_MANSION_PART2.TXT	92	a1s2_severin_25.wav	pending	那份名单你还拿着吗？	
dialogue:A1_MANSION_PART2.TXT:93:a1s2_severin_26.wav	dialogue-unit:c4c2904c0962396a	A1_MANSION_PART2.TXT	93	a1s2_severin_26.wav	pending	我已经上报了。硫磺会派出了他们最顶尖的头脑。没人会高兴的。	
dialogue:A1_MANSION_PART2.TXT:94:a1s2_severin_3.wav	dialogue-unit:ef3c0f40f74febe5	A1_MANSION_PART2.TXT	94	a1s2_severin_3.wav	pending	我之前去过那里。最近在练杂技吗？	
dialogue:A1_MANSION_PART2.TXT:95:a1s2_severin_4.wav	dialogue-unit:5740793d8510955a	A1_MANSION_PART2.TXT	95	a1s2_severin_4.wav	pending	那么你的返场节目是什么？	
dialogue:A1_MANSION_PART2.TXT:96:a1s2_severin_5.wav	dialogue-unit:19303486356904fd	A1_MANSION_PART2.TXT	96	a1s2_severin_5.wav	pending	啊。温室？你知道人们怎么说住在玻璃屋里的人……	
dialogue:A1_MANSION_PART2.TXT:97:a1s2_severin_6.wav	dialogue-unit:daac15405e0786f6	A1_MANSION_PART2.TXT	97	a1s2_severin_6.wav	pending	我正想问你呢。	
dialogue:A1_MANSION_PART2.TXT:98:a1s2_severin_7.wav	dialogue-unit:5215cde31a140099	A1_MANSION_PART2.TXT	98	a1s2_severin_7.wav	pending	啊，你找到泳池了。不错吧？想下去泡一泡？	
dialogue:A1_MANSION_PART2.TXT:99:a1s2_severin_8.wav	dialogue-unit:1c4afae9bfe5edad	A1_MANSION_PART2.TXT	99	a1s2_severin_8.wav	pending	他给我的感觉就是那种为了在客人面前撑场面，什么都做得出来的人。	
dialogue:A1_MANSION_PART2.TXT:100:a1s2_severin_9.wav	dialogue-unit:b4b2d86a3ff31122	A1_MANSION_PART2.TXT	100	a1s2_severin_9.wav	pending	嘿，太好了！听起来你已经想出办法在里面杀人了。我就知道你做得到。	
dialogue:A1_MANSION_PART2.TXT:101:a1s2_zerenzki_10.wav	dialogue-unit:cb4d689d5015ace8	A1_MANSION_PART2.TXT	101	a1s2_zerenzki_10.wav	pending	你到底是谁？！	
dialogue:A1_MANSION_PART2.TXT:102:a1s2_zerenzki_11.wav	dialogue-unit:35b0106646e7caf8	A1_MANSION_PART2.TXT	102	a1s2_zerenzki_11.wav	pending	泽伦斯基：没错，为了这个，我不得不牺牲几十年来费尽心机爬上来的地位。不过一切都值得。	
dialogue:A1_MANSION_PART2.TXT:103:a1s2_zerenzki_12.wav	dialogue-unit:eba9c49b643b91a9	A1_MANSION_PART2.TXT	103	a1s2_zerenzki_12.wav	pending	我得清除几个障碍，好给我们计划中的家族团聚让路。	
dialogue:A1_MANSION_PART2.TXT:104:a1s2_zerenzki_13.wav	dialogue-unit:8877d21923c3f1ee	A1_MANSION_PART2.TXT	104	a1s2_zerenzki_13.wav	pending	你怎么知道那个名字？！	
dialogue:A1_MANSION_PART2.TXT:105:a1s2_zerenzki_14.wav	dialogue-unit:e433ad85a19226f3	A1_MANSION_PART2.TXT	105	a1s2_zerenzki_14.wav	pending	啊……所以你就是那个神秘刺客？你确实已经大开杀戒了……不是吗？	
dialogue:A1_MANSION_PART2.TXT:106:a1s2_zerenzki_15.wav	dialogue-unit:8fbada6d9232f1d7	A1_MANSION_PART2.TXT	106	a1s2_zerenzki_15.wav	pending	直到可怜的德琳达没了脑袋地出现，我们甚至都不确定你是不是真的存在。	
dialogue:A1_MANSION_PART2.TXT:107:a1s2_zerenzki_16.wav	dialogue-unit:d9eb80b30c4bb54f	A1_MANSION_PART2.TXT	107	a1s2_zerenzki_16.wav	pending	噗。才不是。她们谁都不是。	
dialogue:A1_MANSION_PART2.TXT:108:a1s2_zerenzki_17.wav	dialogue-unit:f3210c8068d302f4	A1_MANSION_PART2.TXT	108	a1s2_zerenzki_17.wav	pending	你让我很感兴趣，但恐怕我必须去处理别的事了，所以晚安了，小妹妹。把这里当自己家吧。	
dialogue:A1_MANSION_PART2.TXT:109:a1s2_zerenzki_18.wav	dialogue-unit:4c4c5f480a68a2e4	A1_MANSION_PART2.TXT	109	a1s2_zerenzki_18.wav	pending	一个永世难忘的夜晚！最长之夜的序幕！该起飞了，我的孩子们！家族正在等待我们的到来！	
dialogue:A1_MANSION_PART2.TXT:110:a1s2_zerenzki_19.wav	dialogue-unit:2a0129332b494079	A1_MANSION_PART2.TXT	110	a1s2_zerenzki_19.wav	pending	可你是我的客人！把你就这样留下，实在不可饶恕！	
dialogue:A1_MANSION_PART2.TXT:111:a1s2_zerenzki_5.wav	dialogue-unit:001d2d7b79426bdb	A1_MANSION_PART2.TXT	111	a1s2_zerenzki_5.wav	pending	对。把他们撕碎，孩子们。不要留活口！记得检查洗手间和庭院。	
dialogue:A1_MANSION_PART2.TXT:112:a1s2_zerenzki_6.wav	dialogue-unit:a5a413ea13d4d6b9	A1_MANSION_PART2.TXT	112	a1s2_zerenzki_6.wav	pending	啊！那就得看他们的纳税等级了。你又跑到哪儿去了？！	
dialogue:A1_MANSION_PART2.TXT:113:a1s2_zerenzki_7.wav	dialogue-unit:abf4d4865251b36d	A1_MANSION_PART2.TXT	113	a1s2_zerenzki_7.wav	pending	哦，你确实错过了！那场面精彩极了。真可惜你不在。	
dialogue:A1_MANSION_PART2.TXT:114:a1s2_zerenzki_8.wav	dialogue-unit:91bb84d77b8c6f76	A1_MANSION_PART2.TXT	114	a1s2_zerenzki_8.wav	pending	不止这些！最棒的是，每个人都收到了一份非常特别的礼物！不过你的那份，我们特意给你留着！	
dialogue:A1_MANSION_PART2.TXT:115:a1s2_zerenzki_9.wav	dialogue-unit:dae322d1c2ec1154	A1_MANSION_PART2.TXT	115	a1s2_zerenzki_9.wav	pending	我的龙枪！加达斯的脓疮！！她怎么……？把她撕成碎片！！	
dialogue:A1_MANSION_PART2.TXT:116:a1s2_zminion1_1.wav	dialogue-unit:052e91ef6516183e	A1_MANSION_PART2.TXT	116	a1s2_zminion1_1.wav	pending	主人，呃，泽伦斯基先生，希望所有客人都留在楼下，夫人。	
dialogue:A1_MANSION_PART2.TXT:117:a1s2_zminion1_2.wav	dialogue-unit:c7db600b600bc78a	A1_MANSION_PART2.TXT	117	a1s2_zminion1_2.wav	pending	等一下——看，她是半吸血鬼。你是主人那边的吗？	
dialogue:A1_MANSION_PART2.TXT:118:a1s2_zminion1_3.wav	dialogue-unit:8169b6d71c948243	A1_MANSION_PART2.TXT	118	a1s2_zminion1_3.wav	pending	就是她搞出这么大动静！进去后把门锁上。	
dialogue:A1_MANSION_PART2.TXT:119:a1s2_zminion1_4.wav	dialogue-unit:245048eed4719bec	A1_MANSION_PART2.TXT	119	a1s2_zminion1_4.wav	pending	天哪，你看见了吗？她像飓风一样冲过了那帮人！	
dialogue:A1_MANSION_PART2.TXT:120:a1s2_zminion1_5.wav	dialogue-unit:f4ee6ceeb9fd69cb	A1_MANSION_PART2.TXT	120	a1s2_zminion1_5.wav	pending	你觉得呢？难道我想看见那个怪物从那儿冲出来？	
dialogue:A1_MANSION_PART2.TXT:121:a1s2_zminion1_6.wav	dialogue-unit:e406051960ba7242	A1_MANSION_PART2.TXT	121	a1s2_zminion1_6.wav	pending	谁都不准逃！谁都不准活！把他们全抓住！	
dialogue:A1_MANSION_PART2.TXT:122:a1s2_zminion2_1.wav	dialogue-unit:64d84249c6e4de05	A1_MANSION_PART2.TXT	122	a1s2_zminion2_1.wav	pending	不可能！主人讨厌女半吸血鬼。他绝不会把这种人留在身边。	
dialogue:A1_MANSION_PART2.TXT:123:a1s2_zminion2_2.wav	dialogue-unit:e089eb9430f99ae8	A1_MANSION_PART2.TXT	123	a1s2_zminion2_2.wav	pending	对，我们可不想被人打扰。	
dialogue:A1_MANSION_PART2.TXT:124:a1s2_zminion2_3.wav	dialogue-unit:19b42c1ecb9160fd	A1_MANSION_PART2.TXT	124	a1s2_zminion2_3.wav	pending	你确定那些门都封死了？	
dialogue:A1_MANSION_PART2.TXT:125:a1s2_zminion3_1.wav	dialogue-unit:fa79f25120178c85	A1_MANSION_PART2.TXT	125	a1s2_zminion3_1.wav	pending	行了。严丝合缝！	
dialogue:A1_MANSION_PART2.TXT:126:a1s2_zminion4_3.wav	dialogue-unit:c5d3b890e1eb1e94	A1_MANSION_PART2.TXT	126	a1s2_zminion4_3.wav	pending	我不会游泳！我不想淹死在里面。	
dialogue:A1_MANSION_PART2.TXT:127:missiondescription	dialogue-unit:ec70aa4301ebe77c	A1_MANSION_PART2.TXT	127	missiondescription	pending	泽伦斯基宅邸庭院	
dialogue:A1_MANSION_PART2.TXT:128:objectiveacro	dialogue-unit:7299b9ce32a661d4	A1_MANSION_PART2.TXT	128	objectiveacro	pending	利用你的杂技本领，进入宅邸上层	
dialogue:A1_MANSION_PART2.TXT:129:objectivefireplacepath	dialogue-unit:6b3c0f5187454733	A1_MANSION_PART2.TXT	129	objectivefireplacepath	pending	利用坍塌的壁炉落到一楼	
dialogue:A1_MANSION_PART2.TXT:130:objectiveinvestigate	dialogue-unit:40ecffdee63af5d5	A1_MANSION_PART2.TXT	130	objectiveinvestigate	pending	深入调查宅邸	
dialogue:A1_MANSION_PART2.TXT:131:objectivekillpuzzle	dialogue-unit:b332b6329a38d1cd	A1_MANSION_PART2.TXT	131	objectivekillpuzzle	pending	将喽啰烧进壁炉中击败他们	
dialogue:A1_MANSION_PART2.TXT:132:objectivevampireroom	dialogue-unit:2b1325a864979f58	A1_MANSION_PART2.TXT	132	objectivevampireroom	pending	击败半吸血鬼，并找到离开泽伦斯基私人巢穴的路	
dialogue:A1_MANSION_PART2.TXT:133:onjectiveroof	dialogue-unit:5d7ad70b3a612abc	A1_MANSION_PART2.TXT	133	onjectiveroof	pending	找到通往屋顶的楼梯间	
dialogue:A1_MANSION_PART2.TXT:136:ost_fixme_cantopenthatyet	dialogue-unit:c2607eea7d1d6534	A1_MANSION_PART2.TXT	136	ost_fixme_cantopenthatyet	pending	你现在还打不开那个……	
dialogue:A1_MANSION_PART2.TXT:137:ost_tute_acro	dialogue-unit:06f9549446518e0e	A1_MANSION_PART2.TXT	137	ost_tute_acro	pending	使用杂技动作到达顶层	
dialogue:A1_MANSION_PART2.TXT:138:ost_tute_aura1	dialogue-unit:bfeca4c11712e744	A1_MANSION_PART2.TXT	138	ost_tute_aura1	pending	@@aurPowersButtonName@@ 灵光视觉@@newline@@寻找敌人、目标、互动对象和杂技路线	
dialogue:A1_MANSION_PART2.TXT:139:ost_tute_aura2	dialogue-unit:4490bf4de1cbd215	A1_MANSION_PART2.TXT	139	ost_tute_aura2	pending	@@aurPowersButtonName@@ 灵光视觉可以显示吸血鬼巢穴	
dialogue:A1_MANSION_PART2.TXT:140:ost_tute_camera1	dialogue-unit:d8ea276f43ef0eff	A1_MANSION_PART2.TXT	140	ost_tute_camera1	pending	@@turnAxis@@ 镜头	
dialogue:A1_MANSION_PART2.TXT:141:ost_tute_combat1	dialogue-unit:cd36a499056666b2	A1_MANSION_PART2.TXT	141	ost_tute_combat1	pending	@@bladeButtonName@@ 刀刃@@newline@@@@kickButtonName@@ 踢击	
dialogue:A1_MANSION_PART2.TXT:142:ost_tute_combat2	dialogue-unit:ad9da37c86fe7f9c	A1_MANSION_PART2.TXT	142	ost_tute_combat2	pending	@@kickButtonName@@ 连续踢击可打掉敌人的武器	
dialogue:A1_MANSION_PART2.TXT:143:ost_tute_dilated	dialogue-unit:f9912584cc74ae8d	A1_MANSION_PART2.TXT	143	ost_tute_dilated	pending	@@speedPowersButtonName@@ 感知扩张@@newline@@减缓时间，让战斗更轻松	
dialogue:A1_MANSION_PART2.TXT:144:ost_tute_evade	dialogue-unit:2e2f4f479abd2e90	A1_MANSION_PART2.TXT	144	ost_tute_evade	pending	按住 @@lockOnButtonName@@ + @@moveAxis@@ 进行闪避	
dialogue:A1_MANSION_PART2.TXT:145:ost_tute_feed1	dialogue-unit:bdb41ebe2fc27614	A1_MANSION_PART2.TXT	145	ost_tute_feed1	pending	@@harpoonBiteButtonName@@ 吸食猎物	
dialogue:A1_MANSION_PART2.TXT:146:ost_tute_feed2	dialogue-unit:9f8d5daa2a2baafa	A1_MANSION_PART2.TXT	146	ost_tute_feed2	pending	@@harpoonBiteButtonName@@ 吸食猎物@@newline@@@@bladeButtonName@@ 或 @@kickButtonName@@ 处决可获得怒气奖励	
dialogue:A1_MANSION_PART2.TXT:147:ost_tute_harpoon1	dialogue-unit:97bb973617a070c1	A1_MANSION_PART2.TXT	147	ost_tute_harpoon1	pending	使用 @@lockOnButtonName@@ + @@harpoonBiteButtonName@@ 将敌人扔到犀牛角上	
dialogue:A1_MANSION_PART2.TXT:148:ost_tute_harpoon2	dialogue-unit:f1a4f83726cccee8	A1_MANSION_PART2.TXT	148	ost_tute_harpoon2	pending	@@lockOnButtonName@@ + @@harpoonBiteButtonName@@ 鱼叉锁定目标@@newline@@@@moveAxis@@ 鱼叉投掷目标	
dialogue:A1_MANSION_PART2.TXT:149:ost_tute_inertvampiredoor	dialogue-unit:02d0db372872f30d	A1_MANSION_PART2.TXT	149	ost_tute_inertvampiredoor	pending	如果吸血鬼门上没有显示符号，说明它尚未激活	
dialogue:A1_MANSION_PART2.TXT:150:ost_tute_jump1	dialogue-unit:588df5febf492cbc	A1_MANSION_PART2.TXT	150	ost_tute_jump1	pending	@@jumpButtonName@@ 跳跃	
dialogue:A1_MANSION_PART2.TXT:151:ost_tute_jump2	dialogue-unit:28deb27f479ccfca	A1_MANSION_PART2.TXT	151	ost_tute_jump2	pending	@@jumpButtonName@@ 跳过栏杆	
dialogue:A1_MANSION_PART2.TXT:152:ost_tute_killpuz1	dialogue-unit:2dce67557871fe87	A1_MANSION_PART2.TXT	152	ost_tute_killpuz1	pending	利用危险物杀死敌人可获得杀戮点数	
dialogue:A1_MANSION_PART2.TXT:153:ost_tute_killpuz2	dialogue-unit:e74ed0c6444a56e8	A1_MANSION_PART2.TXT	153	ost_tute_killpuz2	pending	使用 @@lockOnButtonName@@ + @@harpoonBiteButtonName@@ 将敌人扔进壁炉	
dialogue:A1_MANSION_PART2.TXT:154:ost_tute_lock1	dialogue-unit:9df496f01dcbb694	A1_MANSION_PART2.TXT	154	ost_tute_lock1	pending	按住 @@lockOnButtonName@@ 锁定目标并格挡	
dialogue:A1_MANSION_PART2.TXT:155:ost_tute_lock2	dialogue-unit:1c4e97763136fe9b	A1_MANSION_PART2.TXT	155	ost_tute_lock2	pending	松开锁定可攻击更多目标	
dialogue:A1_MANSION_PART2.TXT:156:ost_tute_move1	dialogue-unit:1ea2a5f9c483fce9	A1_MANSION_PART2.TXT	156	ost_tute_move1	pending	@@moveAxis@@ 移动 @@newline@@ @@turnAxis@@ 镜头	
dialogue:A1_MANSION_PART2.TXT:157:ost_tute_objectives	dialogue-unit:243b5fcd43cc241f	A1_MANSION_PART2.TXT	157	ost_tute_objectives	pending	查看 @@selectbuttonname@@ 了解你的目标	
dialogue:A1_MANSION_PART2.TXT:158:ost_tute_pole1	dialogue-unit:6c8df0179dcfe729	A1_MANSION_PART2.TXT	158	ost_tute_pole1	pending	@@jumpButtonName@@ 朝杆子跳去抓住	
dialogue:A1_MANSION_PART2.TXT:159:ost_tute_pole2	dialogue-unit:1237153f47c2c176	A1_MANSION_PART2.TXT	159	ost_tute_pole2	pending	@@moveAxisForward@@ 向前摆荡@@newline@@@@moveAxisForward@@ 左/右反转方向@@newline@@@@jumpButtonName@@ 摆荡时跳下	
dialogue:A1_MANSION_PART2.TXT:160:ost_tute_pole3	dialogue-unit:903fffc2b79e1cdd	A1_MANSION_PART2.TXT	160	ost_tute_pole3	pending	@@moveAxisForward@@ 摆荡@@newline@@@@jumpButtonName@@ 摆荡时松手@@newline@@按住 @@strafeAxisLeft@@ 或 @@strafeAxisRight@@ 反转方向	
dialogue:A1_MANSION_PART2.TXT:161:ost_tute_pole4	dialogue-unit:6c8df0179dcfe729	A1_MANSION_PART2.TXT	161	ost_tute_pole4	pending	@@jumpButtonName@@ 朝杆子跳去抓住	
dialogue:A1_MANSION_PART2.TXT:162:ost_tute_pole5	dialogue-unit:8c8eb85ca2c16978	A1_MANSION_PART2.TXT	162	ost_tute_pole5	pending	@@moveAxisForward@@ 左/右在杆上改变方向	
dialogue:A1_MANSION_PART2.TXT:163:ost_tute_pole6	dialogue-unit:a05fb82406be5171	A1_MANSION_PART2.TXT	163	ost_tute_pole6	pending	@@moveAxisForward@@ 左/右移动到合适位置	
dialogue:A1_MANSION_PART2.TXT:164:ost_tute_pole7	dialogue-unit:931d5b8a64ff60e5	A1_MANSION_PART2.TXT	164	ost_tute_pole7	pending	@@moveAxis@@ 向下悬挂@@newline@@@@jumpButtonName@@ 跳下	
dialogue:A1_MANSION_PART2.TXT:165:ost_tute_pole8	dialogue-unit:902a65efbb11962d	A1_MANSION_PART2.TXT	165	ost_tute_pole8	pending	@@moveAxisForward@@ 上/下在竖杆上移动	
dialogue:A1_MANSION_PART2.TXT:166:ost_tute_rage	dialogue-unit:38e6314653ae38cf	A1_MANSION_PART2.TXT	166	ost_tute_rage	pending	@@ragePowersButtonName@@ 血怒@@newline@@提升攻击和防御	
dialogue:A1_MANSION_PART2.TXT:167:ost_tute_rail1	dialogue-unit:10eeb85e370b3d3f	A1_MANSION_PART2.TXT	167	ost_tute_rail1	pending	@@jumpButtonName@@ 跳上轨道并向下滑行	
dialogue:A1_MANSION_PART2.TXT:168:ost_tute_rail2	dialogue-unit:6a0b5bbd10f760b9	A1_MANSION_PART2.TXT	168	ost_tute_rail2	pending	移动到轨道上向上奔跑	
dialogue:A1_MANSION_PART2.TXT:169:ost_tute_style2	dialogue-unit:a02240774a7aeef3	A1_MANSION_PART2.TXT	169	ost_tute_style2	pending	获得杀戮点数以提升生命值和怒气	
dialogue:A1_MANSION_PART2.TXT:170:ost_tute_style2a	dialogue-unit:523653bbb57f7361	A1_MANSION_PART2.TXT	170	ost_tute_style2a	pending	@@lockOnButtonName@@ + @@harpoonBiteButtonName@@ 鱼叉钩住吊灯@@newline@@@@moveAxis@@ 拉下吊灯	
dialogue:A1_MANSION_PART2.TXT:171:ost_tute_wall0	dialogue-unit:03c82f0225739507	A1_MANSION_PART2.TXT	171	ost_tute_wall0	pending	靠近脚手架围栏，学习蹬墙跳	
dialogue:A1_MANSION_PART2.TXT:172:ost_tute_wall1	dialogue-unit:6d2e0c71a8c11e8f	A1_MANSION_PART2.TXT	172	ost_tute_wall1	pending	@@jumpButtonName@@ 朝围栏跳去抓住	
dialogue:A1_MANSION_PART2.TXT:173:ost_tute_wall2	dialogue-unit:12bdc29af0eda7cf	A1_MANSION_PART2.TXT	173	ost_tute_wall2	pending	@@jumpButtonName@@ 跳到下一面墙	
dialogue:A1_MANSION_PART2.TXT:174:zpunk_ambient_a_15.wav	dialogue-unit:4958eef461cdaceb	A1_MANSION_PART2.TXT	174	zpunk_ambient_a_15.wav	pending	来点音乐怎么样	
dialogue:A1_MANSION_PART2.TXT:175:zpunk_ambient_a_19.wav	dialogue-unit:16737e4a8d1893d6	A1_MANSION_PART2.TXT	175	zpunk_ambient_a_19.wav	pending	等一下——看，她是半吸血鬼。你是主人那边的吗？	
dialogue:A1_MANSION_PART3.TXT:1:a1s3_rayne_1.wav	dialogue-unit:cb288931d81f9e12	A1_MANSION_PART3.TXT	1	a1s3_rayne_1.wav	pending	那我就得想办法过去，不能下到那儿去	
dialogue:A1_MANSION_PART3.TXT:2:a1s3_rayne_2.wav	dialogue-unit:2536e35620ed923a	A1_MANSION_PART3.TXT	2	a1s3_rayne_2.wav	pending	看来我到宅邸屋顶上了	
dialogue:A1_MANSION_PART3.TXT:3:a1s3_rayne_3.wav	dialogue-unit:50a16faf084b31b9	A1_MANSION_PART3.TXT	3	a1s3_rayne_3.wav	pending	有脚手架在，谁还需要楼梯	
dialogue:A1_MANSION_PART3.TXT:4:a1s3_rayne_4.wav	dialogue-unit:d3a481ab1cebc514	A1_MANSION_PART3.TXT	4	a1s3_rayne_4.wav	pending	一定有办法切断那道安保门的电源	
dialogue:A1_MANSION_PART3.TXT:5:a1s3_severin_1.wav	dialogue-unit:7c15e59bb5e5aaf1	A1_MANSION_PART3.TXT	5	a1s3_severin_1.wav	pending	莱恩，你在哪儿？	
dialogue:A1_MANSION_PART3.TXT:6:a1s3_severin_2.wav	dialogue-unit:5684d38ab5b9d203	A1_MANSION_PART3.TXT	6	a1s3_severin_2.wav	pending	泽伦斯基有很多手下在巡逻。要是我是你，就不会走下层屋顶	
dialogue:A1_MANSION_PART3.TXT:7:missiondescription	dialogue-unit:493c3537f66d860b	A1_MANSION_PART3.TXT	7	missiondescription	pending	泽伦斯基宅邸屋顶	
dialogue:A1_MANSION_PART3.TXT:8:objectivebackin	dialogue-unit:5196c78f8a141004	A1_MANSION_PART3.TXT	8	objectivebackin	pending	目标：进入宅邸东翼	
dialogue:A1_MANSION_PART3.TXT:9:objectivecutpower	dialogue-unit:d56b458ad54edad0	A1_MANSION_PART3.TXT	9	objectivecutpower	pending	目标：切断安保门的电源，以进入宅邸东翼	
dialogue:A1_MANSION_PART3.TXT:12:ost_tute_doublejump	dialogue-unit:95fc515488dcbae8	A1_MANSION_PART3.TXT	12	ost_tute_doublejump	pending	@@jumpButtonName@@ + @@jumpButtonName@@ 可小幅助跳	
dialogue:A1_MANSION_PART3.TXT:13:ost_tute_wall0	dialogue-unit:13285c0b43591df3	A1_MANSION_PART3.TXT	13	ost_tute_wall0	pending	靠近围栏凹处，学习蹬墙跳。	
dialogue:A1_MANSION_PART3.TXT:14:ost_tute_wall1	dialogue-unit:bd4646eb02332ab7	A1_MANSION_PART3.TXT	14	ost_tute_wall1	pending	蹬墙跳：朝围栏按 @@jumpButtonName@@。	
dialogue:A1_MANSION_PART3.TXT:15:ost_tute_wall2	dialogue-unit:d81cb0c6c7ae47c2	A1_MANSION_PART3.TXT	15	ost_tute_wall2	pending	蹬墙跳：按 @@jumpButtonName@@ 进行蹬墙跳。@@newline@@松手：按下方向键和 @@jumpButtonName@@ 松手。	
dialogue:A1_MANSION_PART4.TXT:1:a1s1_mdhampir_1.wav	dialogue-unit:f789549ace0a1b25	A1_MANSION_PART4.TXT	1	a1s1_mdhampir_1.wav	pending	那你几十年来可真是走运。你的好运今天到头了。	
dialogue:A1_MANSION_PART4.TXT:2:a1s1_rayne_12.wav	dialogue-unit:ad9791647e7633da	A1_MANSION_PART4.TXT	2	a1s1_rayne_12.wav	pending	我可不是什么客人，伙计。	
dialogue:A1_MANSION_PART4.TXT:3:a1s1_rayne_13.wav	dialogue-unit:8b170b0ace51b2dd	A1_MANSION_PART4.TXT	3	a1s1_rayne_13.wav	pending	哎呀，你们几个可真够硬气的。	
dialogue:A1_MANSION_PART4.TXT:4:a1s1_rayne_14.wav	dialogue-unit:73bb4bdf77568993	A1_MANSION_PART4.TXT	4	a1s1_rayne_14.wav	pending	拜托，男孩们，这可不是跟女孩说话的方式……	
dialogue:A1_MANSION_PART4.TXT:5:a1s1_rayne_15.wav	dialogue-unit:559f715fb674efb7	A1_MANSION_PART4.TXT	5	a1s1_rayne_15.wav	pending	不过嘛……接着说。我还挺喜欢听的。	
dialogue:A1_MANSION_PART4.TXT:6:a1s1_rayne_16.wav	dialogue-unit:63ccf9f3b530b135	A1_MANSION_PART4.TXT	6	a1s1_rayne_16.wav	pending	哎呀，才不是跟别人一样呢……想试试我吗？	
dialogue:A1_MANSION_PART4.TXT:7:a1s1_rayne_17.wav	dialogue-unit:42689c94e6a32d08	A1_MANSION_PART4.TXT	7	a1s1_rayne_17.wav	pending	来吧，先生们。我够你们每个人分的。	
dialogue:A1_MANSION_PART4.TXT:8:a1s1_rayne_18.wav	dialogue-unit:f2ba7c458b184eb9	A1_MANSION_PART4.TXT	8	a1s1_rayne_18.wav	pending	嚯！这卧室可真够气派。敢打赌，我是第一个自愿来看它的女孩吧？	
dialogue:A1_MANSION_PART4.TXT:9:a1s1_rayne_19.wav	dialogue-unit:a2b50f0ca58ad5fd	A1_MANSION_PART4.TXT	9	a1s1_rayne_19.wav	pending	莱恩：嗯哼，就知道能在这儿找到你，死了都还要碍我的事。	
dialogue:A1_MANSION_PART4.TXT:10:a1s1_rayne_20.wav	dialogue-unit:de492f7140a15e50	A1_MANSION_PART4.TXT	10	a1s1_rayne_20.wav	pending	你离开很久了，卡根。不过你的家人，我一直替你照顾着呢。	
dialogue:A1_MANSION_PART4.TXT:11:a1s1_rayne_21.wav	dialogue-unit:63184e033c3cffdd	A1_MANSION_PART4.TXT	11	a1s1_rayne_21.wav	pending	嘶啦！七十年来，世界各地，一个接一个。就像你杀我母亲家人那样，只是更慢。我想我差不多快做完了。	
dialogue:A1_MANSION_PART4.TXT:12:a1s1_rayne_22.wav	dialogue-unit:347f5c39348c6812	A1_MANSION_PART4.TXT	12	a1s1_rayne_22.wav	pending	现在你怎么看我，父亲？	
dialogue:A1_MANSION_PART4.TXT:13:a1s1_rayne_23.wav	dialogue-unit:650dcab09f32e30d	A1_MANSION_PART4.TXT	13	a1s1_rayne_23.wav	pending	你这儿阵仗可真不小啊，泽伦斯基。卡根邪教都跨国经营了，是吧？	
dialogue:A1_MANSION_PART4.TXT:14:a1s1_rayne_24.wav	dialogue-unit:6f3dce0b2fbb178a	A1_MANSION_PART4.TXT	14	a1s1_rayne_24.wav	pending	现在我清楚自己到底在对付谁了。可你又在搞什么？	
dialogue:A1_MANSION_PART4.TXT:15:a1s1_rayne_25.wav	dialogue-unit:dc2030c2aae6925a	A1_MANSION_PART4.TXT	15	a1s1_rayne_25.wav	pending	哇！我几十年没见过你们这种家伙了！都躲哪儿去了？	
dialogue:A1_MANSION_PART4.TXT:16:a1s1_rayne_26.wav	dialogue-unit:b6d1a19856dc1023	A1_MANSION_PART4.TXT	16	a1s1_rayne_26.wav	pending	哦，还说古语？我可没学过。听着还挺装腔作势的。	
dialogue:A1_MANSION_PART4.TXT:17:a1s1_rayne_27.wav	dialogue-unit:a3643f3e37ef2aec	A1_MANSION_PART4.TXT	17	a1s1_rayne_27.wav	pending	好吧！多谢你上课。贱人。	
dialogue:A1_MANSION_PART4.TXT:18:a1s1_zminion1_1.wav	dialogue-unit:001b212cd4b35488	A1_MANSION_PART4.TXT	18	a1s1_zminion1_1.wav	pending	女士，宾客禁止进入此区域。	
dialogue:A1_MANSION_PART4.TXT:19:a1s1_zminion1_2.wav	dialogue-unit:fac17dda17582c1b	A1_MANSION_PART4.TXT	19	a1s1_zminion1_2.wav	pending	这吵吵闹闹的是怎么回事？！	
dialogue:A1_MANSION_PART4.TXT:20:a1s1_zminion1_3.wav	dialogue-unit:fdf927800902457d	A1_MANSION_PART4.TXT	20	a1s1_zminion1_3.wav	pending	闭上你他——……夫人，需要我送您回宴会吗？	
dialogue:A1_MANSION_PART4.TXT:21:a1s1_zminion1_4.wav	dialogue-unit:35ca22d7f67359eb	A1_MANSION_PART4.TXT	21	a1s1_zminion1_4.wav	pending	你不能在这里。女士。	
dialogue:A1_MANSION_PART4.TXT:22:a1s1_zminion2_1.wav	dialogue-unit:2643ec95b72662f8	A1_MANSION_PART4.TXT	22	a1s1_zminion2_1.wav	pending	哈！有人想提前拿到惊喜啊！	
dialogue:A1_MANSION_PART4.TXT:23:a1s1_zminion2_2.wav	dialogue-unit:7e775b588e879b85	A1_MANSION_PART4.TXT	23	a1s1_zminion2_2.wav	pending	小声点！要是主人的客人们不安起来，他会把我们撕碎的！	
dialogue:A1_MANSION_PART4.TXT:24:a1s1_zminion2_3.wav	dialogue-unit:d73d0fd09c5b9ed0	A1_MANSION_PART4.TXT	24	a1s1_zminion2_3.wav	pending	女士，你不该在这里。	
dialogue:A1_MANSION_PART4.TXT:25:a1s1_zminion2_4.wav	dialogue-unit:9abf13d3647285a9	A1_MANSION_PART4.TXT	25	a1s1_zminion2_4.wav	pending	天啊，看那刀刃！她是半吸血鬼！	
dialogue:A1_MANSION_PART4.TXT:26:a1s1_zminion3_1.wav	dialogue-unit:314590cddfd90ee7	A1_MANSION_PART4.TXT	26	a1s1_zminion3_1.wav	pending	抓住她。但动静小点。	
dialogue:A1_MANSION_PART4.TXT:27:a1s1_zminion3_2.wav	dialogue-unit:2f5ab6c17273b62f	A1_MANSION_PART4.TXT	27	a1s1_zminion3_2.wav	pending	半吸血鬼也跟别人一样会倒下。	
dialogue:A1_MANSION_PART4.TXT:28:a1s1_zminion4_1.wav	dialogue-unit:2cb16ce3af55c90d	A1_MANSION_PART4.TXT	28	a1s1_zminion4_1.wav	pending	你会很适合摆进主人的战利品柜！	
dialogue:A1_MANSION_PART4.TXT:29:a1s1_zminion4_2.wav	dialogue-unit:323076a61a78239a	A1_MANSION_PART4.TXT	29	a1s1_zminion4_2.wav	pending	我的天！她疯了。叫人来！随便谁都行！	
dialogue:A1_MANSION_PART4.TXT:30:a1s1_zminion5_1.wav	dialogue-unit:15ca70a6a88cbea5	A1_MANSION_PART4.TXT	30	a1s1_zminion5_1.wav	pending	亲爱的，你真该和其他羔羊一起待在楼下……	
dialogue:A1_MANSION_PART4.TXT:31:a1s2_rayne_1.wav	dialogue-unit:093750449a1967bb	A1_MANSION_PART4.TXT	31	a1s2_rayne_1.wav	pending	主人可以来舔我的猴子西装。	
dialogue:A1_MANSION_PART4.TXT:32:a1s2_rayne_10.wav	dialogue-unit:e1de9ee0d364d022	A1_MANSION_PART4.TXT	32	a1s2_rayne_10.wav	pending	这连一点都不好笑，塞弗林。像泽伦斯基这种天生吸血鬼，为什么会在自己的地产上放这么多水？	
dialogue:A1_MANSION_PART4.TXT:33:a1s2_rayne_11.wav	dialogue-unit:4be3f1b676a202f7	A1_MANSION_PART4.TXT	33	a1s2_rayne_11.wav	pending	那东西伤他可比伤我还狠……	
dialogue:A1_MANSION_PART4.TXT:34:a1s2_rayne_12.wav	dialogue-unit:04941560dbb15abc	A1_MANSION_PART4.TXT	34	a1s2_rayne_12.wav	pending	哇。这家伙还真是个拼命往上爬的社交攀附狂。	
dialogue:A1_MANSION_PART4.TXT:35:a1s2_rayne_13.wav	dialogue-unit:c243f2c061aa9037	A1_MANSION_PART4.TXT	35	a1s2_rayne_13.wav	pending	嗯。要是上面的那些灯掉到这里来，会怎么样？	
dialogue:A1_MANSION_PART4.TXT:36:a1s2_rayne_14.wav	dialogue-unit:37149d9db7fca93f	A1_MANSION_PART4.TXT	36	a1s2_rayne_14.wav	pending	好了。现在这潘趣酒里可有点劲儿了。谁想尝尝？	
dialogue:A1_MANSION_PART4.TXT:37:a1s2_rayne_15.wav	dialogue-unit:1b7c2eac76c304b4	A1_MANSION_PART4.TXT	37	a1s2_rayne_15.wav	pending	我算是有点天赋吧。	
dialogue:A1_MANSION_PART4.TXT:38:a1s2_rayne_16.wav	dialogue-unit:a3ced5519cd92090	A1_MANSION_PART4.TXT	38	a1s2_rayne_16.wav	pending	啧。蠢货，电流早在你淹死之前就会把你烤熟。	
dialogue:A1_MANSION_PART4.TXT:39:a1s2_rayne_17.wav	dialogue-unit:660bfcedc0b5d1f6	A1_MANSION_PART4.TXT	39	a1s2_rayne_17.wav	pending	我正想着你什么时候会出现呢。原来被泽伦斯基转化后的吸血鬼长这样。呃。	
dialogue:A1_MANSION_PART4.TXT:40:a1s2_rayne_18.wav	dialogue-unit:57c32bd8498e4ca9	A1_MANSION_PART4.TXT	40	a1s2_rayne_18.wav	pending	这就是你们拼了命想变成的样子？啧。目标能不能稍微高一点？	
dialogue:A1_MANSION_PART4.TXT:41:a1s2_rayne_19.wav	dialogue-unit:788dd37e55968a32	A1_MANSION_PART4.TXT	41	a1s2_rayne_19.wav	pending	哇，看他滋滋冒烟！	
dialogue:A1_MANSION_PART4.TXT:42:a1s2_rayne_2.wav	dialogue-unit:959b679c2b4aa5fc	A1_MANSION_PART4.TXT	42	a1s2_rayne_2.wav	pending	该死。	
dialogue:A1_MANSION_PART4.TXT:43:a1s2_rayne_20.wav	dialogue-unit:44d3d107757fe8e1	A1_MANSION_PART4.TXT	43	a1s2_rayne_20.wav	pending	太棒了。我还想再来一次。	
dialogue:A1_MANSION_PART4.TXT:44:a1s2_rayne_23.wav	dialogue-unit:dc4c9800e97a3296	A1_MANSION_PART4.TXT	44	a1s2_rayne_23.wav	pending	哦，不会吧……它们是真的？	
dialogue:A1_MANSION_PART4.TXT:45:a1s2_rayne_24.wav	dialogue-unit:ddca79e17b81ddce	A1_MANSION_PART4.TXT	45	a1s2_rayne_24.wav	pending	我的天，塞弗林！泽伦斯基有喀尔巴阡龙枪！我还以为那只是传说！	
dialogue:A1_MANSION_PART4.TXT:46:a1s2_rayne_25.wav	dialogue-unit:59bcedfd422c7527	A1_MANSION_PART4.TXT	46	a1s2_rayne_25.wav	pending	哦，我没事。只是它们实在是……太美了……	
dialogue:A1_MANSION_PART4.TXT:47:a1s2_rayne_26.wav	dialogue-unit:b215ff1d8ef5f166	A1_MANSION_PART4.TXT	47	a1s2_rayne_26.wav	pending	你在哪儿？有麻烦吗？	
dialogue:A1_MANSION_PART4.TXT:48:a1s2_rayne_27.wav	dialogue-unit:ebc4b636d74ef804	A1_MANSION_PART4.TXT	48	a1s2_rayne_27.wav	pending	他表现不好吗？这都是他从小受的教育。	
dialogue:A1_MANSION_PART4.TXT:49:a1s2_rayne_28.wav	dialogue-unit:4222554340211d6a	A1_MANSION_PART4.TXT	49	a1s2_rayne_28.wav	pending	我忘了吃客人时的礼仪了，小指是翘起来，还是收进去？	
dialogue:A1_MANSION_PART4.TXT:50:a1s2_rayne_29.wav	dialogue-unit:b328e6eaf9446a3c	A1_MANSION_PART4.TXT	50	a1s2_rayne_29.wav	pending	哎呀！被你抓到了！我刚才溜去翻药柜了。看来我错过大场面了。	
dialogue:A1_MANSION_PART4.TXT:51:a1s2_rayne_3.wav	dialogue-unit:7c5cbb9bb2bd91d2	A1_MANSION_PART4.TXT	51	a1s2_rayne_3.wav	pending	当然是。你觉得我能找硫磺会报销吗？	
dialogue:A1_MANSION_PART4.TXT:52:a1s2_rayne_30.wav	dialogue-unit:5cb1c621b45d4fd9	A1_MANSION_PART4.TXT	52	a1s2_rayne_30.wav	pending	哎呀，我敢说肯定很不错。有气球和彩纸吗？有漂亮女孩从大蛋糕里跳出来吗？	
dialogue:A1_MANSION_PART4.TXT:53:a1s2_rayne_31.wav	dialogue-unit:041e4d7a6a29979b	A1_MANSION_PART4.TXT	53	a1s2_rayne_31.wav	pending	不过看！我自己挑好了礼物。你觉得怎么样？是不是美极了？	
dialogue:A1_MANSION_PART4.TXT:54:a1s2_rayne_32.wav	dialogue-unit:0d6fe9b9afd7ebf7	A1_MANSION_PART4.TXT	54	a1s2_rayne_32.wav	pending	好啦好啦，我正在——哦，你是在跟我说话？还是跟它们？	
dialogue:A1_MANSION_PART4.TXT:55:a1s2_rayne_33.wav	dialogue-unit:75ade72576602858	A1_MANSION_PART4.TXT	55	a1s2_rayne_33.wav	pending	先回答我的问题：为什么要大开杀戒？他们不是你最亲近的五百个朋友吗？	
dialogue:A1_MANSION_PART4.TXT:56:a1s2_rayne_34.wav	dialogue-unit:248b8f0c086126a4	A1_MANSION_PART4.TXT	56	a1s2_rayne_34.wav	pending	卡根家族团聚？	
dialogue:A1_MANSION_PART4.TXT:57:a1s2_rayne_35.wav	dialogue-unit:d8b00cbeb1036cd5	A1_MANSION_PART4.TXT	57	a1s2_rayne_35.wav	pending	拜托了，泽。我可是害群之马！没人愿意提起的那个！我正在环球旅行，拜访我能找到的每一个卡根私生子！	
dialogue:A1_MANSION_PART4.TXT:58:a1s2_rayne_36.wav	dialogue-unit:e79260f3725b75fd	A1_MANSION_PART4.TXT	58	a1s2_rayne_36.wav	pending	西印度群岛那个？养蛇的那个？她告诉了我你的名字。虽然不情愿，倒是很忠心。	
dialogue:A1_MANSION_PART4.TXT:59:a1s2_rayne_37.wav	dialogue-unit:187ddcb7c4d151e3	A1_MANSION_PART4.TXT	59	a1s2_rayne_37.wav	pending	呃！那是同父异母的妹妹，蠢货！	
dialogue:A1_MANSION_PART4.TXT:60:a1s2_rayne_38.wav	dialogue-unit:dd78aa0a043d37a7	A1_MANSION_PART4.TXT	60	a1s2_rayne_38.wav	pending	呃！那是同父异母的妹妹，臭吸血鼠！	
dialogue:A1_MANSION_PART4.TXT:61:a1s2_rayne_39.wav	dialogue-unit:6ac6ae651addb3f5	A1_MANSION_PART4.TXT	61	a1s2_rayne_39.wav	pending	太好了！我最喜欢学新招了！	
dialogue:A1_MANSION_PART4.TXT:62:a1s2_rayne_4.wav	dialogue-unit:73bc8e36b4ccdfa4	A1_MANSION_PART4.TXT	62	a1s2_rayne_4.wav	pending	收据我会留着的。	
dialogue:A1_MANSION_PART4.TXT:63:a1s2_rayne_40.wav	dialogue-unit:0f460f87e4c99229	A1_MANSION_PART4.TXT	63	a1s2_rayne_40.wav	pending	哦耶！等不及要用这个了！	
dialogue:A1_MANSION_PART4.TXT:64:a1s2_rayne_41.wav	dialogue-unit:cdf7dd3f2fcfb848	A1_MANSION_PART4.TXT	64	a1s2_rayne_41.wav	pending	哎。他们自己选错了路。早该好好上学的。我处理这事的时候，别惹麻烦，好吗？	
dialogue:A1_MANSION_PART4.TXT:65:a1s2_rayne_42.wav	dialogue-unit:1db8685b4b79adfd	A1_MANSION_PART4.TXT	65	a1s2_rayne_42.wav	pending	有一点你说对了，你确实该走了。	
dialogue:A1_MANSION_PART4.TXT:66:a1s2_rayne_43.wav	dialogue-unit:c042794ea06c916b	A1_MANSION_PART4.TXT	66	a1s2_rayne_43.wav	pending	你好啊。这里这么吵，跟你有关系吗？	
dialogue:A1_MANSION_PART4.TXT:67:a1s2_rayne_44.wav	dialogue-unit:dfec2cb37799ef93	A1_MANSION_PART4.TXT	67	a1s2_rayne_44.wav	pending	没问题。马上到。	
dialogue:A1_MANSION_PART4.TXT:68:a1s2_rayne_45.wav	dialogue-unit:9a067d62992d27d8	A1_MANSION_PART4.TXT	68	a1s2_rayne_45.wav	pending	当然。这正是我想找的东西。一棵扭曲的家族树。	
dialogue:A1_MANSION_PART4.TXT:69:a1s2_rayne_46.wav	dialogue-unit:055db1731f35eba1	A1_MANSION_PART4.TXT	69	a1s2_rayne_46.wav	pending	上面列着整个卡根邪教的下落。而且看起来他们全都在往这里汇合。就在这座城市。	
dialogue:A1_MANSION_PART4.TXT:70:a1s2_rayne_47.wav	dialogue-unit:08d111a61ba5351f	A1_MANSION_PART4.TXT	70	a1s2_rayne_47.wav	pending	没错。他们全都来了。来找我。我终于要终结他们了。我父亲那条病态的血脉也会就此断绝。	
dialogue:A1_MANSION_PART4.TXT:71:a1s2_rayne_5.wav	dialogue-unit:043fc184d3eb0fe0	A1_MANSION_PART4.TXT	71	a1s2_rayne_5.wav	pending	刚到书房外的庭院。	
dialogue:A1_MANSION_PART4.TXT:72:a1s2_rayne_6.wav	dialogue-unit:3320be3fb77f57bc	A1_MANSION_PART4.TXT	72	a1s2_rayne_6.wav	pending	嗯，大概吧。只不过又是我天生擅长的一件事。	
dialogue:A1_MANSION_PART4.TXT:73:a1s2_rayne_7.wav	dialogue-unit:ff841c672c9af5ef	A1_MANSION_PART4.TXT	73	a1s2_rayne_7.wav	pending	不知道。通常没人能活着看到其中一个。	
dialogue:A1_MANSION_PART4.TXT:74:a1s2_rayne_8.wav	dialogue-unit:38faf4fcdbf3376c	A1_MANSION_PART4.TXT	74	a1s2_rayne_8.wav	pending	或者走到它们附近——它们简直就是自找的！世界上有玻璃癖这种东西吗？	
dialogue:A1_MANSION_PART4.TXT:75:a1s2_rayne_9.wav	dialogue-unit:d2faa7f271e55fb2	A1_MANSION_PART4.TXT	75	a1s2_rayne_9.wav	pending	啊，太好了。水。	
dialogue:A1_MANSION_PART4.TXT:76:a1s2_severin_1.wav	dialogue-unit:e0922c9243acb629	A1_MANSION_PART4.TXT	76	a1s2_severin_1.wav	pending	听起来挺贵的……	
dialogue:A1_MANSION_PART4.TXT:77:a1s2_severin_11.wav	dialogue-unit:93f66db88c2e31cb	A1_MANSION_PART4.TXT	77	a1s2_severin_11.wav	pending	你拿到了什么？有意思的东西？	
dialogue:A1_MANSION_PART4.TXT:78:a1s2_severin_12.wav	dialogue-unit:30078465943c3adb	A1_MANSION_PART4.TXT	78	a1s2_severin_12.wav	pending	哼。硫磺会也是这么想的。	
dialogue:A1_MANSION_PART4.TXT:79:a1s2_severin_13.wav	dialogue-unit:f06c2c5f2b6df132	A1_MANSION_PART4.TXT	79	a1s2_severin_13.wav	pending	莱恩？莱恩！你在吗？发生什么事了？！	
dialogue:A1_MANSION_PART4.TXT:80:a1s2_severin_14.wav	dialogue-unit:fb8349a34af8dd31	A1_MANSION_PART4.TXT	80	a1s2_severin_14.wav	pending	……而且极其危险。听着，如果它们真是喀尔巴阡龙枪，它们会吸食半吸血鬼宿主的血。也就是你。	
dialogue:A1_MANSION_PART4.TXT:81:a1s2_severin_15.wav	dialogue-unit:6eaf087990e7228d	A1_MANSION_PART4.TXT	81	a1s2_severin_15.wav	pending	它们会通过炼金术把原料加工成能杀死吸血鬼的弹丸。你得吸血来填满它们的储液槽。	
dialogue:A1_MANSION_PART4.TXT:82:a1s2_severin_16.wav	dialogue-unit:b713d630f9cb6f8d	A1_MANSION_PART4.TXT	82	a1s2_severin_16.wav	pending	储液槽空了你依然能用它们，但它们会直接从你身上抽血。	
dialogue:A1_MANSION_PART4.TXT:83:a1s2_severin_17.wav	dialogue-unit:4954e4de6f332a38	A1_MANSION_PART4.TXT	83	a1s2_severin_17.wav	pending	你最好下来。泽伦斯基刚向客人们展示了一个大惊喜。	
dialogue:A1_MANSION_PART4.TXT:84:a1s2_severin_18.wav	dialogue-unit:78cd86f306f26f4f	A1_MANSION_PART4.TXT	84	a1s2_severin_18.wav	pending	就在舞厅外面。我没事。只是，你懂的，躲远点。其他客人可就不好说了。快来，不然你就错过了。	
dialogue:A1_MANSION_PART4.TXT:85:a1s2_severin_19.wav	dialogue-unit:82cc284e737d436b	A1_MANSION_PART4.TXT	85	a1s2_severin_19.wav	pending	啧。我看泽伦斯基这下是把乡村俱乐部的会员资格玩没了。	
dialogue:A1_MANSION_PART4.TXT:86:a1s2_severin_2.wav	dialogue-unit:5c157b644e440c83	A1_MANSION_PART4.TXT	86	a1s2_severin_2.wav	pending	呃，等我们看到今晚的最终账单再说吧。	
dialogue:A1_MANSION_PART4.TXT:87:a1s2_severin_20.wav	dialogue-unit:0be9e6231a5aa137	A1_MANSION_PART4.TXT	87	a1s2_severin_20.wav	pending	你自己看吧。我想现在该你做你的事了。我去做我的事，晚点见。	
dialogue:A1_MANSION_PART4.TXT:88:a1s2_severin_21.wav	dialogue-unit:41092dc2f9beec7f	A1_MANSION_PART4.TXT	88	a1s2_severin_21.wav	pending	你的目标和他的打手都在那儿。现在你真的生气了，是吧？可怜的混蛋。我都有点同情他们了。	
dialogue:A1_MANSION_PART4.TXT:89:a1s2_severin_22.wav	dialogue-unit:3c6531b2baadc52c	A1_MANSION_PART4.TXT	89	a1s2_severin_22.wav	pending	我还有得选吗。我去找条撤离路线。待会儿见。	
dialogue:A1_MANSION_PART4.TXT:90:a1s2_severin_23.wav	dialogue-unit:ef26c7dc6817bcfe	A1_MANSION_PART4.TXT	90	a1s2_severin_23.wav	pending	其实整座宅子都装了爆炸装置。大概是为了防止泽伦斯基身上发生什么可怕的事。比如你。	
dialogue:A1_MANSION_PART4.TXT:91:a1s2_severin_24.wav	dialogue-unit:2c1a7159a0cd1fa3	A1_MANSION_PART4.TXT	91	a1s2_severin_24.wav	pending	我只是把几个定时器的时间往前拨了点。但我没法再靠近接你。你得上来找我。	
dialogue:A1_MANSION_PART4.TXT:92:a1s2_severin_25.wav	dialogue-unit:0428060f67d282f6	A1_MANSION_PART4.TXT	92	a1s2_severin_25.wav	pending	那份名单你还拿着吗？	
dialogue:A1_MANSION_PART4.TXT:93:a1s2_severin_26.wav	dialogue-unit:c4c2904c0962396a	A1_MANSION_PART4.TXT	93	a1s2_severin_26.wav	pending	我已经上报了。硫磺会派出了他们最顶尖的头脑。没人会高兴的。	
dialogue:A1_MANSION_PART4.TXT:94:a1s2_severin_3.wav	dialogue-unit:ef3c0f40f74febe5	A1_MANSION_PART4.TXT	94	a1s2_severin_3.wav	pending	我之前去过那里。最近在练杂技吗？	
dialogue:A1_MANSION_PART4.TXT:95:a1s2_severin_4.wav	dialogue-unit:5740793d8510955a	A1_MANSION_PART4.TXT	95	a1s2_severin_4.wav	pending	那么你的返场节目是什么？	
dialogue:A1_MANSION_PART4.TXT:96:a1s2_severin_5.wav	dialogue-unit:19303486356904fd	A1_MANSION_PART4.TXT	96	a1s2_severin_5.wav	pending	啊。温室？你知道人们怎么说住在玻璃屋里的人……	
dialogue:A1_MANSION_PART4.TXT:97:a1s2_severin_6.wav	dialogue-unit:daac15405e0786f6	A1_MANSION_PART4.TXT	97	a1s2_severin_6.wav	pending	我正想问你呢。	
dialogue:A1_MANSION_PART4.TXT:98:a1s2_severin_7.wav	dialogue-unit:5215cde31a140099	A1_MANSION_PART4.TXT	98	a1s2_severin_7.wav	pending	啊，你找到泳池了。不错吧？想下去泡一泡？	
dialogue:A1_MANSION_PART4.TXT:99:a1s2_severin_8.wav	dialogue-unit:1c4afae9bfe5edad	A1_MANSION_PART4.TXT	99	a1s2_severin_8.wav	pending	他给我的感觉就是那种为了在客人面前撑场面，什么都做得出来的人。	
dialogue:A1_MANSION_PART4.TXT:100:a1s2_severin_9.wav	dialogue-unit:b4b2d86a3ff31122	A1_MANSION_PART4.TXT	100	a1s2_severin_9.wav	pending	嘿，太好了！听起来你已经想出办法在里面杀人了。我就知道你做得到。	
dialogue:A1_MANSION_PART4.TXT:101:a1s2_zerenzki_10.wav	dialogue-unit:cb4d689d5015ace8	A1_MANSION_PART4.TXT	101	a1s2_zerenzki_10.wav	pending	你到底是谁？！	
dialogue:A1_MANSION_PART4.TXT:102:a1s2_zerenzki_11.wav	dialogue-unit:35b0106646e7caf8	A1_MANSION_PART4.TXT	102	a1s2_zerenzki_11.wav	pending	泽伦斯基：没错，为了这个，我不得不牺牲几十年来费尽心机爬上来的地位。不过一切都值得。	
dialogue:A1_MANSION_PART4.TXT:103:a1s2_zerenzki_12.wav	dialogue-unit:eba9c49b643b91a9	A1_MANSION_PART4.TXT	103	a1s2_zerenzki_12.wav	pending	我得清除几个障碍，好给我们计划中的家族团聚让路。	
dialogue:A1_MANSION_PART4.TXT:104:a1s2_zerenzki_13.wav	dialogue-unit:8877d21923c3f1ee	A1_MANSION_PART4.TXT	104	a1s2_zerenzki_13.wav	pending	你怎么知道那个名字？！	
dialogue:A1_MANSION_PART4.TXT:105:a1s2_zerenzki_14.wav	dialogue-unit:43e4063bfdb3835b	A1_MANSION_PART4.TXT	105	a1s2_zerenzki_14.wav	pending	啊……所以你就是那个神秘刺客？你确实已经大开杀戒了……不是吗？	
dialogue:A1_MANSION_PART4.TXT:106:a1s2_zerenzki_15.wav	dialogue-unit:8fbada6d9232f1d7	A1_MANSION_PART4.TXT	106	a1s2_zerenzki_15.wav	pending	直到可怜的德琳达没了脑袋地出现，我们甚至都不确定你是不是真的存在。	
dialogue:A1_MANSION_PART4.TXT:107:a1s2_zerenzki_16.wav	dialogue-unit:d9eb80b30c4bb54f	A1_MANSION_PART4.TXT	107	a1s2_zerenzki_16.wav	pending	噗。才不是。她们谁都不是。	
dialogue:A1_MANSION_PART4.TXT:108:a1s2_zerenzki_17.wav	dialogue-unit:f3210c8068d302f4	A1_MANSION_PART4.TXT	108	a1s2_zerenzki_17.wav	pending	你让我很感兴趣，但恐怕我必须去处理别的事了，所以晚安了，小妹妹。把这里当自己家吧。	
dialogue:A1_MANSION_PART4.TXT:109:a1s2_zerenzki_18.wav	dialogue-unit:4c4c5f480a68a2e4	A1_MANSION_PART4.TXT	109	a1s2_zerenzki_18.wav	pending	一个永世难忘的夜晚！最长之夜的序幕！该起飞了，我的孩子们！家族正在等待我们的到来！	
dialogue:A1_MANSION_PART4.TXT:110:a1s2_zerenzki_19.wav	dialogue-unit:2a0129332b494079	A1_MANSION_PART4.TXT	110	a1s2_zerenzki_19.wav	pending	可你是我的客人！把你就这样留下，实在不可饶恕！	
dialogue:A1_MANSION_PART4.TXT:111:a1s2_zerenzki_5.wav	dialogue-unit:001d2d7b79426bdb	A1_MANSION_PART4.TXT	111	a1s2_zerenzki_5.wav	pending	对。把他们撕碎，孩子们。不要留活口！记得检查洗手间和庭院。	
dialogue:A1_MANSION_PART4.TXT:112:a1s2_zerenzki_6.wav	dialogue-unit:a5a413ea13d4d6b9	A1_MANSION_PART4.TXT	112	a1s2_zerenzki_6.wav	pending	啊！那就得看他们的纳税等级了。你又跑到哪儿去了？！	
dialogue:A1_MANSION_PART4.TXT:113:a1s2_zerenzki_7.wav	dialogue-unit:abf4d4865251b36d	A1_MANSION_PART4.TXT	113	a1s2_zerenzki_7.wav	pending	哦，你确实错过了！那场面精彩极了。真可惜你不在。	
dialogue:A1_MANSION_PART4.TXT:114:a1s2_zerenzki_8.wav	dialogue-unit:91bb84d77b8c6f76	A1_MANSION_PART4.TXT	114	a1s2_zerenzki_8.wav	pending		
dialogue:A1_MANSION_PART4.TXT:115:a1s2_zerenzki_9.wav	dialogue-unit:dae322d1c2ec1154	A1_MANSION_PART4.TXT	115	a1s2_zerenzki_9.wav	pending		
dialogue:A1_MANSION_PART4.TXT:116:a1s2_zminion1_1.wav	dialogue-unit:052e91ef6516183e	A1_MANSION_PART4.TXT	116	a1s2_zminion1_1.wav	pending		
dialogue:A1_MANSION_PART4.TXT:117:a1s2_zminion1_2.wav	dialogue-unit:c7db600b600bc78a	A1_MANSION_PART4.TXT	117	a1s2_zminion1_2.wav	pending		
dialogue:A1_MANSION_PART4.TXT:118:a1s2_zminion1_3.wav	dialogue-unit:8169b6d71c948243	A1_MANSION_PART4.TXT	118	a1s2_zminion1_3.wav	pending		
dialogue:A1_MANSION_PART4.TXT:119:a1s2_zminion1_4.wav	dialogue-unit:245048eed4719bec	A1_MANSION_PART4.TXT	119	a1s2_zminion1_4.wav	pending		
dialogue:A1_MANSION_PART4.TXT:120:a1s2_zminion1_5.wav	dialogue-unit:f4ee6ceeb9fd69cb	A1_MANSION_PART4.TXT	120	a1s2_zminion1_5.wav	pending		
dialogue:A1_MANSION_PART4.TXT:121:a1s2_zminion1_6.wav	dialogue-unit:e406051960ba7242	A1_MANSION_PART4.TXT	121	a1s2_zminion1_6.wav	pending		
dialogue:A1_MANSION_PART4.TXT:122:a1s2_zminion2_1.wav	dialogue-unit:64d84249c6e4de05	A1_MANSION_PART4.TXT	122	a1s2_zminion2_1.wav	pending		
dialogue:A1_MANSION_PART4.TXT:123:a1s2_zminion2_2.wav	dialogue-unit:e089eb9430f99ae8	A1_MANSION_PART4.TXT	123	a1s2_zminion2_2.wav	pending		
dialogue:A1_MANSION_PART4.TXT:124:a1s2_zminion2_3.wav	dialogue-unit:19b42c1ecb9160fd	A1_MANSION_PART4.TXT	124	a1s2_zminion2_3.wav	pending		
dialogue:A1_MANSION_PART4.TXT:125:a1s2_zminion3_1.wav	dialogue-unit:fa79f25120178c85	A1_MANSION_PART4.TXT	125	a1s2_zminion3_1.wav	pending		
dialogue:A1_MANSION_PART4.TXT:126:a1s2_zminion4_3.wav	dialogue-unit:c5d3b890e1eb1e94	A1_MANSION_PART4.TXT	126	a1s2_zminion4_3.wav	pending		
dialogue:A1_MANSION_PART4.TXT:127:missiondescription	dialogue-unit:8f448444fc4f1e77	A1_MANSION_PART4.TXT	127	missiondescription	pending		
dialogue:A1_MANSION_PART4.TXT:128:objectiveconfrontzerenzki	dialogue-unit:61f73af57efa93e5	A1_MANSION_PART4.TXT	128	objectiveconfrontzerenzki	pending		no matching English row; translate from Russian
dialogue:A1_MANSION_PART4.TXT:129:objectivedefeatdhampie	dialogue-unit:a3f4ee9bc10db01e	A1_MANSION_PART4.TXT	129	objectivedefeatdhampie	pending		
dialogue:A1_MANSION_PART4.TXT:130:objectivedefeatguards	dialogue-unit:eca41123c7b33429	A1_MANSION_PART4.TXT	130	objectivedefeatguards	pending		
dialogue:A1_MANSION_PART4.TXT:131:objectivefindzerenskisbedroom	dialogue-unit:d05ee0e8e9dc0788	A1_MANSION_PART4.TXT	131	objectivefindzerenskisbedroom	pending		
dialogue:A1_MANSION_PART4.TXT:132:objectivegetintozerenskistomb	dialogue-unit:781b7a981e13c907	A1_MANSION_PART4.TXT	132	objectivegetintozerenskistomb	pending		
dialogue:A1_MANSION_PART4.TXT:133:objectiveinvestigate	dialogue-unit:38141ffbc2f12bd3	A1_MANSION_PART4.TXT	133	objectiveinvestigate	pending		no matching English row; translate from Russian
dialogue:A1_MANSION_PART4.TXT:134:objectivemeetseverin	dialogue-unit:5edfd71740f5c420	A1_MANSION_PART4.TXT	134	objectivemeetseverin	pending		no matching English row; translate from Russian
dialogue:A1_MANSION_PART4.TXT:136:ost_fixme_cantopenthatyet	dialogue-unit:c2607eea7d1d6534	A1_MANSION_PART4.TXT	136	ost_fixme_cantopenthatyet	pending		
dialogue:A1_MANSION_PART4.TXT:137:ost_tute_grindbladecombat	dialogue-unit:7e19435f12207561	A1_MANSION_PART4.TXT	137	ost_tute_grindbladecombat	pending		
dialogue:A1_MANSION_PART4.TXT:138:ost_tute_grindguncombat	dialogue-unit:4add0e8277ac12a0	A1_MANSION_PART4.TXT	138	ost_tute_grindguncombat	pending		
dialogue:A1_MANSION_PART4.TXT:139:ost_tute_guns1	dialogue-unit:3f9e9d02d519b8d3	A1_MANSION_PART4.TXT	139	ost_tute_guns1	pending		
dialogue:A1_MANSION_PART4.TXT:140:ost_tute_guns2	dialogue-unit:e68457a18b56889f	A1_MANSION_PART4.TXT	140	ost_tute_guns2	pending		
dialogue:A1_MANSION_PART4.TXT:141:ost_tute_horzrailcombat	dialogue-unit:b8189075f0558790	A1_MANSION_PART4.TXT	141	ost_tute_horzrailcombat	pending		
dialogue:A1_MANSION_PART4.TXT:142:ost_tute_vertrailcombat	dialogue-unit:e74c49823446e887	A1_MANSION_PART4.TXT	142	ost_tute_vertrailcombat	pending		
dialogue:A1_MANSION_PART4.TXT:143:rayne_gethurt_10.wav	dialogue-unit:1035641baff1a11f	A1_MANSION_PART4.TXT	143	rayne_gethurt_10.wav	pending		
dialogue:A1_MANSION_ROOFARENA.TXT:1:a1s2_rayne_42.wav	dialogue-unit:1db8685b4b79adfd	A1_MANSION_ROOFARENA.TXT	1	a1s2_rayne_42.wav	pending		
dialogue:A1_MANSION_ROOFARENA.TXT:2:a1s2_rayne_43.wav	dialogue-unit:039b3265ab63073e	A1_MANSION_ROOFARENA.TXT	2	a1s2_rayne_43.wav	pending		
dialogue:A1_MANSION_ROOFARENA.TXT:3:a1s2_rayne_44.wav	dialogue-unit:dfec2cb37799ef93	A1_MANSION_ROOFARENA.TXT	3	a1s2_rayne_44.wav	pending		
dialogue:A1_MANSION_ROOFARENA.TXT:4:a1s2_rayne_45.wav	dialogue-unit:9a067d62992d27d8	A1_MANSION_ROOFARENA.TXT	4	a1s2_rayne_45.wav	pending		
dialogue:A1_MANSION_ROOFARENA.TXT:5:a1s2_rayne_46.wav	dialogue-unit:055db1731f35eba1	A1_MANSION_ROOFARENA.TXT	5	a1s2_rayne_46.wav	pending		
dialogue:A1_MANSION_ROOFARENA.TXT:6:a1s2_rayne_47.wav	dialogue-unit:08d111a61ba5351f	A1_MANSION_ROOFARENA.TXT	6	a1s2_rayne_47.wav	pending		
dialogue:A1_MANSION_ROOFARENA.TXT:7:a1s2_rayne_48.wav	dialogue-unit:52dec814a91e0ead	A1_MANSION_ROOFARENA.TXT	7	a1s2_rayne_48.wav	pending		
dialogue:A1_MANSION_ROOFARENA.TXT:8:a1s2_severin_23.wav	dialogue-unit:ef26c7dc6817bcfe	A1_MANSION_ROOFARENA.TXT	8	a1s2_severin_23.wav	pending		
dialogue:A1_MANSION_ROOFARENA.TXT:9:a1s2_severin_24.wav	dialogue-unit:2c1a7159a0cd1fa3	A1_MANSION_ROOFARENA.TXT	9	a1s2_severin_24.wav	pending		
dialogue:A1_MANSION_ROOFARENA.TXT:10:a1s2_severin_25.wav	dialogue-unit:0428060f67d282f6	A1_MANSION_ROOFARENA.TXT	10	a1s2_severin_25.wav	pending		
dialogue:A1_MANSION_ROOFARENA.TXT:11:a1s2_severin_26.wav	dialogue-unit:9144feb68adafd0f	A1_MANSION_ROOFARENA.TXT	11	a1s2_severin_26.wav	pending		
dialogue:A1_MANSION_ROOFARENA.TXT:12:a1s2_severin_27.wav	dialogue-unit:4a57040b0267f723	A1_MANSION_ROOFARENA.TXT	12	a1s2_severin_27.wav	pending		
dialogue:A1_MANSION_ROOFARENA.TXT:13:a1s2_severin_28.wav	dialogue-unit:859f6cdc9d50026e	A1_MANSION_ROOFARENA.TXT	13	a1s2_severin_28.wav	pending		
dialogue:A1_MANSION_ROOFARENA.TXT:14:a1s2_zerenzki_18.wav	dialogue-unit:4c4c5f480a68a2e4	A1_MANSION_ROOFARENA.TXT	14	a1s2_zerenzki_18.wav	pending		
dialogue:A1_MANSION_ROOFARENA.TXT:15:a1s2_zerenzki_19.wav	dialogue-unit:2a0129332b494079	A1_MANSION_ROOFARENA.TXT	15	a1s2_zerenzki_19.wav	pending		
dialogue:A1_MANSION_ROOFARENA.TXT:16:missiondescription	dialogue-unit:332e594c13c33e54	A1_MANSION_ROOFARENA.TXT	16	missiondescription	pending		
dialogue:A1_MANSION_ROOFARENA.TXT:17:missionobjective	dialogue-unit:7902f535798ff1a5	A1_MANSION_ROOFARENA.TXT	17	missionobjective	pending		
dialogue:A1_MANSION_ROOFARENA.TXT:18:ost_tute_aura1	dialogue-unit:96629f40b78b4e6a	A1_MANSION_ROOFARENA.TXT	18	ost_tute_aura1	pending		
dialogue:A1_MANSION_ROOFARENA.TXT:19:ost_tute_rage	dialogue-unit:a4f1f1edd38b9326	A1_MANSION_ROOFARENA.TXT	19	ost_tute_rage	pending		
dialogue:A1_MANSION_ROOFARENA.TXT:20:superspeedpower	dialogue-unit:4abeb760aa50e1e6	A1_MANSION_ROOFARENA.TXT	20	superspeedpower	pending		
dialogue:A1_MANSION_ROOFARENA.TXT:21:zhelp	dialogue-unit:ae18e451a2cae876	A1_MANSION_ROOFARENA.TXT	21	zhelp	pending		
dialogue:A2S1_NEON_BARALLEY.TXT:1:fixme_a2s1_dhamp1.wav	dialogue-unit:1d5339fd3e657516	A2S1_NEON_BARALLEY.TXT	1	fixme_a2s1_dhamp1.wav	pending		
dialogue:A2S1_NEON_BARALLEY.TXT:2:fixme_a2s1_dhamp2.wav	dialogue-unit:bffd5d719b8045d4	A2S1_NEON_BARALLEY.TXT	2	fixme_a2s1_dhamp2.wav	pending		
dialogue:A2S1_NEON_BARALLEY.TXT:3:fixme_a2s1_rayne1.wav	dialogue-unit:dc50b226a127f547	A2S1_NEON_BARALLEY.TXT	3	fixme_a2s1_rayne1.wav	pending		
dialogue:A2S1_NEON_BARALLEY.TXT:4:fixme_a2s1_rayne2.wav	dialogue-unit:abfd96dc0d01f822	A2S1_NEON_BARALLEY.TXT	4	fixme_a2s1_rayne2.wav	pending		
dialogue:A2S1_NEON_BARALLEY.TXT:5:fixme_a2s1_rayne3.wav	dialogue-unit:cf2d63620a547ea8	A2S1_NEON_BARALLEY.TXT	5	fixme_a2s1_rayne3.wav	pending		
dialogue:A2S1_NEON_BARALLEY.TXT:6:fixme_a2s1_rayne4.wav	dialogue-unit:7e0aee063d53e488	A2S1_NEON_BARALLEY.TXT	6	fixme_a2s1_rayne4.wav	pending		
dialogue:A2S1_NEON_BARALLEY.TXT:7:fixme_a2s1_rayne5.wav	dialogue-unit:8b9cdb9c9166fe3e	A2S1_NEON_BARALLEY.TXT	7	fixme_a2s1_rayne5.wav	pending		
dialogue:A2S1_NEON_BARALLEY.TXT:8:fixme_a2s1_rayne6.wav	dialogue-unit:51ab1f7df8640bc2	A2S1_NEON_BARALLEY.TXT	8	fixme_a2s1_rayne6.wav	pending		
dialogue:A2S1_NEON_BARALLEY.TXT:9:fixme_a2s1_rayne7.wav	dialogue-unit:b5398d149872a97f	A2S1_NEON_BARALLEY.TXT	9	fixme_a2s1_rayne7.wav	pending		
dialogue:A2S1_NEON_BARALLEY.TXT:10:fixme_a2s1_severen1.wav	dialogue-unit:24bd9071f671491e	A2S1_NEON_BARALLEY.TXT	10	fixme_a2s1_severen1.wav	pending		
dialogue:A2S1_NEON_BARALLEY.TXT:11:fixme_a2s1_severen2.wav	dialogue-unit:0a21da233dcecbf2	A2S1_NEON_BARALLEY.TXT	11	fixme_a2s1_severen2.wav	pending		
dialogue:A2S1_NEON_BARALLEY.TXT:12:fixme_a2s1_severen3.wav	dialogue-unit:b4d5c556adaf38b8	A2S1_NEON_BARALLEY.TXT	12	fixme_a2s1_severen3.wav	pending		
dialogue:A2S1_NEON_BARALLEY.TXT:13:fixme_a2s1_thug1.wav	dialogue-unit:0e23dc6d4b34a742	A2S1_NEON_BARALLEY.TXT	13	fixme_a2s1_thug1.wav	pending		
dialogue:A2S1_NEON_BARALLEY.TXT:14:fixme_a2s1_thug2.wav	dialogue-unit:56be4121d8733195	A2S1_NEON_BARALLEY.TXT	14	fixme_a2s1_thug2.wav	pending		
dialogue:A2S1_NEON_BARALLEY.TXT:15:fixme_a2s1_thug3.wav	dialogue-unit:0981f55c98f77f6a	A2S1_NEON_BARALLEY.TXT	15	fixme_a2s1_thug3.wav	pending		
dialogue:A2S1_NEON_BARALLEY.TXT:16:fixme_a2s1_thug4.wav	dialogue-unit:895e0cfe70b59d90	A2S1_NEON_BARALLEY.TXT	16	fixme_a2s1_thug4.wav	pending		
dialogue:A2S1_NEON_BARALLEY.TXT:17:missiondescription	dialogue-unit:273a843077582acd	A2S1_NEON_BARALLEY.TXT	17	missiondescription	pending		
dialogue:A2S1_NEON_BARALLEY.TXT:18:objectivedhampir	dialogue-unit:3f04ad9404366c2b	A2S1_NEON_BARALLEY.TXT	18	objectivedhampir	pending		
dialogue:A2S1_NEON_BARALLEY.TXT:19:objectivefindturnkey	dialogue-unit:859a8d606c0ee24f	A2S1_NEON_BARALLEY.TXT	19	objectivefindturnkey	pending		
dialogue:A2S1_NEON_BARALLEY.TXT:20:objectivesearch	dialogue-unit:e07e8da8d81157c2	A2S1_NEON_BARALLEY.TXT	20	objectivesearch	pending		
dialogue:A2S1_NEON_BARALLEY.TXT:21:objectivetosciencelab	dialogue-unit:ed1e27bbd92f3119	A2S1_NEON_BARALLEY.TXT	21	objectivetosciencelab	pending		
dialogue:A2S1_NEON_BARALLEY.TXT:22:ost_dhampir_killed	dialogue-unit:de6d5e853a32071d	A2S1_NEON_BARALLEY.TXT	22	ost_dhampir_killed	pending		
dialogue:A2S1_NEON_BARALLEY.TXT:23:ost_door_ward	dialogue-unit:6c039dde84177989	A2S1_NEON_BARALLEY.TXT	23	ost_door_ward	pending		
dialogue:A2S1_NEON_BARALLEY.TXT:24:ost_explosives_need	dialogue-unit:ae46a8dfbe98f07a	A2S1_NEON_BARALLEY.TXT	24	ost_explosives_need	pending		
dialogue:A2S1_NEON_BARALLEY.TXT:25:ost_explosives_obtained	dialogue-unit:8880218337cf501a	A2S1_NEON_BARALLEY.TXT	25	ost_explosives_obtained	pending		
dialogue:A2S1_NEON_BARALLEY.TXT:26:ost_explosives_used	dialogue-unit:201e012d67e51336	A2S1_NEON_BARALLEY.TXT	26	ost_explosives_used	pending		
dialogue:A2S1_NEON_BARALLEY.TXT:27:ost_vamprm	dialogue-unit:1a36221fb179c98b	A2S1_NEON_BARALLEY.TXT	27	ost_vamprm	pending		
dialogue:A2S2_NEON_STREETSA.TXT:1:fixme_a2s2_dhamp0.wav	dialogue-unit:77c9a72d88d1795f	A2S2_NEON_STREETSA.TXT	1	fixme_a2s2_dhamp0.wav	pending		
dialogue:A2S2_NEON_STREETSA.TXT:2:fixme_a2s2_dhamp0a.wav	dialogue-unit:261e78ab24f74210	A2S2_NEON_STREETSA.TXT	2	fixme_a2s2_dhamp0a.wav	pending		
dialogue:A2S2_NEON_STREETSA.TXT:3:fixme_a2s2_dhamp1.wav	dialogue-unit:b7ae43a99706e787	A2S2_NEON_STREETSA.TXT	3	fixme_a2s2_dhamp1.wav	pending		
dialogue:A2S2_NEON_STREETSA.TXT:4:fixme_a2s2_dhamp2.wav	dialogue-unit:559eafe609880ad8	A2S2_NEON_STREETSA.TXT	4	fixme_a2s2_dhamp2.wav	pending		
dialogue:A2S2_NEON_STREETSA.TXT:5:fixme_a2s2_dhamp3.wav	dialogue-unit:aaee2f69e9e45879	A2S2_NEON_STREETSA.TXT	5	fixme_a2s2_dhamp3.wav	pending		
dialogue:A2S2_NEON_STREETSA.TXT:6:fixme_a2s2_dhamp4.wav	dialogue-unit:28703944ed715ee3	A2S2_NEON_STREETSA.TXT	6	fixme_a2s2_dhamp4.wav	pending		
dialogue:A2S2_NEON_STREETSA.TXT:7:fixme_a2s2_punk1.wav	dialogue-unit:10edfdb5acf096ce	A2S2_NEON_STREETSA.TXT	7	fixme_a2s2_punk1.wav	pending		
dialogue:A2S2_NEON_STREETSA.TXT:8:fixme_a2s2_rayne1.wav	dialogue-unit:63c1a25fce1d2924	A2S2_NEON_STREETSA.TXT	8	fixme_a2s2_rayne1.wav	pending		
dialogue:A2S2_NEON_STREETSA.TXT:9:missiondescription	dialogue-unit:23e801aea35867cd	A2S2_NEON_STREETSA.TXT	9	missiondescription	pending		
dialogue:A2S2_NEON_STREETSA.TXT:10:objectivedhampir	dialogue-unit:1b41147a831e49de	A2S2_NEON_STREETSA.TXT	10	objectivedhampir	pending		
dialogue:A2S2_NEON_STREETSA.TXT:11:ost_dhampir_killed	dialogue-unit:5be4cb7761f9c8a8	A2S2_NEON_STREETSA.TXT	11	ost_dhampir_killed	pending		
dialogue:A2S2_NEON_STREETSA.TXT:12:ost_door_ward	dialogue-unit:156b0ec32bfd6697	A2S2_NEON_STREETSA.TXT	12	ost_door_ward	pending		
dialogue:A2S2_NEON_STREETSA.TXT:13:ost_explosives_need	dialogue-unit:ae46a8dfbe98f07a	A2S2_NEON_STREETSA.TXT	13	ost_explosives_need	pending		
dialogue:A2S2_NEON_STREETSA.TXT:14:ost_explosives_obtained	dialogue-unit:8880218337cf501a	A2S2_NEON_STREETSA.TXT	14	ost_explosives_obtained	pending		
dialogue:A2S2_NEON_STREETSA.TXT:15:ost_explosives_used	dialogue-unit:201e012d67e51336	A2S2_NEON_STREETSA.TXT	15	ost_explosives_used	pending		
dialogue:A2S2_NEON_STREETSA.TXT:16:ost_vamprm	dialogue-unit:1a36221fb179c98b	A2S2_NEON_STREETSA.TXT	16	ost_vamprm	pending		
dialogue:A2S2_NEON_STREETSB.TXT:1:fixme_a2s2b_dhamp1.wav	dialogue-unit:921cc23dd5e20358	A2S2_NEON_STREETSB.TXT	1	fixme_a2s2b_dhamp1.wav	pending		
dialogue:A2S2_NEON_STREETSB.TXT:2:fixme_a2s2b_rayne1.wav	dialogue-unit:ddcff8d472558b78	A2S2_NEON_STREETSB.TXT	2	fixme_a2s2b_rayne1.wav	pending		
dialogue:A2S2_NEON_STREETSB.TXT:3:fixme_a2s2b_severin2.wav	dialogue-unit:039d12ac56860ad1	A2S2_NEON_STREETSB.TXT	3	fixme_a2s2b_severin2.wav	pending		
dialogue:A2S2_NEON_STREETSB.TXT:4:missiondescription	dialogue-unit:840cbc900afd9da5	A2S2_NEON_STREETSB.TXT	4	missiondescription	pending		
dialogue:A2S2_NEON_STREETSB.TXT:5:objectivedhampir	dialogue-unit:3f04ad9404366c2b	A2S2_NEON_STREETSB.TXT	5	objectivedhampir	pending		
dialogue:A2S2_NEON_STREETSB.TXT:6:ost_dhampir_killed	dialogue-unit:de6d5e853a32071d	A2S2_NEON_STREETSB.TXT	6	ost_dhampir_killed	pending		
dialogue:A2S2_NEON_STREETSB.TXT:7:ost_door_ward	dialogue-unit:6c039dde84177989	A2S2_NEON_STREETSB.TXT	7	ost_door_ward	pending		
dialogue:A2S2_NEON_STREETSB.TXT:8:ost_explosives_need	dialogue-unit:ae46a8dfbe98f07a	A2S2_NEON_STREETSB.TXT	8	ost_explosives_need	pending		
dialogue:A2S2_NEON_STREETSB.TXT:9:ost_explosives_obtained	dialogue-unit:8880218337cf501a	A2S2_NEON_STREETSB.TXT	9	ost_explosives_obtained	pending		
dialogue:A2S2_NEON_STREETSB.TXT:10:ost_explosives_used	dialogue-unit:201e012d67e51336	A2S2_NEON_STREETSB.TXT	10	ost_explosives_used	pending		
dialogue:A2S2_NEON_STREETSB.TXT:11:ost_vamprm	dialogue-unit:1a36221fb179c98b	A2S2_NEON_STREETSB.TXT	11	ost_vamprm	pending		
dialogue:A2S3_NEON_SUBWAY.TXT:1:fixme_a2s3_brute01	dialogue-unit:12310f12c6f18d83	A2S3_NEON_SUBWAY.TXT	1	fixme_a2s3_brute01	pending		
dialogue:A2S3_NEON_SUBWAY.TXT:2:fixme_a2s3_brute02	dialogue-unit:28d82495c2a7cd2b	A2S3_NEON_SUBWAY.TXT	2	fixme_a2s3_brute02	pending		
dialogue:A2S3_NEON_SUBWAY.TXT:3:fixme_a2s3_brute03	dialogue-unit:55a2ec487cdf382f	A2S3_NEON_SUBWAY.TXT	3	fixme_a2s3_brute03	pending		
dialogue:A2S3_NEON_SUBWAY.TXT:4:fixme_a2s3_brute04	dialogue-unit:fe693c1a8ef07e11	A2S3_NEON_SUBWAY.TXT	4	fixme_a2s3_brute04	pending		
dialogue:A2S3_NEON_SUBWAY.TXT:5:fixme_a2s3_civilian01	dialogue-unit:e0369f93fe0e1ae4	A2S3_NEON_SUBWAY.TXT	5	fixme_a2s3_civilian01	pending		
dialogue:A2S3_NEON_SUBWAY.TXT:6:fixme_a2s3_civilian02	dialogue-unit:da0da2f21c82d5e8	A2S3_NEON_SUBWAY.TXT	6	fixme_a2s3_civilian02	pending		
dialogue:A2S3_NEON_SUBWAY.TXT:7:fixme_a2s3_civilian03	dialogue-unit:cbff03693af9feb5	A2S3_NEON_SUBWAY.TXT	7	fixme_a2s3_civilian03	pending		
dialogue:A2S3_NEON_SUBWAY.TXT:8:fixme_a2s3_civilian04	dialogue-unit:8ede0290be8ced11	A2S3_NEON_SUBWAY.TXT	8	fixme_a2s3_civilian04	pending		
dialogue:A2S3_NEON_SUBWAY.TXT:9:fixme_a2s3_civilian05	dialogue-unit:e5b3a6a69f4cdf89	A2S3_NEON_SUBWAY.TXT	9	fixme_a2s3_civilian05	pending		
dialogue:A2S3_NEON_SUBWAY.TXT:10:fixme_a2s3_civilian06	dialogue-unit:806963465fe56eb3	A2S3_NEON_SUBWAY.TXT	10	fixme_a2s3_civilian06	pending		
dialogue:A2S3_NEON_SUBWAY.TXT:11:fixme_a2s3_civilian07	dialogue-unit:e1e6a93db26a088d	A2S3_NEON_SUBWAY.TXT	11	fixme_a2s3_civilian07	pending		
dialogue:A2S3_NEON_SUBWAY.TXT:12:fixme_a2s3_civilian08	dialogue-unit:8a7a18e4638c0f84	A2S3_NEON_SUBWAY.TXT	12	fixme_a2s3_civilian08	pending		
dialogue:A2S3_NEON_SUBWAY.TXT:13:fixme_a2s3_civilian09	dialogue-unit:8a7a18e4638c0f84	A2S3_NEON_SUBWAY.TXT	13	fixme_a2s3_civilian09	pending		
dialogue:A2S3_NEON_SUBWAY.TXT:14:fixme_a2s3_civilian10	dialogue-unit:8a7a18e4638c0f84	A2S3_NEON_SUBWAY.TXT	14	fixme_a2s3_civilian10	pending		
dialogue:A2S3_NEON_SUBWAY.TXT:15:fixme_a2s3_kestrel01	dialogue-unit:ce4d5e47217b37e5	A2S3_NEON_SUBWAY.TXT	15	fixme_a2s3_kestrel01	pending		
dialogue:A2S3_NEON_SUBWAY.TXT:16:fixme_a2s3_kestrel02	dialogue-unit:8bbbf5650a00a405	A2S3_NEON_SUBWAY.TXT	16	fixme_a2s3_kestrel02	pending		
dialogue:A2S3_NEON_SUBWAY.TXT:17:fixme_a2s3_kestrel03	dialogue-unit:8ab8266874486032	A2S3_NEON_SUBWAY.TXT	17	fixme_a2s3_kestrel03	pending		
dialogue:A2S3_NEON_SUBWAY.TXT:18:fixme_a2s3_kestrel04	dialogue-unit:bd4291ef202ab68e	A2S3_NEON_SUBWAY.TXT	18	fixme_a2s3_kestrel04	pending		
dialogue:A2S3_NEON_SUBWAY.TXT:19:fixme_a2s3_kestrel05	dialogue-unit:c4bf6f59c88df10e	A2S3_NEON_SUBWAY.TXT	19	fixme_a2s3_kestrel05	pending		
dialogue:A2S3_NEON_SUBWAY.TXT:20:fixme_a2s3_kestrel06	dialogue-unit:a70ddab55154b7c7	A2S3_NEON_SUBWAY.TXT	20	fixme_a2s3_kestrel06	pending		
dialogue:A2S3_NEON_SUBWAY.TXT:21:fixme_a2s3_kestrel07	dialogue-unit:b897308f86c96abb	A2S3_NEON_SUBWAY.TXT	21	fixme_a2s3_kestrel07	pending		
dialogue:A2S3_NEON_SUBWAY.TXT:22:fixme_a2s3_kestrel08	dialogue-unit:059620a173609dcb	A2S3_NEON_SUBWAY.TXT	22	fixme_a2s3_kestrel08	pending		
dialogue:A2S3_NEON_SUBWAY.TXT:23:fixme_a2s3_kestrel09	dialogue-unit:059620a173609dcb	A2S3_NEON_SUBWAY.TXT	23	fixme_a2s3_kestrel09	pending		
dialogue:A2S3_NEON_SUBWAY.TXT:24:fixme_a2s3_kestrel10	dialogue-unit:059620a173609dcb	A2S3_NEON_SUBWAY.TXT	24	fixme_a2s3_kestrel10	pending		
dialogue:A2S3_NEON_SUBWAY.TXT:25:fixme_a2s3_kestrel11	dialogue-unit:059620a173609dcb	A2S3_NEON_SUBWAY.TXT	25	fixme_a2s3_kestrel11	pending		
dialogue:A2S3_NEON_SUBWAY.TXT:26:fixme_a2s3_punk01	dialogue-unit:aa7acc70992542de	A2S3_NEON_SUBWAY.TXT	26	fixme_a2s3_punk01	pending		
dialogue:A2S3_NEON_SUBWAY.TXT:27:fixme_a2s3_punk02	dialogue-unit:da21d8bbb723c4d8	A2S3_NEON_SUBWAY.TXT	27	fixme_a2s3_punk02	pending		
dialogue:A2S3_NEON_SUBWAY.TXT:28:fixme_a2s3_punk03	dialogue-unit:285baf4721eaa2e8	A2S3_NEON_SUBWAY.TXT	28	fixme_a2s3_punk03	pending		
dialogue:A2S3_NEON_SUBWAY.TXT:29:fixme_a2s3_punk04	dialogue-unit:c97cc00320047eeb	A2S3_NEON_SUBWAY.TXT	29	fixme_a2s3_punk04	pending		
dialogue:A2S3_NEON_SUBWAY.TXT:30:fixme_a2s3_punk05	dialogue-unit:f7c08676572a28cc	A2S3_NEON_SUBWAY.TXT	30	fixme_a2s3_punk05	pending		
dialogue:A2S3_NEON_SUBWAY.TXT:31:fixme_a2s3_punk06	dialogue-unit:8b21b60bc9312981	A2S3_NEON_SUBWAY.TXT	31	fixme_a2s3_punk06	pending		
dialogue:A2S3_NEON_SUBWAY.TXT:32:fixme_a2s3_punk07	dialogue-unit:36e9cec50352c56a	A2S3_NEON_SUBWAY.TXT	32	fixme_a2s3_punk07	pending		
dialogue:A2S3_NEON_SUBWAY.TXT:33:fixme_a2s3_punk08	dialogue-unit:8f3520bb4c1c933c	A2S3_NEON_SUBWAY.TXT	33	fixme_a2s3_punk08	pending		
dialogue:A2S3_NEON_SUBWAY.TXT:34:fixme_a2s3_punk09	dialogue-unit:9154633b062c9cdb	A2S3_NEON_SUBWAY.TXT	34	fixme_a2s3_punk09	pending		
dialogue:A2S3_NEON_SUBWAY.TXT:35:fixme_a2s3_punk10	dialogue-unit:0ae2d7173d94b3e4	A2S3_NEON_SUBWAY.TXT	35	fixme_a2s3_punk10	pending		
dialogue:A2S3_NEON_SUBWAY.TXT:36:fixme_a2s3_punk11	dialogue-unit:52fec8539324b474	A2S3_NEON_SUBWAY.TXT	36	fixme_a2s3_punk11	pending		
dialogue:A2S3_NEON_SUBWAY.TXT:37:fixme_a2s3_rayne01	dialogue-unit:fb95276da6efc7c6	A2S3_NEON_SUBWAY.TXT	37	fixme_a2s3_rayne01	pending		
dialogue:A2S3_NEON_SUBWAY.TXT:38:fixme_a2s3_rayne02	dialogue-unit:de52ab79c9acddc4	A2S3_NEON_SUBWAY.TXT	38	fixme_a2s3_rayne02	pending		
dialogue:A2S3_NEON_SUBWAY.TXT:39:fixme_a2s3_rayne03	dialogue-unit:c2bd498de2d42184	A2S3_NEON_SUBWAY.TXT	39	fixme_a2s3_rayne03	pending		
dialogue:A2S3_NEON_SUBWAY.TXT:40:fixme_a2s3_rayne03a	dialogue-unit:b76d8240f04c2d72	A2S3_NEON_SUBWAY.TXT	40	fixme_a2s3_rayne03a	pending		
dialogue:A2S3_NEON_SUBWAY.TXT:41:fixme_a2s3_rayne04	dialogue-unit:05e446e1289d27ce	A2S3_NEON_SUBWAY.TXT	41	fixme_a2s3_rayne04	pending		
dialogue:A2S3_NEON_SUBWAY.TXT:42:fixme_a2s3_rayne05	dialogue-unit:2c75ae03a2c5f1c9	A2S3_NEON_SUBWAY.TXT	42	fixme_a2s3_rayne05	pending		
dialogue:A2S3_NEON_SUBWAY.TXT:43:fixme_a2s3_rayne06	dialogue-unit:484c5f9597022455	A2S3_NEON_SUBWAY.TXT	43	fixme_a2s3_rayne06	pending		
dialogue:A2S3_NEON_SUBWAY.TXT:44:fixme_a2s3_rayne07	dialogue-unit:d307db040d84ad26	A2S3_NEON_SUBWAY.TXT	44	fixme_a2s3_rayne07	pending		
dialogue:A2S3_NEON_SUBWAY.TXT:45:fixme_a2s3_rayne08	dialogue-unit:6e1844d16fd18562	A2S3_NEON_SUBWAY.TXT	45	fixme_a2s3_rayne08	pending		
dialogue:A2S3_NEON_SUBWAY.TXT:46:fixme_a2s3_rayne09	dialogue-unit:45c602684aeba386	A2S3_NEON_SUBWAY.TXT	46	fixme_a2s3_rayne09	pending		
dialogue:A2S3_NEON_SUBWAY.TXT:47:fixme_a2s3_rayne10	dialogue-unit:8e76529ad3937148	A2S3_NEON_SUBWAY.TXT	47	fixme_a2s3_rayne10	pending		
dialogue:A2S3_NEON_SUBWAY.TXT:48:fixme_a2s3_rayne11	dialogue-unit:50164c59a47baed8	A2S3_NEON_SUBWAY.TXT	48	fixme_a2s3_rayne11	pending		
dialogue:A2S3_NEON_SUBWAY.TXT:49:fixme_a2s3_rayne12	dialogue-unit:fc79dbba930b5d8a	A2S3_NEON_SUBWAY.TXT	49	fixme_a2s3_rayne12	pending		
dialogue:A2S3_NEON_SUBWAY.TXT:50:fixme_a2s3_rayne13	dialogue-unit:c90f16eabcabb40d	A2S3_NEON_SUBWAY.TXT	50	fixme_a2s3_rayne13	pending		
dialogue:A2S3_NEON_SUBWAY.TXT:51:fixme_a2s3_rayne14	dialogue-unit:d8e3d3fb967b6141	A2S3_NEON_SUBWAY.TXT	51	fixme_a2s3_rayne14	pending		
dialogue:A2S3_NEON_SUBWAY.TXT:52:fixme_a2s3_rayne15	dialogue-unit:9a8f751456c8f8cf	A2S3_NEON_SUBWAY.TXT	52	fixme_a2s3_rayne15	pending		
dialogue:A2S3_NEON_SUBWAY.TXT:53:fixme_a2s3_severin01	dialogue-unit:b0e78cf13d259fc6	A2S3_NEON_SUBWAY.TXT	53	fixme_a2s3_severin01	pending		
dialogue:A2S3_NEON_SUBWAY.TXT:54:fixme_a2s3_severin02	dialogue-unit:6e535b443f1b2ee2	A2S3_NEON_SUBWAY.TXT	54	fixme_a2s3_severin02	pending		
dialogue:A2S3_NEON_SUBWAY.TXT:55:fixme_a2s3_severin03	dialogue-unit:5bc54cd3005fbfc7	A2S3_NEON_SUBWAY.TXT	55	fixme_a2s3_severin03	pending		
dialogue:A2S3_NEON_SUBWAY.TXT:56:fixme_a2s3_severin03a	dialogue-unit:7a4154087abd31a2	A2S3_NEON_SUBWAY.TXT	56	fixme_a2s3_severin03a	pending		
dialogue:A2S3_NEON_SUBWAY.TXT:57:fixme_a2s3_severin04	dialogue-unit:5244f0178328279b	A2S3_NEON_SUBWAY.TXT	57	fixme_a2s3_severin04	pending		
dialogue:A2S3_NEON_SUBWAY.TXT:58:fixme_a2s3_severin05	dialogue-unit:ac59ef966c784635	A2S3_NEON_SUBWAY.TXT	58	fixme_a2s3_severin05	pending		
dialogue:A2S3_NEON_SUBWAY.TXT:59:fixme_a2s3_severin06	dialogue-unit:ac59ef966c784635	A2S3_NEON_SUBWAY.TXT	59	fixme_a2s3_severin06	pending		
dialogue:A2S3_NEON_SUBWAY.TXT:60:fixme_a2s3_severin07	dialogue-unit:ac59ef966c784635	A2S3_NEON_SUBWAY.TXT	60	fixme_a2s3_severin07	pending		
dialogue:A2S3_NEON_SUBWAY.TXT:61:fixme_a2s3_severin08	dialogue-unit:ac59ef966c784635	A2S3_NEON_SUBWAY.TXT	61	fixme_a2s3_severin08	pending		
dialogue:A2S3_NEON_SUBWAY.TXT:62:fixme_a2s3_severin09	dialogue-unit:ac59ef966c784635	A2S3_NEON_SUBWAY.TXT	62	fixme_a2s3_severin09	pending		
dialogue:A2S3_NEON_SUBWAY.TXT:63:fixme_a2s3_severin10	dialogue-unit:ac59ef966c784635	A2S3_NEON_SUBWAY.TXT	63	fixme_a2s3_severin10	pending		
dialogue:A2S3_NEON_SUBWAY.TXT:64:fixme_a2s3_severin11	dialogue-unit:ac59ef966c784635	A2S3_NEON_SUBWAY.TXT	64	fixme_a2s3_severin11	pending		
dialogue:A2S3_NEON_SUBWAY.TXT:65:missiondescription	dialogue-unit:31cc98ca5cac0dd9	A2S3_NEON_SUBWAY.TXT	65	missiondescription	pending		
dialogue:A2S3_NEON_SUBWAY.TXT:66:objectivehumans	dialogue-unit:b92aacd2e4127405	A2S3_NEON_SUBWAY.TXT	66	objectivehumans	pending		
dialogue:A2S3_NEON_SUBWAY.TXT:67:ost_boss_info	dialogue-unit:0709a8605b3423a2	A2S3_NEON_SUBWAY.TXT	67	ost_boss_info	pending		
dialogue:A2S3_NEON_SUBWAY.TXT:68:ost_dhampir_killed	dialogue-unit:f3c53e5521dee4b4	A2S3_NEON_SUBWAY.TXT	68	ost_dhampir_killed	pending		
dialogue:A2S3_NEON_SUBWAY.TXT:69:ost_door_ward	dialogue-unit:6c039dde84177989	A2S3_NEON_SUBWAY.TXT	69	ost_door_ward	pending		
dialogue:A2S3_NEON_SUBWAY.TXT:70:ost_explosives_need	dialogue-unit:ae46a8dfbe98f07a	A2S3_NEON_SUBWAY.TXT	70	ost_explosives_need	pending		
dialogue:A2S3_NEON_SUBWAY.TXT:71:ost_explosives_obtained	dialogue-unit:8880218337cf501a	A2S3_NEON_SUBWAY.TXT	71	ost_explosives_obtained	pending		
dialogue:A2S3_NEON_SUBWAY.TXT:72:ost_explosives_used	dialogue-unit:201e012d67e51336	A2S3_NEON_SUBWAY.TXT	72	ost_explosives_used	pending		
dialogue:A2S3_NEON_SUBWAY.TXT:73:ost_goodie_obtained	dialogue-unit:5ea92532f47f261a	A2S3_NEON_SUBWAY.TXT	73	ost_goodie_obtained	pending		
dialogue:A2S3_NEON_SUBWAY.TXT:74:ost_plat2_sequence_civilian	dialogue-unit:b6da5d2c50590302	A2S3_NEON_SUBWAY.TXT	74	ost_plat2_sequence_civilian	pending		
dialogue:A2S3_NEON_SUBWAY.TXT:75:ost_plat2_sequence_gate	dialogue-unit:a63fa13491ae770d	A2S3_NEON_SUBWAY.TXT	75	ost_plat2_sequence_gate	pending		
dialogue:A2S3_NEON_SUBWAY.TXT:76:ost_vamprm	dialogue-unit:1a36221fb179c98b	A2S3_NEON_SUBWAY.TXT	76	ost_vamprm	pending		
dialogue:A2S5_NEON_DEMOSITE.TXT:1:fixme_a2s1_dhamp1.wav	dialogue-unit:db907b6a23b32907	A2S5_NEON_DEMOSITE.TXT	1	fixme_a2s1_dhamp1.wav	pending		
dialogue:A2S5_NEON_DEMOSITE.TXT:2:fixme_a2s1_dhamp2.wav	dialogue-unit:bf895b5b01bcffb8	A2S5_NEON_DEMOSITE.TXT	2	fixme_a2s1_dhamp2.wav	pending		
dialogue:A2S5_NEON_DEMOSITE.TXT:3:fixme_a2s1_rayne1.wav	dialogue-unit:4d9d0161337cba42	A2S5_NEON_DEMOSITE.TXT	3	fixme_a2s1_rayne1.wav	pending		
dialogue:A2S5_NEON_DEMOSITE.TXT:4:fixme_a2s1_rayne2.wav	dialogue-unit:5e630e794f64bb18	A2S5_NEON_DEMOSITE.TXT	4	fixme_a2s1_rayne2.wav	pending		
dialogue:A2S5_NEON_DEMOSITE.TXT:5:missiondescription	dialogue-unit:0d09dd1fe940d029	A2S5_NEON_DEMOSITE.TXT	5	missiondescription	pending		
dialogue:A2S5_NEON_DEMOSITE.TXT:6:objectivedhampir	dialogue-unit:3f04ad9404366c2b	A2S5_NEON_DEMOSITE.TXT	6	objectivedhampir	pending		
dialogue:A2S5_NEON_DEMOSITE.TXT:7:objectivefindturnkey	dialogue-unit:859a8d606c0ee24f	A2S5_NEON_DEMOSITE.TXT	7	objectivefindturnkey	pending		
dialogue:A2S5_NEON_DEMOSITE.TXT:8:objectivesearch	dialogue-unit:e07e8da8d81157c2	A2S5_NEON_DEMOSITE.TXT	8	objectivesearch	pending		
dialogue:A2S5_NEON_DEMOSITE.TXT:9:objectivetosciencelab	dialogue-unit:ed1e27bbd92f3119	A2S5_NEON_DEMOSITE.TXT	9	objectivetosciencelab	pending		
dialogue:A2S5_NEON_DEMOSITE.TXT:10:ost_dhampir_killed	dialogue-unit:de6d5e853a32071d	A2S5_NEON_DEMOSITE.TXT	10	ost_dhampir_killed	pending		
dialogue:A2S5_NEON_DEMOSITE.TXT:11:ost_door_ward	dialogue-unit:6c039dde84177989	A2S5_NEON_DEMOSITE.TXT	11	ost_door_ward	pending		
dialogue:A2S5_NEON_DEMOSITE.TXT:12:ost_explosives_need	dialogue-unit:ae46a8dfbe98f07a	A2S5_NEON_DEMOSITE.TXT	12	ost_explosives_need	pending		
dialogue:A2S5_NEON_DEMOSITE.TXT:13:ost_explosives_obtained	dialogue-unit:8880218337cf501a	A2S5_NEON_DEMOSITE.TXT	13	ost_explosives_obtained	pending		
dialogue:A2S5_NEON_DEMOSITE.TXT:14:ost_explosives_used	dialogue-unit:201e012d67e51336	A2S5_NEON_DEMOSITE.TXT	14	ost_explosives_used	pending		
dialogue:A2S5_NEON_DEMOSITE.TXT:15:ost_vamprm	dialogue-unit:1a36221fb179c98b	A2S5_NEON_DEMOSITE.TXT	15	ost_vamprm	pending		
dialogue:A2_MEATPACKING_1.TXT:1:a2_minion1_1.wav	dialogue-unit:c0dc444b9e51c20c	A2_MEATPACKING_1.TXT	1	a2_minion1_1.wav	pending		
dialogue:A2_MEATPACKING_1.TXT:2:a2_minion2_1.wav	dialogue-unit:25e075bd128b64db	A2_MEATPACKING_1.TXT	2	a2_minion2_1.wav	pending		
dialogue:A2_MEATPACKING_1.TXT:3:a2_rayne_10.wav	dialogue-unit:24012a4fec9dc671	A2_MEATPACKING_1.TXT	3	a2_rayne_10.wav	pending		
dialogue:A2_MEATPACKING_1.TXT:4:a2_rayne_6.wav	dialogue-unit:78df30cc868518f9	A2_MEATPACKING_1.TXT	4	a2_rayne_6.wav	pending		
dialogue:A2_MEATPACKING_1.TXT:5:a2_rayne_7.wav	dialogue-unit:fef41d764ca2f3d3	A2_MEATPACKING_1.TXT	5	a2_rayne_7.wav	pending		
dialogue:A2_MEATPACKING_1.TXT:6:a2_rayne_9.wav	dialogue-unit:903379a7746972ab	A2_MEATPACKING_1.TXT	6	a2_rayne_9.wav	pending		
dialogue:A2_MEATPACKING_1.TXT:7:a2_severin_7.wav	dialogue-unit:136afc291d72c677	A2_MEATPACKING_1.TXT	7	a2_severin_7.wav	pending		
dialogue:A2_MEATPACKING_1.TXT:8:a2s1_rayne_10.wav	dialogue-unit:14ad7b99c7b20997	A2_MEATPACKING_1.TXT	8	a2s1_rayne_10.wav	pending		
dialogue:A2_MEATPACKING_1.TXT:9:a2s1_rayne_15.wav	dialogue-unit:8a6de2010247c76c	A2_MEATPACKING_1.TXT	9	a2s1_rayne_15.wav	pending		
dialogue:A2_MEATPACKING_1.TXT:10:a2s1_rayne_19.wav	dialogue-unit:61849f0dd19c701e	A2_MEATPACKING_1.TXT	10	a2s1_rayne_19.wav	pending		
dialogue:A2_MEATPACKING_1.TXT:11:missiondescription	dialogue-unit:1d11d57be2f30608	A2_MEATPACKING_1.TXT	11	missiondescription	pending		
dialogue:A2_MEATPACKING_1.TXT:12:objectivebarexit	dialogue-unit:b63eee346ed01178	A2_MEATPACKING_1.TXT	12	objectivebarexit	pending		
dialogue:A2_MEATPACKING_1.TXT:14:ost_water_damage	dialogue-unit:de390cdab0c0ca6e	A2_MEATPACKING_1.TXT	14	ost_water_damage	pending		
dialogue:A2_MEATPACKING_2.TXT:1:a2_minion1_15.wav	dialogue-unit:607bd472ebda40fd	A2_MEATPACKING_2.TXT	1	a2_minion1_15.wav	pending		
dialogue:A2_MEATPACKING_2.TXT:2:a2_minion1_19.wav	dialogue-unit:5e2059ca70e7dc24	A2_MEATPACKING_2.TXT	2	a2_minion1_19.wav	pending		
dialogue:A2_MEATPACKING_2.TXT:3:a2_minion2_4.wav	dialogue-unit:c9dd466a8098d065	A2_MEATPACKING_2.TXT	3	a2_minion2_4.wav	pending		
dialogue:A2_MEATPACKING_2.TXT:4:a2_rayne_11.wav	dialogue-unit:f6d7fdfe5c6ff0f3	A2_MEATPACKING_2.TXT	4	a2_rayne_11.wav	pending		
dialogue:A2_MEATPACKING_2.TXT:5:a2_rayne_12.wav	dialogue-unit:b6a2f1d7947e2da4	A2_MEATPACKING_2.TXT	5	a2_rayne_12.wav	pending		
dialogue:A2_MEATPACKING_2.TXT:6:a2_rayne_14.wav	dialogue-unit:452516a4ae71289a	A2_MEATPACKING_2.TXT	6	a2_rayne_14.wav	pending		
dialogue:A2_MEATPACKING_2.TXT:7:a2_rayne_19.wav	dialogue-unit:5f40ff2763d2291a	A2_MEATPACKING_2.TXT	7	a2_rayne_19.wav	pending		
dialogue:A2_MEATPACKING_2.TXT:8:a2_rayne_20.wav	dialogue-unit:de1bd4a4691ed0d1	A2_MEATPACKING_2.TXT	8	a2_rayne_20.wav	pending		
dialogue:A2_MEATPACKING_2.TXT:9:a2_rayne_22.wav	dialogue-unit:736fe23b70b13fce	A2_MEATPACKING_2.TXT	9	a2_rayne_22.wav	pending		
dialogue:A2_MEATPACKING_2.TXT:10:a2_rayne_24.wav	dialogue-unit:d195bddf83aa45b1	A2_MEATPACKING_2.TXT	10	a2_rayne_24.wav	pending		
dialogue:A2_MEATPACKING_2.TXT:11:a2_severin_10.wav	dialogue-unit:379a84ec5d2746d4	A2_MEATPACKING_2.TXT	11	a2_severin_10.wav	pending		
dialogue:A2_MEATPACKING_2.TXT:12:a2_severin_11.wav	dialogue-unit:8c4d7b85ba8beeae	A2_MEATPACKING_2.TXT	12	a2_severin_11.wav	pending		
dialogue:A2_MEATPACKING_2.TXT:13:a2_severin_12.wav	dialogue-unit:2312020db942179e	A2_MEATPACKING_2.TXT	13	a2_severin_12.wav	pending		
dialogue:A2_MEATPACKING_2.TXT:14:a2_severin_15.wav	dialogue-unit:2faf317b2606c3fb	A2_MEATPACKING_2.TXT	14	a2_severin_15.wav	pending		
dialogue:A2_MEATPACKING_2.TXT:15:a2_severin_17.wav	dialogue-unit:59a9e30ab34fe730	A2_MEATPACKING_2.TXT	15	a2_severin_17.wav	pending		
dialogue:A2_MEATPACKING_2.TXT:16:a2_severin_18.wav	dialogue-unit:5c0195e620e855e3	A2_MEATPACKING_2.TXT	16	a2_severin_18.wav	pending		
dialogue:A2_MEATPACKING_2.TXT:17:a2_severin_8.wav	dialogue-unit:ea973274a4c7ad26	A2_MEATPACKING_2.TXT	17	a2_severin_8.wav	pending		
dialogue:A2_MEATPACKING_2.TXT:18:a2_severin_9.wav	dialogue-unit:abe56fef575aa4cf	A2_MEATPACKING_2.TXT	18	a2_severin_9.wav	pending		
dialogue:A2_MEATPACKING_2.TXT:19:a2s1_fminion1_10.wav	dialogue-unit:3441e13ed9bf1cfc	A2_MEATPACKING_2.TXT	19	a2s1_fminion1_10.wav	pending		
dialogue:A2_MEATPACKING_2.TXT:20:a2s1_fminion1_11.wav	dialogue-unit:45ff469f6ab04fed	A2_MEATPACKING_2.TXT	20	a2s1_fminion1_11.wav	pending		
dialogue:A2_MEATPACKING_2.TXT:21:a2s1_fminion1_12.wav	dialogue-unit:6511871d6ba96916	A2_MEATPACKING_2.TXT	21	a2s1_fminion1_12.wav	pending		
dialogue:A2_MEATPACKING_2.TXT:22:a2s1_fminion1_16.wav	dialogue-unit:b26aa222f98e0807	A2_MEATPACKING_2.TXT	22	a2s1_fminion1_16.wav	pending		
dialogue:A2_MEATPACKING_2.TXT:23:a2s1_fminion1_17.wav	dialogue-unit:5fea8f1f15ae7331	A2_MEATPACKING_2.TXT	23	a2s1_fminion1_17.wav	pending		
dialogue:A2_MEATPACKING_2.TXT:24:a2s1_fminion1_18.wav	dialogue-unit:1233734fe1d2d751	A2_MEATPACKING_2.TXT	24	a2s1_fminion1_18.wav	pending		
dialogue:A2_MEATPACKING_2.TXT:25:a2s1_fminion1_22.wav	dialogue-unit:fc360ef0ea5667e4	A2_MEATPACKING_2.TXT	25	a2s1_fminion1_22.wav	pending		
dialogue:A2_MEATPACKING_2.TXT:26:a2s1_fminion1_24.wav	dialogue-unit:b279a4f85379a1d0	A2_MEATPACKING_2.TXT	26	a2s1_fminion1_24.wav	pending		
dialogue:A2_MEATPACKING_2.TXT:27:a2s1_fminion1_25.wav	dialogue-unit:a521d262de55fe4e	A2_MEATPACKING_2.TXT	27	a2s1_fminion1_25.wav	pending		
dialogue:A2_MEATPACKING_2.TXT:28:a2s1_fminion1_26.wav	dialogue-unit:7b62b10a6603e60d	A2_MEATPACKING_2.TXT	28	a2s1_fminion1_26.wav	pending		
dialogue:A2_MEATPACKING_2.TXT:29:a2s1_fminion1_8.wav	dialogue-unit:9c6c70fa87b346e7	A2_MEATPACKING_2.TXT	29	a2s1_fminion1_8.wav	pending		
dialogue:A2_MEATPACKING_2.TXT:30:a2s1_fminion1_9.wav	dialogue-unit:8278e7b346033ff0	A2_MEATPACKING_2.TXT	30	a2s1_fminion1_9.wav	pending		
dialogue:A2_MEATPACKING_2.TXT:31:a2s1_fminion2_11.wav	dialogue-unit:0aefa63bd8c024fc	A2_MEATPACKING_2.TXT	31	a2s1_fminion2_11.wav	pending		
dialogue:A2_MEATPACKING_2.TXT:32:a2s1_fminion2_12.wav	dialogue-unit:d74796e5a72a4d97	A2_MEATPACKING_2.TXT	32	a2s1_fminion2_12.wav	pending		
dialogue:A2_MEATPACKING_2.TXT:33:a2s1_fminion2_6.wav	dialogue-unit:b93fa3f6fd1209f7	A2_MEATPACKING_2.TXT	33	a2s1_fminion2_6.wav	pending		
dialogue:A2_MEATPACKING_2.TXT:34:a2s1_fminion2_7.wav	dialogue-unit:8ff587096e8aad58	A2_MEATPACKING_2.TXT	34	a2s1_fminion2_7.wav	pending		
dialogue:A2_MEATPACKING_2.TXT:35:a2s1_kestrel1_1.wav	dialogue-unit:1ba98195f97b92a8	A2_MEATPACKING_2.TXT	35	a2s1_kestrel1_1.wav	pending		
dialogue:A2_MEATPACKING_2.TXT:36:a2s1_kestrel1_11.wav	dialogue-unit:9d9e60385108ade2	A2_MEATPACKING_2.TXT	36	a2s1_kestrel1_11.wav	pending		
dialogue:A2_MEATPACKING_2.TXT:37:a2s1_kestrel1_12.wav	dialogue-unit:9c4a6ed25a970ac1	A2_MEATPACKING_2.TXT	37	a2s1_kestrel1_12.wav	pending		
dialogue:A2_MEATPACKING_2.TXT:38:a2s1_kestrel1_2.wav	dialogue-unit:5a5c789eb56b4a90	A2_MEATPACKING_2.TXT	38	a2s1_kestrel1_2.wav	pending		
dialogue:A2_MEATPACKING_2.TXT:39:a2s1_kestrel1_6.wav	dialogue-unit:6e893ca2dc35d2cd	A2_MEATPACKING_2.TXT	39	a2s1_kestrel1_6.wav	pending		
dialogue:A2_MEATPACKING_2.TXT:40:a2s1_kestrel1_7.wav	dialogue-unit:aadac47da3f3559a	A2_MEATPACKING_2.TXT	40	a2s1_kestrel1_7.wav	pending		
dialogue:A2_MEATPACKING_2.TXT:41:a2s1_kestrel1_8.wav	dialogue-unit:41a318603356d58f	A2_MEATPACKING_2.TXT	41	a2s1_kestrel1_8.wav	pending		
dialogue:A2_MEATPACKING_2.TXT:42:a2s1_kestrel1_9.wav	dialogue-unit:3d00439f1015b516	A2_MEATPACKING_2.TXT	42	a2s1_kestrel1_9.wav	pending		
dialogue:A2_MEATPACKING_2.TXT:43:a2s1_rayne_22.wav	dialogue-unit:445963f0071582cd	A2_MEATPACKING_2.TXT	43	a2s1_rayne_22.wav	pending		
dialogue:A2_MEATPACKING_2.TXT:44:a2s1_rayne_23.wav	dialogue-unit:7bcf67f723f50faf	A2_MEATPACKING_2.TXT	44	a2s1_rayne_23.wav	pending		
dialogue:A2_MEATPACKING_2.TXT:45:a2s1_rayne_28.wav	dialogue-unit:4c0ef06c3295ab2f	A2_MEATPACKING_2.TXT	45	a2s1_rayne_28.wav	pending		
dialogue:A2_MEATPACKING_2.TXT:46:a2s1_rayne_29.wav	dialogue-unit:fbf0410559ac0e6c	A2_MEATPACKING_2.TXT	46	a2s1_rayne_29.wav	pending		
dialogue:A2_MEATPACKING_2.TXT:47:a2s1_rayne_30.wav	dialogue-unit:e52f987825a3d084	A2_MEATPACKING_2.TXT	47	a2s1_rayne_30.wav	pending		
dialogue:A2_MEATPACKING_2.TXT:48:a2s1_rayne_32.wav	dialogue-unit:bc8f33a740995969	A2_MEATPACKING_2.TXT	48	a2s1_rayne_32.wav	pending		
dialogue:A2_MEATPACKING_2.TXT:49:a2s1_rayne_33.wav	dialogue-unit:fb2dc0cd1e18d8d4	A2_MEATPACKING_2.TXT	49	a2s1_rayne_33.wav	pending		
dialogue:A2_MEATPACKING_2.TXT:50:a2s1_rayne_37.wav	dialogue-unit:618a52968ce1d815	A2_MEATPACKING_2.TXT	50	a2s1_rayne_37.wav	pending		
dialogue:A2_MEATPACKING_2.TXT:51:a2s1_rayne_38.wav	dialogue-unit:bb007ac21aa7f6e6	A2_MEATPACKING_2.TXT	51	a2s1_rayne_38.wav	pending		
dialogue:A2_MEATPACKING_2.TXT:52:a2s1_rayne_45.wav	dialogue-unit:487af7540f7922c4	A2_MEATPACKING_2.TXT	52	a2s1_rayne_45.wav	pending		
dialogue:A2_MEATPACKING_2.TXT:53:a2s1_rayne_46.wav	dialogue-unit:dd7559a9ec1d4da7	A2_MEATPACKING_2.TXT	53	a2s1_rayne_46.wav	pending		
dialogue:A2_MEATPACKING_2.TXT:54:a2s1_severin_17.wav	dialogue-unit:d76a3cb8e259f863	A2_MEATPACKING_2.TXT	54	a2s1_severin_17.wav	pending		
dialogue:A2_MEATPACKING_2.TXT:55:a2s1_severin_18.wav	dialogue-unit:0a0eabbc5a295d41	A2_MEATPACKING_2.TXT	55	a2s1_severin_18.wav	pending		
dialogue:A2_MEATPACKING_2.TXT:56:a2s1_severin_19.wav	dialogue-unit:81e5a9fa36d802f4	A2_MEATPACKING_2.TXT	56	a2s1_severin_19.wav	pending		
dialogue:A2_MEATPACKING_2.TXT:57:a2s1_severin_20.wav	dialogue-unit:4068e40d30213916	A2_MEATPACKING_2.TXT	57	a2s1_severin_20.wav	pending		
dialogue:A2_MEATPACKING_2.TXT:58:a2s1_severin_21.wav	dialogue-unit:19058119ad6c1284	A2_MEATPACKING_2.TXT	58	a2s1_severin_21.wav	pending		
dialogue:A2_MEATPACKING_2.TXT:59:a2s1_severin_22.wav	dialogue-unit:b1e155bbc31e8920	A2_MEATPACKING_2.TXT	59	a2s1_severin_22.wav	pending		
dialogue:A2_MEATPACKING_2.TXT:60:a2s1_severin_23.wav	dialogue-unit:46bed1486435cc97	A2_MEATPACKING_2.TXT	60	a2s1_severin_23.wav	pending		
dialogue:A2_MEATPACKING_2.TXT:61:a2s1_severin_29.wav	dialogue-unit:999ebfc1a3199085	A2_MEATPACKING_2.TXT	61	a2s1_severin_29.wav	pending		
dialogue:A2_MEATPACKING_2.TXT:62:a2s1_severin_30.wav	dialogue-unit:b4034068ed6da2e5	A2_MEATPACKING_2.TXT	62	a2s1_severin_30.wav	pending		
dialogue:A2_MEATPACKING_2.TXT:63:a2s1_severin_34.wav	dialogue-unit:122f0ac60ab01c9b	A2_MEATPACKING_2.TXT	63	a2s1_severin_34.wav	pending		
dialogue:A2_MEATPACKING_2.TXT:64:missiondescription	dialogue-unit:3ef8c6e3e7ea0005	A2_MEATPACKING_2.TXT	64	missiondescription	pending		
dialogue:A2_MEATPACKING_2.TXT:65:objectivecrusher	dialogue-unit:0fbbe56598e2f970	A2_MEATPACKING_2.TXT	65	objectivecrusher	pending		
dialogue:A2_MEATPACKING_2.TXT:66:objectivedhampy	dialogue-unit:e65e6c6df7415209	A2_MEATPACKING_2.TXT	66	objectivedhampy	pending		
dialogue:A2_MEATPACKING_2.TXT:67:objectivedocks	dialogue-unit:0f0c3f2e70a81a77	A2_MEATPACKING_2.TXT	67	objectivedocks	pending		
dialogue:A2_MEATPACKING_2.TXT:68:objectiverooftops	dialogue-unit:499f74296a9d2221	A2_MEATPACKING_2.TXT	68	objectiverooftops	pending		
dialogue:A2_MEATPACKING_2.TXT:69:objectivestreets	dialogue-unit:de2346ba7052830d	A2_MEATPACKING_2.TXT	69	objectivestreets	pending		
dialogue:A2_MEATPACKING_2.TXT:70:objectivetunnel	dialogue-unit:7c6cdf126d2fad23	A2_MEATPACKING_2.TXT	70	objectivetunnel	pending		
dialogue:A2_MEATPACKING_2.TXT:71:objectivewave	dialogue-unit:23c650944f3e6402	A2_MEATPACKING_2.TXT	71	objectivewave	pending		
dialogue:A2_MEATPACKING_2.TXT:72:ost_blocked	dialogue-unit:897e94a8e61944ed	A2_MEATPACKING_2.TXT	72	ost_blocked	pending		
dialogue:A2_MEATPACKING_2.TXT:74:ost_tute_env1	dialogue-unit:a7154eca8db74e91	A2_MEATPACKING_2.TXT	74	ost_tute_env1	pending		
dialogue:A2_MEATPACKING_2.TXT:75:ost_tute_env2	dialogue-unit:85313b19d0020b2d	A2_MEATPACKING_2.TXT	75	ost_tute_env2	pending		
dialogue:A2_MEATPACKING_2.TXT:76:ost_tute_rail2	dialogue-unit:b072a8662fc6ea25	A2_MEATPACKING_2.TXT	76	ost_tute_rail2	pending		
dialogue:A2_MEATPACKING_2.TXT:77:ost_tute_wall0	dialogue-unit:c4c015b42ddd4484	A2_MEATPACKING_2.TXT	77	ost_tute_wall0	pending		
dialogue:A2_MEATPACKING_2.TXT:78:ost_tute_wall1	dialogue-unit:f1f4d4787a53ffd0	A2_MEATPACKING_2.TXT	78	ost_tute_wall1	pending		
dialogue:A2_MEATPACKING_2.TXT:79:ost_tute_wall2	dialogue-unit:50bd63a605806610	A2_MEATPACKING_2.TXT	79	ost_tute_wall2	pending		
dialogue:A2_MEATPACKING_2.TXT:80:upgrade_rapidshot	dialogue-unit:b22dd22ad172b44a	A2_MEATPACKING_2.TXT	80	upgrade_rapidshot	pending		
dialogue:A2_SERVICE_TUNNELS.TXT:1:ost_fixme_cantopenthatyet	dialogue-unit:c2607eea7d1d6534	A2_SERVICE_TUNNELS.TXT	1	ost_fixme_cantopenthatyet	pending		
dialogue:A2_SERVICE_TUNNELS.TXT:2:ost_fixme_diebitch	dialogue-unit:494343758a3b4d49	A2_SERVICE_TUNNELS.TXT	2	ost_fixme_diebitch	pending		
dialogue:A2_SEWER_1.TXT:1:a2s1_rayne_31.wav	dialogue-unit:4872d6fe8ed954d1	A2_SEWER_1.TXT	1	a2s1_rayne_31.wav	pending		
dialogue:A2_SEWER_1.TXT:2:a2s3_ffminion110.wav	dialogue-unit:0735b3f17dacd155	A2_SEWER_1.TXT	2	a2s3_ffminion110.wav	pending		
dialogue:A2_SEWER_1.TXT:3:a2s3_ffminion111.wav	dialogue-unit:1d16af7f00eb6bc2	A2_SEWER_1.TXT	3	a2s3_ffminion111.wav	pending		
dialogue:A2_SEWER_1.TXT:4:a2s3_ffminion113.wav	dialogue-unit:b307c4bffe67d08d	A2_SEWER_1.TXT	4	a2s3_ffminion113.wav	pending		
dialogue:A2_SEWER_1.TXT:5:a2s3_ffminion114.wav	dialogue-unit:6b02f3a748bb3e64	A2_SEWER_1.TXT	5	a2s3_ffminion114.wav	pending		
dialogue:A2_SEWER_1.TXT:6:a2s3_ffminion115.wav	dialogue-unit:71dd898695c439f4	A2_SEWER_1.TXT	6	a2s3_ffminion115.wav	pending		
dialogue:A2_SEWER_1.TXT:7:a2s3_ffminion16.wav	dialogue-unit:89e243fb80562da4	A2_SEWER_1.TXT	7	a2s3_ffminion16.wav	pending		
dialogue:A2_SEWER_1.TXT:8:a2s3_ffminion17.wav	dialogue-unit:4e83360dced31bb0	A2_SEWER_1.TXT	8	a2s3_ffminion17.wav	pending		
dialogue:A2_SEWER_1.TXT:9:a2s3_ffminion18.wav	dialogue-unit:7072124b6e8ec3e9	A2_SEWER_1.TXT	9	a2s3_ffminion18.wav	pending		
dialogue:A2_SEWER_1.TXT:10:a2s3_ffminion19.wav	dialogue-unit:34ba67f7553fab6c	A2_SEWER_1.TXT	10	a2s3_ffminion19.wav	pending		
dialogue:A2_SEWER_1.TXT:11:a2s3_ffminion2_1.wav	dialogue-unit:0bd50e6ca1d12895	A2_SEWER_1.TXT	11	a2s3_ffminion2_1.wav	pending		
dialogue:A2_SEWER_1.TXT:12:a2s3_fminion1_1.wav	dialogue-unit:d3336edd7661f28e	A2_SEWER_1.TXT	12	a2s3_fminion1_1.wav	pending		
dialogue:A2_SEWER_1.TXT:13:a2s3_fminion1_10.wav	dialogue-unit:81a77fb9e9bf07b4	A2_SEWER_1.TXT	13	a2s3_fminion1_10.wav	pending		
dialogue:A2_SEWER_1.TXT:14:a2s3_fminion1_11.wav	dialogue-unit:ae169952676757b3	A2_SEWER_1.TXT	14	a2s3_fminion1_11.wav	pending		
dialogue:A2_SEWER_1.TXT:15:a2s3_fminion1_12.wav	dialogue-unit:55a616b2b314aa6c	A2_SEWER_1.TXT	15	a2s3_fminion1_12.wav	pending		
dialogue:A2_SEWER_1.TXT:16:a2s3_fminion1_13.wav	dialogue-unit:aca1867aae83e931	A2_SEWER_1.TXT	16	a2s3_fminion1_13.wav	pending		
dialogue:A2_SEWER_1.TXT:17:a2s3_fminion1_14.wav	dialogue-unit:44f42b6516161fd7	A2_SEWER_1.TXT	17	a2s3_fminion1_14.wav	pending		
dialogue:A2_SEWER_1.TXT:18:a2s3_fminion1_15.wav	dialogue-unit:683a1e4d686313e9	A2_SEWER_1.TXT	18	a2s3_fminion1_15.wav	pending		
dialogue:A2_SEWER_1.TXT:19:a2s3_fminion1_2.wav	dialogue-unit:e7ecae841f300a6a	A2_SEWER_1.TXT	19	a2s3_fminion1_2.wav	pending		
dialogue:A2_SEWER_1.TXT:20:a2s3_fminion1_3.wav	dialogue-unit:a5ac860325f10ce9	A2_SEWER_1.TXT	20	a2s3_fminion1_3.wav	pending		
dialogue:A2_SEWER_1.TXT:21:a2s3_fminion1_4.wav	dialogue-unit:a063f8bcdb4a042c	A2_SEWER_1.TXT	21	a2s3_fminion1_4.wav	pending		
dialogue:A2_SEWER_1.TXT:22:a2s3_fminion1_5.wav	dialogue-unit:6876b80f55979a90	A2_SEWER_1.TXT	22	a2s3_fminion1_5.wav	pending		
dialogue:A2_SEWER_1.TXT:23:a2s3_fminion1_6.wav	dialogue-unit:eac2a7782a4328ab	A2_SEWER_1.TXT	23	a2s3_fminion1_6.wav	pending		
dialogue:A2_SEWER_1.TXT:24:a2s3_fminion1_7.wav	dialogue-unit:31399ba16045e0ee	A2_SEWER_1.TXT	24	a2s3_fminion1_7.wav	pending		
dialogue:A2_SEWER_1.TXT:25:a2s3_fminion1_8.wav	dialogue-unit:f7d79fadf06c4eea	A2_SEWER_1.TXT	25	a2s3_fminion1_8.wav	pending		
dialogue:A2_SEWER_1.TXT:26:a2s3_fminion1_9.wav	dialogue-unit:bdbdf31a3f4d4c9a	A2_SEWER_1.TXT	26	a2s3_fminion1_9.wav	pending		
dialogue:A2_SEWER_1.TXT:27:a2s3_fminion2_1.wav	dialogue-unit:e8cb2fb75dfe2b52	A2_SEWER_1.TXT	27	a2s3_fminion2_1.wav	pending		
dialogue:A2_SEWER_1.TXT:28:a2s3_fminion2_10.wav	dialogue-unit:7dafefd7fdac2c8d	A2_SEWER_1.TXT	28	a2s3_fminion2_10.wav	pending		
dialogue:A2_SEWER_1.TXT:29:a2s3_fminion2_11.wav	dialogue-unit:71a4d57c18dc7ef9	A2_SEWER_1.TXT	29	a2s3_fminion2_11.wav	pending		
dialogue:A2_SEWER_1.TXT:30:a2s3_fminion2_12.wav	dialogue-unit:d5483daf22482b9b	A2_SEWER_1.TXT	30	a2s3_fminion2_12.wav	pending		
dialogue:A2_SEWER_1.TXT:31:a2s3_fminion2_13.wav	dialogue-unit:819a800c538bc4cb	A2_SEWER_1.TXT	31	a2s3_fminion2_13.wav	pending		
dialogue:A2_SEWER_1.TXT:32:a2s3_fminion2_14.wav	dialogue-unit:9aa27b48c260bae3	A2_SEWER_1.TXT	32	a2s3_fminion2_14.wav	pending		
dialogue:A2_SEWER_1.TXT:33:a2s3_fminion2_15.wav	dialogue-unit:be7245834fe199a7	A2_SEWER_1.TXT	33	a2s3_fminion2_15.wav	pending		
dialogue:A2_SEWER_1.TXT:34:a2s3_fminion2_16.wav	dialogue-unit:1a4f0cfce0ee2a87	A2_SEWER_1.TXT	34	a2s3_fminion2_16.wav	pending		
dialogue:A2_SEWER_1.TXT:35:a2s3_fminion2_17.wav	dialogue-unit:682d808903fc526a	A2_SEWER_1.TXT	35	a2s3_fminion2_17.wav	pending		
dialogue:A2_SEWER_1.TXT:36:a2s3_fminion2_18.wav	dialogue-unit:5e4d39962cdd4db7	A2_SEWER_1.TXT	36	a2s3_fminion2_18.wav	pending		
dialogue:A2_SEWER_1.TXT:37:a2s3_fminion2_19.wav	dialogue-unit:0fc7ca457999ea0a	A2_SEWER_1.TXT	37	a2s3_fminion2_19.wav	pending		
dialogue:A2_SEWER_1.TXT:38:a2s3_fminion2_2.wav	dialogue-unit:a1e372b0d61209f6	A2_SEWER_1.TXT	38	a2s3_fminion2_2.wav	pending		
dialogue:A2_SEWER_1.TXT:39:a2s3_fminion2_20.wav	dialogue-unit:678170705dda6efe	A2_SEWER_1.TXT	39	a2s3_fminion2_20.wav	pending		
dialogue:A2_SEWER_1.TXT:40:a2s3_fminion2_3.wav	dialogue-unit:498290e52ba2a89c	A2_SEWER_1.TXT	40	a2s3_fminion2_3.wav	pending		
dialogue:A2_SEWER_1.TXT:41:a2s3_fminion2_4.wav	dialogue-unit:5011836e602edab9	A2_SEWER_1.TXT	41	a2s3_fminion2_4.wav	pending		
dialogue:A2_SEWER_1.TXT:42:a2s3_fminion2_5.wav	dialogue-unit:a3b0e32e7f970543	A2_SEWER_1.TXT	42	a2s3_fminion2_5.wav	pending		
dialogue:A2_SEWER_1.TXT:43:a2s3_fminion3_1.wav	dialogue-unit:e014880ffaf8c142	A2_SEWER_1.TXT	43	a2s3_fminion3_1.wav	pending		
dialogue:A2_SEWER_1.TXT:44:a2s3_fminion3_2.wav	dialogue-unit:4588e424a61e647b	A2_SEWER_1.TXT	44	a2s3_fminion3_2.wav	pending		
dialogue:A2_SEWER_1.TXT:45:a2s3_kestrel1_25.wav	dialogue-unit:9b455590c3a006c3	A2_SEWER_1.TXT	45	a2s3_kestrel1_25.wav	pending		
dialogue:A2_SEWER_1.TXT:46:a2s3_kestrel1_26.wav	dialogue-unit:70d00dc5cf454997	A2_SEWER_1.TXT	46	a2s3_kestrel1_26.wav	pending		
dialogue:A2_SEWER_1.TXT:47:a2s3_kestrel1_27.wav	dialogue-unit:a4d6a36c0d624735	A2_SEWER_1.TXT	47	a2s3_kestrel1_27.wav	pending		
dialogue:A2_SEWER_1.TXT:48:a2s3_kestrel1_28.wav	dialogue-unit:620b13d95ef9491b	A2_SEWER_1.TXT	48	a2s3_kestrel1_28.wav	pending		
dialogue:A2_SEWER_1.TXT:49:a2s3_kestrel1_29.wav	dialogue-unit:4fb82f4fb90322f8	A2_SEWER_1.TXT	49	a2s3_kestrel1_29.wav	pending		
dialogue:A2_SEWER_1.TXT:50:a2s3_rayne_1.wav	dialogue-unit:6daa70f86f49b255	A2_SEWER_1.TXT	50	a2s3_rayne_1.wav	pending		
dialogue:A2_SEWER_1.TXT:51:a2s3_rayne_11.wav	dialogue-unit:72eea59d06c4f659	A2_SEWER_1.TXT	51	a2s3_rayne_11.wav	pending		
dialogue:A2_SEWER_1.TXT:52:a2s3_rayne_14.wav	dialogue-unit:e5b3152426e3abcb	A2_SEWER_1.TXT	52	a2s3_rayne_14.wav	pending		
dialogue:A2_SEWER_1.TXT:53:a2s3_rayne_2.wav	dialogue-unit:4f296f2b4775e042	A2_SEWER_1.TXT	53	a2s3_rayne_2.wav	pending		
dialogue:A2_SEWER_1.TXT:54:a2s3_rayne_21.wav	dialogue-unit:e3a35c74eceb3286	A2_SEWER_1.TXT	54	a2s3_rayne_21.wav	pending		
dialogue:A2_SEWER_1.TXT:55:a2s3_rayne_22.wav	dialogue-unit:74bc2357ee86eaa9	A2_SEWER_1.TXT	55	a2s3_rayne_22.wav	pending		
dialogue:A2_SEWER_1.TXT:56:a2s3_rayne_23.wav	dialogue-unit:659b7473491fdb63	A2_SEWER_1.TXT	56	a2s3_rayne_23.wav	pending		
dialogue:A2_SEWER_1.TXT:57:a2s3_rayne_24.wav	dialogue-unit:35364946e830d686	A2_SEWER_1.TXT	57	a2s3_rayne_24.wav	pending		
dialogue:A2_SEWER_1.TXT:58:a2s3_rayne_25.wav	dialogue-unit:724b1d55bdf9c786	A2_SEWER_1.TXT	58	a2s3_rayne_25.wav	pending		
dialogue:A2_SEWER_1.TXT:59:a2s3_rayne_26.wav	dialogue-unit:61158af00a0cc56d	A2_SEWER_1.TXT	59	a2s3_rayne_26.wav	pending		
dialogue:A2_SEWER_1.TXT:60:a2s3_rayne_27.wav	dialogue-unit:3b36894e6a430a2e	A2_SEWER_1.TXT	60	a2s3_rayne_27.wav	pending		
dialogue:A2_SEWER_1.TXT:61:a2s3_rayne_28.wav	dialogue-unit:b5b4f4a1cbec7f88	A2_SEWER_1.TXT	61	a2s3_rayne_28.wav	pending		
dialogue:A2_SEWER_1.TXT:62:a2s3_rayne_30.wav	dialogue-unit:b557484e916c4128	A2_SEWER_1.TXT	62	a2s3_rayne_30.wav	pending		
dialogue:A2_SEWER_1.TXT:63:a2s3_rayne_31.wav	dialogue-unit:167017d6e971ab74	A2_SEWER_1.TXT	63	a2s3_rayne_31.wav	pending		
dialogue:A2_SEWER_1.TXT:64:a2s3_rayne_32.wav	dialogue-unit:7679686368679451	A2_SEWER_1.TXT	64	a2s3_rayne_32.wav	pending		
dialogue:A2_SEWER_1.TXT:65:a2s3_rayne_33.wav	dialogue-unit:3178ae02ac69e0e5	A2_SEWER_1.TXT	65	a2s3_rayne_33.wav	pending		
dialogue:A2_SEWER_1.TXT:66:a2s3_rayne_34.wav	dialogue-unit:e59e12dd2b9dea2b	A2_SEWER_1.TXT	66	a2s3_rayne_34.wav	pending		
dialogue:A2_SEWER_1.TXT:67:a2s3_rayne_35.wav	dialogue-unit:cc959f9aeacbcb77	A2_SEWER_1.TXT	67	a2s3_rayne_35.wav	pending		
dialogue:A2_SEWER_1.TXT:68:a2s3_rayne_37.wav	dialogue-unit:b6d1c212bc4d860d	A2_SEWER_1.TXT	68	a2s3_rayne_37.wav	pending		
dialogue:A2_SEWER_1.TXT:69:a2s3_rayne_5.wav	dialogue-unit:e0178bae7d7133e6	A2_SEWER_1.TXT	69	a2s3_rayne_5.wav	pending		
dialogue:A2_SEWER_1.TXT:70:a2s3_severin_1.wav	dialogue-unit:cc9daca2fca361ae	A2_SEWER_1.TXT	70	a2s3_severin_1.wav	pending		
dialogue:A2_SEWER_1.TXT:71:a2s3_severin_10.wav	dialogue-unit:c9a277f1d31cebe9	A2_SEWER_1.TXT	71	a2s3_severin_10.wav	pending		
dialogue:A2_SEWER_1.TXT:72:a2s3_severin_18.wav	dialogue-unit:735d8805389d5702	A2_SEWER_1.TXT	72	a2s3_severin_18.wav	pending		
dialogue:A2_SEWER_1.TXT:73:a2s3_severin_19.wav	dialogue-unit:7a23ae84330b5c77	A2_SEWER_1.TXT	73	a2s3_severin_19.wav	pending		
dialogue:A2_SEWER_1.TXT:74:a2s3_severin_2.wav	dialogue-unit:14353792ee3e497d	A2_SEWER_1.TXT	74	a2s3_severin_2.wav	pending		
dialogue:A2_SEWER_1.TXT:75:a2s3_severin_23.wav	dialogue-unit:66b2340981fc5512	A2_SEWER_1.TXT	75	a2s3_severin_23.wav	pending		
dialogue:A2_SEWER_1.TXT:76:a2s3_severin_24.wav	dialogue-unit:805465961e6974dd	A2_SEWER_1.TXT	76	a2s3_severin_24.wav	pending		
dialogue:A2_SEWER_1.TXT:77:a2s3_severin_25.wav	dialogue-unit:1f535bc02ef58756	A2_SEWER_1.TXT	77	a2s3_severin_25.wav	pending		
dialogue:A2_SEWER_1.TXT:78:a2s3_severin_26.wav	dialogue-unit:2b3387e8f0b78a35	A2_SEWER_1.TXT	78	a2s3_severin_26.wav	pending		
dialogue:A2_SEWER_1.TXT:79:a2s3_severin_29.wav	dialogue-unit:7b80a1e784ab048f	A2_SEWER_1.TXT	79	a2s3_severin_29.wav	pending		
dialogue:A2_SEWER_1.TXT:80:a2s3_severin_30.wav	dialogue-unit:6a6b30965549be46	A2_SEWER_1.TXT	80	a2s3_severin_30.wav	pending		
dialogue:A2_SEWER_1.TXT:81:a2s3_severin_31.wav	dialogue-unit:4b049d695cfcb1f5	A2_SEWER_1.TXT	81	a2s3_severin_31.wav	pending		
dialogue:A2_SEWER_1.TXT:82:a2s3_severin_32.wav	dialogue-unit:d8c111af81425a8f	A2_SEWER_1.TXT	82	a2s3_severin_32.wav	pending		
dialogue:A2_SEWER_1.TXT:83:a2s3_severin_33.wav	dialogue-unit:cd461ae996fc3c57	A2_SEWER_1.TXT	83	a2s3_severin_33.wav	pending		
dialogue:A2_SEWER_1.TXT:84:a2s3_severin_34.wav	dialogue-unit:664dae840537d33c	A2_SEWER_1.TXT	84	a2s3_severin_34.wav	pending		
dialogue:A2_SEWER_1.TXT:85:a2s3_severin_35.wav	dialogue-unit:db90a714c2139f41	A2_SEWER_1.TXT	85	a2s3_severin_35.wav	pending		
dialogue:A2_SEWER_1.TXT:86:a2s3_severin_36.wav	dialogue-unit:c86f4bd55aa28636	A2_SEWER_1.TXT	86	a2s3_severin_36.wav	pending		
dialogue:A2_SEWER_1.TXT:87:a2s3_severin_37.wav	dialogue-unit:432cff8fb5e95555	A2_SEWER_1.TXT	87	a2s3_severin_37.wav	pending		
dialogue:A2_SEWER_1.TXT:89:a2s3_slezz5.wav	dialogue-unit:a0161d8e13d378c5	A2_SEWER_1.TXT	89	a2s3_slezz5.wav	pending		
dialogue:A2_SEWER_1.TXT:90:a5s3_mcivilian_1.wav	dialogue-unit:18a1f026ef1affcb	A2_SEWER_1.TXT	90	a5s3_mcivilian_1.wav	pending		
dialogue:A2_SEWER_1.TXT:91:a5s3_mcivilian_2.wav	dialogue-unit:01c82b2675bf39ba	A2_SEWER_1.TXT	91	a5s3_mcivilian_2.wav	pending		
dialogue:A2_SEWER_1.TXT:92:a5s3_mcivilian_4.wav	dialogue-unit:176cd520bad3b90d	A2_SEWER_1.TXT	92	a5s3_mcivilian_4.wav	pending		
dialogue:A2_SEWER_1.TXT:93:a5s3_minion1_1.wav	dialogue-unit:77b46e4fcd9af05f	A2_SEWER_1.TXT	93	a5s3_minion1_1.wav	pending		
dialogue:A2_SEWER_1.TXT:94:a5s3_minion2_1.wav	dialogue-unit:14fa74aefa45b808	A2_SEWER_1.TXT	94	a5s3_minion2_1.wav	pending		
dialogue:A2_SEWER_1.TXT:95:a5s3_minion2_2.wav	dialogue-unit:2c2eda4d61bc55dd	A2_SEWER_1.TXT	95	a5s3_minion2_2.wav	pending		
dialogue:A2_SEWER_1.TXT:96:a5s3_minion2_3.wav	dialogue-unit:a45f6ed6dcbba44b	A2_SEWER_1.TXT	96	a5s3_minion2_3.wav	pending		
dialogue:A2_SEWER_1.TXT:97:a5s3_rayne_0.wav	dialogue-unit:f4b22dec5c879182	A2_SEWER_1.TXT	97	a5s3_rayne_0.wav	pending		
dialogue:A2_SEWER_1.TXT:98:fpunk_alert_c_15.wav	dialogue-unit:cd1bb971134c38cd	A2_SEWER_1.TXT	98	fpunk_alert_c_15.wav	pending		
dialogue:A2_SEWER_1.TXT:99:hint_gun_mount	dialogue-unit:5bac37eb787360d7	A2_SEWER_1.TXT	99	hint_gun_mount	pending		
dialogue:A2_SEWER_1.TXT:100:hint_gun_near	dialogue-unit:aa6e439ee2e4dc2d	A2_SEWER_1.TXT	100	hint_gun_near	pending		
dialogue:A2_SEWER_1.TXT:101:hint_wallsmash	dialogue-unit:132c0ae42176a47d	A2_SEWER_1.TXT	101	hint_wallsmash	pending		
dialogue:A2_SEWER_1.TXT:102:missiondescription	dialogue-unit:28c74d9812fa32eb	A2_SEWER_1.TXT	102	missiondescription	pending		
dialogue:A2_SEWER_1.TXT:103:objective_h20_main	dialogue-unit:c9c4c29a1d024aaf	A2_SEWER_1.TXT	103	objective_h20_main	pending		
dialogue:A2_SEWER_1.TXT:104:objective_h2o_main_dhampir	dialogue-unit:7d2fceacfa07a4e6	A2_SEWER_1.TXT	104	objective_h2o_main_dhampir	pending		
dialogue:A2_SEWER_1.TXT:105:objective_h2o_main_wave	dialogue-unit:dd0af676d842481b	A2_SEWER_1.TXT	105	objective_h2o_main_wave	pending		
dialogue:A2_SEWER_1.TXT:106:objective_pumpa	dialogue-unit:35dded5d3f3b4121	A2_SEWER_1.TXT	106	objective_pumpa	pending		
dialogue:A2_SEWER_1.TXT:107:objective_pumpb	dialogue-unit:fbc68cddbb51dc02	A2_SEWER_1.TXT	107	objective_pumpb	pending		
dialogue:A2_SEWER_1.TXT:108:objective_track_minions	dialogue-unit:b1a7db33e3d2ae41	A2_SEWER_1.TXT	108	objective_track_minions	pending		
dialogue:A2_SEWER_1.TXT:109:objective_wall_smash	dialogue-unit:2cb828eb543f830a	A2_SEWER_1.TXT	109	objective_wall_smash	pending		
dialogue:A2_SEWER_1.TXT:110:objective_water_treatment	dialogue-unit:375109562bd44315	A2_SEWER_1.TXT	110	objective_water_treatment	pending		
dialogue:A2_SEWER_1.TXT:112:upgrade_scattershot	dialogue-unit:bb39fb2f79872a48	A2_SEWER_1.TXT	112	upgrade_scattershot	pending		
dialogue:A2_SEWER_2.TXT:1:a2s3_ffminion11.wav	dialogue-unit:7f29217009dbf155	A2_SEWER_2.TXT	1	a2s3_ffminion11.wav	pending		
dialogue:A2_SEWER_2.TXT:2:a2s3_ffminion118.wav	dialogue-unit:7ede1c3d9cd25a8c	A2_SEWER_2.TXT	2	a2s3_ffminion118.wav	pending		
dialogue:A2_SEWER_2.TXT:3:a2s3_ffminion119.wav	dialogue-unit:52a14bd96eeef4c2	A2_SEWER_2.TXT	3	a2s3_ffminion119.wav	pending		
dialogue:A2_SEWER_2.TXT:4:a2s3_ffminion12.wav	dialogue-unit:9d67f0ff87a68923	A2_SEWER_2.TXT	4	a2s3_ffminion12.wav	pending		
dialogue:A2_SEWER_2.TXT:5:a2s3_ffminion120.wav	dialogue-unit:33bd6ff153f410f0	A2_SEWER_2.TXT	5	a2s3_ffminion120.wav	pending		
dialogue:A2_SEWER_2.TXT:6:a2s3_ffminion121.wav	dialogue-unit:9a87f666973df08f	A2_SEWER_2.TXT	6	a2s3_ffminion121.wav	pending		
dialogue:A2_SEWER_2.TXT:7:a2s3_ffminion13.wav	dialogue-unit:ffa263b05a29eb18	A2_SEWER_2.TXT	7	a2s3_ffminion13.wav	pending		
dialogue:A2_SEWER_2.TXT:8:a2s3_ffminion14.wav	dialogue-unit:f2b3224cf6274129	A2_SEWER_2.TXT	8	a2s3_ffminion14.wav	pending		
dialogue:A2_SEWER_2.TXT:9:a2s3_ffminion15.wav	dialogue-unit:395ae19f085d65ad	A2_SEWER_2.TXT	9	a2s3_ffminion15.wav	pending		
dialogue:A2_SEWER_2.TXT:10:a2s3_fminion1_5.wav	dialogue-unit:6876b80f55979a90	A2_SEWER_2.TXT	10	a2s3_fminion1_5.wav	pending		
dialogue:A2_SEWER_2.TXT:11:a2s3_fminion2_6.wav	dialogue-unit:219131e7b4a36130	A2_SEWER_2.TXT	11	a2s3_fminion2_6.wav	pending		
dialogue:A2_SEWER_2.TXT:12:a2s3_fminion2_7.wav	dialogue-unit:797ae4ee2978cef5	A2_SEWER_2.TXT	12	a2s3_fminion2_7.wav	pending		
dialogue:A2_SEWER_2.TXT:13:a2s3_fminion2_8.wav	dialogue-unit:72c1919ab986512c	A2_SEWER_2.TXT	13	a2s3_fminion2_8.wav	pending		
dialogue:A2_SEWER_2.TXT:14:a2s3_fminion2_9.wav	dialogue-unit:4259fa90f104f149	A2_SEWER_2.TXT	14	a2s3_fminion2_9.wav	pending		
dialogue:A2_SEWER_2.TXT:15:a2s3_fminion3_3.wav	dialogue-unit:b460f65b085409e7	A2_SEWER_2.TXT	15	a2s3_fminion3_3.wav	pending		
dialogue:A2_SEWER_2.TXT:16:a2s3_fminion3_4.wav	dialogue-unit:c4ed28744a11f2aa	A2_SEWER_2.TXT	16	a2s3_fminion3_4.wav	pending		
dialogue:A2_SEWER_2.TXT:17:a2s3_rayne_15.wav	dialogue-unit:744f7d12c2dd7a3d	A2_SEWER_2.TXT	17	a2s3_rayne_15.wav	pending		
dialogue:A2_SEWER_2.TXT:18:a2s3_rayne_16.wav	dialogue-unit:9ca725ce45526df2	A2_SEWER_2.TXT	18	a2s3_rayne_16.wav	pending		
dialogue:A2_SEWER_2.TXT:19:a2s3_rayne_3.wav	dialogue-unit:e319b9342e66934d	A2_SEWER_2.TXT	19	a2s3_rayne_3.wav	pending		
dialogue:A2_SEWER_2.TXT:20:a2s3_rayne_38.wav	dialogue-unit:afefb6a08f87da52	A2_SEWER_2.TXT	20	a2s3_rayne_38.wav	pending		
dialogue:A2_SEWER_2.TXT:21:a2s3_rayne_39.wav	dialogue-unit:09b7be1bd214576d	A2_SEWER_2.TXT	21	a2s3_rayne_39.wav	pending		
dialogue:A2_SEWER_2.TXT:22:a2s3_rayne_4.wav	dialogue-unit:2b57ea33f5974cae	A2_SEWER_2.TXT	22	a2s3_rayne_4.wav	pending		
dialogue:A2_SEWER_2.TXT:23:a2s3_rayne_40.wav	dialogue-unit:0d2154c16d63fced	A2_SEWER_2.TXT	23	a2s3_rayne_40.wav	pending		
dialogue:A2_SEWER_2.TXT:24:a2s3_rayne_41.wav	dialogue-unit:af6f2b93466efaad	A2_SEWER_2.TXT	24	a2s3_rayne_41.wav	pending		
dialogue:A2_SEWER_2.TXT:25:a2s3_rayne_42.wav	dialogue-unit:fbf426777b3e8726	A2_SEWER_2.TXT	25	a2s3_rayne_42.wav	pending		
dialogue:A2_SEWER_2.TXT:26:a2s3_rayne_43.wav	dialogue-unit:b29c6e660e8c2264	A2_SEWER_2.TXT	26	a2s3_rayne_43.wav	pending		
dialogue:A2_SEWER_2.TXT:27:a2s3_rayne_44.wav	dialogue-unit:8100b13e0939daf5	A2_SEWER_2.TXT	27	a2s3_rayne_44.wav	pending		
dialogue:A2_SEWER_2.TXT:28:a2s3_rayne_45.wav	dialogue-unit:31abb233319f9f64	A2_SEWER_2.TXT	28	a2s3_rayne_45.wav	pending		
dialogue:A2_SEWER_2.TXT:29:a2s3_rayne_46.wav	dialogue-unit:a1a6ede8b7a40e2a	A2_SEWER_2.TXT	29	a2s3_rayne_46.wav	pending		
dialogue:A2_SEWER_2.TXT:30:a2s3_rayne_47.wav	dialogue-unit:b04d069adca88d8b	A2_SEWER_2.TXT	30	a2s3_rayne_47.wav	pending		
dialogue:A2_SEWER_2.TXT:31:a2s3_rayne_48.wav	dialogue-unit:96817b31687e0821	A2_SEWER_2.TXT	31	a2s3_rayne_48.wav	pending		
dialogue:A2_SEWER_2.TXT:32:a2s3_rayne_49.wav	dialogue-unit:10b65dc45ff9b48c	A2_SEWER_2.TXT	32	a2s3_rayne_49.wav	pending		
dialogue:A2_SEWER_2.TXT:33:a2s3_severin_3.wav	dialogue-unit:6940cf9af295a933	A2_SEWER_2.TXT	33	a2s3_severin_3.wav	pending		
dialogue:A2_SEWER_2.TXT:34:a2s3_severin_38.wav	dialogue-unit:5f6e0c45199d28c6	A2_SEWER_2.TXT	34	a2s3_severin_38.wav	pending		
dialogue:A2_SEWER_2.TXT:35:a2s3_severin_39.wav	dialogue-unit:9df2365813143e9f	A2_SEWER_2.TXT	35	a2s3_severin_39.wav	pending		
dialogue:A2_SEWER_2.TXT:36:a2s3_severin_40.wav	dialogue-unit:8b00d34b421d19b2	A2_SEWER_2.TXT	36	a2s3_severin_40.wav	pending		
dialogue:A2_SEWER_2.TXT:37:a2s3_severin_41.wav	dialogue-unit:a340d4934b13a8b3	A2_SEWER_2.TXT	37	a2s3_severin_41.wav	pending		
dialogue:A2_SEWER_2.TXT:38:a2s3_severin_42.wav	dialogue-unit:03b1b41928272c90	A2_SEWER_2.TXT	38	a2s3_severin_42.wav	pending		
dialogue:A2_SEWER_2.TXT:39:a2s3_severin_43.wav	dialogue-unit:e11412026da61dfb	A2_SEWER_2.TXT	39	a2s3_severin_43.wav	pending		
dialogue:A2_SEWER_2.TXT:40:a2s3_severin_44.wav	dialogue-unit:c9a48dbfd61c3dd6	A2_SEWER_2.TXT	40	a2s3_severin_44.wav	pending		
dialogue:A2_SEWER_2.TXT:41:a2s3_severin_45.wav	dialogue-unit:40e549d0949d2815	A2_SEWER_2.TXT	41	a2s3_severin_45.wav	pending		
dialogue:A2_SEWER_2.TXT:42:a2s3_severin_46.wav	dialogue-unit:824f77c95bd22402	A2_SEWER_2.TXT	42	a2s3_severin_46.wav	pending		
dialogue:A2_SEWER_2.TXT:43:a2s3_severin_47.wav	dialogue-unit:ffc3f05a3056ade8	A2_SEWER_2.TXT	43	a2s3_severin_47.wav	pending		
dialogue:A2_SEWER_2.TXT:44:a2s3_severin_48.wav	dialogue-unit:3ae7bda3e2cbf363	A2_SEWER_2.TXT	44	a2s3_severin_48.wav	pending		
dialogue:A2_SEWER_2.TXT:45:a2s3_severin_49.wav	dialogue-unit:d4fdb7f00015ae4a	A2_SEWER_2.TXT	45	a2s3_severin_49.wav	pending		
dialogue:A2_SEWER_2.TXT:46:a2s3_severin_50.wav	dialogue-unit:c9bc8f9b774d7c2b	A2_SEWER_2.TXT	46	a2s3_severin_50.wav	pending		
dialogue:A2_SEWER_2.TXT:47:a2s3_severin_51.wav	dialogue-unit:b9b61c6ee68ae085	A2_SEWER_2.TXT	47	a2s3_severin_51.wav	pending		
dialogue:A2_SEWER_2.TXT:48:a2s3_severin_52.wav	dialogue-unit:548f81ab19c54aa1	A2_SEWER_2.TXT	48	a2s3_severin_52.wav	pending		
dialogue:A2_SEWER_2.TXT:49:a2s3_severin_53.wav	dialogue-unit:1ed958ea824eb1fb	A2_SEWER_2.TXT	49	a2s3_severin_53.wav	pending		
dialogue:A2_SEWER_2.TXT:50:a2s3_severin_55.wav	dialogue-unit:253242904eaa4858	A2_SEWER_2.TXT	50	a2s3_severin_55.wav	pending		
dialogue:A2_SEWER_2.TXT:51:a2s3_severin_56.wav	dialogue-unit:c821ec0f25847b94	A2_SEWER_2.TXT	51	a2s3_severin_56.wav	pending		
dialogue:A2_SEWER_2.TXT:52:a2s3_severin_6.wav	dialogue-unit:7ba687bf9f15fbff	A2_SEWER_2.TXT	52	a2s3_severin_6.wav	pending		
dialogue:A2_SEWER_2.TXT:53:a2s3_severin_7.wav	dialogue-unit:a4babadc434b5ab2	A2_SEWER_2.TXT	53	a2s3_severin_7.wav	pending		
dialogue:A2_SEWER_2.TXT:54:a2s3_severin_8.wav	dialogue-unit:83153c81814e17e5	A2_SEWER_2.TXT	54	a2s3_severin_8.wav	pending		
dialogue:A2_SEWER_2.TXT:55:a2s3_severin_9.wav	dialogue-unit:1fab5f903337416f	A2_SEWER_2.TXT	55	a2s3_severin_9.wav	pending		
dialogue:A2_SEWER_2.TXT:57:a5s3_fcivilian_1.wav	dialogue-unit:5bb629378918c882	A2_SEWER_2.TXT	57	a5s3_fcivilian_1.wav	pending		
dialogue:A2_SEWER_2.TXT:58:a5s3_fcivilian_2.wav	dialogue-unit:42e436c44bbaee50	A2_SEWER_2.TXT	58	a5s3_fcivilian_2.wav	pending		
dialogue:A2_SEWER_2.TXT:59:a5s3_fcivilian_3.wav	dialogue-unit:9aa09fe148ebbf18	A2_SEWER_2.TXT	59	a5s3_fcivilian_3.wav	pending		
dialogue:A2_SEWER_2.TXT:60:a5s3_mcivilian_3.wav	dialogue-unit:22ed8a103c3fd570	A2_SEWER_2.TXT	60	a5s3_mcivilian_3.wav	pending		
dialogue:A2_SEWER_2.TXT:62:hint_speed	dialogue-unit:8a6f3eaeff907d3e	A2_SEWER_2.TXT	62	hint_speed	pending		
dialogue:A2_SEWER_2.TXT:63:missiondescription	dialogue-unit:4799b8173fcb218b	A2_SEWER_2.TXT	63	missiondescription	pending		
dialogue:A2_SEWER_2.TXT:64:objective_alternate_route	dialogue-unit:e11bfb96c0f9f262	A2_SEWER_2.TXT	64	objective_alternate_route	pending		
dialogue:A2_SEWER_2.TXT:65:objective_bomber_wall	dialogue-unit:14cba5ee81580801	A2_SEWER_2.TXT	65	objective_bomber_wall	pending		
dialogue:A2_SEWER_2.TXT:66:objective_kill_filter	dialogue-unit:d03cef6370c0b11a	A2_SEWER_2.TXT	66	objective_kill_filter	pending		
dialogue:A2_SEWER_2.TXT:67:objective_track_minions	dialogue-unit:b1a7db33e3d2ae41	A2_SEWER_2.TXT	67	objective_track_minions	pending		
dialogue:A2_SEWER_SLEZZARENA.TXT:1:a2s3_slezz13.wav	dialogue-unit:de3eb80f4827a7cc	A2_SEWER_SLEZZARENA.TXT	1	a2s3_slezz13.wav	pending		
dialogue:A2_SEWER_SLEZZARENA.TXT:2:a2s3_slezz14.wav	dialogue-unit:7e8321cccc40dd51	A2_SEWER_SLEZZARENA.TXT	2	a2s3_slezz14.wav	pending		
dialogue:A2_SEWER_SLEZZARENA.TXT:3:a2s3_slezz15.wav	dialogue-unit:d7173e2f383293e9	A2_SEWER_SLEZZARENA.TXT	3	a2s3_slezz15.wav	pending		
dialogue:A2_SEWER_SLEZZARENA.TXT:4:a2s3_slezz16.wav	dialogue-unit:f4ab458fbe9810e9	A2_SEWER_SLEZZARENA.TXT	4	a2s3_slezz16.wav	pending		
dialogue:A2_SEWER_SLEZZARENA.TXT:5:a2s3_slezz17.wav	dialogue-unit:6d0510c4cc64691f	A2_SEWER_SLEZZARENA.TXT	5	a2s3_slezz17.wav	pending		
dialogue:A2_SEWER_SLEZZARENA.TXT:6:a2s3_slezz18.wav	dialogue-unit:3aaef9f11301190d	A2_SEWER_SLEZZARENA.TXT	6	a2s3_slezz18.wav	pending		
dialogue:A2_SEWER_SLEZZARENA.TXT:7:a2s3_slezz19.wav	dialogue-unit:f2ea41210a27c4ba	A2_SEWER_SLEZZARENA.TXT	7	a2s3_slezz19.wav	pending		
dialogue:A2_SEWER_SLEZZARENA.TXT:8:a2s3_slezz20.wav	dialogue-unit:22b8d5c4f59d13cb	A2_SEWER_SLEZZARENA.TXT	8	a2s3_slezz20.wav	pending		
dialogue:A2_SEWER_SLEZZARENA.TXT:9:a2s3_slezz21.wav	dialogue-unit:269e1f15080b2667	A2_SEWER_SLEZZARENA.TXT	9	a2s3_slezz21.wav	pending		
dialogue:A2_SEWER_SLEZZARENA.TXT:10:a2s3_slezz22.wav	dialogue-unit:44ecf7ce21c54443	A2_SEWER_SLEZZARENA.TXT	10	a2s3_slezz22.wav	pending		
dialogue:A2_SEWER_SLEZZARENA.TXT:11:a2s3_slezz23.wav	dialogue-unit:76513be0240d802e	A2_SEWER_SLEZZARENA.TXT	11	a2s3_slezz23.wav	pending		
dialogue:A2_SEWER_SLEZZARENA.TXT:12:a2s3_slezz24.wav	dialogue-unit:2bec5122d424d8c3	A2_SEWER_SLEZZARENA.TXT	12	a2s3_slezz24.wav	pending		
dialogue:A2_SEWER_SLEZZARENA.TXT:13:a2s3_slezz25.wav	dialogue-unit:9ec6d3ca532568c0	A2_SEWER_SLEZZARENA.TXT	13	a2s3_slezz25.wav	pending		
dialogue:A2_SEWER_SLEZZARENA.TXT:14:a2s3_slezz26.wav	dialogue-unit:5aa4e136890a7585	A2_SEWER_SLEZZARENA.TXT	14	a2s3_slezz26.wav	pending		
dialogue:A2_SEWER_SLEZZARENA.TXT:15:a2s3_slezz27.wav	dialogue-unit:8f1912a827a51862	A2_SEWER_SLEZZARENA.TXT	15	a2s3_slezz27.wav	pending		
dialogue:A2_SEWER_SLEZZARENA.TXT:16:a2s3_slezz28.wav	dialogue-unit:76f7b9dd52e36ff7	A2_SEWER_SLEZZARENA.TXT	16	a2s3_slezz28.wav	pending		
dialogue:A2_SEWER_SLEZZARENA.TXT:17:a2s3_slezz29.wav	dialogue-unit:df9c6a242853c1a5	A2_SEWER_SLEZZARENA.TXT	17	a2s3_slezz29.wav	pending		
dialogue:A2_SEWER_SLEZZARENA.TXT:18:a2s3_slezz30.wav	dialogue-unit:7bfc42099b6b066d	A2_SEWER_SLEZZARENA.TXT	18	a2s3_slezz30.wav	pending		
dialogue:A2_SEWER_SLEZZARENA.TXT:20:a2s4_rayne_1.wav	dialogue-unit:80c86b5567495004	A2_SEWER_SLEZZARENA.TXT	20	a2s4_rayne_1.wav	pending		
dialogue:A2_SEWER_SLEZZARENA.TXT:21:a2s4_rayne_10.wav	dialogue-unit:12390e503175d3da	A2_SEWER_SLEZZARENA.TXT	21	a2s4_rayne_10.wav	pending		
dialogue:A2_SEWER_SLEZZARENA.TXT:22:a2s4_rayne_11.wav	dialogue-unit:62038c5f5c4bb5f1	A2_SEWER_SLEZZARENA.TXT	22	a2s4_rayne_11.wav	pending		
dialogue:A2_SEWER_SLEZZARENA.TXT:23:a2s4_rayne_12.wav	dialogue-unit:d13949dfec3576d9	A2_SEWER_SLEZZARENA.TXT	23	a2s4_rayne_12.wav	pending		
dialogue:A2_SEWER_SLEZZARENA.TXT:24:a2s4_rayne_13.wav	dialogue-unit:85f2f6e575adca70	A2_SEWER_SLEZZARENA.TXT	24	a2s4_rayne_13.wav	pending		
dialogue:A2_SEWER_SLEZZARENA.TXT:25:a2s4_rayne_14.wav	dialogue-unit:e3d964dde4accd45	A2_SEWER_SLEZZARENA.TXT	25	a2s4_rayne_14.wav	pending		
dialogue:A2_SEWER_SLEZZARENA.TXT:26:a2s4_rayne_15.wav	dialogue-unit:70d65bd96c7a6c24	A2_SEWER_SLEZZARENA.TXT	26	a2s4_rayne_15.wav	pending		
dialogue:A2_SEWER_SLEZZARENA.TXT:27:a2s4_rayne_16.wav	dialogue-unit:02029eb147508c01	A2_SEWER_SLEZZARENA.TXT	27	a2s4_rayne_16.wav	pending		
dialogue:A2_SEWER_SLEZZARENA.TXT:28:a2s4_rayne_17.wav	dialogue-unit:5772dded91609fc4	A2_SEWER_SLEZZARENA.TXT	28	a2s4_rayne_17.wav	pending		
dialogue:A2_SEWER_SLEZZARENA.TXT:29:a2s4_rayne_18.wav	dialogue-unit:55f802090c06ab0d	A2_SEWER_SLEZZARENA.TXT	29	a2s4_rayne_18.wav	pending		
dialogue:A2_SEWER_SLEZZARENA.TXT:30:a2s4_rayne_19.wav	dialogue-unit:901cc93ad9488396	A2_SEWER_SLEZZARENA.TXT	30	a2s4_rayne_19.wav	pending		
dialogue:A2_SEWER_SLEZZARENA.TXT:31:a2s4_rayne_2.wav	dialogue-unit:c67f04926773964c	A2_SEWER_SLEZZARENA.TXT	31	a2s4_rayne_2.wav	pending		
dialogue:A2_SEWER_SLEZZARENA.TXT:32:a2s4_rayne_20.wav	dialogue-unit:b1f6d436ec42f232	A2_SEWER_SLEZZARENA.TXT	32	a2s4_rayne_20.wav	pending		
dialogue:A2_SEWER_SLEZZARENA.TXT:33:a2s4_rayne_21.wav	dialogue-unit:af2f9413c009d063	A2_SEWER_SLEZZARENA.TXT	33	a2s4_rayne_21.wav	pending		
dialogue:A2_SEWER_SLEZZARENA.TXT:35:a2s4_rayne_23.wav	dialogue-unit:fe1ed5de964cf12b	A2_SEWER_SLEZZARENA.TXT	35	a2s4_rayne_23.wav	pending		
dialogue:A2_SEWER_SLEZZARENA.TXT:36:a2s4_rayne_3.wav	dialogue-unit:73148e81baca2d87	A2_SEWER_SLEZZARENA.TXT	36	a2s4_rayne_3.wav	pending		
dialogue:A2_SEWER_SLEZZARENA.TXT:37:a2s4_rayne_4.wav	dialogue-unit:7bfecc503164b1f0	A2_SEWER_SLEZZARENA.TXT	37	a2s4_rayne_4.wav	pending		
dialogue:A2_SEWER_SLEZZARENA.TXT:38:a2s4_rayne_5.wav	dialogue-unit:a9d1f58a7d1bec1d	A2_SEWER_SLEZZARENA.TXT	38	a2s4_rayne_5.wav	pending		
dialogue:A2_SEWER_SLEZZARENA.TXT:39:a2s4_rayne_6.wav	dialogue-unit:19a1839b9bb4b345	A2_SEWER_SLEZZARENA.TXT	39	a2s4_rayne_6.wav	pending		
dialogue:A2_SEWER_SLEZZARENA.TXT:40:a2s4_rayne_7.wav	dialogue-unit:f3f401ed904248cc	A2_SEWER_SLEZZARENA.TXT	40	a2s4_rayne_7.wav	pending		
dialogue:A2_SEWER_SLEZZARENA.TXT:41:a2s4_rayne_8.wav	dialogue-unit:a95ccea11331e330	A2_SEWER_SLEZZARENA.TXT	41	a2s4_rayne_8.wav	pending		
dialogue:A2_SEWER_SLEZZARENA.TXT:42:a2s4_rayne_9.wav	dialogue-unit:e480d0670ec8a99c	A2_SEWER_SLEZZARENA.TXT	42	a2s4_rayne_9.wav	pending		
dialogue:A2_SEWER_SLEZZARENA.TXT:43:a2s4_severin_1.wav	dialogue-unit:119097a0c47c7970	A2_SEWER_SLEZZARENA.TXT	43	a2s4_severin_1.wav	pending		
dialogue:A2_SEWER_SLEZZARENA.TXT:44:a2s4_severin_10.wav	dialogue-unit:ea12bd09f84ca6bc	A2_SEWER_SLEZZARENA.TXT	44	a2s4_severin_10.wav	pending		
dialogue:A2_SEWER_SLEZZARENA.TXT:45:a2s4_severin_11.wav	dialogue-unit:4311024c398a0b1f	A2_SEWER_SLEZZARENA.TXT	45	a2s4_severin_11.wav	pending		
dialogue:A2_SEWER_SLEZZARENA.TXT:46:a2s4_severin_12.wav	dialogue-unit:45a572ffe44a463d	A2_SEWER_SLEZZARENA.TXT	46	a2s4_severin_12.wav	pending		
dialogue:A2_SEWER_SLEZZARENA.TXT:47:a2s4_severin_13.wav	dialogue-unit:5afd9ca7bdcebfc7	A2_SEWER_SLEZZARENA.TXT	47	a2s4_severin_13.wav	pending		
dialogue:A2_SEWER_SLEZZARENA.TXT:48:a2s4_severin_14.wav	dialogue-unit:3562bb85a34eacf9	A2_SEWER_SLEZZARENA.TXT	48	a2s4_severin_14.wav	pending		
dialogue:A2_SEWER_SLEZZARENA.TXT:49:a2s4_severin_2.wav	dialogue-unit:481c9cf74bbac01e	A2_SEWER_SLEZZARENA.TXT	49	a2s4_severin_2.wav	pending		
dialogue:A2_SEWER_SLEZZARENA.TXT:50:a2s4_severin_3.wav	dialogue-unit:3413100c505e6ecb	A2_SEWER_SLEZZARENA.TXT	50	a2s4_severin_3.wav	pending		
dialogue:A2_SEWER_SLEZZARENA.TXT:51:a2s4_severin_4.wav	dialogue-unit:7ebe545f25e5ead2	A2_SEWER_SLEZZARENA.TXT	51	a2s4_severin_4.wav	pending		
dialogue:A2_SEWER_SLEZZARENA.TXT:52:a2s4_severin_5.wav	dialogue-unit:b27853f0aa94e802	A2_SEWER_SLEZZARENA.TXT	52	a2s4_severin_5.wav	pending		
dialogue:A2_SEWER_SLEZZARENA.TXT:53:a2s4_severin_6.wav	dialogue-unit:c04dec81aa643a99	A2_SEWER_SLEZZARENA.TXT	53	a2s4_severin_6.wav	pending		
dialogue:A2_SEWER_SLEZZARENA.TXT:54:a2s4_severin_7.wav	dialogue-unit:686b9a7656f30775	A2_SEWER_SLEZZARENA.TXT	54	a2s4_severin_7.wav	pending		
dialogue:A2_SEWER_SLEZZARENA.TXT:55:a2s4_severin_8.wav	dialogue-unit:cd4308a2d6077722	A2_SEWER_SLEZZARENA.TXT	55	a2s4_severin_8.wav	pending		
dialogue:A2_SEWER_SLEZZARENA.TXT:56:a2s4_severin_9.wav	dialogue-unit:0a462ff29b491691	A2_SEWER_SLEZZARENA.TXT	56	a2s4_severin_9.wav	pending		
dialogue:A2_SEWER_SLEZZARENA.TXT:57:missiondescription	dialogue-unit:e955308eb884c9a6	A2_SEWER_SLEZZARENA.TXT	57	missiondescription	pending		
dialogue:A2_SEWER_SLEZZARENA.TXT:58:objectivekill	dialogue-unit:9bbd6cd436028f44	A2_SEWER_SLEZZARENA.TXT	58	objectivekill	pending		no matching English row; translate from Russian
dialogue:A2_SEWER_SLEZZARENA.TXT:59:powerup	dialogue-unit:47b7aa391bdf6310	A2_SEWER_SLEZZARENA.TXT	59	powerup	pending		
dialogue:A2_SEWER_SLEZZARENA.TXT:60:severinhint2	dialogue-unit:2bbae1eb6c6e4612	A2_SEWER_SLEZZARENA.TXT	60	severinhint2	pending		
dialogue:A2_SUBWAY.TXT:1:ost_bay_kestrel2	dialogue-unit:dcb7b4aa1185ece4	A2_SUBWAY.TXT	1	ost_bay_kestrel2	pending		
dialogue:A2_SUBWAY.TXT:2:ost_bay_kestrel3	dialogue-unit:4e099e68ccde877d	A2_SUBWAY.TXT	2	ost_bay_kestrel3	pending		
dialogue:A2_SUBWAY.TXT:3:ost_bay_kestrel4	dialogue-unit:8f3ac5ad9bf24d46	A2_SUBWAY.TXT	3	ost_bay_kestrel4	pending		
dialogue:A2_SUBWAY.TXT:4:ost_bay_rayne	dialogue-unit:88d61bc0cbea2614	A2_SUBWAY.TXT	4	ost_bay_rayne	pending		
dialogue:A2_SUBWAY.TXT:5:ost_construction_kestreldead	dialogue-unit:5b26cc682fa77d09	A2_SUBWAY.TXT	5	ost_construction_kestreldead	pending		
dialogue:A2_SUBWAY.TXT:6:ost_construction_kestrelhowcould	dialogue-unit:0d7871a5787b6313	A2_SUBWAY.TXT	6	ost_construction_kestrelhowcould	pending		
dialogue:A2_SUBWAY.TXT:7:ost_construction_kestrelnumbers	dialogue-unit:136d3b666588c514	A2_SUBWAY.TXT	7	ost_construction_kestrelnumbers	pending		
dialogue:A2_SUBWAY.TXT:8:ost_construction_kestrelrun	dialogue-unit:a030ba7a01f6dc6c	A2_SUBWAY.TXT	8	ost_construction_kestrelrun	pending		
dialogue:A2_SUBWAY.TXT:9:ost_construction_play	dialogue-unit:91e71165a4e73b96	A2_SUBWAY.TXT	9	ost_construction_play	pending		
dialogue:A2_SUBWAY.TXT:10:ost_construction_pretty	dialogue-unit:40918a2fd8d21a10	A2_SUBWAY.TXT	10	ost_construction_pretty	pending		
dialogue:A2_SUBWAY.TXT:11:ost_construction_rayneslit	dialogue-unit:23be982df57f8ab7	A2_SUBWAY.TXT	11	ost_construction_rayneslit	pending		
dialogue:A2_SUBWAY.TXT:12:ost_construction_raynesturdy	dialogue-unit:876afbfdbe2d45df	A2_SUBWAY.TXT	12	ost_construction_raynesturdy	pending		
dialogue:A2_SUBWAY.TXT:13:ost_construction_raynesweat	dialogue-unit:7fcdb574e52af171	A2_SUBWAY.TXT	13	ost_construction_raynesweat	pending		
dialogue:A2_SUBWAY.TXT:14:ost_firststation_getin0	dialogue-unit:7c3727a4a7b4c64f	A2_SUBWAY.TXT	14	ost_firststation_getin0	pending		
dialogue:A2_SUBWAY.TXT:15:ost_firststation_getin1	dialogue-unit:b99f1a74f6f5eef2	A2_SUBWAY.TXT	15	ost_firststation_getin1	pending		
dialogue:A2_SUBWAY.TXT:16:ost_firststation_holding	dialogue-unit:920e805448c2f3b3	A2_SUBWAY.TXT	16	ost_firststation_holding	pending		
dialogue:A2_SUBWAY.TXT:17:ost_firststation_letsgo	dialogue-unit:44f0fa7d17539e45	A2_SUBWAY.TXT	17	ost_firststation_letsgo	pending		
dialogue:A2_SUBWAY.TXT:18:ost_firststation_stopher	dialogue-unit:12518b08a4cf5112	A2_SUBWAY.TXT	18	ost_firststation_stopher	pending		
dialogue:A2_SUBWAY.TXT:19:ost_head_coming	dialogue-unit:0cbd56f27d1e129c	A2_SUBWAY.TXT	19	ost_head_coming	pending		
dialogue:A2_SUBWAY.TXT:20:ost_pen_calm	dialogue-unit:561f722d87f25ed0	A2_SUBWAY.TXT	20	ost_pen_calm	pending		
dialogue:A2_SUBWAY.TXT:21:ost_pen_complains	dialogue-unit:86c5ddd42387b7a3	A2_SUBWAY.TXT	21	ost_pen_complains	pending		
dialogue:A2_SUBWAY.TXT:22:ost_pen_eats	dialogue-unit:c8f5d4798a293672	A2_SUBWAY.TXT	22	ost_pen_eats	pending		
dialogue:A2_SUBWAY.TXT:23:ost_pen_eatyou	dialogue-unit:1d73b39096a934bf	A2_SUBWAY.TXT	23	ost_pen_eatyou	pending		
dialogue:A2_SUBWAY.TXT:24:ost_pen_hear	dialogue-unit:26c2c68a2da38694	A2_SUBWAY.TXT	24	ost_pen_hear	pending		
dialogue:A2_SUBWAY.TXT:25:ost_pen_save	dialogue-unit:824fabf3ea49b7ed	A2_SUBWAY.TXT	25	ost_pen_save	pending		
dialogue:A2_SUBWAY.TXT:26:ost_pen_wait	dialogue-unit:890aab43874b5f6f	A2_SUBWAY.TXT	26	ost_pen_wait	pending		
dialogue:A2_SUBWAY1.TXT:1:2s5_rayne_1.wav	dialogue-unit:36ec18316fc8f481	A2_SUBWAY1.TXT	1	2s5_rayne_1.wav	pending		
dialogue:A2_SUBWAY1.TXT:2:a2s5_brute_1.wav	dialogue-unit:ef7f409babb26597	A2_SUBWAY1.TXT	2	a2s5_brute_1.wav	pending		
dialogue:A2_SUBWAY1.TXT:3:a2s5_brute_2.wav	dialogue-unit:78d734dcd77416db	A2_SUBWAY1.TXT	3	a2s5_brute_2.wav	pending		
dialogue:A2_SUBWAY1.TXT:4:a2s5_brute_3.wav	dialogue-unit:225d7b246a831afe	A2_SUBWAY1.TXT	4	a2s5_brute_3.wav	pending		
dialogue:A2_SUBWAY1.TXT:5:a2s5_fminion1_1.wav	dialogue-unit:37eb8bbb312144d9	A2_SUBWAY1.TXT	5	a2s5_fminion1_1.wav	pending		
dialogue:A2_SUBWAY1.TXT:6:a2s5_fminion1_2.wav	dialogue-unit:36d65a9650dc995f	A2_SUBWAY1.TXT	6	a2s5_fminion1_2.wav	pending		
dialogue:A2_SUBWAY1.TXT:7:a2s5_fminion1_3.wav	dialogue-unit:cc983a56c406eadc	A2_SUBWAY1.TXT	7	a2s5_fminion1_3.wav	pending		
dialogue:A2_SUBWAY1.TXT:8:a2s5_fminion1_4.wav	dialogue-unit:ce2115125d8671d0	A2_SUBWAY1.TXT	8	a2s5_fminion1_4.wav	pending		
dialogue:A2_SUBWAY1.TXT:9:a2s5_fminion1_5.wav	dialogue-unit:4de693cd0aceb74d	A2_SUBWAY1.TXT	9	a2s5_fminion1_5.wav	pending		
dialogue:A2_SUBWAY1.TXT:10:a2s5_fminion1_6.wav	dialogue-unit:6cd170884c34c73c	A2_SUBWAY1.TXT	10	a2s5_fminion1_6.wav	pending		
dialogue:A2_SUBWAY1.TXT:11:a2s5_fminion1_7.wav	dialogue-unit:656aa45683142ee5	A2_SUBWAY1.TXT	11	a2s5_fminion1_7.wav	pending		
dialogue:A2_SUBWAY1.TXT:12:a2s5_fminion1_8.wav	dialogue-unit:ed67f8242a9f6c23	A2_SUBWAY1.TXT	12	a2s5_fminion1_8.wav	pending		
dialogue:A2_SUBWAY1.TXT:13:a2s5_fminion2_1.wav	dialogue-unit:b97a2e73ce367c09	A2_SUBWAY1.TXT	13	a2s5_fminion2_1.wav	pending		
dialogue:A2_SUBWAY1.TXT:14:a2s5_fminion3_1.wav	dialogue-unit:9a05919310b58e4b	A2_SUBWAY1.TXT	14	a2s5_fminion3_1.wav	pending		
dialogue:A2_SUBWAY1.TXT:15:a2s5_rayne_10.wav	dialogue-unit:3fbd57373099e70d	A2_SUBWAY1.TXT	15	a2s5_rayne_10.wav	pending		
dialogue:A2_SUBWAY1.TXT:16:a2s5_rayne_11.wav	dialogue-unit:28dc6cbe9dfb2a53	A2_SUBWAY1.TXT	16	a2s5_rayne_11.wav	pending		
dialogue:A2_SUBWAY1.TXT:17:a2s5_rayne_12.wav	dialogue-unit:70a9f35a37b2c547	A2_SUBWAY1.TXT	17	a2s5_rayne_12.wav	pending		
dialogue:A2_SUBWAY1.TXT:18:a2s5_rayne_2.wav	dialogue-unit:675e8d6c31803108	A2_SUBWAY1.TXT	18	a2s5_rayne_2.wav	pending		
dialogue:A2_SUBWAY1.TXT:19:a2s5_rayne_3.wav	dialogue-unit:50fb25da005e8297	A2_SUBWAY1.TXT	19	a2s5_rayne_3.wav	pending		
dialogue:A2_SUBWAY1.TXT:20:a2s5_rayne_4.wav	dialogue-unit:c65348a1ab136a71	A2_SUBWAY1.TXT	20	a2s5_rayne_4.wav	pending		
dialogue:A2_SUBWAY1.TXT:21:a2s5_rayne_5.wav	dialogue-unit:33971ec40bf101c3	A2_SUBWAY1.TXT	21	a2s5_rayne_5.wav	pending		
dialogue:A2_SUBWAY1.TXT:22:a2s5_rayne_6.wav	dialogue-unit:e5d201c91fd6e4d1	A2_SUBWAY1.TXT	22	a2s5_rayne_6.wav	pending		
dialogue:A2_SUBWAY1.TXT:23:a2s5_rayne_7.wav	dialogue-unit:ce76dfdaa4081a64	A2_SUBWAY1.TXT	23	a2s5_rayne_7.wav	pending		
dialogue:A2_SUBWAY1.TXT:24:a2s5_rayne_8.wav	dialogue-unit:9c414ed640f92775	A2_SUBWAY1.TXT	24	a2s5_rayne_8.wav	pending		
dialogue:A2_SUBWAY1.TXT:25:a2s5_rayne_9.wav	dialogue-unit:efbeae8f6cc4de68	A2_SUBWAY1.TXT	25	a2s5_rayne_9.wav	pending		
dialogue:A2_SUBWAY1.TXT:26:a2s5_severin_1.wav	dialogue-unit:dd8861233f619205	A2_SUBWAY1.TXT	26	a2s5_severin_1.wav	pending		
dialogue:A2_SUBWAY1.TXT:27:a2s5_severin_2.wav	dialogue-unit:7090ea01f7e39cfe	A2_SUBWAY1.TXT	27	a2s5_severin_2.wav	pending		
dialogue:A2_SUBWAY1.TXT:28:a2s5_severin_3.wav	dialogue-unit:394de283708d8c0d	A2_SUBWAY1.TXT	28	a2s5_severin_3.wav	pending		
dialogue:A2_SUBWAY1.TXT:29:missiondescription	dialogue-unit:14abc4ef67a24242	A2_SUBWAY1.TXT	29	missiondescription	pending		
dialogue:A2_SUBWAY1.TXT:30:objectivebrutekill	dialogue-unit:14b2f80cdd8b96ee	A2_SUBWAY1.TXT	30	objectivebrutekill	pending		
dialogue:A2_SUBWAY1.TXT:31:objectivecontrolpanel	dialogue-unit:4818da3ae4aa1c1e	A2_SUBWAY1.TXT	31	objectivecontrolpanel	pending		
dialogue:A2_SUBWAY1.TXT:32:objectiveproceedfirststation	dialogue-unit:2407314097391989	A2_SUBWAY1.TXT	32	objectiveproceedfirststation	pending		
dialogue:A2_SUBWAY1.TXT:33:objectivetrainride	dialogue-unit:79353e1b88865e10	A2_SUBWAY1.TXT	33	objectivetrainride	pending		
dialogue:A2_SUBWAY1.TXT:34:ost_objective_brutekill	dialogue-unit:cbb827c60a8a4839	A2_SUBWAY1.TXT	34	ost_objective_brutekill	pending		
dialogue:A2_SUBWAY1.TXT:35:ost_objective_controlpanel	dialogue-unit:f07da514db9288fe	A2_SUBWAY1.TXT	35	ost_objective_controlpanel	pending		
dialogue:A2_SUBWAY1.TXT:36:ost_objective_proceedfirststation	dialogue-unit:9b7adf0372855404	A2_SUBWAY1.TXT	36	ost_objective_proceedfirststation	pending		
dialogue:A2_SUBWAY1.TXT:37:ost_objective_trainride	dialogue-unit:39a0228de4af0b07	A2_SUBWAY1.TXT	37	ost_objective_trainride	pending		
dialogue:A2_SUBWAY2.TXT:1:missiondescription	dialogue-unit:9c4167add8790cd5	A2_SUBWAY2.TXT	1	missiondescription	pending		
dialogue:A2_SUBWAY2.TXT:2:ost_bay_kestral2	dialogue-unit:513a20419e655903	A2_SUBWAY2.TXT	2	ost_bay_kestral2	pending		
dialogue:A2_SUBWAY2.TXT:3:ost_bay_kestral3	dialogue-unit:c9df0c0c64225ce7	A2_SUBWAY2.TXT	3	ost_bay_kestral3	pending		
dialogue:A2_SUBWAY2.TXT:4:ost_bay_kestral4	dialogue-unit:cbc231c54129bba2	A2_SUBWAY2.TXT	4	ost_bay_kestral4	pending		
dialogue:A2_SUBWAY2.TXT:5:ost_bay_rayne	dialogue-unit:88d61bc0cbea2614	A2_SUBWAY2.TXT	5	ost_bay_rayne	pending		
dialogue:A2_SUBWAY2.TXT:6:ost_construction_kestrelhowcould	dialogue-unit:0d7871a5787b6313	A2_SUBWAY2.TXT	6	ost_construction_kestrelhowcould	pending		
dialogue:A2_SUBWAY2.TXT:7:ost_construction_kestrelnumbers	dialogue-unit:136d3b666588c514	A2_SUBWAY2.TXT	7	ost_construction_kestrelnumbers	pending		
dialogue:A2_SUBWAY2.TXT:8:ost_construction_kestrelrun	dialogue-unit:0a52df3bfd2f6509	A2_SUBWAY2.TXT	8	ost_construction_kestrelrun	pending		
dialogue:A2_SUBWAY2.TXT:9:ost_construction_raynesweat	dialogue-unit:7fcdb574e52af171	A2_SUBWAY2.TXT	9	ost_construction_raynesweat	pending		
dialogue:A2_SUBWAY2.TXT:10:ost_gen_sev_toss	dialogue-unit:dff20556e5dcf1a4	A2_SUBWAY2.TXT	10	ost_gen_sev_toss	pending		
dialogue:A2_SUBWAY2.TXT:11:ost_head_coming	dialogue-unit:0cbd56f27d1e129c	A2_SUBWAY2.TXT	11	ost_head_coming	pending		
dialogue:A2_SUBWAY2.TXT:12:ost_pen_calm	dialogue-unit:561f722d87f25ed0	A2_SUBWAY2.TXT	12	ost_pen_calm	pending		
dialogue:A2_SUBWAY2.TXT:13:ost_pen_complains	dialogue-unit:86c5ddd42387b7a3	A2_SUBWAY2.TXT	13	ost_pen_complains	pending		
dialogue:A2_SUBWAY2.TXT:14:ost_pen_eatyou	dialogue-unit:1d73b39096a934bf	A2_SUBWAY2.TXT	14	ost_pen_eatyou	pending		
dialogue:A2_SUBWAY2.TXT:15:ost_pen_hear	dialogue-unit:26c2c68a2da38694	A2_SUBWAY2.TXT	15	ost_pen_hear	pending		
dialogue:A2_SUBWAY2.TXT:16:ost_pen_save	dialogue-unit:824fabf3ea49b7ed	A2_SUBWAY2.TXT	16	ost_pen_save	pending		
dialogue:A2_SUBWAY2.TXT:17:ost_pen_wait	dialogue-unit:890aab43874b5f6f	A2_SUBWAY2.TXT	17	ost_pen_wait	pending		
dialogue:A2_UNIONSTATION.TXT:1:missiondescription	dialogue-unit:f04d0efdb91e127a	A2_UNIONSTATION.TXT	1	missiondescription	pending		
dialogue:A2_UNIONSTATION.TXT:2:objectivebarexit	dialogue-unit:f02e23c8ff9eeb6e	A2_UNIONSTATION.TXT	2	objectivebarexit	pending		
dialogue:A2_UNIONSTATION.TXT:3:objectivedocks	dialogue-unit:0d9816e5b7570720	A2_UNIONSTATION.TXT	3	objectivedocks	pending		
dialogue:A2_UNIONSTATION.TXT:4:objectiverooftops	dialogue-unit:5f4d65c9deb3db22	A2_UNIONSTATION.TXT	4	objectiverooftops	pending		
dialogue:A2_UNIONSTATION.TXT:5:objectivestreets	dialogue-unit:32b7a9f4af731c96	A2_UNIONSTATION.TXT	5	objectivestreets	pending		
dialogue:A2_UNIONSTATION.TXT:6:objectivetunnel	dialogue-unit:5393595365245003	A2_UNIONSTATION.TXT	6	objectivetunnel	pending		
dialogue:A2_UNIONSTATION.TXT:7:ost_fixme_cantopenthatyet	dialogue-unit:c2607eea7d1d6534	A2_UNIONSTATION.TXT	7	ost_fixme_cantopenthatyet	pending		
dialogue:A2_UNIONSTATION.TXT:8:ost_fixme_desc_explosion1	dialogue-unit:6622ff3ce0f34287	A2_UNIONSTATION.TXT	8	ost_fixme_desc_explosion1	pending		
dialogue:A2_UNIONSTATION.TXT:9:ost_fixme_desc_explosion2	dialogue-unit:5e5405c930827c10	A2_UNIONSTATION.TXT	9	ost_fixme_desc_explosion2	pending		
dialogue:A2_UNIONSTATION.TXT:10:ost_fixme_desc_streets1	dialogue-unit:433438f18a41143a	A2_UNIONSTATION.TXT	10	ost_fixme_desc_streets1	pending		
dialogue:A2_UNIONSTATION.TXT:11:ost_fixme_desc_streets2	dialogue-unit:6c008e119a2be0d2	A2_UNIONSTATION.TXT	11	ost_fixme_desc_streets2	pending		
dialogue:A2_UNIONSTATION.TXT:12:ost_fixme_desc_streets3	dialogue-unit:71c9c062fb4aad30	A2_UNIONSTATION.TXT	12	ost_fixme_desc_streets3	pending		
dialogue:A2_UNIONSTATION.TXT:13:ost_fixme_desc_trainbay1	dialogue-unit:ef99a11425d89993	A2_UNIONSTATION.TXT	13	ost_fixme_desc_trainbay1	pending		
dialogue:A2_UNIONSTATION.TXT:14:ost_fixme_desc_warppointson	dialogue-unit:bf70ca72f4902549	A2_UNIONSTATION.TXT	14	ost_fixme_desc_warppointson	pending		
dialogue:A2_UNIONSTATION.TXT:15:ost_fixme_discussion_mooks1	dialogue-unit:9b5e6af0e892cfcd	A2_UNIONSTATION.TXT	15	ost_fixme_discussion_mooks1	pending		
dialogue:A2_UNIONSTATION.TXT:16:ost_fixme_discussion_mooks2	dialogue-unit:86a2efb008c9889d	A2_UNIONSTATION.TXT	16	ost_fixme_discussion_mooks2	pending		
dialogue:A2_UNIONSTATION.TXT:17:ost_fixme_discussion_mooks3	dialogue-unit:6364126a9f88e2dc	A2_UNIONSTATION.TXT	17	ost_fixme_discussion_mooks3	pending		
dialogue:A2_UNIONSTATION.TXT:18:ost_fixme_discussion_severenrayne1	dialogue-unit:641ccbfec0f98d9d	A2_UNIONSTATION.TXT	18	ost_fixme_discussion_severenrayne1	pending		
dialogue:A2_UNIONSTATION.TXT:19:ost_fixme_kestrelflee	dialogue-unit:b3a2ab904ccc78ff	A2_UNIONSTATION.TXT	19	ost_fixme_kestrelflee	pending		
dialogue:A2_UNIONSTATION.TXT:20:ost_fixme_level_change	dialogue-unit:cb8481643c87a21d	A2_UNIONSTATION.TXT	20	ost_fixme_level_change	pending		
dialogue:A2_UNIONSTATION.TXT:21:ost_fixme_rayneseestheexplosions	dialogue-unit:e3657468c4b42db2	A2_UNIONSTATION.TXT	21	ost_fixme_rayneseestheexplosions	pending		
dialogue:A2_UNIONSTATION.TXT:22:ost_fixme_raynespotsseverenandmakesabreakforhim	dialogue-unit:6fb320ce544400cd	A2_UNIONSTATION.TXT	22	ost_fixme_raynespotsseverenandmakesabreakforhim	pending		
dialogue:A2_UNIONSTATION.TXT:23:ost_fixme_temp_cine	dialogue-unit:28a9a709df119990	A2_UNIONSTATION.TXT	23	ost_fixme_temp_cine	pending		
dialogue:A2_UNIONSTATION.TXT:24:ost_fixme_temp_demo	dialogue-unit:7387c71788f851fb	A2_UNIONSTATION.TXT	24	ost_fixme_temp_demo	pending		
dialogue:A2_UNIONSTATION.TXT:25:ost_tunnel_backtrack	dialogue-unit:5975b379d8675b5c	A2_UNIONSTATION.TXT	25	ost_tunnel_backtrack	pending		
dialogue:A2_UNIONSTATION_PART1.TXT:1:a2s2_ephemera_10.wav	dialogue-unit:306d7f98cdcf7ef5	A2_UNIONSTATION_PART1.TXT	1	a2s2_ephemera_10.wav	pending		
dialogue:A2_UNIONSTATION_PART1.TXT:2:a2s2_ephemera_11.wav	dialogue-unit:825432e177c98573	A2_UNIONSTATION_PART1.TXT	2	a2s2_ephemera_11.wav	pending		
dialogue:A2_UNIONSTATION_PART1.TXT:3:a2s2_ephemera_12.wav	dialogue-unit:00beaa7612ba22f7	A2_UNIONSTATION_PART1.TXT	3	a2s2_ephemera_12.wav	pending		
dialogue:A2_UNIONSTATION_PART1.TXT:4:a2s2_ephemera_7.wav	dialogue-unit:fdef1a52a508ff8e	A2_UNIONSTATION_PART1.TXT	4	a2s2_ephemera_7.wav	pending		
dialogue:A2_UNIONSTATION_PART1.TXT:5:a2s2_ephemera_8.wav	dialogue-unit:e948eba16cae7841	A2_UNIONSTATION_PART1.TXT	5	a2s2_ephemera_8.wav	pending		
dialogue:A2_UNIONSTATION_PART1.TXT:6:a2s2_ephemera_9.wav	dialogue-unit:d8432408d2b27e40	A2_UNIONSTATION_PART1.TXT	6	a2s2_ephemera_9.wav	pending		
dialogue:A2_UNIONSTATION_PART1.TXT:7:a2s2_fminion1_1.wav	dialogue-unit:5c0780aff94436b8	A2_UNIONSTATION_PART1.TXT	7	a2s2_fminion1_1.wav	pending		
dialogue:A2_UNIONSTATION_PART1.TXT:8:a2s2_fminion1_10.wav	dialogue-unit:776ba9d180ad282c	A2_UNIONSTATION_PART1.TXT	8	a2s2_fminion1_10.wav	pending		
dialogue:A2_UNIONSTATION_PART1.TXT:9:a2s2_fminion1_11.wav	dialogue-unit:6bb9f9170759c7ba	A2_UNIONSTATION_PART1.TXT	9	a2s2_fminion1_11.wav	pending		
dialogue:A2_UNIONSTATION_PART1.TXT:10:a2s2_fminion1_12.wav	dialogue-unit:20067533974859d6	A2_UNIONSTATION_PART1.TXT	10	a2s2_fminion1_12.wav	pending		
dialogue:A2_UNIONSTATION_PART1.TXT:11:a2s2_fminion1_13.wav	dialogue-unit:fcb10d8c369842a8	A2_UNIONSTATION_PART1.TXT	11	a2s2_fminion1_13.wav	pending		
dialogue:A2_UNIONSTATION_PART1.TXT:12:a2s2_fminion1_14.wav	dialogue-unit:40716307f9d2879d	A2_UNIONSTATION_PART1.TXT	12	a2s2_fminion1_14.wav	pending		
dialogue:A2_UNIONSTATION_PART1.TXT:13:a2s2_fminion1_15.wav	dialogue-unit:5be295b8869f229b	A2_UNIONSTATION_PART1.TXT	13	a2s2_fminion1_15.wav	pending		
dialogue:A2_UNIONSTATION_PART1.TXT:14:a2s2_fminion1_16.wav	dialogue-unit:d339a009589b708b	A2_UNIONSTATION_PART1.TXT	14	a2s2_fminion1_16.wav	pending		
dialogue:A2_UNIONSTATION_PART1.TXT:15:a2s2_fminion1_17.wav	dialogue-unit:af9e4e5bd3258445	A2_UNIONSTATION_PART1.TXT	15	a2s2_fminion1_17.wav	pending		
dialogue:A2_UNIONSTATION_PART1.TXT:16:a2s2_fminion1_18.wav	dialogue-unit:7d51c8e5733283ec	A2_UNIONSTATION_PART1.TXT	16	a2s2_fminion1_18.wav	pending		
dialogue:A2_UNIONSTATION_PART1.TXT:17:a2s2_fminion1_19.wav	dialogue-unit:fd6a82c00f7b5790	A2_UNIONSTATION_PART1.TXT	17	a2s2_fminion1_19.wav	pending		
dialogue:A2_UNIONSTATION_PART1.TXT:18:a2s2_fminion1_2.wav	dialogue-unit:7694c2008c7fd817	A2_UNIONSTATION_PART1.TXT	18	a2s2_fminion1_2.wav	pending		
dialogue:A2_UNIONSTATION_PART1.TXT:19:a2s2_fminion1_20.wav	dialogue-unit:b9b36742b43adbc9	A2_UNIONSTATION_PART1.TXT	19	a2s2_fminion1_20.wav	pending		
dialogue:A2_UNIONSTATION_PART1.TXT:20:a2s2_fminion1_21.wav	dialogue-unit:9b72e3ceeeabdda2	A2_UNIONSTATION_PART1.TXT	20	a2s2_fminion1_21.wav	pending		
dialogue:A2_UNIONSTATION_PART1.TXT:21:a2s2_fminion1_22.wav	dialogue-unit:5f834cde6537a8a4	A2_UNIONSTATION_PART1.TXT	21	a2s2_fminion1_22.wav	pending		
dialogue:A2_UNIONSTATION_PART1.TXT:22:a2s2_fminion1_23.wav	dialogue-unit:53598ec1a1dc402f	A2_UNIONSTATION_PART1.TXT	22	a2s2_fminion1_23.wav	pending		
dialogue:A2_UNIONSTATION_PART1.TXT:23:a2s2_fminion1_24.wav	dialogue-unit:905bad318cf140f7	A2_UNIONSTATION_PART1.TXT	23	a2s2_fminion1_24.wav	pending		
dialogue:A2_UNIONSTATION_PART1.TXT:24:a2s2_fminion1_3.wav	dialogue-unit:aea79486094d61e8	A2_UNIONSTATION_PART1.TXT	24	a2s2_fminion1_3.wav	pending		
dialogue:A2_UNIONSTATION_PART1.TXT:25:a2s2_fminion1_4.wav	dialogue-unit:479185718ffb8976	A2_UNIONSTATION_PART1.TXT	25	a2s2_fminion1_4.wav	pending		
dialogue:A2_UNIONSTATION_PART1.TXT:26:a2s2_fminion1_5.wav	dialogue-unit:199d4ed6bdea90a9	A2_UNIONSTATION_PART1.TXT	26	a2s2_fminion1_5.wav	pending		
dialogue:A2_UNIONSTATION_PART1.TXT:27:a2s2_fminion1_6.wav	dialogue-unit:a4364e54e2cdb624	A2_UNIONSTATION_PART1.TXT	27	a2s2_fminion1_6.wav	pending		
dialogue:A2_UNIONSTATION_PART1.TXT:28:a2s2_fminion1_7.wav	dialogue-unit:557fb2031582845f	A2_UNIONSTATION_PART1.TXT	28	a2s2_fminion1_7.wav	pending		
dialogue:A2_UNIONSTATION_PART1.TXT:29:a2s2_fminion1_8.wav	dialogue-unit:d0e614e23c89b31a	A2_UNIONSTATION_PART1.TXT	29	a2s2_fminion1_8.wav	pending		
dialogue:A2_UNIONSTATION_PART1.TXT:30:a2s2_fminion1_9.wav	dialogue-unit:1bcb5afa84c711bd	A2_UNIONSTATION_PART1.TXT	30	a2s2_fminion1_9.wav	pending		
dialogue:A2_UNIONSTATION_PART1.TXT:31:a2s2_fminion2_1.wav	dialogue-unit:efa8b03bdf9c1561	A2_UNIONSTATION_PART1.TXT	31	a2s2_fminion2_1.wav	pending		
dialogue:A2_UNIONSTATION_PART1.TXT:32:a2s2_fminion2_10.wav	dialogue-unit:6df01e8e468e4b97	A2_UNIONSTATION_PART1.TXT	32	a2s2_fminion2_10.wav	pending		
dialogue:A2_UNIONSTATION_PART1.TXT:33:a2s2_fminion2_11.wav	dialogue-unit:6b8bb3b7635cae51	A2_UNIONSTATION_PART1.TXT	33	a2s2_fminion2_11.wav	pending		
dialogue:A2_UNIONSTATION_PART1.TXT:34:a2s2_fminion2_12.wav	dialogue-unit:7d143ab80cdc7f24	A2_UNIONSTATION_PART1.TXT	34	a2s2_fminion2_12.wav	pending		
dialogue:A2_UNIONSTATION_PART1.TXT:35:a2s2_fminion2_13.wav	dialogue-unit:d0cad34e16e8b462	A2_UNIONSTATION_PART1.TXT	35	a2s2_fminion2_13.wav	pending		
dialogue:A2_UNIONSTATION_PART1.TXT:36:a2s2_fminion2_14.wav	dialogue-unit:d35f2fe9c90a0d53	A2_UNIONSTATION_PART1.TXT	36	a2s2_fminion2_14.wav	pending		
dialogue:A2_UNIONSTATION_PART1.TXT:37:a2s2_fminion2_15.wav	dialogue-unit:3b1c2d854e23af5a	A2_UNIONSTATION_PART1.TXT	37	a2s2_fminion2_15.wav	pending		
dialogue:A2_UNIONSTATION_PART1.TXT:38:a2s2_fminion2_16.wav	dialogue-unit:54ba6557edac61ad	A2_UNIONSTATION_PART1.TXT	38	a2s2_fminion2_16.wav	pending		
dialogue:A2_UNIONSTATION_PART1.TXT:39:a2s2_fminion2_17.wav	dialogue-unit:9078005a3c051da4	A2_UNIONSTATION_PART1.TXT	39	a2s2_fminion2_17.wav	pending		
dialogue:A2_UNIONSTATION_PART1.TXT:40:a2s2_fminion2_2.wav	dialogue-unit:6442b3fa514157f3	A2_UNIONSTATION_PART1.TXT	40	a2s2_fminion2_2.wav	pending		
dialogue:A2_UNIONSTATION_PART1.TXT:41:a2s2_fminion2_3.wav	dialogue-unit:f65fb113a85a0344	A2_UNIONSTATION_PART1.TXT	41	a2s2_fminion2_3.wav	pending		
dialogue:A2_UNIONSTATION_PART1.TXT:42:a2s2_fminion2_4.wav	dialogue-unit:3ccf3c4677604a95	A2_UNIONSTATION_PART1.TXT	42	a2s2_fminion2_4.wav	pending		
dialogue:A2_UNIONSTATION_PART1.TXT:43:a2s2_fminion2_5.wav	dialogue-unit:9052fce050bb8ff7	A2_UNIONSTATION_PART1.TXT	43	a2s2_fminion2_5.wav	pending		
dialogue:A2_UNIONSTATION_PART1.TXT:44:a2s2_fminion2_6.wav	dialogue-unit:6d80a98ec6b2ec1d	A2_UNIONSTATION_PART1.TXT	44	a2s2_fminion2_6.wav	pending		
dialogue:A2_UNIONSTATION_PART1.TXT:45:a2s2_fminion2_7.wav	dialogue-unit:7fecbf4fc2e00bf0	A2_UNIONSTATION_PART1.TXT	45	a2s2_fminion2_7.wav	pending		
dialogue:A2_UNIONSTATION_PART1.TXT:46:a2s2_fminion2_8.wav	dialogue-unit:b2a3edb597a6aa27	A2_UNIONSTATION_PART1.TXT	46	a2s2_fminion2_8.wav	pending		
dialogue:A2_UNIONSTATION_PART1.TXT:47:a2s2_fminion2_9.wav	dialogue-unit:f0909dd8304784bd	A2_UNIONSTATION_PART1.TXT	47	a2s2_fminion2_9.wav	pending		
dialogue:A2_UNIONSTATION_PART1.TXT:48:a2s2_fminion3_1.wav	dialogue-unit:3b6fb34ce3d43782	A2_UNIONSTATION_PART1.TXT	48	a2s2_fminion3_1.wav	pending		
dialogue:A2_UNIONSTATION_PART1.TXT:49:a2s2_fminion3_2.wav	dialogue-unit:34d81e804731d0c2	A2_UNIONSTATION_PART1.TXT	49	a2s2_fminion3_2.wav	pending		
dialogue:A2_UNIONSTATION_PART1.TXT:50:a2s2_fminion3_3.wav	dialogue-unit:a7d62e1486d03e9c	A2_UNIONSTATION_PART1.TXT	50	a2s2_fminion3_3.wav	pending		
dialogue:A2_UNIONSTATION_PART1.TXT:51:a2s2_fminion3_4.wav	dialogue-unit:5e07e223160e2551	A2_UNIONSTATION_PART1.TXT	51	a2s2_fminion3_4.wav	pending		
dialogue:A2_UNIONSTATION_PART1.TXT:52:a2s2_fminion3_5.wav	dialogue-unit:98cb46410833a297	A2_UNIONSTATION_PART1.TXT	52	a2s2_fminion3_5.wav	pending		
dialogue:A2_UNIONSTATION_PART1.TXT:53:a2s2_fminion3_6.wav	dialogue-unit:431fbe380b556190	A2_UNIONSTATION_PART1.TXT	53	a2s2_fminion3_6.wav	pending		
dialogue:A2_UNIONSTATION_PART1.TXT:54:a2s2_fminion3_7.wav	dialogue-unit:0a787ff32ab06b75	A2_UNIONSTATION_PART1.TXT	54	a2s2_fminion3_7.wav	pending		
dialogue:A2_UNIONSTATION_PART1.TXT:55:a2s2_fminion3_8.wav	dialogue-unit:2d53410a082f3226	A2_UNIONSTATION_PART1.TXT	55	a2s2_fminion3_8.wav	pending		
dialogue:A2_UNIONSTATION_PART1.TXT:56:a2s2_kestrel1_15.wav	dialogue-unit:2f826d21639fd920	A2_UNIONSTATION_PART1.TXT	56	a2s2_kestrel1_15.wav	pending		
dialogue:A2_UNIONSTATION_PART1.TXT:57:a2s2_kestrel1_16.wav	dialogue-unit:93b64c2c4c2b35b7	A2_UNIONSTATION_PART1.TXT	57	a2s2_kestrel1_16.wav	pending		
dialogue:A2_UNIONSTATION_PART1.TXT:58:a2s2_kestrel1_17.wav	dialogue-unit:beacd93f15c196ad	A2_UNIONSTATION_PART1.TXT	58	a2s2_kestrel1_17.wav	pending		
dialogue:A2_UNIONSTATION_PART1.TXT:59:a2s2_kestrel1_18.wav	dialogue-unit:3edde1b4cd1e2213	A2_UNIONSTATION_PART1.TXT	59	a2s2_kestrel1_18.wav	pending		
dialogue:A2_UNIONSTATION_PART1.TXT:60:a2s2_kestrel1_19.wav	dialogue-unit:d4d366904edf2b54	A2_UNIONSTATION_PART1.TXT	60	a2s2_kestrel1_19.wav	pending		
dialogue:A2_UNIONSTATION_PART1.TXT:61:a2s2_kestrel1_20.wav	dialogue-unit:ab61ce37b7607254	A2_UNIONSTATION_PART1.TXT	61	a2s2_kestrel1_20.wav	pending		
dialogue:A2_UNIONSTATION_PART1.TXT:62:a2s2_kestrel1_21.wav	dialogue-unit:d74dc6f8accde0a6	A2_UNIONSTATION_PART1.TXT	62	a2s2_kestrel1_21.wav	pending		
dialogue:A2_UNIONSTATION_PART1.TXT:63:a2s2_kestrel1_22.wav	dialogue-unit:395cda98eb5b323a	A2_UNIONSTATION_PART1.TXT	63	a2s2_kestrel1_22.wav	pending		
dialogue:A2_UNIONSTATION_PART1.TXT:64:a2s2_kestrel1_23.wav	dialogue-unit:3649c55d83673ff8	A2_UNIONSTATION_PART1.TXT	64	a2s2_kestrel1_23.wav	pending		
dialogue:A2_UNIONSTATION_PART1.TXT:65:a2s2_kestrel1_24.wav	dialogue-unit:457cbe198a2df072	A2_UNIONSTATION_PART1.TXT	65	a2s2_kestrel1_24.wav	blank		English display is empty; clear RU-only speaker prefix
dialogue:A2_UNIONSTATION_PART1.TXT:66:a2s2_kestrel2_3.wav	dialogue-unit:623989c5c43e6e49	A2_UNIONSTATION_PART1.TXT	66	a2s2_kestrel2_3.wav	pending		
dialogue:A2_UNIONSTATION_PART1.TXT:67:a2s2_kestrel2_4.wav	dialogue-unit:9ae0c34aa087987b	A2_UNIONSTATION_PART1.TXT	67	a2s2_kestrel2_4.wav	pending		
dialogue:A2_UNIONSTATION_PART1.TXT:68:a2s2_kestrel2_5.wav	dialogue-unit:f8abf94c30fe1711	A2_UNIONSTATION_PART1.TXT	68	a2s2_kestrel2_5.wav	pending		
dialogue:A2_UNIONSTATION_PART1.TXT:69:a2s2_kestrel2_6.wav	dialogue-unit:9c70cfc28a5ba3f7	A2_UNIONSTATION_PART1.TXT	69	a2s2_kestrel2_6.wav	pending		
dialogue:A2_UNIONSTATION_PART1.TXT:70:a2s2_rayne_1.wav	dialogue-unit:1c4d3360d207ee20	A2_UNIONSTATION_PART1.TXT	70	a2s2_rayne_1.wav	pending		
dialogue:A2_UNIONSTATION_PART1.TXT:71:a2s2_rayne_10.wav	dialogue-unit:b00ed7367b504376	A2_UNIONSTATION_PART1.TXT	71	a2s2_rayne_10.wav	pending		
dialogue:A2_UNIONSTATION_PART1.TXT:72:a2s2_rayne_11.wav	dialogue-unit:43c062dd30c4321c	A2_UNIONSTATION_PART1.TXT	72	a2s2_rayne_11.wav	pending		
dialogue:A2_UNIONSTATION_PART1.TXT:73:a2s2_rayne_12.wav	dialogue-unit:3184937bbdcc3b77	A2_UNIONSTATION_PART1.TXT	73	a2s2_rayne_12.wav	pending		
dialogue:A2_UNIONSTATION_PART1.TXT:74:a2s2_rayne_13.wav	dialogue-unit:8819bb534329f4bb	A2_UNIONSTATION_PART1.TXT	74	a2s2_rayne_13.wav	pending		
dialogue:A2_UNIONSTATION_PART1.TXT:75:a2s2_rayne_14.wav	dialogue-unit:b16923cc122bbf82	A2_UNIONSTATION_PART1.TXT	75	a2s2_rayne_14.wav	pending		
dialogue:A2_UNIONSTATION_PART1.TXT:76:a2s2_rayne_15.wav	dialogue-unit:53262450a2d3d3fd	A2_UNIONSTATION_PART1.TXT	76	a2s2_rayne_15.wav	pending		
dialogue:A2_UNIONSTATION_PART1.TXT:77:a2s2_rayne_16.wav	dialogue-unit:783aa48ac8130405	A2_UNIONSTATION_PART1.TXT	77	a2s2_rayne_16.wav	pending		
dialogue:A2_UNIONSTATION_PART1.TXT:78:a2s2_rayne_17.wav	dialogue-unit:39131316861fd75e	A2_UNIONSTATION_PART1.TXT	78	a2s2_rayne_17.wav	pending		
dialogue:A2_UNIONSTATION_PART1.TXT:79:a2s2_rayne_18.wav	dialogue-unit:0e25f10ced043570	A2_UNIONSTATION_PART1.TXT	79	a2s2_rayne_18.wav	pending		
dialogue:A2_UNIONSTATION_PART1.TXT:80:a2s2_rayne_19.wav	dialogue-unit:3fa3690429949111	A2_UNIONSTATION_PART1.TXT	80	a2s2_rayne_19.wav	pending		
dialogue:A2_UNIONSTATION_PART1.TXT:81:a2s2_rayne_2.wav	dialogue-unit:301381ac6a403873	A2_UNIONSTATION_PART1.TXT	81	a2s2_rayne_2.wav	pending		
dialogue:A2_UNIONSTATION_PART1.TXT:82:a2s2_rayne_20.wav	dialogue-unit:38ad1ea76b2e2459	A2_UNIONSTATION_PART1.TXT	82	a2s2_rayne_20.wav	pending		
dialogue:A2_UNIONSTATION_PART1.TXT:83:a2s2_rayne_21.wav	dialogue-unit:a2f591064e0f2add	A2_UNIONSTATION_PART1.TXT	83	a2s2_rayne_21.wav	pending		
dialogue:A2_UNIONSTATION_PART1.TXT:84:a2s2_rayne_22.wav	dialogue-unit:9361ddce25bcc268	A2_UNIONSTATION_PART1.TXT	84	a2s2_rayne_22.wav	pending		
dialogue:A2_UNIONSTATION_PART1.TXT:85:a2s2_rayne_23.wav	dialogue-unit:0a68f80618de5830	A2_UNIONSTATION_PART1.TXT	85	a2s2_rayne_23.wav	pending		
dialogue:A2_UNIONSTATION_PART1.TXT:86:a2s2_rayne_24.wav	dialogue-unit:43bb57e7922efc5b	A2_UNIONSTATION_PART1.TXT	86	a2s2_rayne_24.wav	pending		
dialogue:A2_UNIONSTATION_PART1.TXT:87:a2s2_rayne_25.wav	dialogue-unit:393cdb896089faa9	A2_UNIONSTATION_PART1.TXT	87	a2s2_rayne_25.wav	pending		
dialogue:A2_UNIONSTATION_PART1.TXT:88:a2s2_rayne_26.wav	dialogue-unit:bbc566bf1fa38a92	A2_UNIONSTATION_PART1.TXT	88	a2s2_rayne_26.wav	pending		
dialogue:A2_UNIONSTATION_PART1.TXT:89:a2s2_rayne_27.wav	dialogue-unit:589b0fb2d1d2e106	A2_UNIONSTATION_PART1.TXT	89	a2s2_rayne_27.wav	pending		
dialogue:A2_UNIONSTATION_PART1.TXT:90:a2s2_rayne_28.wav	dialogue-unit:41d789d8bcafcd7e	A2_UNIONSTATION_PART1.TXT	90	a2s2_rayne_28.wav	pending		
dialogue:A2_UNIONSTATION_PART1.TXT:91:a2s2_rayne_29.wav	dialogue-unit:5bad6eeed475bd42	A2_UNIONSTATION_PART1.TXT	91	a2s2_rayne_29.wav	pending		
dialogue:A2_UNIONSTATION_PART1.TXT:92:a2s2_rayne_3.wav	dialogue-unit:a2e8100a697f7602	A2_UNIONSTATION_PART1.TXT	92	a2s2_rayne_3.wav	pending		
dialogue:A2_UNIONSTATION_PART1.TXT:93:a2s2_rayne_30.wav	dialogue-unit:83c0356318adb668	A2_UNIONSTATION_PART1.TXT	93	a2s2_rayne_30.wav	pending		
dialogue:A2_UNIONSTATION_PART1.TXT:94:a2s2_rayne_31.wav	dialogue-unit:77dbe20f012bcab5	A2_UNIONSTATION_PART1.TXT	94	a2s2_rayne_31.wav	pending		
dialogue:A2_UNIONSTATION_PART1.TXT:95:a2s2_rayne_32.wav	dialogue-unit:d9713e456064fe23	A2_UNIONSTATION_PART1.TXT	95	a2s2_rayne_32.wav	pending		
dialogue:A2_UNIONSTATION_PART1.TXT:96:a2s2_rayne_33.wav	dialogue-unit:fdbc3184b3544a98	A2_UNIONSTATION_PART1.TXT	96	a2s2_rayne_33.wav	pending		
dialogue:A2_UNIONSTATION_PART1.TXT:97:a2s2_rayne_34.wav	dialogue-unit:5bbf3eb115e4bb0c	A2_UNIONSTATION_PART1.TXT	97	a2s2_rayne_34.wav	pending		
dialogue:A2_UNIONSTATION_PART1.TXT:98:a2s2_rayne_35.wav	dialogue-unit:082ed9847384d761	A2_UNIONSTATION_PART1.TXT	98	a2s2_rayne_35.wav	pending		
dialogue:A2_UNIONSTATION_PART1.TXT:99:a2s2_rayne_36.wav	dialogue-unit:ce7815d8101ae69c	A2_UNIONSTATION_PART1.TXT	99	a2s2_rayne_36.wav	pending		
dialogue:A2_UNIONSTATION_PART1.TXT:100:a2s2_rayne_37.wav	dialogue-unit:53220722d4455f12	A2_UNIONSTATION_PART1.TXT	100	a2s2_rayne_37.wav	pending		
dialogue:A2_UNIONSTATION_PART1.TXT:101:a2s2_rayne_38.wav	dialogue-unit:1f6887073c6156fc	A2_UNIONSTATION_PART1.TXT	101	a2s2_rayne_38.wav	pending		
dialogue:A2_UNIONSTATION_PART1.TXT:102:a2s2_rayne_39.wav	dialogue-unit:31944058590a0c29	A2_UNIONSTATION_PART1.TXT	102	a2s2_rayne_39.wav	pending		
dialogue:A2_UNIONSTATION_PART1.TXT:103:a2s2_rayne_4.wav	dialogue-unit:5f8dc2c8bf647e32	A2_UNIONSTATION_PART1.TXT	103	a2s2_rayne_4.wav	pending		
dialogue:A2_UNIONSTATION_PART1.TXT:104:a2s2_rayne_40.wav	dialogue-unit:307fc28a7b6b92d0	A2_UNIONSTATION_PART1.TXT	104	a2s2_rayne_40.wav	pending		
dialogue:A2_UNIONSTATION_PART1.TXT:105:a2s2_rayne_41.wav	dialogue-unit:bfbe4a8659a828ed	A2_UNIONSTATION_PART1.TXT	105	a2s2_rayne_41.wav	pending		
dialogue:A2_UNIONSTATION_PART1.TXT:106:a2s2_rayne_42.wav	dialogue-unit:07505591df4c3859	A2_UNIONSTATION_PART1.TXT	106	a2s2_rayne_42.wav	pending		
dialogue:A2_UNIONSTATION_PART1.TXT:107:a2s2_rayne_43.wav	dialogue-unit:d273d6b061a86823	A2_UNIONSTATION_PART1.TXT	107	a2s2_rayne_43.wav	pending		
dialogue:A2_UNIONSTATION_PART1.TXT:108:a2s2_rayne_44.wav	dialogue-unit:92f7e6af4fda8fab	A2_UNIONSTATION_PART1.TXT	108	a2s2_rayne_44.wav	pending		
dialogue:A2_UNIONSTATION_PART1.TXT:109:a2s2_rayne_45.wav	dialogue-unit:6a579931e649d3df	A2_UNIONSTATION_PART1.TXT	109	a2s2_rayne_45.wav	pending		
dialogue:A2_UNIONSTATION_PART1.TXT:110:a2s2_rayne_46.wav	dialogue-unit:513204ac909e09f8	A2_UNIONSTATION_PART1.TXT	110	a2s2_rayne_46.wav	pending		
dialogue:A2_UNIONSTATION_PART1.TXT:111:a2s2_rayne_47.wav	dialogue-unit:c3d14e1c686abb1a	A2_UNIONSTATION_PART1.TXT	111	a2s2_rayne_47.wav	pending		
dialogue:A2_UNIONSTATION_PART1.TXT:112:a2s2_rayne_48.wav	dialogue-unit:dd66aaf6c4f467e3	A2_UNIONSTATION_PART1.TXT	112	a2s2_rayne_48.wav	pending		
dialogue:A2_UNIONSTATION_PART1.TXT:113:a2s2_rayne_49.wav	dialogue-unit:a2d77f4581f258f9	A2_UNIONSTATION_PART1.TXT	113	a2s2_rayne_49.wav	pending		
dialogue:A2_UNIONSTATION_PART1.TXT:114:a2s2_rayne_5.wav	dialogue-unit:47219e77d2bd3b6a	A2_UNIONSTATION_PART1.TXT	114	a2s2_rayne_5.wav	pending		
dialogue:A2_UNIONSTATION_PART1.TXT:115:a2s2_rayne_50.wav	dialogue-unit:24f4ea543dc05557	A2_UNIONSTATION_PART1.TXT	115	a2s2_rayne_50.wav	pending		
dialogue:A2_UNIONSTATION_PART1.TXT:116:a2s2_rayne_51.wav	dialogue-unit:29d41019f54ccf2e	A2_UNIONSTATION_PART1.TXT	116	a2s2_rayne_51.wav	blank		English display is empty; clear RU-only speaker prefix
dialogue:A2_UNIONSTATION_PART1.TXT:117:a2s2_rayne_52.wav	dialogue-unit:5ea3561c51706d2d	A2_UNIONSTATION_PART1.TXT	117	a2s2_rayne_52.wav	pending		
dialogue:A2_UNIONSTATION_PART1.TXT:118:a2s2_rayne_53.wav	dialogue-unit:087f234eac488400	A2_UNIONSTATION_PART1.TXT	118	a2s2_rayne_53.wav	pending		
dialogue:A2_UNIONSTATION_PART1.TXT:119:a2s2_rayne_54.wav	dialogue-unit:41e77e82a64e7c7b	A2_UNIONSTATION_PART1.TXT	119	a2s2_rayne_54.wav	pending		
dialogue:A2_UNIONSTATION_PART1.TXT:120:a2s2_rayne_55.wav	dialogue-unit:0c2edde6e7791c9e	A2_UNIONSTATION_PART1.TXT	120	a2s2_rayne_55.wav	pending		
dialogue:A2_UNIONSTATION_PART1.TXT:121:a2s2_rayne_56.wav	dialogue-unit:fdc875a592fa4dae	A2_UNIONSTATION_PART1.TXT	121	a2s2_rayne_56.wav	pending		
dialogue:A2_UNIONSTATION_PART1.TXT:122:a2s2_rayne_57.wav	dialogue-unit:8e2e85e30a41ce5c	A2_UNIONSTATION_PART1.TXT	122	a2s2_rayne_57.wav	pending		
dialogue:A2_UNIONSTATION_PART1.TXT:123:a2s2_rayne_58.wav	dialogue-unit:425ff77019004202	A2_UNIONSTATION_PART1.TXT	123	a2s2_rayne_58.wav	pending		
dialogue:A2_UNIONSTATION_PART1.TXT:124:a2s2_rayne_59.wav	dialogue-unit:1620a21409499c40	A2_UNIONSTATION_PART1.TXT	124	a2s2_rayne_59.wav	pending		
dialogue:A2_UNIONSTATION_PART1.TXT:125:a2s2_rayne_6.wav	dialogue-unit:6a4518247c7386fc	A2_UNIONSTATION_PART1.TXT	125	a2s2_rayne_6.wav	pending		
dialogue:A2_UNIONSTATION_PART1.TXT:126:a2s2_rayne_60.wav	dialogue-unit:f8f8363a5fbb9be9	A2_UNIONSTATION_PART1.TXT	126	a2s2_rayne_60.wav	pending		
dialogue:A2_UNIONSTATION_PART1.TXT:127:a2s2_rayne_61.wav	dialogue-unit:c61ac9eb8355a10f	A2_UNIONSTATION_PART1.TXT	127	a2s2_rayne_61.wav	pending		
dialogue:A2_UNIONSTATION_PART1.TXT:128:a2s2_rayne_62.wav	dialogue-unit:b50420f1a8e55149	A2_UNIONSTATION_PART1.TXT	128	a2s2_rayne_62.wav	pending		
dialogue:A2_UNIONSTATION_PART1.TXT:129:a2s2_rayne_63.wav	dialogue-unit:a337325b93cf2105	A2_UNIONSTATION_PART1.TXT	129	a2s2_rayne_63.wav	pending		
dialogue:A2_UNIONSTATION_PART1.TXT:130:a2s2_rayne_64.wav	dialogue-unit:61f7e54ba98d9293	A2_UNIONSTATION_PART1.TXT	130	a2s2_rayne_64.wav	pending		
dialogue:A2_UNIONSTATION_PART1.TXT:131:a2s2_rayne_65.wav	dialogue-unit:c4e560adbde9e152	A2_UNIONSTATION_PART1.TXT	131	a2s2_rayne_65.wav	pending		
dialogue:A2_UNIONSTATION_PART1.TXT:132:a2s2_rayne_66.wav	dialogue-unit:4f4c92496d0ea2c6	A2_UNIONSTATION_PART1.TXT	132	a2s2_rayne_66.wav	pending		
dialogue:A2_UNIONSTATION_PART1.TXT:133:a2s2_rayne_7.wav	dialogue-unit:22a30ff5f1623f4c	A2_UNIONSTATION_PART1.TXT	133	a2s2_rayne_7.wav	pending		
dialogue:A2_UNIONSTATION_PART1.TXT:134:a2s2_rayne_8.wav	dialogue-unit:bb3222d7c3d263af	A2_UNIONSTATION_PART1.TXT	134	a2s2_rayne_8.wav	pending		
dialogue:A2_UNIONSTATION_PART1.TXT:135:a2s2_rayne_9.wav	dialogue-unit:91e175e7054aa7f7	A2_UNIONSTATION_PART1.TXT	135	a2s2_rayne_9.wav	pending		
dialogue:A2_UNIONSTATION_PART1.TXT:136:a2s2_severin_1.wav	dialogue-unit:ea317b85e4135115	A2_UNIONSTATION_PART1.TXT	136	a2s2_severin_1.wav	pending		
dialogue:A2_UNIONSTATION_PART1.TXT:137:a2s2_severin_10.wav	dialogue-unit:8c42f95ac3a060f9	A2_UNIONSTATION_PART1.TXT	137	a2s2_severin_10.wav	pending		
dialogue:A2_UNIONSTATION_PART1.TXT:138:a2s2_severin_11.wav	dialogue-unit:e874d89039fc62a0	A2_UNIONSTATION_PART1.TXT	138	a2s2_severin_11.wav	pending		
dialogue:A2_UNIONSTATION_PART1.TXT:139:a2s2_severin_12.wav	dialogue-unit:6a3e0dd5c5ed162e	A2_UNIONSTATION_PART1.TXT	139	a2s2_severin_12.wav	pending		
dialogue:A2_UNIONSTATION_PART1.TXT:140:a2s2_severin_13.wav	dialogue-unit:3756997ce4e5b7f4	A2_UNIONSTATION_PART1.TXT	140	a2s2_severin_13.wav	pending		
dialogue:A2_UNIONSTATION_PART1.TXT:141:a2s2_severin_14.wav	dialogue-unit:ac90a862a9c147e5	A2_UNIONSTATION_PART1.TXT	141	a2s2_severin_14.wav	pending		
dialogue:A2_UNIONSTATION_PART1.TXT:142:a2s2_severin_15.wav	dialogue-unit:e4a015ea30203fba	A2_UNIONSTATION_PART1.TXT	142	a2s2_severin_15.wav	pending		
dialogue:A2_UNIONSTATION_PART1.TXT:143:a2s2_severin_16.wav	dialogue-unit:b0bf36dec6aba516	A2_UNIONSTATION_PART1.TXT	143	a2s2_severin_16.wav	pending		
dialogue:A2_UNIONSTATION_PART1.TXT:144:a2s2_severin_17.wav	dialogue-unit:72a93390a6521a9d	A2_UNIONSTATION_PART1.TXT	144	a2s2_severin_17.wav	pending		
dialogue:A2_UNIONSTATION_PART1.TXT:145:a2s2_severin_18.wav	dialogue-unit:929cbacda6363e5d	A2_UNIONSTATION_PART1.TXT	145	a2s2_severin_18.wav	pending		
dialogue:A2_UNIONSTATION_PART1.TXT:146:a2s2_severin_19.wav	dialogue-unit:78ba7e0825a7d951	A2_UNIONSTATION_PART1.TXT	146	a2s2_severin_19.wav	pending		
dialogue:A2_UNIONSTATION_PART1.TXT:147:a2s2_severin_2.wav	dialogue-unit:4d007789c002b68c	A2_UNIONSTATION_PART1.TXT	147	a2s2_severin_2.wav	pending		
dialogue:A2_UNIONSTATION_PART1.TXT:148:a2s2_severin_20.wav	dialogue-unit:dc8ce12266407c23	A2_UNIONSTATION_PART1.TXT	148	a2s2_severin_20.wav	pending		
dialogue:A2_UNIONSTATION_PART1.TXT:149:a2s2_severin_21.wav	dialogue-unit:705e4833106fb4c1	A2_UNIONSTATION_PART1.TXT	149	a2s2_severin_21.wav	pending		
dialogue:A2_UNIONSTATION_PART1.TXT:150:a2s2_severin_22.wav	dialogue-unit:04c006b258a5c5e9	A2_UNIONSTATION_PART1.TXT	150	a2s2_severin_22.wav	pending		
dialogue:A2_UNIONSTATION_PART1.TXT:151:a2s2_severin_23.wav	dialogue-unit:a03c3e531da23a73	A2_UNIONSTATION_PART1.TXT	151	a2s2_severin_23.wav	pending		
dialogue:A2_UNIONSTATION_PART1.TXT:152:a2s2_severin_24.wav	dialogue-unit:8d1bdb5bd05ade68	A2_UNIONSTATION_PART1.TXT	152	a2s2_severin_24.wav	pending		
dialogue:A2_UNIONSTATION_PART1.TXT:153:a2s2_severin_25.wav	dialogue-unit:d6d76fa1e6ed986c	A2_UNIONSTATION_PART1.TXT	153	a2s2_severin_25.wav	pending		
dialogue:A2_UNIONSTATION_PART1.TXT:154:a2s2_severin_26.wav	dialogue-unit:11fdcfaf5b49d136	A2_UNIONSTATION_PART1.TXT	154	a2s2_severin_26.wav	pending		
dialogue:A2_UNIONSTATION_PART1.TXT:155:a2s2_severin_27.wav	dialogue-unit:b47db372a97e48d6	A2_UNIONSTATION_PART1.TXT	155	a2s2_severin_27.wav	pending		
dialogue:A2_UNIONSTATION_PART1.TXT:156:a2s2_severin_28.wav	dialogue-unit:59e221235368ca09	A2_UNIONSTATION_PART1.TXT	156	a2s2_severin_28.wav	pending		
dialogue:A2_UNIONSTATION_PART1.TXT:157:a2s2_severin_3.wav	dialogue-unit:46314c5424f64455	A2_UNIONSTATION_PART1.TXT	157	a2s2_severin_3.wav	pending		
dialogue:A2_UNIONSTATION_PART1.TXT:158:a2s2_severin_4.wav	dialogue-unit:b8c5552c3dd4726b	A2_UNIONSTATION_PART1.TXT	158	a2s2_severin_4.wav	pending		
dialogue:A2_UNIONSTATION_PART1.TXT:159:a2s2_severin_5.wav	dialogue-unit:976a8c981edccb81	A2_UNIONSTATION_PART1.TXT	159	a2s2_severin_5.wav	pending		
dialogue:A2_UNIONSTATION_PART1.TXT:160:a2s2_severin_6.wav	dialogue-unit:92d790fa51d93c8c	A2_UNIONSTATION_PART1.TXT	160	a2s2_severin_6.wav	pending		
dialogue:A2_UNIONSTATION_PART1.TXT:161:a2s2_severin_7.wav	dialogue-unit:c6f2fed8159793b8	A2_UNIONSTATION_PART1.TXT	161	a2s2_severin_7.wav	pending		
dialogue:A2_UNIONSTATION_PART1.TXT:162:a2s2_severin_8.wav	dialogue-unit:288c4fb92cb14a3f	A2_UNIONSTATION_PART1.TXT	162	a2s2_severin_8.wav	pending		
dialogue:A2_UNIONSTATION_PART1.TXT:163:a2s2_severin_9.wav	dialogue-unit:ca2263e875a4a038	A2_UNIONSTATION_PART1.TXT	163	a2s2_severin_9.wav	pending		
dialogue:A2_UNIONSTATION_PART1.TXT:164:missiondescription	dialogue-unit:755c57c9a703e6f6	A2_UNIONSTATION_PART1.TXT	164	missiondescription	pending		
dialogue:A2_UNIONSTATION_PART1.TXT:165:objectivecatwalks	dialogue-unit:8c7fc05e88fe4bc6	A2_UNIONSTATION_PART1.TXT	165	objectivecatwalks	pending		
dialogue:A2_UNIONSTATION_PART1.TXT:166:objectivecatwalks2	dialogue-unit:5d3f3c191a320646	A2_UNIONSTATION_PART1.TXT	166	objectivecatwalks2	pending		
dialogue:A2_UNIONSTATION_PART1.TXT:167:objectivekestrelchase	dialogue-unit:d73f863ed0070482	A2_UNIONSTATION_PART1.TXT	167	objectivekestrelchase	pending		
dialogue:A2_UNIONSTATION_PART1.TXT:168:objectivekestrelfight	dialogue-unit:58beeff113dafb39	A2_UNIONSTATION_PART1.TXT	168	objectivekestrelfight	pending		
dialogue:A2_UNIONSTATION_PART1.TXT:169:objectivekestrelinterrogate	dialogue-unit:afd60bdda262a36e	A2_UNIONSTATION_PART1.TXT	169	objectivekestrelinterrogate	pending		
dialogue:A2_UNIONSTATION_PART1.TXT:170:objectivewayin	dialogue-unit:a8f9d23e0f8e19aa	A2_UNIONSTATION_PART1.TXT	170	objectivewayin	pending		
dialogue:A2_UNIONSTATION_PART1.TXT:171:ost_fixme_cantopenthatyet	dialogue-unit:c2607eea7d1d6534	A2_UNIONSTATION_PART1.TXT	171	ost_fixme_cantopenthatyet	pending		
dialogue:A2_UNIONSTATION_PART1.TXT:172:ost_fixme_desc_explosion1	dialogue-unit:6622ff3ce0f34287	A2_UNIONSTATION_PART1.TXT	172	ost_fixme_desc_explosion1	pending		
dialogue:A2_UNIONSTATION_PART1.TXT:173:ost_fixme_desc_explosion2	dialogue-unit:5e5405c930827c10	A2_UNIONSTATION_PART1.TXT	173	ost_fixme_desc_explosion2	pending		
dialogue:A2_UNIONSTATION_PART1.TXT:174:ost_fixme_desc_streets1	dialogue-unit:3c0bbe80e110132e	A2_UNIONSTATION_PART1.TXT	174	ost_fixme_desc_streets1	pending		
dialogue:A2_UNIONSTATION_PART1.TXT:175:ost_fixme_desc_streets2	dialogue-unit:6c008e119a2be0d2	A2_UNIONSTATION_PART1.TXT	175	ost_fixme_desc_streets2	pending		
dialogue:A2_UNIONSTATION_PART1.TXT:176:ost_fixme_desc_streets3	dialogue-unit:71c9c062fb4aad30	A2_UNIONSTATION_PART1.TXT	176	ost_fixme_desc_streets3	pending		
dialogue:A2_UNIONSTATION_PART1.TXT:177:ost_fixme_desc_trainbay1	dialogue-unit:ef99a11425d89993	A2_UNIONSTATION_PART1.TXT	177	ost_fixme_desc_trainbay1	pending		
dialogue:A2_UNIONSTATION_PART1.TXT:178:ost_fixme_desc_warppointson	dialogue-unit:bf70ca72f4902549	A2_UNIONSTATION_PART1.TXT	178	ost_fixme_desc_warppointson	pending		
dialogue:A2_UNIONSTATION_PART1.TXT:179:ost_fixme_discussion_mooks1	dialogue-unit:9b5e6af0e892cfcd	A2_UNIONSTATION_PART1.TXT	179	ost_fixme_discussion_mooks1	pending		
dialogue:A2_UNIONSTATION_PART1.TXT:180:ost_fixme_discussion_mooks2	dialogue-unit:d16e422c0d846a0b	A2_UNIONSTATION_PART1.TXT	180	ost_fixme_discussion_mooks2	pending		
dialogue:A2_UNIONSTATION_PART1.TXT:181:ost_fixme_discussion_mooks3	dialogue-unit:6364126a9f88e2dc	A2_UNIONSTATION_PART1.TXT	181	ost_fixme_discussion_mooks3	pending		
dialogue:A2_UNIONSTATION_PART1.TXT:182:ost_fixme_discussion_severenrayne1	dialogue-unit:641ccbfec0f98d9d	A2_UNIONSTATION_PART1.TXT	182	ost_fixme_discussion_severenrayne1	pending		
dialogue:A2_UNIONSTATION_PART1.TXT:183:ost_fixme_kestrelcall	dialogue-unit:0e29bc71b03fdbb6	A2_UNIONSTATION_PART1.TXT	183	ost_fixme_kestrelcall	pending		
dialogue:A2_UNIONSTATION_PART1.TXT:184:ost_fixme_kestrelflee	dialogue-unit:b3a2ab904ccc78ff	A2_UNIONSTATION_PART1.TXT	184	ost_fixme_kestrelflee	pending		
dialogue:A2_UNIONSTATION_PART1.TXT:185:ost_fixme_level_change	dialogue-unit:cb8481643c87a21d	A2_UNIONSTATION_PART1.TXT	185	ost_fixme_level_change	pending		
dialogue:A2_UNIONSTATION_PART1.TXT:186:ost_fixme_rayneseestheexplosions	dialogue-unit:e3657468c4b42db2	A2_UNIONSTATION_PART1.TXT	186	ost_fixme_rayneseestheexplosions	pending		
dialogue:A2_UNIONSTATION_PART1.TXT:187:ost_fixme_raynespotsseverenandmakesabreakforhim	dialogue-unit:6fb320ce544400cd	A2_UNIONSTATION_PART1.TXT	187	ost_fixme_raynespotsseverenandmakesabreakforhim	pending		
dialogue:A2_UNIONSTATION_PART1.TXT:188:ost_fixme_temp_cine	dialogue-unit:28a9a709df119990	A2_UNIONSTATION_PART1.TXT	188	ost_fixme_temp_cine	pending		
dialogue:A2_UNIONSTATION_PART1.TXT:189:ost_fixme_temp_demo	dialogue-unit:7387c71788f851fb	A2_UNIONSTATION_PART1.TXT	189	ost_fixme_temp_demo	pending		
dialogue:A2_UNIONSTATION_PART1.TXT:190:ost_objective_catwalks	dialogue-unit:16569195a6302047	A2_UNIONSTATION_PART1.TXT	190	ost_objective_catwalks	pending		
dialogue:A2_UNIONSTATION_PART1.TXT:191:ost_objective_catwalks2	dialogue-unit:f3c64c3085871e9b	A2_UNIONSTATION_PART1.TXT	191	ost_objective_catwalks2	pending		
dialogue:A2_UNIONSTATION_PART1.TXT:192:ost_objective_kestrelchase	dialogue-unit:f387fdf1f15a5e65	A2_UNIONSTATION_PART1.TXT	192	ost_objective_kestrelchase	pending		
dialogue:A2_UNIONSTATION_PART1.TXT:193:ost_objective_kestrelfight	dialogue-unit:eeb4b550c039f62e	A2_UNIONSTATION_PART1.TXT	193	ost_objective_kestrelfight	pending		
dialogue:A2_UNIONSTATION_PART1.TXT:194:ost_objective_kestrelinterrogate	dialogue-unit:824d33e5da6f0107	A2_UNIONSTATION_PART1.TXT	194	ost_objective_kestrelinterrogate	pending		
dialogue:A2_UNIONSTATION_PART1.TXT:195:ost_objective_wayin	dialogue-unit:55fa967e1347f567	A2_UNIONSTATION_PART1.TXT	195	ost_objective_wayin	pending		
dialogue:A2_UNIONSTATION_PART1.TXT:196:powerup	dialogue-unit:71f079709325962f	A2_UNIONSTATION_PART1.TXT	196	powerup	pending		
dialogue:A2_UNIONSTATION_PART1A.TXT:1:missiondescription	dialogue-unit:f04d0efdb91e127a	A2_UNIONSTATION_PART1A.TXT	1	missiondescription	pending		
dialogue:A2_UNIONSTATION_PART1A.TXT:2:objectivecatwalks	dialogue-unit:1b2ac98b6c25d083	A2_UNIONSTATION_PART1A.TXT	2	objectivecatwalks	pending		
dialogue:A2_UNIONSTATION_PART1A.TXT:3:objectivecatwalks2	dialogue-unit:907dbd60e7061939	A2_UNIONSTATION_PART1A.TXT	3	objectivecatwalks2	pending		
dialogue:A2_UNIONSTATION_PART1A.TXT:4:objectivekestrelfight	dialogue-unit:58beeff113dafb39	A2_UNIONSTATION_PART1A.TXT	4	objectivekestrelfight	pending		
dialogue:A2_UNIONSTATION_PART1A.TXT:5:objectivewayin	dialogue-unit:f0572a182386118c	A2_UNIONSTATION_PART1A.TXT	5	objectivewayin	pending		
dialogue:A2_UNIONSTATION_PART1A.TXT:6:ost_fixme_cantopenthatyet	dialogue-unit:c2607eea7d1d6534	A2_UNIONSTATION_PART1A.TXT	6	ost_fixme_cantopenthatyet	pending		
dialogue:A2_UNIONSTATION_PART1A.TXT:7:ost_fixme_desc_explosion1	dialogue-unit:6622ff3ce0f34287	A2_UNIONSTATION_PART1A.TXT	7	ost_fixme_desc_explosion1	pending		
dialogue:A2_UNIONSTATION_PART1A.TXT:8:ost_fixme_desc_streets1	dialogue-unit:433438f18a41143a	A2_UNIONSTATION_PART1A.TXT	8	ost_fixme_desc_streets1	pending		
dialogue:A2_UNIONSTATION_PART1A.TXT:9:ost_fixme_desc_trainbay1	dialogue-unit:ef99a11425d89993	A2_UNIONSTATION_PART1A.TXT	9	ost_fixme_desc_trainbay1	pending		
dialogue:A2_UNIONSTATION_PART1A.TXT:10:ost_fixme_discussion_mooks2	dialogue-unit:86a2efb008c9889d	A2_UNIONSTATION_PART1A.TXT	10	ost_fixme_discussion_mooks2	pending		
dialogue:A2_UNIONSTATION_PART1A.TXT:11:ost_fixme_discussion_mooks3	dialogue-unit:6364126a9f88e2dc	A2_UNIONSTATION_PART1A.TXT	11	ost_fixme_discussion_mooks3	pending		
dialogue:A2_UNIONSTATION_PART1A.TXT:12:ost_fixme_discussion_severenrayne1	dialogue-unit:641ccbfec0f98d9d	A2_UNIONSTATION_PART1A.TXT	12	ost_fixme_discussion_severenrayne1	pending		
dialogue:A2_UNIONSTATION_PART1A.TXT:13:ost_fixme_kestrelcall	dialogue-unit:a8316b582d2f6b00	A2_UNIONSTATION_PART1A.TXT	13	ost_fixme_kestrelcall	pending		
dialogue:A2_UNIONSTATION_PART1A.TXT:14:ost_fixme_kestrelflee	dialogue-unit:b3a2ab904ccc78ff	A2_UNIONSTATION_PART1A.TXT	14	ost_fixme_kestrelflee	pending		
dialogue:A2_UNIONSTATION_PART1A.TXT:15:ost_fixme_rayne6	dialogue-unit:1ec639e089e80618	A2_UNIONSTATION_PART1A.TXT	15	ost_fixme_rayne6	pending		
dialogue:A2_UNIONSTATION_PART1B.TXT:1:missiondescription	dialogue-unit:f04d0efdb91e127a	A2_UNIONSTATION_PART1B.TXT	1	missiondescription	pending		
dialogue:A2_UNIONSTATION_PART1B.TXT:2:objectivebarexit	dialogue-unit:f02e23c8ff9eeb6e	A2_UNIONSTATION_PART1B.TXT	2	objectivebarexit	pending		
dialogue:A2_UNIONSTATION_PART1B.TXT:3:objectivedocks	dialogue-unit:0d9816e5b7570720	A2_UNIONSTATION_PART1B.TXT	3	objectivedocks	pending		
dialogue:A2_UNIONSTATION_PART1B.TXT:4:objectiverooftops	dialogue-unit:5f4d65c9deb3db22	A2_UNIONSTATION_PART1B.TXT	4	objectiverooftops	pending		
dialogue:A2_UNIONSTATION_PART1B.TXT:5:objectivestreets	dialogue-unit:32b7a9f4af731c96	A2_UNIONSTATION_PART1B.TXT	5	objectivestreets	pending		
dialogue:A2_UNIONSTATION_PART1B.TXT:6:objectivetunnel	dialogue-unit:5393595365245003	A2_UNIONSTATION_PART1B.TXT	6	objectivetunnel	pending		
dialogue:A2_UNIONSTATION_PART1B.TXT:7:ost_fixme_cantopenthatyet	dialogue-unit:c2607eea7d1d6534	A2_UNIONSTATION_PART1B.TXT	7	ost_fixme_cantopenthatyet	pending		
dialogue:A2_UNIONSTATION_PART1B.TXT:8:ost_fixme_desc_explosion1	dialogue-unit:6622ff3ce0f34287	A2_UNIONSTATION_PART1B.TXT	8	ost_fixme_desc_explosion1	pending		
dialogue:A2_UNIONSTATION_PART1B.TXT:9:ost_fixme_desc_streets1	dialogue-unit:433438f18a41143a	A2_UNIONSTATION_PART1B.TXT	9	ost_fixme_desc_streets1	pending		
dialogue:A2_UNIONSTATION_PART1B.TXT:10:ost_fixme_desc_trainbay1	dialogue-unit:ef99a11425d89993	A2_UNIONSTATION_PART1B.TXT	10	ost_fixme_desc_trainbay1	pending		
dialogue:A2_UNIONSTATION_PART1B.TXT:11:ost_fixme_discussion_mooks2	dialogue-unit:86a2efb008c9889d	A2_UNIONSTATION_PART1B.TXT	11	ost_fixme_discussion_mooks2	pending		
dialogue:A2_UNIONSTATION_PART1B.TXT:12:ost_fixme_discussion_mooks3	dialogue-unit:6364126a9f88e2dc	A2_UNIONSTATION_PART1B.TXT	12	ost_fixme_discussion_mooks3	pending		
dialogue:A2_UNIONSTATION_PART1B.TXT:13:ost_fixme_discussion_severenrayne1	dialogue-unit:641ccbfec0f98d9d	A2_UNIONSTATION_PART1B.TXT	13	ost_fixme_discussion_severenrayne1	pending		
dialogue:A2_UNIONSTATION_PART1B.TXT:14:ost_fixme_kestrel1	dialogue-unit:5fe2eef7f57812f6	A2_UNIONSTATION_PART1B.TXT	14	ost_fixme_kestrel1	pending		
dialogue:A2_UNIONSTATION_PART1B.TXT:15:ost_fixme_kestrel2	dialogue-unit:3c49aafc0e1b0443	A2_UNIONSTATION_PART1B.TXT	15	ost_fixme_kestrel2	pending		
dialogue:A2_UNIONSTATION_PART1B.TXT:16:ost_fixme_kestrel3	dialogue-unit:a56ee1ff45fb904c	A2_UNIONSTATION_PART1B.TXT	16	ost_fixme_kestrel3	pending		
dialogue:A2_UNIONSTATION_PART1B.TXT:17:ost_fixme_kestrel4	dialogue-unit:f51a676bbafb1142	A2_UNIONSTATION_PART1B.TXT	17	ost_fixme_kestrel4	pending		
dialogue:A2_UNIONSTATION_PART1B.TXT:18:ost_fixme_kestrelflee	dialogue-unit:b3a2ab904ccc78ff	A2_UNIONSTATION_PART1B.TXT	18	ost_fixme_kestrelflee	pending		
dialogue:A2_UNIONSTATION_PART1B.TXT:19:ost_fixme_kestrelwhimpering	dialogue-unit:9085f2fdf5e9df52	A2_UNIONSTATION_PART1B.TXT	19	ost_fixme_kestrelwhimpering	pending		
dialogue:A2_UNIONSTATION_PART1B.TXT:20:ost_fixme_rayne1	dialogue-unit:c7ec88c0a2292899	A2_UNIONSTATION_PART1B.TXT	20	ost_fixme_rayne1	pending		
dialogue:A2_UNIONSTATION_PART1B.TXT:21:ost_fixme_rayne2	dialogue-unit:3463399f2118be27	A2_UNIONSTATION_PART1B.TXT	21	ost_fixme_rayne2	pending		
dialogue:A2_UNIONSTATION_PART1B.TXT:22:ost_fixme_rayne3	dialogue-unit:b94b6714d18d9414	A2_UNIONSTATION_PART1B.TXT	22	ost_fixme_rayne3	pending		
dialogue:A2_UNIONSTATION_PART1B.TXT:23:ost_fixme_rayne4	dialogue-unit:f8b323564cb7dabc	A2_UNIONSTATION_PART1B.TXT	23	ost_fixme_rayne4	pending		
dialogue:A2_UNIONSTATION_PART1B.TXT:24:ost_fixme_rayne5	dialogue-unit:759bd36289a36c44	A2_UNIONSTATION_PART1B.TXT	24	ost_fixme_rayne5	pending		
dialogue:A2_UNIONSTATION_PART1B.TXT:25:ost_fixme_rayne6	dialogue-unit:1ec639e089e80618	A2_UNIONSTATION_PART1B.TXT	25	ost_fixme_rayne6	pending		
dialogue:A2_UNIONSTATION_PART1B.TXT:26:ost_fixme_rayneseestheexplosions	dialogue-unit:e3657468c4b42db2	A2_UNIONSTATION_PART1B.TXT	26	ost_fixme_rayneseestheexplosions	pending		
dialogue:A2_UNIONSTATION_PART1B.TXT:27:ost_fixme_raynespotsseverenandmakesabreakforhim	dialogue-unit:6fb320ce544400cd	A2_UNIONSTATION_PART1B.TXT	27	ost_fixme_raynespotsseverenandmakesabreakforhim	pending		
dialogue:A2_UNIONSTATION_PART2.TXT:1:a2s2_ephemera_7.wav	dialogue-unit:fdef1a52a508ff8e	A2_UNIONSTATION_PART2.TXT	1	a2s2_ephemera_7.wav	pending		
dialogue:A2_UNIONSTATION_PART2.TXT:2:a2s2_ephemera_8.wav	dialogue-unit:e948eba16cae7841	A2_UNIONSTATION_PART2.TXT	2	a2s2_ephemera_8.wav	pending		
dialogue:A2_UNIONSTATION_PART2.TXT:3:a2s2_fminion1_10.wav	dialogue-unit:776ba9d180ad282c	A2_UNIONSTATION_PART2.TXT	3	a2s2_fminion1_10.wav	pending		
dialogue:A2_UNIONSTATION_PART2.TXT:4:a2s2_fminion1_11.wav	dialogue-unit:6bb9f9170759c7ba	A2_UNIONSTATION_PART2.TXT	4	a2s2_fminion1_11.wav	pending		
dialogue:A2_UNIONSTATION_PART2.TXT:5:a2s2_fminion1_12.wav	dialogue-unit:20067533974859d6	A2_UNIONSTATION_PART2.TXT	5	a2s2_fminion1_12.wav	pending		
dialogue:A2_UNIONSTATION_PART2.TXT:6:a2s2_fminion1_13.wav	dialogue-unit:fcb10d8c369842a8	A2_UNIONSTATION_PART2.TXT	6	a2s2_fminion1_13.wav	pending		
dialogue:A2_UNIONSTATION_PART2.TXT:7:a2s2_fminion1_14.wav	dialogue-unit:40716307f9d2879d	A2_UNIONSTATION_PART2.TXT	7	a2s2_fminion1_14.wav	pending		
dialogue:A2_UNIONSTATION_PART2.TXT:8:a2s2_fminion1_15.wav	dialogue-unit:5be295b8869f229b	A2_UNIONSTATION_PART2.TXT	8	a2s2_fminion1_15.wav	pending		
dialogue:A2_UNIONSTATION_PART2.TXT:9:a2s2_fminion1_16.wav	dialogue-unit:d339a009589b708b	A2_UNIONSTATION_PART2.TXT	9	a2s2_fminion1_16.wav	pending		
dialogue:A2_UNIONSTATION_PART2.TXT:10:a2s2_fminion1_17.wav	dialogue-unit:af9e4e5bd3258445	A2_UNIONSTATION_PART2.TXT	10	a2s2_fminion1_17.wav	pending		
dialogue:A2_UNIONSTATION_PART2.TXT:11:a2s2_fminion1_18.wav	dialogue-unit:7d51c8e5733283ec	A2_UNIONSTATION_PART2.TXT	11	a2s2_fminion1_18.wav	pending		
dialogue:A2_UNIONSTATION_PART2.TXT:12:a2s2_fminion1_19.wav	dialogue-unit:fd6a82c00f7b5790	A2_UNIONSTATION_PART2.TXT	12	a2s2_fminion1_19.wav	pending		
dialogue:A2_UNIONSTATION_PART2.TXT:13:a2s2_fminion1_20.wav	dialogue-unit:b9b36742b43adbc9	A2_UNIONSTATION_PART2.TXT	13	a2s2_fminion1_20.wav	pending		
dialogue:A2_UNIONSTATION_PART2.TXT:14:a2s2_fminion1_21.wav	dialogue-unit:9b72e3ceeeabdda2	A2_UNIONSTATION_PART2.TXT	14	a2s2_fminion1_21.wav	pending		
dialogue:A2_UNIONSTATION_PART2.TXT:15:a2s2_fminion1_22.wav	dialogue-unit:5f834cde6537a8a4	A2_UNIONSTATION_PART2.TXT	15	a2s2_fminion1_22.wav	pending		
dialogue:A2_UNIONSTATION_PART2.TXT:16:a2s2_fminion1_23.wav	dialogue-unit:53598ec1a1dc402f	A2_UNIONSTATION_PART2.TXT	16	a2s2_fminion1_23.wav	pending		
dialogue:A2_UNIONSTATION_PART2.TXT:17:a2s2_fminion1_24.wav	dialogue-unit:905bad318cf140f7	A2_UNIONSTATION_PART2.TXT	17	a2s2_fminion1_24.wav	pending		
dialogue:A2_UNIONSTATION_PART2.TXT:18:a2s2_fminion1_3.wav	dialogue-unit:aea79486094d61e8	A2_UNIONSTATION_PART2.TXT	18	a2s2_fminion1_3.wav	pending		
dialogue:A2_UNIONSTATION_PART2.TXT:19:a2s2_fminion1_4.wav	dialogue-unit:479185718ffb8976	A2_UNIONSTATION_PART2.TXT	19	a2s2_fminion1_4.wav	pending		
dialogue:A2_UNIONSTATION_PART2.TXT:20:a2s2_fminion1_5.wav	dialogue-unit:199d4ed6bdea90a9	A2_UNIONSTATION_PART2.TXT	20	a2s2_fminion1_5.wav	pending		
dialogue:A2_UNIONSTATION_PART2.TXT:21:a2s2_fminion1_6.wav	dialogue-unit:a4364e54e2cdb624	A2_UNIONSTATION_PART2.TXT	21	a2s2_fminion1_6.wav	pending		
dialogue:A2_UNIONSTATION_PART2.TXT:22:a2s2_fminion1_7.wav	dialogue-unit:557fb2031582845f	A2_UNIONSTATION_PART2.TXT	22	a2s2_fminion1_7.wav	pending		
dialogue:A2_UNIONSTATION_PART2.TXT:23:a2s2_fminion1_8.wav	dialogue-unit:d0e614e23c89b31a	A2_UNIONSTATION_PART2.TXT	23	a2s2_fminion1_8.wav	pending		
dialogue:A2_UNIONSTATION_PART2.TXT:24:a2s2_fminion1_9.wav	dialogue-unit:1bcb5afa84c711bd	A2_UNIONSTATION_PART2.TXT	24	a2s2_fminion1_9.wav	pending		
dialogue:A2_UNIONSTATION_PART2.TXT:25:a2s2_fminion2_1.wav	dialogue-unit:efa8b03bdf9c1561	A2_UNIONSTATION_PART2.TXT	25	a2s2_fminion2_1.wav	pending		
dialogue:A2_UNIONSTATION_PART2.TXT:26:a2s2_fminion2_10.wav	dialogue-unit:6df01e8e468e4b97	A2_UNIONSTATION_PART2.TXT	26	a2s2_fminion2_10.wav	pending		
dialogue:A2_UNIONSTATION_PART2.TXT:27:a2s2_fminion2_11.wav	dialogue-unit:6b8bb3b7635cae51	A2_UNIONSTATION_PART2.TXT	27	a2s2_fminion2_11.wav	pending		
dialogue:A2_UNIONSTATION_PART2.TXT:28:a2s2_fminion2_12.wav	dialogue-unit:7d143ab80cdc7f24	A2_UNIONSTATION_PART2.TXT	28	a2s2_fminion2_12.wav	pending		
dialogue:A2_UNIONSTATION_PART2.TXT:29:a2s2_fminion2_13.wav	dialogue-unit:d0cad34e16e8b462	A2_UNIONSTATION_PART2.TXT	29	a2s2_fminion2_13.wav	pending		
dialogue:A2_UNIONSTATION_PART2.TXT:30:a2s2_fminion2_14.wav	dialogue-unit:d35f2fe9c90a0d53	A2_UNIONSTATION_PART2.TXT	30	a2s2_fminion2_14.wav	pending		
dialogue:A2_UNIONSTATION_PART2.TXT:31:a2s2_fminion2_15.wav	dialogue-unit:3b1c2d854e23af5a	A2_UNIONSTATION_PART2.TXT	31	a2s2_fminion2_15.wav	pending		
dialogue:A2_UNIONSTATION_PART2.TXT:32:a2s2_fminion2_16.wav	dialogue-unit:54ba6557edac61ad	A2_UNIONSTATION_PART2.TXT	32	a2s2_fminion2_16.wav	pending		
dialogue:A2_UNIONSTATION_PART2.TXT:33:a2s2_fminion2_17.wav	dialogue-unit:9078005a3c051da4	A2_UNIONSTATION_PART2.TXT	33	a2s2_fminion2_17.wav	pending		
dialogue:A2_UNIONSTATION_PART2.TXT:34:a2s2_fminion2_2.wav	dialogue-unit:6442b3fa514157f3	A2_UNIONSTATION_PART2.TXT	34	a2s2_fminion2_2.wav	pending		
dialogue:A2_UNIONSTATION_PART2.TXT:35:a2s2_fminion2_3.wav	dialogue-unit:f65fb113a85a0344	A2_UNIONSTATION_PART2.TXT	35	a2s2_fminion2_3.wav	pending		
dialogue:A2_UNIONSTATION_PART2.TXT:36:a2s2_fminion2_4.wav	dialogue-unit:3ccf3c4677604a95	A2_UNIONSTATION_PART2.TXT	36	a2s2_fminion2_4.wav	pending		
dialogue:A2_UNIONSTATION_PART2.TXT:37:a2s2_fminion2_5.wav	dialogue-unit:9052fce050bb8ff7	A2_UNIONSTATION_PART2.TXT	37	a2s2_fminion2_5.wav	pending		
dialogue:A2_UNIONSTATION_PART2.TXT:38:a2s2_fminion2_6.wav	dialogue-unit:6d80a98ec6b2ec1d	A2_UNIONSTATION_PART2.TXT	38	a2s2_fminion2_6.wav	pending		
dialogue:A2_UNIONSTATION_PART2.TXT:39:a2s2_fminion2_7.wav	dialogue-unit:7fecbf4fc2e00bf0	A2_UNIONSTATION_PART2.TXT	39	a2s2_fminion2_7.wav	pending		
dialogue:A2_UNIONSTATION_PART2.TXT:40:a2s2_fminion2_8.wav	dialogue-unit:b2a3edb597a6aa27	A2_UNIONSTATION_PART2.TXT	40	a2s2_fminion2_8.wav	pending		
dialogue:A2_UNIONSTATION_PART2.TXT:41:a2s2_fminion2_9.wav	dialogue-unit:f0909dd8304784bd	A2_UNIONSTATION_PART2.TXT	41	a2s2_fminion2_9.wav	pending		
dialogue:A2_UNIONSTATION_PART2.TXT:42:a2s2_fminion3_1.wav	dialogue-unit:3b6fb34ce3d43782	A2_UNIONSTATION_PART2.TXT	42	a2s2_fminion3_1.wav	pending		
dialogue:A2_UNIONSTATION_PART2.TXT:43:a2s2_fminion3_2.wav	dialogue-unit:34d81e804731d0c2	A2_UNIONSTATION_PART2.TXT	43	a2s2_fminion3_2.wav	pending		
dialogue:A2_UNIONSTATION_PART2.TXT:44:a2s2_fminion3_3.wav	dialogue-unit:a7d62e1486d03e9c	A2_UNIONSTATION_PART2.TXT	44	a2s2_fminion3_3.wav	pending		
dialogue:A2_UNIONSTATION_PART2.TXT:45:a2s2_fminion3_4.wav	dialogue-unit:5e07e223160e2551	A2_UNIONSTATION_PART2.TXT	45	a2s2_fminion3_4.wav	pending		
dialogue:A2_UNIONSTATION_PART2.TXT:46:a2s2_fminion3_5.wav	dialogue-unit:98cb46410833a297	A2_UNIONSTATION_PART2.TXT	46	a2s2_fminion3_5.wav	pending		
dialogue:A2_UNIONSTATION_PART2.TXT:47:a2s2_fminion3_6.wav	dialogue-unit:431fbe380b556190	A2_UNIONSTATION_PART2.TXT	47	a2s2_fminion3_6.wav	pending		
dialogue:A2_UNIONSTATION_PART2.TXT:48:a2s2_fminion3_7.wav	dialogue-unit:0a787ff32ab06b75	A2_UNIONSTATION_PART2.TXT	48	a2s2_fminion3_7.wav	pending		
dialogue:A2_UNIONSTATION_PART2.TXT:49:a2s2_fminion3_8.wav	dialogue-unit:2d53410a082f3226	A2_UNIONSTATION_PART2.TXT	49	a2s2_fminion3_8.wav	pending		
dialogue:A2_UNIONSTATION_PART2.TXT:50:a2s2_kestrel1_20.wav	dialogue-unit:ab61ce37b7607254	A2_UNIONSTATION_PART2.TXT	50	a2s2_kestrel1_20.wav	pending		
dialogue:A2_UNIONSTATION_PART2.TXT:51:a2s2_kestrel1_21.wav	dialogue-unit:d74dc6f8accde0a6	A2_UNIONSTATION_PART2.TXT	51	a2s2_kestrel1_21.wav	pending		
dialogue:A2_UNIONSTATION_PART2.TXT:52:a2s2_kestrel1_22.wav	dialogue-unit:395cda98eb5b323a	A2_UNIONSTATION_PART2.TXT	52	a2s2_kestrel1_22.wav	pending		
dialogue:A2_UNIONSTATION_PART2.TXT:53:a2s2_kestrel2_5.wav	dialogue-unit:f8abf94c30fe1711	A2_UNIONSTATION_PART2.TXT	53	a2s2_kestrel2_5.wav	pending		
dialogue:A2_UNIONSTATION_PART2.TXT:54:a2s2_kestrel2_6.wav	dialogue-unit:9c70cfc28a5ba3f7	A2_UNIONSTATION_PART2.TXT	54	a2s2_kestrel2_6.wav	pending		
dialogue:A2_UNIONSTATION_PART2.TXT:55:a2s2_rayne_11.wav	dialogue-unit:43c062dd30c4321c	A2_UNIONSTATION_PART2.TXT	55	a2s2_rayne_11.wav	pending		
dialogue:A2_UNIONSTATION_PART2.TXT:56:a2s2_rayne_12.wav	dialogue-unit:3184937bbdcc3b77	A2_UNIONSTATION_PART2.TXT	56	a2s2_rayne_12.wav	pending		
dialogue:A2_UNIONSTATION_PART2.TXT:57:a2s2_rayne_13.wav	dialogue-unit:8819bb534329f4bb	A2_UNIONSTATION_PART2.TXT	57	a2s2_rayne_13.wav	pending		
dialogue:A2_UNIONSTATION_PART2.TXT:58:a2s2_rayne_14.wav	dialogue-unit:b16923cc122bbf82	A2_UNIONSTATION_PART2.TXT	58	a2s2_rayne_14.wav	pending		
dialogue:A2_UNIONSTATION_PART2.TXT:59:a2s2_rayne_15.wav	dialogue-unit:53262450a2d3d3fd	A2_UNIONSTATION_PART2.TXT	59	a2s2_rayne_15.wav	pending		
dialogue:A2_UNIONSTATION_PART2.TXT:60:a2s2_rayne_16.wav	dialogue-unit:783aa48ac8130405	A2_UNIONSTATION_PART2.TXT	60	a2s2_rayne_16.wav	pending		
dialogue:A2_UNIONSTATION_PART2.TXT:61:a2s2_rayne_17.wav	dialogue-unit:39131316861fd75e	A2_UNIONSTATION_PART2.TXT	61	a2s2_rayne_17.wav	pending		
dialogue:A2_UNIONSTATION_PART2.TXT:62:a2s2_rayne_18.wav	dialogue-unit:0e25f10ced043570	A2_UNIONSTATION_PART2.TXT	62	a2s2_rayne_18.wav	pending		
dialogue:A2_UNIONSTATION_PART2.TXT:63:a2s2_rayne_19.wav	dialogue-unit:3fa3690429949111	A2_UNIONSTATION_PART2.TXT	63	a2s2_rayne_19.wav	pending		
dialogue:A2_UNIONSTATION_PART2.TXT:64:a2s2_rayne_20.wav	dialogue-unit:38ad1ea76b2e2459	A2_UNIONSTATION_PART2.TXT	64	a2s2_rayne_20.wav	pending		
dialogue:A2_UNIONSTATION_PART2.TXT:65:a2s2_rayne_21.wav	dialogue-unit:a2f591064e0f2add	A2_UNIONSTATION_PART2.TXT	65	a2s2_rayne_21.wav	pending		
dialogue:A2_UNIONSTATION_PART2.TXT:66:a2s2_rayne_22.wav	dialogue-unit:9361ddce25bcc268	A2_UNIONSTATION_PART2.TXT	66	a2s2_rayne_22.wav	pending		
dialogue:A2_UNIONSTATION_PART2.TXT:67:a2s2_rayne_23.wav	dialogue-unit:0a68f80618de5830	A2_UNIONSTATION_PART2.TXT	67	a2s2_rayne_23.wav	pending		
dialogue:A2_UNIONSTATION_PART2.TXT:68:a2s2_rayne_24.wav	dialogue-unit:43bb57e7922efc5b	A2_UNIONSTATION_PART2.TXT	68	a2s2_rayne_24.wav	pending		
dialogue:A2_UNIONSTATION_PART2.TXT:69:a2s2_rayne_25.wav	dialogue-unit:393cdb896089faa9	A2_UNIONSTATION_PART2.TXT	69	a2s2_rayne_25.wav	pending		
dialogue:A2_UNIONSTATION_PART2.TXT:70:a2s2_rayne_26.wav	dialogue-unit:bbc566bf1fa38a92	A2_UNIONSTATION_PART2.TXT	70	a2s2_rayne_26.wav	pending		
dialogue:A2_UNIONSTATION_PART2.TXT:71:a2s2_rayne_27.wav	dialogue-unit:589b0fb2d1d2e106	A2_UNIONSTATION_PART2.TXT	71	a2s2_rayne_27.wav	pending		
dialogue:A2_UNIONSTATION_PART2.TXT:72:a2s2_rayne_28.wav	dialogue-unit:41d789d8bcafcd7e	A2_UNIONSTATION_PART2.TXT	72	a2s2_rayne_28.wav	pending		
dialogue:A2_UNIONSTATION_PART2.TXT:73:a2s2_rayne_29.wav	dialogue-unit:5bad6eeed475bd42	A2_UNIONSTATION_PART2.TXT	73	a2s2_rayne_29.wav	pending		
dialogue:A2_UNIONSTATION_PART2.TXT:74:a2s2_rayne_30.wav	dialogue-unit:83c0356318adb668	A2_UNIONSTATION_PART2.TXT	74	a2s2_rayne_30.wav	pending		
dialogue:A2_UNIONSTATION_PART2.TXT:75:a2s2_rayne_31.wav	dialogue-unit:77dbe20f012bcab5	A2_UNIONSTATION_PART2.TXT	75	a2s2_rayne_31.wav	pending		
dialogue:A2_UNIONSTATION_PART2.TXT:76:a2s2_rayne_32.wav	dialogue-unit:d9713e456064fe23	A2_UNIONSTATION_PART2.TXT	76	a2s2_rayne_32.wav	pending		
dialogue:A2_UNIONSTATION_PART2.TXT:77:a2s2_rayne_33.wav	dialogue-unit:fdbc3184b3544a98	A2_UNIONSTATION_PART2.TXT	77	a2s2_rayne_33.wav	pending		
dialogue:A2_UNIONSTATION_PART2.TXT:78:a2s2_rayne_34.wav	dialogue-unit:5bbf3eb115e4bb0c	A2_UNIONSTATION_PART2.TXT	78	a2s2_rayne_34.wav	pending		
dialogue:A2_UNIONSTATION_PART2.TXT:79:a2s2_rayne_35.wav	dialogue-unit:082ed9847384d761	A2_UNIONSTATION_PART2.TXT	79	a2s2_rayne_35.wav	pending		
dialogue:A2_UNIONSTATION_PART2.TXT:80:a2s2_rayne_36.wav	dialogue-unit:ce7815d8101ae69c	A2_UNIONSTATION_PART2.TXT	80	a2s2_rayne_36.wav	pending		
dialogue:A2_UNIONSTATION_PART2.TXT:81:a2s2_rayne_37.wav	dialogue-unit:53220722d4455f12	A2_UNIONSTATION_PART2.TXT	81	a2s2_rayne_37.wav	pending		
dialogue:A2_UNIONSTATION_PART2.TXT:82:a2s2_rayne_38.wav	dialogue-unit:1f6887073c6156fc	A2_UNIONSTATION_PART2.TXT	82	a2s2_rayne_38.wav	pending		
dialogue:A2_UNIONSTATION_PART2.TXT:83:a2s2_rayne_39.wav	dialogue-unit:31944058590a0c29	A2_UNIONSTATION_PART2.TXT	83	a2s2_rayne_39.wav	pending		
dialogue:A2_UNIONSTATION_PART2.TXT:84:a2s2_rayne_40.wav	dialogue-unit:307fc28a7b6b92d0	A2_UNIONSTATION_PART2.TXT	84	a2s2_rayne_40.wav	pending		
dialogue:A2_UNIONSTATION_PART2.TXT:85:a2s2_rayne_41.wav	dialogue-unit:bfbe4a8659a828ed	A2_UNIONSTATION_PART2.TXT	85	a2s2_rayne_41.wav	pending		
dialogue:A2_UNIONSTATION_PART2.TXT:86:a2s2_rayne_42.wav	dialogue-unit:07505591df4c3859	A2_UNIONSTATION_PART2.TXT	86	a2s2_rayne_42.wav	pending		
dialogue:A2_UNIONSTATION_PART2.TXT:87:a2s2_rayne_43.wav	dialogue-unit:d273d6b061a86823	A2_UNIONSTATION_PART2.TXT	87	a2s2_rayne_43.wav	pending		
dialogue:A2_UNIONSTATION_PART2.TXT:88:a2s2_rayne_44.wav	dialogue-unit:92f7e6af4fda8fab	A2_UNIONSTATION_PART2.TXT	88	a2s2_rayne_44.wav	pending		
dialogue:A2_UNIONSTATION_PART2.TXT:89:a2s2_rayne_45.wav	dialogue-unit:6a579931e649d3df	A2_UNIONSTATION_PART2.TXT	89	a2s2_rayne_45.wav	pending		
dialogue:A2_UNIONSTATION_PART2.TXT:90:a2s2_rayne_46.wav	dialogue-unit:513204ac909e09f8	A2_UNIONSTATION_PART2.TXT	90	a2s2_rayne_46.wav	pending		
dialogue:A2_UNIONSTATION_PART2.TXT:91:a2s2_severin_10.wav	dialogue-unit:8c42f95ac3a060f9	A2_UNIONSTATION_PART2.TXT	91	a2s2_severin_10.wav	pending		
dialogue:A2_UNIONSTATION_PART2.TXT:92:a2s2_severin_11.wav	dialogue-unit:e874d89039fc62a0	A2_UNIONSTATION_PART2.TXT	92	a2s2_severin_11.wav	pending		
dialogue:A2_UNIONSTATION_PART2.TXT:93:a2s2_severin_12.wav	dialogue-unit:6a3e0dd5c5ed162e	A2_UNIONSTATION_PART2.TXT	93	a2s2_severin_12.wav	pending		
dialogue:A2_UNIONSTATION_PART2.TXT:94:a2s2_severin_13.wav	dialogue-unit:3756997ce4e5b7f4	A2_UNIONSTATION_PART2.TXT	94	a2s2_severin_13.wav	pending		
dialogue:A2_UNIONSTATION_PART2.TXT:95:a2s2_severin_14.wav	dialogue-unit:ac90a862a9c147e5	A2_UNIONSTATION_PART2.TXT	95	a2s2_severin_14.wav	pending		
dialogue:A2_UNIONSTATION_PART2.TXT:96:a2s2_severin_15.wav	dialogue-unit:e4a015ea30203fba	A2_UNIONSTATION_PART2.TXT	96	a2s2_severin_15.wav	pending		
dialogue:A2_UNIONSTATION_PART2.TXT:97:a2s2_severin_16.wav	dialogue-unit:b0bf36dec6aba516	A2_UNIONSTATION_PART2.TXT	97	a2s2_severin_16.wav	pending		
dialogue:A2_UNIONSTATION_PART2.TXT:98:a2s2_severin_6.wav	dialogue-unit:92d790fa51d93c8c	A2_UNIONSTATION_PART2.TXT	98	a2s2_severin_6.wav	pending		
dialogue:A2_UNIONSTATION_PART2.TXT:99:a2s2_severin_7.wav	dialogue-unit:c6f2fed8159793b8	A2_UNIONSTATION_PART2.TXT	99	a2s2_severin_7.wav	pending		
dialogue:A2_UNIONSTATION_PART2.TXT:100:a2s2_severin_8.wav	dialogue-unit:288c4fb92cb14a3f	A2_UNIONSTATION_PART2.TXT	100	a2s2_severin_8.wav	pending		
dialogue:A2_UNIONSTATION_PART2.TXT:101:a2s2_severin_9.wav	dialogue-unit:ca2263e875a4a038	A2_UNIONSTATION_PART2.TXT	101	a2s2_severin_9.wav	pending		
dialogue:A2_UNIONSTATION_PART2.TXT:102:a2s5_kestrel1_32.wav	dialogue-unit:bab007ce6032c1d9	A2_UNIONSTATION_PART2.TXT	102	a2s5_kestrel1_32.wav	pending		
dialogue:A2_UNIONSTATION_PART2.TXT:103:a2s5_rayne_18.wav	dialogue-unit:558fd13f24cd1b5a	A2_UNIONSTATION_PART2.TXT	103	a2s5_rayne_18.wav	pending		
dialogue:A2_UNIONSTATION_PART2.TXT:104:a2s5_severin_4.wav	dialogue-unit:fb25af7088711a44	A2_UNIONSTATION_PART2.TXT	104	a2s5_severin_4.wav	pending		
dialogue:A2_UNIONSTATION_PART2.TXT:105:missiondescription	dialogue-unit:4584f2d31be78b1d	A2_UNIONSTATION_PART2.TXT	105	missiondescription	pending		
dialogue:A2_UNIONSTATION_PART2.TXT:106:objectiveeliminate	dialogue-unit:6e3406534a0a1771	A2_UNIONSTATION_PART2.TXT	106	objectiveeliminate	pending		no matching English row; translate from Russian
dialogue:A2_UNIONSTATION_PART2.TXT:107:objectivegateraise	dialogue-unit:8de5f90e3477802c	A2_UNIONSTATION_PART2.TXT	107	objectivegateraise	pending		
dialogue:A2_UNIONSTATION_PART2.TXT:108:objectivekestralchase	dialogue-unit:bd20b810ca035d6a	A2_UNIONSTATION_PART2.TXT	108	objectivekestralchase	pending		
dialogue:A2_UNIONSTATION_PART2.TXT:109:objectivekestralchase2	dialogue-unit:6a248bc8f754a9bb	A2_UNIONSTATION_PART2.TXT	109	objectivekestralchase2	pending		
dialogue:A2_UNIONSTATION_PART2.TXT:110:ost_fixme_desc_explosion1	dialogue-unit:6622ff3ce0f34287	A2_UNIONSTATION_PART2.TXT	110	ost_fixme_desc_explosion1	pending		
dialogue:A2_UNIONSTATION_PART2.TXT:111:ost_fixme_desc_streets1	dialogue-unit:433438f18a41143a	A2_UNIONSTATION_PART2.TXT	111	ost_fixme_desc_streets1	pending		
dialogue:A2_UNIONSTATION_PART2.TXT:112:ost_fixme_desc_trainbay1	dialogue-unit:ef99a11425d89993	A2_UNIONSTATION_PART2.TXT	112	ost_fixme_desc_trainbay1	pending		
dialogue:A2_UNIONSTATION_PART2.TXT:113:ost_fixme_discussion_mooks2	dialogue-unit:86a2efb008c9889d	A2_UNIONSTATION_PART2.TXT	113	ost_fixme_discussion_mooks2	pending		
dialogue:A2_UNIONSTATION_PART2.TXT:114:ost_fixme_discussion_mooks3	dialogue-unit:6364126a9f88e2dc	A2_UNIONSTATION_PART2.TXT	114	ost_fixme_discussion_mooks3	pending		
dialogue:A2_UNIONSTATION_PART2.TXT:115:ost_fixme_discussion_severenrayne1	dialogue-unit:641ccbfec0f98d9d	A2_UNIONSTATION_PART2.TXT	115	ost_fixme_discussion_severenrayne1	pending		
dialogue:A2_UNIONSTATION_PART2.TXT:116:ost_fixme_kestrel1	dialogue-unit:5fe2eef7f57812f6	A2_UNIONSTATION_PART2.TXT	116	ost_fixme_kestrel1	pending		
dialogue:A2_UNIONSTATION_PART2.TXT:117:ost_fixme_kestrel2	dialogue-unit:3c49aafc0e1b0443	A2_UNIONSTATION_PART2.TXT	117	ost_fixme_kestrel2	pending		
dialogue:A2_UNIONSTATION_PART2.TXT:118:ost_fixme_kestrel3	dialogue-unit:a56ee1ff45fb904c	A2_UNIONSTATION_PART2.TXT	118	ost_fixme_kestrel3	pending		
dialogue:A2_UNIONSTATION_PART2.TXT:119:ost_fixme_kestrel4	dialogue-unit:f51a676bbafb1142	A2_UNIONSTATION_PART2.TXT	119	ost_fixme_kestrel4	pending		
dialogue:A2_UNIONSTATION_PART2.TXT:120:ost_fixme_kestrelflee	dialogue-unit:b3a2ab904ccc78ff	A2_UNIONSTATION_PART2.TXT	120	ost_fixme_kestrelflee	pending		
dialogue:A2_UNIONSTATION_PART2.TXT:121:ost_fixme_kestrelwhimpering	dialogue-unit:9085f2fdf5e9df52	A2_UNIONSTATION_PART2.TXT	121	ost_fixme_kestrelwhimpering	pending		
dialogue:A2_UNIONSTATION_PART2.TXT:122:ost_fixme_rayne1	dialogue-unit:c7ec88c0a2292899	A2_UNIONSTATION_PART2.TXT	122	ost_fixme_rayne1	pending		
dialogue:A2_UNIONSTATION_PART2.TXT:123:ost_fixme_rayne2	dialogue-unit:3463399f2118be27	A2_UNIONSTATION_PART2.TXT	123	ost_fixme_rayne2	pending		
dialogue:A2_UNIONSTATION_PART2.TXT:124:ost_fixme_rayne3	dialogue-unit:b94b6714d18d9414	A2_UNIONSTATION_PART2.TXT	124	ost_fixme_rayne3	pending		
dialogue:A2_UNIONSTATION_PART2.TXT:125:ost_fixme_rayne4	dialogue-unit:f8b323564cb7dabc	A2_UNIONSTATION_PART2.TXT	125	ost_fixme_rayne4	pending		
dialogue:A2_UNIONSTATION_PART2.TXT:126:ost_fixme_rayne5	dialogue-unit:759bd36289a36c44	A2_UNIONSTATION_PART2.TXT	126	ost_fixme_rayne5	pending		
dialogue:A2_UNIONSTATION_PART2.TXT:127:ost_fixme_rayne6	dialogue-unit:1ec639e089e80618	A2_UNIONSTATION_PART2.TXT	127	ost_fixme_rayne6	pending		
dialogue:A2_UNIONSTATION_PART2.TXT:128:ost_fixme_rayneseestheexplosions	dialogue-unit:e3657468c4b42db2	A2_UNIONSTATION_PART2.TXT	128	ost_fixme_rayneseestheexplosions	pending		
dialogue:A2_UNIONSTATION_PART2.TXT:129:ost_fixme_raynespotsseverenandmakesabreakforhim	dialogue-unit:6fb320ce544400cd	A2_UNIONSTATION_PART2.TXT	129	ost_fixme_raynespotsseverenandmakesabreakforhim	pending		
dialogue:A2_UNIONSTATION_PART2.TXT:130:ost_objective_gateraise	dialogue-unit:8de5f90e3477802c	A2_UNIONSTATION_PART2.TXT	130	ost_objective_gateraise	pending		
dialogue:A2_UNIONSTATION_PART2.TXT:131:ost_objective_kestralchase	dialogue-unit:bd20b810ca035d6a	A2_UNIONSTATION_PART2.TXT	131	ost_objective_kestralchase	pending		
dialogue:A2_UNIONSTATION_PART2.TXT:132:ost_objective_kestralchase2	dialogue-unit:6a248bc8f754a9bb	A2_UNIONSTATION_PART2.TXT	132	ost_objective_kestralchase2	pending		
dialogue:A2_UNIONSTATION_PART3.TXT:1:a2s2_ephemera_10.wav	dialogue-unit:306d7f98cdcf7ef5	A2_UNIONSTATION_PART3.TXT	1	a2s2_ephemera_10.wav	pending		
dialogue:A2_UNIONSTATION_PART3.TXT:2:a2s2_ephemera_11.wav	dialogue-unit:825432e177c98573	A2_UNIONSTATION_PART3.TXT	2	a2s2_ephemera_11.wav	pending		
dialogue:A2_UNIONSTATION_PART3.TXT:3:a2s2_ephemera_12.wav	dialogue-unit:00beaa7612ba22f7	A2_UNIONSTATION_PART3.TXT	3	a2s2_ephemera_12.wav	pending		
dialogue:A2_UNIONSTATION_PART3.TXT:4:a2s2_ephemera_7.wav	dialogue-unit:fdef1a52a508ff8e	A2_UNIONSTATION_PART3.TXT	4	a2s2_ephemera_7.wav	pending		
dialogue:A2_UNIONSTATION_PART3.TXT:5:a2s2_ephemera_8.wav	dialogue-unit:e948eba16cae7841	A2_UNIONSTATION_PART3.TXT	5	a2s2_ephemera_8.wav	pending		
dialogue:A2_UNIONSTATION_PART3.TXT:6:a2s2_ephemera_9.wav	dialogue-unit:d8432408d2b27e40	A2_UNIONSTATION_PART3.TXT	6	a2s2_ephemera_9.wav	pending		
dialogue:A2_UNIONSTATION_PART3.TXT:7:a2s2_fminion1_21.wav	dialogue-unit:9b72e3ceeeabdda2	A2_UNIONSTATION_PART3.TXT	7	a2s2_fminion1_21.wav	pending		
dialogue:A2_UNIONSTATION_PART3.TXT:8:a2s2_fminion1_22.wav	dialogue-unit:5f834cde6537a8a4	A2_UNIONSTATION_PART3.TXT	8	a2s2_fminion1_22.wav	pending		
dialogue:A2_UNIONSTATION_PART3.TXT:9:a2s2_fminion1_23.wav	dialogue-unit:53598ec1a1dc402f	A2_UNIONSTATION_PART3.TXT	9	a2s2_fminion1_23.wav	pending		
dialogue:A2_UNIONSTATION_PART3.TXT:10:a2s2_fminion1_24.wav	dialogue-unit:905bad318cf140f7	A2_UNIONSTATION_PART3.TXT	10	a2s2_fminion1_24.wav	pending		
dialogue:A2_UNIONSTATION_PART3.TXT:11:a2s2_fminion2_13.wav	dialogue-unit:d0cad34e16e8b462	A2_UNIONSTATION_PART3.TXT	11	a2s2_fminion2_13.wav	pending		
dialogue:A2_UNIONSTATION_PART3.TXT:12:a2s2_fminion2_14.wav	dialogue-unit:d35f2fe9c90a0d53	A2_UNIONSTATION_PART3.TXT	12	a2s2_fminion2_14.wav	pending		
dialogue:A2_UNIONSTATION_PART3.TXT:13:a2s2_fminion2_15.wav	dialogue-unit:3b1c2d854e23af5a	A2_UNIONSTATION_PART3.TXT	13	a2s2_fminion2_15.wav	pending		
dialogue:A2_UNIONSTATION_PART3.TXT:14:a2s2_fminion2_16.wav	dialogue-unit:54ba6557edac61ad	A2_UNIONSTATION_PART3.TXT	14	a2s2_fminion2_16.wav	pending		
dialogue:A2_UNIONSTATION_PART3.TXT:15:a2s2_fminion2_17.wav	dialogue-unit:9078005a3c051da4	A2_UNIONSTATION_PART3.TXT	15	a2s2_fminion2_17.wav	pending		
dialogue:A2_UNIONSTATION_PART3.TXT:16:a2s2_fminion3_8.wav	dialogue-unit:2d53410a082f3226	A2_UNIONSTATION_PART3.TXT	16	a2s2_fminion3_8.wav	pending		
dialogue:A2_UNIONSTATION_PART3.TXT:17:a2s2_kestrel1_23.wav	dialogue-unit:3649c55d83673ff8	A2_UNIONSTATION_PART3.TXT	17	a2s2_kestrel1_23.wav	pending		
dialogue:A2_UNIONSTATION_PART3.TXT:19:a2s2_rayne_25.wav	dialogue-unit:393cdb896089faa9	A2_UNIONSTATION_PART3.TXT	19	a2s2_rayne_25.wav	pending		
dialogue:A2_UNIONSTATION_PART3.TXT:20:a2s2_rayne_26.wav	dialogue-unit:bbc566bf1fa38a92	A2_UNIONSTATION_PART3.TXT	20	a2s2_rayne_26.wav	pending		
dialogue:A2_UNIONSTATION_PART3.TXT:21:a2s2_rayne_27.wav	dialogue-unit:589b0fb2d1d2e106	A2_UNIONSTATION_PART3.TXT	21	a2s2_rayne_27.wav	pending		
dialogue:A2_UNIONSTATION_PART3.TXT:22:a2s2_rayne_28.wav	dialogue-unit:41d789d8bcafcd7e	A2_UNIONSTATION_PART3.TXT	22	a2s2_rayne_28.wav	pending		
dialogue:A2_UNIONSTATION_PART3.TXT:23:a2s2_rayne_29.wav	dialogue-unit:5bad6eeed475bd42	A2_UNIONSTATION_PART3.TXT	23	a2s2_rayne_29.wav	pending		
dialogue:A2_UNIONSTATION_PART3.TXT:24:a2s2_rayne_30.wav	dialogue-unit:83c0356318adb668	A2_UNIONSTATION_PART3.TXT	24	a2s2_rayne_30.wav	pending		
dialogue:A2_UNIONSTATION_PART3.TXT:25:a2s2_rayne_31.wav	dialogue-unit:77dbe20f012bcab5	A2_UNIONSTATION_PART3.TXT	25	a2s2_rayne_31.wav	pending		
dialogue:A2_UNIONSTATION_PART3.TXT:26:a2s2_rayne_32.wav	dialogue-unit:d9713e456064fe23	A2_UNIONSTATION_PART3.TXT	26	a2s2_rayne_32.wav	pending		
dialogue:A2_UNIONSTATION_PART3.TXT:27:a2s2_rayne_33.wav	dialogue-unit:fdbc3184b3544a98	A2_UNIONSTATION_PART3.TXT	27	a2s2_rayne_33.wav	pending		
dialogue:A2_UNIONSTATION_PART3.TXT:28:a2s2_rayne_34.wav	dialogue-unit:5bbf3eb115e4bb0c	A2_UNIONSTATION_PART3.TXT	28	a2s2_rayne_34.wav	pending		
dialogue:A2_UNIONSTATION_PART3.TXT:29:a2s2_rayne_35.wav	dialogue-unit:082ed9847384d761	A2_UNIONSTATION_PART3.TXT	29	a2s2_rayne_35.wav	pending		
dialogue:A2_UNIONSTATION_PART3.TXT:30:a2s2_rayne_36.wav	dialogue-unit:ce7815d8101ae69c	A2_UNIONSTATION_PART3.TXT	30	a2s2_rayne_36.wav	pending		
dialogue:A2_UNIONSTATION_PART3.TXT:31:a2s2_rayne_37.wav	dialogue-unit:53220722d4455f12	A2_UNIONSTATION_PART3.TXT	31	a2s2_rayne_37.wav	pending		
dialogue:A2_UNIONSTATION_PART3.TXT:32:a2s2_rayne_38.wav	dialogue-unit:1f6887073c6156fc	A2_UNIONSTATION_PART3.TXT	32	a2s2_rayne_38.wav	pending		
dialogue:A2_UNIONSTATION_PART3.TXT:33:a2s2_rayne_39.wav	dialogue-unit:31944058590a0c29	A2_UNIONSTATION_PART3.TXT	33	a2s2_rayne_39.wav	pending		
dialogue:A2_UNIONSTATION_PART3.TXT:34:a2s2_rayne_40.wav	dialogue-unit:307fc28a7b6b92d0	A2_UNIONSTATION_PART3.TXT	34	a2s2_rayne_40.wav	pending		
dialogue:A2_UNIONSTATION_PART3.TXT:35:a2s2_rayne_41.wav	dialogue-unit:bfbe4a8659a828ed	A2_UNIONSTATION_PART3.TXT	35	a2s2_rayne_41.wav	pending		
dialogue:A2_UNIONSTATION_PART3.TXT:36:a2s2_rayne_42.wav	dialogue-unit:07505591df4c3859	A2_UNIONSTATION_PART3.TXT	36	a2s2_rayne_42.wav	pending		
dialogue:A2_UNIONSTATION_PART3.TXT:37:a2s2_rayne_43.wav	dialogue-unit:d273d6b061a86823	A2_UNIONSTATION_PART3.TXT	37	a2s2_rayne_43.wav	pending		
dialogue:A2_UNIONSTATION_PART3.TXT:38:a2s2_rayne_44.wav	dialogue-unit:92f7e6af4fda8fab	A2_UNIONSTATION_PART3.TXT	38	a2s2_rayne_44.wav	pending		
dialogue:A2_UNIONSTATION_PART3.TXT:39:a2s2_rayne_45.wav	dialogue-unit:6a579931e649d3df	A2_UNIONSTATION_PART3.TXT	39	a2s2_rayne_45.wav	pending		
dialogue:A2_UNIONSTATION_PART3.TXT:40:a2s2_rayne_46.wav	dialogue-unit:513204ac909e09f8	A2_UNIONSTATION_PART3.TXT	40	a2s2_rayne_46.wav	pending		
dialogue:A2_UNIONSTATION_PART3.TXT:41:a2s2_rayne_47.wav	dialogue-unit:c3d14e1c686abb1a	A2_UNIONSTATION_PART3.TXT	41	a2s2_rayne_47.wav	pending		
dialogue:A2_UNIONSTATION_PART3.TXT:42:a2s2_rayne_48.wav	dialogue-unit:dd66aaf6c4f467e3	A2_UNIONSTATION_PART3.TXT	42	a2s2_rayne_48.wav	pending		
dialogue:A2_UNIONSTATION_PART3.TXT:43:a2s2_rayne_49.wav	dialogue-unit:a2d77f4581f258f9	A2_UNIONSTATION_PART3.TXT	43	a2s2_rayne_49.wav	pending		
dialogue:A2_UNIONSTATION_PART3.TXT:44:a2s2_rayne_50.wav	dialogue-unit:24f4ea543dc05557	A2_UNIONSTATION_PART3.TXT	44	a2s2_rayne_50.wav	pending		
dialogue:A2_UNIONSTATION_PART3.TXT:45:a2s2_rayne_51.wav	dialogue-unit:29d41019f54ccf2e	A2_UNIONSTATION_PART3.TXT	45	a2s2_rayne_51.wav	blank		English display is empty; clear RU-only speaker prefix
dialogue:A2_UNIONSTATION_PART3.TXT:46:a2s2_rayne_52.wav	dialogue-unit:5ea3561c51706d2d	A2_UNIONSTATION_PART3.TXT	46	a2s2_rayne_52.wav	pending		
dialogue:A2_UNIONSTATION_PART3.TXT:47:a2s2_rayne_53.wav	dialogue-unit:087f234eac488400	A2_UNIONSTATION_PART3.TXT	47	a2s2_rayne_53.wav	pending		
dialogue:A2_UNIONSTATION_PART3.TXT:48:a2s2_rayne_54.wav	dialogue-unit:41e77e82a64e7c7b	A2_UNIONSTATION_PART3.TXT	48	a2s2_rayne_54.wav	pending		
dialogue:A2_UNIONSTATION_PART3.TXT:49:a2s2_rayne_55.wav	dialogue-unit:0c2edde6e7791c9e	A2_UNIONSTATION_PART3.TXT	49	a2s2_rayne_55.wav	pending		
dialogue:A2_UNIONSTATION_PART3.TXT:50:a2s2_rayne_56.wav	dialogue-unit:fdc875a592fa4dae	A2_UNIONSTATION_PART3.TXT	50	a2s2_rayne_56.wav	pending		
dialogue:A2_UNIONSTATION_PART3.TXT:51:a2s2_rayne_57.wav	dialogue-unit:8e2e85e30a41ce5c	A2_UNIONSTATION_PART3.TXT	51	a2s2_rayne_57.wav	pending		
dialogue:A2_UNIONSTATION_PART3.TXT:52:a2s2_rayne_58.wav	dialogue-unit:425ff77019004202	A2_UNIONSTATION_PART3.TXT	52	a2s2_rayne_58.wav	pending		
dialogue:A2_UNIONSTATION_PART3.TXT:53:a2s2_rayne_59.wav	dialogue-unit:1620a21409499c40	A2_UNIONSTATION_PART3.TXT	53	a2s2_rayne_59.wav	pending		
dialogue:A2_UNIONSTATION_PART3.TXT:54:a2s2_rayne_60.wav	dialogue-unit:f8f8363a5fbb9be9	A2_UNIONSTATION_PART3.TXT	54	a2s2_rayne_60.wav	pending		
dialogue:A2_UNIONSTATION_PART3.TXT:55:a2s2_rayne_61.wav	dialogue-unit:c61ac9eb8355a10f	A2_UNIONSTATION_PART3.TXT	55	a2s2_rayne_61.wav	pending		
dialogue:A2_UNIONSTATION_PART3.TXT:56:a2s2_rayne_62.wav	dialogue-unit:b50420f1a8e55149	A2_UNIONSTATION_PART3.TXT	56	a2s2_rayne_62.wav	pending		
dialogue:A2_UNIONSTATION_PART3.TXT:57:a2s2_rayne_63.wav	dialogue-unit:a337325b93cf2105	A2_UNIONSTATION_PART3.TXT	57	a2s2_rayne_63.wav	pending		
dialogue:A2_UNIONSTATION_PART3.TXT:58:a2s2_rayne_64.wav	dialogue-unit:61f7e54ba98d9293	A2_UNIONSTATION_PART3.TXT	58	a2s2_rayne_64.wav	pending		
dialogue:A2_UNIONSTATION_PART3.TXT:59:a2s2_rayne_65.wav	dialogue-unit:c4e560adbde9e152	A2_UNIONSTATION_PART3.TXT	59	a2s2_rayne_65.wav	pending		
dialogue:A2_UNIONSTATION_PART3.TXT:60:a2s2_rayne_66.wav	dialogue-unit:4f4c92496d0ea2c6	A2_UNIONSTATION_PART3.TXT	60	a2s2_rayne_66.wav	pending		
dialogue:A2_UNIONSTATION_PART3.TXT:61:a2s2_severin_10.wav	dialogue-unit:8c42f95ac3a060f9	A2_UNIONSTATION_PART3.TXT	61	a2s2_severin_10.wav	pending		
dialogue:A2_UNIONSTATION_PART3.TXT:62:a2s2_severin_11.wav	dialogue-unit:e874d89039fc62a0	A2_UNIONSTATION_PART3.TXT	62	a2s2_severin_11.wav	pending		
dialogue:A2_UNIONSTATION_PART3.TXT:63:a2s2_severin_12.wav	dialogue-unit:6a3e0dd5c5ed162e	A2_UNIONSTATION_PART3.TXT	63	a2s2_severin_12.wav	pending		
dialogue:A2_UNIONSTATION_PART3.TXT:64:a2s2_severin_13.wav	dialogue-unit:3756997ce4e5b7f4	A2_UNIONSTATION_PART3.TXT	64	a2s2_severin_13.wav	pending		
dialogue:A2_UNIONSTATION_PART3.TXT:65:a2s2_severin_14.wav	dialogue-unit:ac90a862a9c147e5	A2_UNIONSTATION_PART3.TXT	65	a2s2_severin_14.wav	pending		
dialogue:A2_UNIONSTATION_PART3.TXT:66:a2s2_severin_15.wav	dialogue-unit:e4a015ea30203fba	A2_UNIONSTATION_PART3.TXT	66	a2s2_severin_15.wav	pending		
dialogue:A2_UNIONSTATION_PART3.TXT:67:a2s2_severin_16.wav	dialogue-unit:b0bf36dec6aba516	A2_UNIONSTATION_PART3.TXT	67	a2s2_severin_16.wav	pending		
dialogue:A2_UNIONSTATION_PART3.TXT:68:a2s2_severin_17.wav	dialogue-unit:72a93390a6521a9d	A2_UNIONSTATION_PART3.TXT	68	a2s2_severin_17.wav	pending		
dialogue:A2_UNIONSTATION_PART3.TXT:69:a2s2_severin_18.wav	dialogue-unit:929cbacda6363e5d	A2_UNIONSTATION_PART3.TXT	69	a2s2_severin_18.wav	pending		
dialogue:A2_UNIONSTATION_PART3.TXT:70:a2s2_severin_19.wav	dialogue-unit:78ba7e0825a7d951	A2_UNIONSTATION_PART3.TXT	70	a2s2_severin_19.wav	pending		
dialogue:A2_UNIONSTATION_PART3.TXT:71:a2s2_severin_20.wav	dialogue-unit:dc8ce12266407c23	A2_UNIONSTATION_PART3.TXT	71	a2s2_severin_20.wav	pending		
dialogue:A2_UNIONSTATION_PART3.TXT:72:a2s2_severin_21.wav	dialogue-unit:705e4833106fb4c1	A2_UNIONSTATION_PART3.TXT	72	a2s2_severin_21.wav	pending		
dialogue:A2_UNIONSTATION_PART3.TXT:73:a2s2_severin_22.wav	dialogue-unit:04c006b258a5c5e9	A2_UNIONSTATION_PART3.TXT	73	a2s2_severin_22.wav	pending		
dialogue:A2_UNIONSTATION_PART3.TXT:74:a2s2_severin_23.wav	dialogue-unit:a03c3e531da23a73	A2_UNIONSTATION_PART3.TXT	74	a2s2_severin_23.wav	pending		
dialogue:A2_UNIONSTATION_PART3.TXT:75:a2s2_severin_24.wav	dialogue-unit:8d1bdb5bd05ade68	A2_UNIONSTATION_PART3.TXT	75	a2s2_severin_24.wav	pending		
dialogue:A2_UNIONSTATION_PART3.TXT:76:a2s2_severin_25.wav	dialogue-unit:d6d76fa1e6ed986c	A2_UNIONSTATION_PART3.TXT	76	a2s2_severin_25.wav	pending		
dialogue:A2_UNIONSTATION_PART3.TXT:77:a2s2_severin_26.wav	dialogue-unit:11fdcfaf5b49d136	A2_UNIONSTATION_PART3.TXT	77	a2s2_severin_26.wav	pending		
dialogue:A2_UNIONSTATION_PART3.TXT:78:a2s2_severin_27.wav	dialogue-unit:b47db372a97e48d6	A2_UNIONSTATION_PART3.TXT	78	a2s2_severin_27.wav	pending		
dialogue:A2_UNIONSTATION_PART3.TXT:79:a2s2_severin_28.wav	dialogue-unit:59e221235368ca09	A2_UNIONSTATION_PART3.TXT	79	a2s2_severin_28.wav	pending		
dialogue:A2_UNIONSTATION_PART3.TXT:80:a2s2_severin_8.wav	dialogue-unit:288c4fb92cb14a3f	A2_UNIONSTATION_PART3.TXT	80	a2s2_severin_8.wav	pending		
dialogue:A2_UNIONSTATION_PART3.TXT:81:a2s2_severin_9.wav	dialogue-unit:ca2263e875a4a038	A2_UNIONSTATION_PART3.TXT	81	a2s2_severin_9.wav	pending		
dialogue:A2_UNIONSTATION_PART3.TXT:82:missiondescription	dialogue-unit:722f034cae69f5f4	A2_UNIONSTATION_PART3.TXT	82	missiondescription	pending		
dialogue:A2_UNIONSTATION_PART3.TXT:83:objectiveclock	dialogue-unit:3b73ec704560e68c	A2_UNIONSTATION_PART3.TXT	83	objectiveclock	pending		
dialogue:A2_UNIONSTATION_PART3.TXT:84:objectivedefeatkestrel	dialogue-unit:50c763a83a1d292a	A2_UNIONSTATION_PART3.TXT	84	objectivedefeatkestrel	pending		
dialogue:A2_UNIONSTATION_PART3.TXT:85:objectivefindclock	dialogue-unit:73a6f0da4717eedb	A2_UNIONSTATION_PART3.TXT	85	objectivefindclock	pending		
dialogue:A2_UNIONSTATION_PART3.TXT:86:objectivegetintoclub	dialogue-unit:471a3cad0f6fdf2d	A2_UNIONSTATION_PART3.TXT	86	objectivegetintoclub	pending		
dialogue:A2_UNIONSTATION_PART3.TXT:87:objectivekestrel	dialogue-unit:941d54be3997397b	A2_UNIONSTATION_PART3.TXT	87	objectivekestrel	pending		
dialogue:A2_UNIONSTATION_PART3.TXT:89:ost_ephemraspeaks1	dialogue-unit:276149b109f941c3	A2_UNIONSTATION_PART3.TXT	89	ost_ephemraspeaks1	pending		
dialogue:A2_UNIONSTATION_PART3.TXT:90:ost_ephemraspeaks2	dialogue-unit:7748d5e88905fa03	A2_UNIONSTATION_PART3.TXT	90	ost_ephemraspeaks2	pending		
dialogue:A2_UNIONSTATION_PART3.TXT:91:ost_ephemraspeaks3	dialogue-unit:2ebb51fcffda1bd1	A2_UNIONSTATION_PART3.TXT	91	ost_ephemraspeaks3	pending		
dialogue:A2_UNIONSTATION_PART3.TXT:92:ost_ephemraspeaks4	dialogue-unit:08e48ae3e1715381	A2_UNIONSTATION_PART3.TXT	92	ost_ephemraspeaks4	pending		
dialogue:A2_UNIONSTATION_PART3.TXT:93:ost_ephemraspeaks5	dialogue-unit:4f678cf3f5bbfe84	A2_UNIONSTATION_PART3.TXT	93	ost_ephemraspeaks5	pending		
dialogue:A2_UNIONSTATION_PART3.TXT:94:ost_ephemraspeaks6	dialogue-unit:6d818c7eb76cd4af	A2_UNIONSTATION_PART3.TXT	94	ost_ephemraspeaks6	pending		
dialogue:A2_UNIONSTATION_PART3.TXT:95:ost_fixme_cantopenthatyet	dialogue-unit:c2607eea7d1d6534	A2_UNIONSTATION_PART3.TXT	95	ost_fixme_cantopenthatyet	pending		
dialogue:A2_UNIONSTATION_PART3.TXT:96:ost_fixme_desc_explosion1	dialogue-unit:6622ff3ce0f34287	A2_UNIONSTATION_PART3.TXT	96	ost_fixme_desc_explosion1	pending		
dialogue:A2_UNIONSTATION_PART3.TXT:97:ost_fixme_desc_streets1	dialogue-unit:433438f18a41143a	A2_UNIONSTATION_PART3.TXT	97	ost_fixme_desc_streets1	pending		
dialogue:A2_UNIONSTATION_PART3.TXT:98:ost_fixme_desc_trainbay1	dialogue-unit:ef99a11425d89993	A2_UNIONSTATION_PART3.TXT	98	ost_fixme_desc_trainbay1	pending		
dialogue:A2_UNIONSTATION_PART3.TXT:99:ost_fixme_discussion_mooks2	dialogue-unit:86a2efb008c9889d	A2_UNIONSTATION_PART3.TXT	99	ost_fixme_discussion_mooks2	pending		
dialogue:A2_UNIONSTATION_PART3.TXT:100:ost_fixme_discussion_mooks3	dialogue-unit:6364126a9f88e2dc	A2_UNIONSTATION_PART3.TXT	100	ost_fixme_discussion_mooks3	pending		
dialogue:A2_UNIONSTATION_PART3.TXT:101:ost_fixme_discussion_severenrayne1	dialogue-unit:641ccbfec0f98d9d	A2_UNIONSTATION_PART3.TXT	101	ost_fixme_discussion_severenrayne1	pending		
dialogue:A2_UNIONSTATION_PART3.TXT:102:ost_fixme_kestrelflee	dialogue-unit:b3a2ab904ccc78ff	A2_UNIONSTATION_PART3.TXT	102	ost_fixme_kestrelflee	pending		
dialogue:A2_UNIONSTATION_PART3.TXT:103:ost_fixme_killometer	dialogue-unit:ec7cd038fc7c6850	A2_UNIONSTATION_PART3.TXT	103	ost_fixme_killometer	pending		
dialogue:A2_UNIONSTATION_PART3.TXT:104:ost_fixme_rayneseestheexplosions	dialogue-unit:e3657468c4b42db2	A2_UNIONSTATION_PART3.TXT	104	ost_fixme_rayneseestheexplosions	pending		
dialogue:A2_UNIONSTATION_PART3.TXT:105:ost_fixme_raynespotsseverenandmakesabreakforhim	dialogue-unit:6fb320ce544400cd	A2_UNIONSTATION_PART3.TXT	105	ost_fixme_raynespotsseverenandmakesabreakforhim	pending		
dialogue:A2_UNIONSTATION_PART3.TXT:106:ost_objective_clock	dialogue-unit:35add809fd3fb608	A2_UNIONSTATION_PART3.TXT	106	ost_objective_clock	pending		
dialogue:A2_UNIONSTATION_PART3.TXT:107:ost_objective_defeat_kestrel	dialogue-unit:b97c2fb441b1df74	A2_UNIONSTATION_PART3.TXT	107	ost_objective_defeat_kestrel	pending		
dialogue:A2_UNIONSTATION_PART3.TXT:108:ost_objective_find_clock	dialogue-unit:f4601e1c9ee7a6ee	A2_UNIONSTATION_PART3.TXT	108	ost_objective_find_clock	pending		
dialogue:A2_UNIONSTATION_PART3.TXT:109:ost_objective_get_into_club	dialogue-unit:159cedfc71615a57	A2_UNIONSTATION_PART3.TXT	109	ost_objective_get_into_club	pending		
dialogue:A2_UNIONSTATION_PART3.TXT:110:ost_objective_kestrel	dialogue-unit:6da9b32e1bc325e5	A2_UNIONSTATION_PART3.TXT	110	ost_objective_kestrel	pending		
dialogue:A2_UNIONSTATION_PART3.TXT:111:powerup	dialogue-unit:723e05d57f61c8cc	A2_UNIONSTATION_PART3.TXT	111	powerup	pending		
dialogue:A3_SHROUDTOWER_ASCENT.TXT:1:a3s4_lminion1_2.wav	dialogue-unit:755c4a717e4a6ca9	A3_SHROUDTOWER_ASCENT.TXT	1	a3s4_lminion1_2.wav	pending		
dialogue:A3_SHROUDTOWER_ASCENT.TXT:2:a3s4_lminion1_3.wav	dialogue-unit:0fc116c0e80e4b44	A3_SHROUDTOWER_ASCENT.TXT	2	a3s4_lminion1_3.wav	pending		no matching English row; translate from Russian
dialogue:A3_SHROUDTOWER_ASCENT.TXT:3:a3s4_lminion2_2.wav	dialogue-unit:cc2dd31c3fb64517	A3_SHROUDTOWER_ASCENT.TXT	3	a3s4_lminion2_2.wav	pending		
dialogue:A3_SHROUDTOWER_ASCENT.TXT:4:a3s4_rayne_3.wav	dialogue-unit:009b9ae498d5547b	A3_SHROUDTOWER_ASCENT.TXT	4	a3s4_rayne_3.wav	pending		
dialogue:A3_SHROUDTOWER_ASCENT.TXT:5:a3s4_rayne_4.wav	dialogue-unit:968286f92aa75997	A3_SHROUDTOWER_ASCENT.TXT	5	a3s4_rayne_4.wav	pending		
dialogue:A3_SHROUDTOWER_ASCENT.TXT:6:a3s4_rayne_5.wav	dialogue-unit:46faf2592d58caaf	A3_SHROUDTOWER_ASCENT.TXT	6	a3s4_rayne_5.wav	pending		
dialogue:A3_SHROUDTOWER_ASCENT.TXT:7:a3s4_rayne_6.wav	dialogue-unit:a317a6d8268ee6b3	A3_SHROUDTOWER_ASCENT.TXT	7	a3s4_rayne_6.wav	pending		
dialogue:A3_SHROUDTOWER_ASCENT.TXT:8:a3s4_rayne_7.wav	dialogue-unit:b5e964cb6c9c0a04	A3_SHROUDTOWER_ASCENT.TXT	8	a3s4_rayne_7.wav	pending		
dialogue:A3_SHROUDTOWER_ASCENT.TXT:9:a3s4_rayne_8.wav	dialogue-unit:99e5702927a54214	A3_SHROUDTOWER_ASCENT.TXT	9	a3s4_rayne_8.wav	pending		
dialogue:A3_SHROUDTOWER_ASCENT.TXT:10:a3s4_severin_10.wav	dialogue-unit:f328d12f34157ba7	A3_SHROUDTOWER_ASCENT.TXT	10	a3s4_severin_10.wav	pending		
dialogue:A3_SHROUDTOWER_ASCENT.TXT:11:a3s4_severin_2.wav	dialogue-unit:63969c9b14039c51	A3_SHROUDTOWER_ASCENT.TXT	11	a3s4_severin_2.wav	pending		
dialogue:A3_SHROUDTOWER_ASCENT.TXT:12:a3s4_severin_3.wav	dialogue-unit:478fba7254483fdf	A3_SHROUDTOWER_ASCENT.TXT	12	a3s4_severin_3.wav	pending		
dialogue:A3_SHROUDTOWER_ASCENT.TXT:13:a3s4_severin_5.wav	dialogue-unit:e48dfec90cf6ed60	A3_SHROUDTOWER_ASCENT.TXT	13	a3s4_severin_5.wav	pending		
dialogue:A3_SHROUDTOWER_ASCENT.TXT:14:a3s4_severin_6.wav	dialogue-unit:eca69bfcec2c40a9	A3_SHROUDTOWER_ASCENT.TXT	14	a3s4_severin_6.wav	pending		
dialogue:A3_SHROUDTOWER_ASCENT.TXT:15:a3s4_severin_7.wav	dialogue-unit:b92ffae80359638f	A3_SHROUDTOWER_ASCENT.TXT	15	a3s4_severin_7.wav	pending		
dialogue:A3_SHROUDTOWER_ASCENT.TXT:16:a3s4_severin_8.wav	dialogue-unit:b091e2ca01b8bdff	A3_SHROUDTOWER_ASCENT.TXT	16	a3s4_severin_8.wav	pending		
dialogue:A3_SHROUDTOWER_ASCENT.TXT:17:a3s4_severin_9.wav	dialogue-unit:7c2ed4552084440f	A3_SHROUDTOWER_ASCENT.TXT	17	a3s4_severin_9.wav	pending		
dialogue:A3_SHROUDTOWER_ASCENT.TXT:18:a5s1_minion_1.wav	dialogue-unit:c142b4f7acd504c6	A3_SHROUDTOWER_ASCENT.TXT	18	a5s1_minion_1.wav	pending		
dialogue:A3_SHROUDTOWER_ASCENT.TXT:19:a5s1_minion_2.wav	dialogue-unit:7f57f84a34594347	A3_SHROUDTOWER_ASCENT.TXT	19	a5s1_minion_2.wav	pending		
dialogue:A3_SHROUDTOWER_ASCENT.TXT:20:a5s1_minion_3.wav	dialogue-unit:d9a983120a1ca5af	A3_SHROUDTOWER_ASCENT.TXT	20	a5s1_minion_3.wav	pending		
dialogue:A3_SHROUDTOWER_ASCENT.TXT:21:missiondescription	dialogue-unit:3ee37f880027648d	A3_SHROUDTOWER_ASCENT.TXT	21	missiondescription	pending		
dialogue:A3_SHROUDTOWER_ASCENT.TXT:22:objectivebooth1	dialogue-unit:9b79cd593dc1840c	A3_SHROUDTOWER_ASCENT.TXT	22	objectivebooth1	pending		
dialogue:A3_SHROUDTOWER_ASCENT.TXT:23:objectivedefault	dialogue-unit:8265a10ae490f214	A3_SHROUDTOWER_ASCENT.TXT	23	objectivedefault	pending		
dialogue:A3_SHROUDTOWER_ASCENT.TXT:24:objectiveheart	dialogue-unit:d9c6dedb16ce22b3	A3_SHROUDTOWER_ASCENT.TXT	24	objectiveheart	pending		
dialogue:A3_SHROUDTOWER_ASCENT.TXT:25:objectiveheli	dialogue-unit:5ac5cb850a12cfb3	A3_SHROUDTOWER_ASCENT.TXT	25	objectiveheli	pending		
dialogue:A3_SHROUDTOWER_ASCENT.TXT:26:objectivelungs	dialogue-unit:60d30280e553fb7d	A3_SHROUDTOWER_ASCENT.TXT	26	objectivelungs	pending		
dialogue:A3_SHROUDTOWER_ASCENT.TXT:27:objectives1foreman	dialogue-unit:b0b73ef61e503bd2	A3_SHROUDTOWER_ASCENT.TXT	27	objectives1foreman	pending		
dialogue:A3_SHROUDTOWER_ASCENT.TXT:28:objectives3foreman	dialogue-unit:c152b86025695df4	A3_SHROUDTOWER_ASCENT.TXT	28	objectives3foreman	pending		
dialogue:A3_SHROUDTOWER_ASCENT.TXT:29:objectives4	dialogue-unit:985b575104820a2d	A3_SHROUDTOWER_ASCENT.TXT	29	objectives4	pending		
dialogue:A3_SHROUDTOWER_ASCENT.TXT:30:ost_blocked	dialogue-unit:897e94a8e61944ed	A3_SHROUDTOWER_ASCENT.TXT	30	ost_blocked	pending		
dialogue:A3_SHROUDTOWER_ROOF.TXT:1:a3s4_ferril_1.wav	dialogue-unit:11af00979cc1782b	A3_SHROUDTOWER_ROOF.TXT	1	a3s4_ferril_1.wav	pending		
dialogue:A3_SHROUDTOWER_ROOF.TXT:2:a3s4_ferril_2.wav	dialogue-unit:c9a67efe29fa0417	A3_SHROUDTOWER_ROOF.TXT	2	a3s4_ferril_2.wav	pending		
dialogue:A3_SHROUDTOWER_ROOF.TXT:3:a3s4_ferril_5.wav	dialogue-unit:2e5243dbd3f05f38	A3_SHROUDTOWER_ROOF.TXT	3	a3s4_ferril_5.wav	pending		
dialogue:A3_SHROUDTOWER_ROOF.TXT:4:a3s4_ferril_6.wav	dialogue-unit:f4e37b0c543798f4	A3_SHROUDTOWER_ROOF.TXT	4	a3s4_ferril_6.wav	pending		
dialogue:A3_SHROUDTOWER_ROOF.TXT:5:a3s4_ferril_7.wav	dialogue-unit:7d31d5e72ccdf0eb	A3_SHROUDTOWER_ROOF.TXT	5	a3s4_ferril_7.wav	pending		
dialogue:A3_SHROUDTOWER_ROOF.TXT:6:a3s4_ferril_8.wav	dialogue-unit:31810c5b4b821913	A3_SHROUDTOWER_ROOF.TXT	6	a3s4_ferril_8.wav	pending		
dialogue:A3_SHROUDTOWER_ROOF.TXT:7:a3s4_ferril_9.wav	dialogue-unit:32e2a98bcb542bb8	A3_SHROUDTOWER_ROOF.TXT	7	a3s4_ferril_9.wav	pending		
dialogue:A3_SHROUDTOWER_ROOF.TXT:8:a3s4_rayne_10.wav	dialogue-unit:61613c9a13898678	A3_SHROUDTOWER_ROOF.TXT	8	a3s4_rayne_10.wav	pending		
dialogue:A3_SHROUDTOWER_ROOF.TXT:9:a3s4_rayne_11.wav	dialogue-unit:826154d731bbe87d	A3_SHROUDTOWER_ROOF.TXT	9	a3s4_rayne_11.wav	pending		
dialogue:A3_SHROUDTOWER_ROOF.TXT:10:a3s4_rayne_12.wav	dialogue-unit:d89fcec4c9cbd99b	A3_SHROUDTOWER_ROOF.TXT	10	a3s4_rayne_12.wav	pending		
dialogue:A3_SHROUDTOWER_ROOF.TXT:11:a3s4_rayne_9.wav	dialogue-unit:75b994a2a0b19772	A3_SHROUDTOWER_ROOF.TXT	11	a3s4_rayne_9.wav	pending		
dialogue:A3_SHROUDTOWER_ROOF.TXT:12:missiondescription	dialogue-unit:b63fb6c48fd52d1e	A3_SHROUDTOWER_ROOF.TXT	12	missiondescription	pending		
dialogue:A3_SHROUDTOWER_ROOF.TXT:13:objectivepumps	dialogue-unit:580febc0eac2ee8e	A3_SHROUDTOWER_ROOF.TXT	13	objectivepumps	pending		
dialogue:A3_SHROUDTOWER_ROOF.TXT:14:ost_allpipes	dialogue-unit:ff1790540b1077eb	A3_SHROUDTOWER_ROOF.TXT	14	ost_allpipes	pending		
dialogue:A3_SHROUDTOWER_ROOF.TXT:15:ost_pipe1	dialogue-unit:719720a3f8c9a34e	A3_SHROUDTOWER_ROOF.TXT	15	ost_pipe1	pending		
dialogue:A3_SHROUDTOWER_ROOF.TXT:16:ost_pipe2	dialogue-unit:661a1a7230c582e9	A3_SHROUDTOWER_ROOF.TXT	16	ost_pipe2	pending		
dialogue:A3_SHROUDTOWER_ROOF.TXT:17:ost_pipe3	dialogue-unit:a14c6f22f3fd1ae1	A3_SHROUDTOWER_ROOF.TXT	17	ost_pipe3	pending		
dialogue:A3_SHROUDTOWER_ROOF.TXT:18:ost_pipe4	dialogue-unit:ca7b293254833d9e	A3_SHROUDTOWER_ROOF.TXT	18	ost_pipe4	pending		
dialogue:A3_SHROUDTOWER_ROOF.TXT:19:powerup	dialogue-unit:44bc1f33a8df10df	A3_SHROUDTOWER_ROOF.TXT	19	powerup	pending		
dialogue:A3_WETWORKS_E_1.TXT:1:a3s2_foreman_1.wav	dialogue-unit:8b5cdc2f98555786	A3_WETWORKS_E_1.TXT	1	a3s2_foreman_1.wav	pending		
dialogue:A3_WETWORKS_E_1.TXT:2:a3s2_lminion1_1.wav	dialogue-unit:734201157b3eb868	A3_WETWORKS_E_1.TXT	2	a3s2_lminion1_1.wav	pending		
dialogue:A3_WETWORKS_E_1.TXT:3:a3s2_lminion1_2.wav	dialogue-unit:c9a8762c1bca5203	A3_WETWORKS_E_1.TXT	3	a3s2_lminion1_2.wav	pending		
dialogue:A3_WETWORKS_E_1.TXT:4:a3s2_lminion1_3.wav	dialogue-unit:88e80ccf719d51bb	A3_WETWORKS_E_1.TXT	4	a3s2_lminion1_3.wav	pending		
dialogue:A3_WETWORKS_E_1.TXT:5:a3s2_lminion1_4.wav	dialogue-unit:3ee846688c5dc4d9	A3_WETWORKS_E_1.TXT	5	a3s2_lminion1_4.wav	pending		
dialogue:A3_WETWORKS_E_1.TXT:6:a3s2_lminion2_1.wav	dialogue-unit:70523d5ce7ba379b	A3_WETWORKS_E_1.TXT	6	a3s2_lminion2_1.wav	pending		
dialogue:A3_WETWORKS_E_1.TXT:7:a3s2_lminion2_2.wav	dialogue-unit:86c60f79e0740a05	A3_WETWORKS_E_1.TXT	7	a3s2_lminion2_2.wav	pending		
dialogue:A3_WETWORKS_E_1.TXT:8:a3s2_lminion2_3.wav	dialogue-unit:af243760f1f1c9f9	A3_WETWORKS_E_1.TXT	8	a3s2_lminion2_3.wav	pending		
dialogue:A3_WETWORKS_E_1.TXT:9:a3s2_rayne_1.wav	dialogue-unit:f9ad74ad5c43a305	A3_WETWORKS_E_1.TXT	9	a3s2_rayne_1.wav	pending		
dialogue:A3_WETWORKS_E_1.TXT:10:a3s2_rayne_2.wav	dialogue-unit:009b3002aeb4b32a	A3_WETWORKS_E_1.TXT	10	a3s2_rayne_2.wav	pending		
dialogue:A3_WETWORKS_E_1.TXT:11:a3s2_rayne_3.wav	dialogue-unit:3b826edbf6484211	A3_WETWORKS_E_1.TXT	11	a3s2_rayne_3.wav	pending		
dialogue:A3_WETWORKS_E_1.TXT:12:a3s2_severin_1.wav	dialogue-unit:1de457f0b2ab5153	A3_WETWORKS_E_1.TXT	12	a3s2_severin_1.wav	pending		
dialogue:A3_WETWORKS_E_1.TXT:13:a3s2_severin_2.wav	dialogue-unit:eb7cda6edbdddec0	A3_WETWORKS_E_1.TXT	13	a3s2_severin_2.wav	pending		
dialogue:A3_WETWORKS_E_1.TXT:14:a3s2_severin_3.wav	dialogue-unit:e17f15ddddcc9759	A3_WETWORKS_E_1.TXT	14	a3s2_severin_3.wav	pending		
dialogue:A3_WETWORKS_E_1.TXT:15:missiondescription	dialogue-unit:84c2c645afd8e91c	A3_WETWORKS_E_1.TXT	15	missiondescription	pending		
dialogue:A3_WETWORKS_E_1.TXT:16:objectivedhampir	dialogue-unit:35cf000007fb3bba	A3_WETWORKS_E_1.TXT	16	objectivedhampir	pending		
dialogue:A3_WETWORKS_E_1.TXT:17:objectiveexitvat	dialogue-unit:ecc07adf12ac2961	A3_WETWORKS_E_1.TXT	17	objectiveexitvat	pending		
dialogue:A3_WETWORKS_E_1.TXT:18:objectiveexplore	dialogue-unit:aab304c3deb7bc14	A3_WETWORKS_E_1.TXT	18	objectiveexplore	pending		
dialogue:A3_WETWORKS_E_1.TXT:19:objectiveforeman	dialogue-unit:6e6ae58b444a7377	A3_WETWORKS_E_1.TXT	19	objectiveforeman	pending		
dialogue:A3_WETWORKS_E_1.TXT:20:objectivewave	dialogue-unit:ebb7feef9cb95304	A3_WETWORKS_E_1.TXT	20	objectivewave	pending		
dialogue:A3_WETWORKS_E_1.TXT:21:ost_boilergate	dialogue-unit:c5cbb43bcfbd214e	A3_WETWORKS_E_1.TXT	21	ost_boilergate	pending		
dialogue:A3_WETWORKS_E_1.TXT:22:ost_cheating	dialogue-unit:4390aaf59459661e	A3_WETWORKS_E_1.TXT	22	ost_cheating	pending		
dialogue:A3_WETWORKS_E_1.TXT:23:ost_controller1	dialogue-unit:68e7ceaa7dc3b66f	A3_WETWORKS_E_1.TXT	23	ost_controller1	pending		
dialogue:A3_WETWORKS_E_1.TXT:24:ost_controller2	dialogue-unit:38c04ae84fb2a211	A3_WETWORKS_E_1.TXT	24	ost_controller2	pending		
dialogue:A3_WETWORKS_E_1.TXT:25:ost_gunmodegrenade	dialogue-unit:380107dc8e297529	A3_WETWORKS_E_1.TXT	25	ost_gunmodegrenade	pending		
dialogue:A3_WETWORKS_E_2.TXT:1:a3s2_rayne_3.wav	dialogue-unit:7ec25eb5722bce76	A3_WETWORKS_E_2.TXT	1	a3s2_rayne_3.wav	pending		
dialogue:A3_WETWORKS_E_2.TXT:2:a3s2_rayne_4.wav	dialogue-unit:037b5cd40fbf4fe2	A3_WETWORKS_E_2.TXT	2	a3s2_rayne_4.wav	pending		
dialogue:A3_WETWORKS_E_2.TXT:3:a3s2_severin_1.wav	dialogue-unit:f53edf4b1d319832	A3_WETWORKS_E_2.TXT	3	a3s2_severin_1.wav	pending		
dialogue:A3_WETWORKS_E_2.TXT:4:missiondescription	dialogue-unit:4a3043ef4957d584	A3_WETWORKS_E_2.TXT	4	missiondescription	pending		
dialogue:A3_WETWORKS_E_2.TXT:5:objectiveexplore	dialogue-unit:aab304c3deb7bc14	A3_WETWORKS_E_2.TXT	5	objectiveexplore	pending		
dialogue:A3_WETWORKS_E_2.TXT:6:objectiveforeman	dialogue-unit:0a2fc4bdea647daa	A3_WETWORKS_E_2.TXT	6	objectiveforeman	pending		
dialogue:A3_WETWORKS_E_2.TXT:7:objectivefurnace	dialogue-unit:a80038ab138ef468	A3_WETWORKS_E_2.TXT	7	objectivefurnace	pending		
dialogue:A3_WETWORKS_E_2.TXT:8:objectivegate	dialogue-unit:c7cb6ae4d407bd3d	A3_WETWORKS_E_2.TXT	8	objectivegate	pending		
dialogue:A3_WETWORKS_E_2.TXT:9:objectivemashers	dialogue-unit:148228353e0799f7	A3_WETWORKS_E_2.TXT	9	objectivemashers	pending		
dialogue:A3_WETWORKS_E_2.TXT:10:objectiveoutbuilding	dialogue-unit:4fa0ac25787755b1	A3_WETWORKS_E_2.TXT	10	objectiveoutbuilding	pending		
dialogue:A3_WETWORKS_E_2.TXT:11:ost_boilergate	dialogue-unit:c5cbb43bcfbd214e	A3_WETWORKS_E_2.TXT	11	ost_boilergate	pending		
dialogue:A3_WETWORKS_E_2.TXT:12:ost_cheating	dialogue-unit:4390aaf59459661e	A3_WETWORKS_E_2.TXT	12	ost_cheating	pending		
dialogue:A3_WETWORKS_E_2.TXT:13:ost_controller1	dialogue-unit:68e7ceaa7dc3b66f	A3_WETWORKS_E_2.TXT	13	ost_controller1	pending		
dialogue:A3_WETWORKS_E_2.TXT:14:ost_controller2	dialogue-unit:713c9c7e8a6d0fd6	A3_WETWORKS_E_2.TXT	14	ost_controller2	pending		
dialogue:A3_WETWORKS_N_1.TXT:1:a3s1_lminion11_10.wav	dialogue-unit:79a110c7174d7dd0	A3_WETWORKS_N_1.TXT	1	a3s1_lminion11_10.wav	pending		
dialogue:A3_WETWORKS_N_1.TXT:2:a3s1_lminion11_11.wav	dialogue-unit:e6a47560594244f3	A3_WETWORKS_N_1.TXT	2	a3s1_lminion11_11.wav	pending		
dialogue:A3_WETWORKS_N_1.TXT:3:a3s1_lminion11_12.wav	dialogue-unit:989b18d715612c95	A3_WETWORKS_N_1.TXT	3	a3s1_lminion11_12.wav	pending		
dialogue:A3_WETWORKS_N_1.TXT:4:a3s1_lminion11_13.wav	dialogue-unit:0728e52c487e7dd6	A3_WETWORKS_N_1.TXT	4	a3s1_lminion11_13.wav	pending		
dialogue:A3_WETWORKS_N_1.TXT:5:a3s1_lminion11_14.wav	dialogue-unit:3a0843cc6b556f6a	A3_WETWORKS_N_1.TXT	5	a3s1_lminion11_14.wav	pending		
dialogue:A3_WETWORKS_N_1.TXT:6:a3s1_lminion11_15.wav	dialogue-unit:65dfe6389a16081a	A3_WETWORKS_N_1.TXT	6	a3s1_lminion11_15.wav	pending		
dialogue:A3_WETWORKS_N_1.TXT:7:a3s1_lminion11_2.wav	dialogue-unit:8592439c64aa1eb5	A3_WETWORKS_N_1.TXT	7	a3s1_lminion11_2.wav	pending		
dialogue:A3_WETWORKS_N_1.TXT:8:a3s1_lminion11_3.wav	dialogue-unit:2f4520123ef4e53f	A3_WETWORKS_N_1.TXT	8	a3s1_lminion11_3.wav	pending		
dialogue:A3_WETWORKS_N_1.TXT:9:a3s1_lminion11_4.wav	dialogue-unit:c6c7da1c4dc14524	A3_WETWORKS_N_1.TXT	9	a3s1_lminion11_4.wav	pending		
dialogue:A3_WETWORKS_N_1.TXT:10:a3s1_lminion11_5.wav	dialogue-unit:9044e1c0629ba404	A3_WETWORKS_N_1.TXT	10	a3s1_lminion11_5.wav	pending		
dialogue:A3_WETWORKS_N_1.TXT:11:a3s1_lminion11_6.wav	dialogue-unit:a0d201f15ffe19ea	A3_WETWORKS_N_1.TXT	11	a3s1_lminion11_6.wav	pending		
dialogue:A3_WETWORKS_N_1.TXT:12:a3s1_lminion11_7.wav	dialogue-unit:2c384b0e2d2901e3	A3_WETWORKS_N_1.TXT	12	a3s1_lminion11_7.wav	pending		
dialogue:A3_WETWORKS_N_1.TXT:13:a3s1_lminion11_8.wav	dialogue-unit:fac5d40886f6045f	A3_WETWORKS_N_1.TXT	13	a3s1_lminion11_8.wav	pending		
dialogue:A3_WETWORKS_N_1.TXT:14:a3s1_lminion11_9.wav	dialogue-unit:f567cdd4df9d7073	A3_WETWORKS_N_1.TXT	14	a3s1_lminion11_9.wav	pending		
dialogue:A3_WETWORKS_N_1.TXT:15:a3s1_lminion12_1.wav	dialogue-unit:18039c0dd62c7ee3	A3_WETWORKS_N_1.TXT	15	a3s1_lminion12_1.wav	pending		speaker/control differs: EN='$'; RU='RAYNE:   $'
dialogue:A3_WETWORKS_N_1.TXT:16:a3s1_lminion12_10.wav	dialogue-unit:ffb1bd59ff4305c7	A3_WETWORKS_N_1.TXT	16	a3s1_lminion12_10.wav	pending		
dialogue:A3_WETWORKS_N_1.TXT:17:a3s1_lminion12_11.wav	dialogue-unit:da66d245a5e92ea2	A3_WETWORKS_N_1.TXT	17	a3s1_lminion12_11.wav	pending		
dialogue:A3_WETWORKS_N_1.TXT:18:a3s1_lminion12_12.wav	dialogue-unit:1b46dd4a1c473196	A3_WETWORKS_N_1.TXT	18	a3s1_lminion12_12.wav	pending		
dialogue:A3_WETWORKS_N_1.TXT:19:a3s1_lminion12_13.wav	dialogue-unit:a7a691c30740e460	A3_WETWORKS_N_1.TXT	19	a3s1_lminion12_13.wav	pending		
dialogue:A3_WETWORKS_N_1.TXT:20:a3s1_lminion12_2.wav	dialogue-unit:aecc07746f7f0380	A3_WETWORKS_N_1.TXT	20	a3s1_lminion12_2.wav	pending		
dialogue:A3_WETWORKS_N_1.TXT:21:a3s1_lminion12_3.wav	dialogue-unit:9aa8d740a9665c91	A3_WETWORKS_N_1.TXT	21	a3s1_lminion12_3.wav	pending		
dialogue:A3_WETWORKS_N_1.TXT:22:a3s1_lminion12_4.wav	dialogue-unit:b3ac7aa861547731	A3_WETWORKS_N_1.TXT	22	a3s1_lminion12_4.wav	pending		
dialogue:A3_WETWORKS_N_1.TXT:23:a3s1_lminion12_5.wav	dialogue-unit:bd62c84bdcae4491	A3_WETWORKS_N_1.TXT	23	a3s1_lminion12_5.wav	pending		
dialogue:A3_WETWORKS_N_1.TXT:24:a3s1_lminion12_6.wav	dialogue-unit:5a5e59510020d460	A3_WETWORKS_N_1.TXT	24	a3s1_lminion12_6.wav	pending		
dialogue:A3_WETWORKS_N_1.TXT:25:a3s1_lminion12_7.wav	dialogue-unit:e19bd91531ad3e87	A3_WETWORKS_N_1.TXT	25	a3s1_lminion12_7.wav	pending		
dialogue:A3_WETWORKS_N_1.TXT:26:a3s1_lminion12_8.wav	dialogue-unit:7b545196132ce7a1	A3_WETWORKS_N_1.TXT	26	a3s1_lminion12_8.wav	pending		
dialogue:A3_WETWORKS_N_1.TXT:27:a3s1_lminion12_9.wav	dialogue-unit:48761fd2b8fa0fc0	A3_WETWORKS_N_1.TXT	27	a3s1_lminion12_9.wav	pending		
dialogue:A3_WETWORKS_N_1.TXT:28:a3s1_lminion1_1.wav	dialogue-unit:bb80c809bf4173aa	A3_WETWORKS_N_1.TXT	28	a3s1_lminion1_1.wav	pending		
dialogue:A3_WETWORKS_N_1.TXT:29:a3s1_pavoice_1.wav	dialogue-unit:d68c7be23c9498c2	A3_WETWORKS_N_1.TXT	29	a3s1_pavoice_1.wav	pending		
dialogue:A3_WETWORKS_N_1.TXT:30:a3s1_severin_1.wav	dialogue-unit:59e10838cc696b98	A3_WETWORKS_N_1.TXT	30	a3s1_severin_1.wav	pending		
dialogue:A3_WETWORKS_N_1.TXT:31:a5s2_severin_1.wav	dialogue-unit:f0548cb1e632dbea	A3_WETWORKS_N_1.TXT	31	a5s2_severin_1.wav	pending		
dialogue:A3_WETWORKS_N_1.TXT:32:missiondescription	dialogue-unit:77ead67d04c6afb5	A3_WETWORKS_N_1.TXT	32	missiondescription	pending		
dialogue:A3_WETWORKS_N_1.TXT:33:objectiveaccesscontrolpanele	dialogue-unit:5a9e0814f250278e	A3_WETWORKS_N_1.TXT	33	objectiveaccesscontrolpanele	pending		
dialogue:A3_WETWORKS_N_1.TXT:34:objectiveaccesscontrolpanelw	dialogue-unit:5a9187f11b63a231	A3_WETWORKS_N_1.TXT	34	objectiveaccesscontrolpanelw	pending		
dialogue:A3_WETWORKS_N_1.TXT:35:objectivedestroycoils	dialogue-unit:7e7da4f6ed1e12d9	A3_WETWORKS_N_1.TXT	35	objectivedestroycoils	pending		no matching English row; translate from Russian
dialogue:A3_WETWORKS_N_1.TXT:36:objectivedisablecoil	dialogue-unit:7278e6113ffb411e	A3_WETWORKS_N_1.TXT	36	objectivedisablecoil	pending		
dialogue:A3_WETWORKS_N_1.TXT:37:objectivedisablecoils	dialogue-unit:754842f8dfc118ad	A3_WETWORKS_N_1.TXT	37	objectivedisablecoils	pending		
dialogue:A3_WETWORKS_N_1.TXT:38:objectiveenter	dialogue-unit:e43d227027711fb3	A3_WETWORKS_N_1.TXT	38	objectiveenter	pending		
dialogue:A3_WETWORKS_N_1.TXT:39:objectiveguardbooth	dialogue-unit:61ea31a1e0d691fc	A3_WETWORKS_N_1.TXT	39	objectiveguardbooth	pending		
dialogue:A3_WETWORKS_N_1.TXT:40:objectivekillbrute	dialogue-unit:405c1753a165a4af	A3_WETWORKS_N_1.TXT	40	objectivekillbrute	pending		
dialogue:A3_WETWORKS_N_1.TXT:41:objectivekillwave	dialogue-unit:ebb7feef9cb95304	A3_WETWORKS_N_1.TXT	41	objectivekillwave	pending		
dialogue:A3_WETWORKS_N_1.TXT:42:ost_cheating	dialogue-unit:4390aaf59459661e	A3_WETWORKS_N_1.TXT	42	ost_cheating	pending		
dialogue:A3_WETWORKS_N_1.TXT:43:ost_safeguardsinactive	dialogue-unit:ad4c91cc87c35352	A3_WETWORKS_N_1.TXT	43	ost_safeguardsinactive	pending		
dialogue:A3_WETWORKS_N_2.TXT:1:a3_rayne_38.wav	dialogue-unit:a14b2b01757390bc	A3_WETWORKS_N_2.TXT	1	a3_rayne_38.wav	pending		
dialogue:A3_WETWORKS_N_2.TXT:2:a3_rayne_39.wav	dialogue-unit:b2a3b3b31281398a	A3_WETWORKS_N_2.TXT	2	a3_rayne_39.wav	pending		
dialogue:A3_WETWORKS_N_2.TXT:3:a3_rayne_40.wav	dialogue-unit:49c382f60707e93d	A3_WETWORKS_N_2.TXT	3	a3_rayne_40.wav	pending		
dialogue:A3_WETWORKS_N_2.TXT:4:a3_rayne_41.wav	dialogue-unit:1630184fccbc0dd0	A3_WETWORKS_N_2.TXT	4	a3_rayne_41.wav	pending		
dialogue:A3_WETWORKS_N_2.TXT:5:a3_rayne_42.wav	dialogue-unit:4d4a2a03876b99a9	A3_WETWORKS_N_2.TXT	5	a3_rayne_42.wav	pending		
dialogue:A3_WETWORKS_N_2.TXT:6:a3_rayne_43.wav	dialogue-unit:20f98e1c1050a5dc	A3_WETWORKS_N_2.TXT	6	a3_rayne_43.wav	pending		
dialogue:A3_WETWORKS_N_2.TXT:7:a3_rayne_44.wav	dialogue-unit:0ec59e37d110d6b9	A3_WETWORKS_N_2.TXT	7	a3_rayne_44.wav	pending		
dialogue:A3_WETWORKS_N_2.TXT:8:a3_rayne_45.wav	dialogue-unit:5710b8ccc001490f	A3_WETWORKS_N_2.TXT	8	a3_rayne_45.wav	pending		
dialogue:A3_WETWORKS_N_2.TXT:9:a3_rayne_46.wav	dialogue-unit:de3b65b3d4cf1719	A3_WETWORKS_N_2.TXT	9	a3_rayne_46.wav	pending		
dialogue:A3_WETWORKS_N_2.TXT:10:a3_severin_61.wav	dialogue-unit:1c2cf9fbf3b7921f	A3_WETWORKS_N_2.TXT	10	a3_severin_61.wav	pending		
dialogue:A3_WETWORKS_N_2.TXT:11:a3_severin_62.wav	dialogue-unit:102a1723875f131c	A3_WETWORKS_N_2.TXT	11	a3_severin_62.wav	pending		
dialogue:A3_WETWORKS_N_2.TXT:12:a3_severin_63.wav	dialogue-unit:9a4d4bc7f4e50423	A3_WETWORKS_N_2.TXT	12	a3_severin_63.wav	pending		
dialogue:A3_WETWORKS_N_2.TXT:13:a3_severin_64.wav	dialogue-unit:51657a4dd1b8c9ad	A3_WETWORKS_N_2.TXT	13	a3_severin_64.wav	pending		
dialogue:A3_WETWORKS_N_2.TXT:14:a3_severin_65.wav	dialogue-unit:b3bc0115414f16e4	A3_WETWORKS_N_2.TXT	14	a3_severin_65.wav	pending		
dialogue:A3_WETWORKS_N_2.TXT:15:a3s1_fminion1_16.wav	dialogue-unit:4f2669e6de95c179	A3_WETWORKS_N_2.TXT	15	a3s1_fminion1_16.wav	pending		
dialogue:A3_WETWORKS_N_2.TXT:16:a3s1_fminion1_17.wav	dialogue-unit:656cdee0a5c03648	A3_WETWORKS_N_2.TXT	16	a3s1_fminion1_17.wav	pending		
dialogue:A3_WETWORKS_N_2.TXT:17:a3s1_fminion1_18.wav	dialogue-unit:19d640aab0aa2487	A3_WETWORKS_N_2.TXT	17	a3s1_fminion1_18.wav	pending		
dialogue:A3_WETWORKS_N_2.TXT:18:a3s1_fminion1_19.wav	dialogue-unit:6c2621e8867d0a4a	A3_WETWORKS_N_2.TXT	18	a3s1_fminion1_19.wav	pending		
dialogue:A3_WETWORKS_N_2.TXT:19:a3s1_fminion1_20.wav	dialogue-unit:9d783a8e093f8f6b	A3_WETWORKS_N_2.TXT	19	a3s1_fminion1_20.wav	pending		
dialogue:A3_WETWORKS_N_2.TXT:20:a3s1_fminion1_21.wav	dialogue-unit:8a3f21500ad13b2d	A3_WETWORKS_N_2.TXT	20	a3s1_fminion1_21.wav	pending		
dialogue:A3_WETWORKS_N_2.TXT:21:a3s1_fminion2_14.wav	dialogue-unit:529d77cef5e3717b	A3_WETWORKS_N_2.TXT	21	a3s1_fminion2_14.wav	pending		
dialogue:A3_WETWORKS_N_2.TXT:22:a3s1_fminion2_15.wav	dialogue-unit:0d20305f572413a8	A3_WETWORKS_N_2.TXT	22	a3s1_fminion2_15.wav	pending		
dialogue:A3_WETWORKS_N_2.TXT:23:a3s1_fminion2_16.wav	dialogue-unit:9e9178817b32b660	A3_WETWORKS_N_2.TXT	23	a3s1_fminion2_16.wav	pending		
dialogue:A3_WETWORKS_N_2.TXT:24:a3s1_fminion2_17.wav	dialogue-unit:3819d275472a959e	A3_WETWORKS_N_2.TXT	24	a3s1_fminion2_17.wav	pending		
dialogue:A3_WETWORKS_N_2.TXT:25:a3s1_fminion3_1.wav	dialogue-unit:ac2bd4b7a9d41c76	A3_WETWORKS_N_2.TXT	25	a3s1_fminion3_1.wav	pending		
dialogue:A3_WETWORKS_N_2.TXT:26:a3s1_fminion3_2.wav	dialogue-unit:0aad50a2249a6f68	A3_WETWORKS_N_2.TXT	26	a3s1_fminion3_2.wav	pending		
dialogue:A3_WETWORKS_N_2.TXT:27:a3s1_rayne_1.wav	dialogue-unit:f6c8cc1d016955b8	A3_WETWORKS_N_2.TXT	27	a3s1_rayne_1.wav	pending		
dialogue:A3_WETWORKS_N_2.TXT:28:a3s1_severin_2.wav	dialogue-unit:c257aaedff0608ca	A3_WETWORKS_N_2.TXT	28	a3s1_severin_2.wav	pending		
dialogue:A3_WETWORKS_N_2.TXT:29:missiondescription	dialogue-unit:ff8dbf25506c2f29	A3_WETWORKS_N_2.TXT	29	missiondescription	pending		
dialogue:A3_WETWORKS_N_2.TXT:30:objectivedhampir	dialogue-unit:ef678b5205851fdc	A3_WETWORKS_N_2.TXT	30	objectivedhampir	pending		
dialogue:A3_WETWORKS_N_2.TXT:31:objectiveexplore	dialogue-unit:0058a70056829667	A3_WETWORKS_N_2.TXT	31	objectiveexplore	pending		
dialogue:A3_WETWORKS_N_2.TXT:32:objectiveforeman	dialogue-unit:f752299bd6cda398	A3_WETWORKS_N_2.TXT	32	objectiveforeman	pending		
dialogue:A3_WETWORKS_N_2.TXT:33:objectiveinside	dialogue-unit:f3bbe49bd376ee03	A3_WETWORKS_N_2.TXT	33	objectiveinside	pending		
dialogue:A3_WETWORKS_N_2.TXT:34:objectiveupstairs	dialogue-unit:e2970b397835193f	A3_WETWORKS_N_2.TXT	34	objectiveupstairs	pending		
dialogue:A3_WETWORKS_N_2.TXT:35:objectivewave	dialogue-unit:55f89815614c748a	A3_WETWORKS_N_2.TXT	35	objectivewave	pending		
dialogue:A3_WETWORKS_N_2.TXT:36:ost_cheating	dialogue-unit:4390aaf59459661e	A3_WETWORKS_N_2.TXT	36	ost_cheating	pending		
dialogue:A3_WETWORKS_N_2.TXT:37:ost_comboawarded	dialogue-unit:7caa3e1360455a2c	A3_WETWORKS_N_2.TXT	37	ost_comboawarded	pending		
dialogue:A3_WETWORKS_N_2.TXT:38:ost_safeguarddeactivate	dialogue-unit:7b196d3db52a8eca	A3_WETWORKS_N_2.TXT	38	ost_safeguarddeactivate	pending		
dialogue:A3_WETWORKS_N_2.TXT:39:ost_safeguarddeactivateall	dialogue-unit:e9da0d2d75bed33a	A3_WETWORKS_N_2.TXT	39	ost_safeguarddeactivateall	pending		
dialogue:A3_WETWORKS_N_2.TXT:40:ost_safeguardsactive	dialogue-unit:6d04d3751bba3f29	A3_WETWORKS_N_2.TXT	40	ost_safeguardsactive	pending		
dialogue:A3_WETWORKS_N_2.TXT:41:ost_safeguardsinactive	dialogue-unit:ad4c91cc87c35352	A3_WETWORKS_N_2.TXT	41	ost_safeguardsinactive	pending		
dialogue:A3_WETWORKS_N_3.TXT:1:a3_rayne_38.wav	dialogue-unit:444b23c7ce0fe84b	A3_WETWORKS_N_3.TXT	1	a3_rayne_38.wav	pending		
dialogue:A3_WETWORKS_N_3.TXT:2:a3_rayne_39.wav	dialogue-unit:931cfe142f644842	A3_WETWORKS_N_3.TXT	2	a3_rayne_39.wav	pending		
dialogue:A3_WETWORKS_N_3.TXT:3:a3_rayne_40.wav	dialogue-unit:364d696f6ed86ad1	A3_WETWORKS_N_3.TXT	3	a3_rayne_40.wav	pending		
dialogue:A3_WETWORKS_N_3.TXT:4:a3_rayne_41.wav	dialogue-unit:b8772662c04f3924	A3_WETWORKS_N_3.TXT	4	a3_rayne_41.wav	pending		
dialogue:A3_WETWORKS_N_3.TXT:5:a3_rayne_42.wav	dialogue-unit:4d4a2a03876b99a9	A3_WETWORKS_N_3.TXT	5	a3_rayne_42.wav	pending		
dialogue:A3_WETWORKS_N_3.TXT:6:a3_rayne_43.wav	dialogue-unit:1c66bd266d13dbf2	A3_WETWORKS_N_3.TXT	6	a3_rayne_43.wav	pending		
dialogue:A3_WETWORKS_N_3.TXT:7:a3_rayne_44.wav	dialogue-unit:4d9b3cde6ba40a83	A3_WETWORKS_N_3.TXT	7	a3_rayne_44.wav	pending		
dialogue:A3_WETWORKS_N_3.TXT:8:a3_rayne_45.wav	dialogue-unit:5710b8ccc001490f	A3_WETWORKS_N_3.TXT	8	a3_rayne_45.wav	pending		
dialogue:A3_WETWORKS_N_3.TXT:9:a3_rayne_46.wav	dialogue-unit:de3b65b3d4cf1719	A3_WETWORKS_N_3.TXT	9	a3_rayne_46.wav	pending		
dialogue:A3_WETWORKS_N_3.TXT:10:a3_severin_60	dialogue-unit:ec19b14cabc8246f	A3_WETWORKS_N_3.TXT	10	a3_severin_60	pending		
dialogue:A3_WETWORKS_N_3.TXT:11:a3_severin_61.wav	dialogue-unit:1c2cf9fbf3b7921f	A3_WETWORKS_N_3.TXT	11	a3_severin_61.wav	pending		
dialogue:A3_WETWORKS_N_3.TXT:12:a3_severin_62.wav	dialogue-unit:102a1723875f131c	A3_WETWORKS_N_3.TXT	12	a3_severin_62.wav	pending		
dialogue:A3_WETWORKS_N_3.TXT:13:a3_severin_63.wav	dialogue-unit:9a4d4bc7f4e50423	A3_WETWORKS_N_3.TXT	13	a3_severin_63.wav	pending		
dialogue:A3_WETWORKS_N_3.TXT:14:a3_severin_64.wav	dialogue-unit:51657a4dd1b8c9ad	A3_WETWORKS_N_3.TXT	14	a3_severin_64.wav	pending		
dialogue:A3_WETWORKS_N_3.TXT:15:a3_severin_65.wav	dialogue-unit:4edb82d5b4e81894	A3_WETWORKS_N_3.TXT	15	a3_severin_65.wav	pending		
dialogue:A3_WETWORKS_N_3.TXT:16:a3s1_rayne_2.wav	dialogue-unit:2bff6997c8e32538	A3_WETWORKS_N_3.TXT	16	a3s1_rayne_2.wav	pending		
dialogue:A3_WETWORKS_N_3.TXT:17:a3s1_rayne_3.wav	dialogue-unit:a903c0da32e8ceb8	A3_WETWORKS_N_3.TXT	17	a3s1_rayne_3.wav	pending		
dialogue:A3_WETWORKS_N_3.TXT:18:a3s1_rayne_4.wav	dialogue-unit:826a7754def4209b	A3_WETWORKS_N_3.TXT	18	a3s1_rayne_4.wav	pending		
dialogue:A3_WETWORKS_N_3.TXT:19:a3s1_rayne_5.wav	dialogue-unit:35849b884572e12f	A3_WETWORKS_N_3.TXT	19	a3s1_rayne_5.wav	pending		
dialogue:A3_WETWORKS_N_3.TXT:20:a3s1_rayne_6.wav	dialogue-unit:061c0b28bbaf9b4f	A3_WETWORKS_N_3.TXT	20	a3s1_rayne_6.wav	pending		
dialogue:A3_WETWORKS_N_3.TXT:21:a3s1_rayne_7.wav	dialogue-unit:0d75bc52b0e3ca6b	A3_WETWORKS_N_3.TXT	21	a3s1_rayne_7.wav	pending		
dialogue:A3_WETWORKS_N_3.TXT:22:a3s1_rayne_8.wav	dialogue-unit:66e1ae0b7d92d87f	A3_WETWORKS_N_3.TXT	22	a3s1_rayne_8.wav	pending		
dialogue:A3_WETWORKS_N_3.TXT:23:a3s1_severin_10.wav	dialogue-unit:b658aa4e9398f987	A3_WETWORKS_N_3.TXT	23	a3s1_severin_10.wav	pending		
dialogue:A3_WETWORKS_N_3.TXT:24:a3s1_severin_11.wav	dialogue-unit:20dd8b1f88a3ab2e	A3_WETWORKS_N_3.TXT	24	a3s1_severin_11.wav	pending		
dialogue:A3_WETWORKS_N_3.TXT:25:a3s1_severin_3.wav	dialogue-unit:0060e1656539047e	A3_WETWORKS_N_3.TXT	25	a3s1_severin_3.wav	pending		
dialogue:A3_WETWORKS_N_3.TXT:26:a3s1_severin_4.wav	dialogue-unit:9cc6c5314b4d4419	A3_WETWORKS_N_3.TXT	26	a3s1_severin_4.wav	pending		
dialogue:A3_WETWORKS_N_3.TXT:27:a3s1_severin_5.wav	dialogue-unit:43083a9c3620bbb4	A3_WETWORKS_N_3.TXT	27	a3s1_severin_5.wav	pending		
dialogue:A3_WETWORKS_N_3.TXT:28:a3s1_severin_6.wav	dialogue-unit:6605aeeb3724e184	A3_WETWORKS_N_3.TXT	28	a3s1_severin_6.wav	pending		
dialogue:A3_WETWORKS_N_3.TXT:29:a3s1_severin_7.wav	dialogue-unit:7c5d450b19b0cd2a	A3_WETWORKS_N_3.TXT	29	a3s1_severin_7.wav	pending		
dialogue:A3_WETWORKS_N_3.TXT:30:a3s1_severin_8.wav	dialogue-unit:877d1ed28ead734a	A3_WETWORKS_N_3.TXT	30	a3s1_severin_8.wav	pending		
dialogue:A3_WETWORKS_N_3.TXT:31:a3s1_severin_9.wav	dialogue-unit:8e6aaa553e581ba2	A3_WETWORKS_N_3.TXT	31	a3s1_severin_9.wav	pending		
dialogue:A3_WETWORKS_N_3.TXT:32:missiondescription	dialogue-unit:b92c08c3cd33dd87	A3_WETWORKS_N_3.TXT	32	missiondescription	pending		
dialogue:A3_WETWORKS_N_3.TXT:33:objectiveexplore	dialogue-unit:ff4749ad3de0af99	A3_WETWORKS_N_3.TXT	33	objectiveexplore	pending		
dialogue:A3_WETWORKS_N_3.TXT:34:objectivegate	dialogue-unit:9ecab1f4489086e4	A3_WETWORKS_N_3.TXT	34	objectivegate	pending		
dialogue:A3_WETWORKS_N_3.TXT:35:objectivekillforeman	dialogue-unit:68e55349c798ef25	A3_WETWORKS_N_3.TXT	35	objectivekillforeman	pending		
dialogue:A3_WETWORKS_N_3.TXT:36:ost_cheating	dialogue-unit:4390aaf59459661e	A3_WETWORKS_N_3.TXT	36	ost_cheating	pending		
dialogue:A3_WETWORKS_N_3.TXT:37:ost_safeguarddeactivate	dialogue-unit:7b196d3db52a8eca	A3_WETWORKS_N_3.TXT	37	ost_safeguarddeactivate	pending		
dialogue:A3_WETWORKS_N_3.TXT:38:ost_safeguarddeactivateall	dialogue-unit:e9da0d2d75bed33a	A3_WETWORKS_N_3.TXT	38	ost_safeguarddeactivateall	pending		
dialogue:A3_WETWORKS_N_3.TXT:39:ost_safeguardsactive	dialogue-unit:6d04d3751bba3f29	A3_WETWORKS_N_3.TXT	39	ost_safeguardsactive	pending		
dialogue:A3_WETWORKS_N_3.TXT:40:ost_safeguardsinactive	dialogue-unit:ad4c91cc87c35352	A3_WETWORKS_N_3.TXT	40	ost_safeguardsinactive	pending		
dialogue:A3_WETWORKS_S_1.TXT:1:a3s3_ferril_1.wav	dialogue-unit:fb74f282ccabef51	A3_WETWORKS_S_1.TXT	1	a3s3_ferril_1.wav	pending		
dialogue:A3_WETWORKS_S_1.TXT:2:a3s3_ferril_10.wav	dialogue-unit:ca7f022ac19af132	A3_WETWORKS_S_1.TXT	2	a3s3_ferril_10.wav	pending		
dialogue:A3_WETWORKS_S_1.TXT:3:a3s3_ferril_11.wav	dialogue-unit:f390c94ba933b049	A3_WETWORKS_S_1.TXT	3	a3s3_ferril_11.wav	pending		
dialogue:A3_WETWORKS_S_1.TXT:4:a3s3_ferril_12.wav	dialogue-unit:b6362f3515a7e778	A3_WETWORKS_S_1.TXT	4	a3s3_ferril_12.wav	pending		
dialogue:A3_WETWORKS_S_1.TXT:5:a3s3_ferril_2.wav	dialogue-unit:83515c38802daf1a	A3_WETWORKS_S_1.TXT	5	a3s3_ferril_2.wav	pending		
dialogue:A3_WETWORKS_S_1.TXT:6:a3s3_ferril_3.wav	dialogue-unit:af4526712433a6e0	A3_WETWORKS_S_1.TXT	6	a3s3_ferril_3.wav	pending		
dialogue:A3_WETWORKS_S_1.TXT:7:a3s3_ferril_4.wav	dialogue-unit:b31da09d4bce7bba	A3_WETWORKS_S_1.TXT	7	a3s3_ferril_4.wav	pending		
dialogue:A3_WETWORKS_S_1.TXT:8:a3s3_ferril_5.wav	dialogue-unit:a1d2e5b13a90067f	A3_WETWORKS_S_1.TXT	8	a3s3_ferril_5.wav	pending		
dialogue:A3_WETWORKS_S_1.TXT:9:a3s3_ferril_6.wav	dialogue-unit:95791555f8e54a6b	A3_WETWORKS_S_1.TXT	9	a3s3_ferril_6.wav	pending		
dialogue:A3_WETWORKS_S_1.TXT:10:a3s3_ferril_7.wav	dialogue-unit:fc4f7a6bcd00fdc9	A3_WETWORKS_S_1.TXT	10	a3s3_ferril_7.wav	pending		
dialogue:A3_WETWORKS_S_1.TXT:11:a3s3_ferril_8.wav	dialogue-unit:06fda0259a79ec2b	A3_WETWORKS_S_1.TXT	11	a3s3_ferril_8.wav	pending		
dialogue:A3_WETWORKS_S_1.TXT:12:a3s3_ferril_9.wav	dialogue-unit:150470a5729ef604	A3_WETWORKS_S_1.TXT	12	a3s3_ferril_9.wav	pending		
dialogue:A3_WETWORKS_S_1.TXT:13:a3s3_lminion1_5.wav	dialogue-unit:639b33616f719bf3	A3_WETWORKS_S_1.TXT	13	a3s3_lminion1_5.wav	pending		
dialogue:A3_WETWORKS_S_1.TXT:14:a3s3_lminion1_6.wav	dialogue-unit:38bd0a3231433f0c	A3_WETWORKS_S_1.TXT	14	a3s3_lminion1_6.wav	pending		
dialogue:A3_WETWORKS_S_1.TXT:15:a3s3_lminion1_7.wav	dialogue-unit:4f3e751ee6321041	A3_WETWORKS_S_1.TXT	15	a3s3_lminion1_7.wav	pending		
dialogue:A3_WETWORKS_S_1.TXT:16:a3s3_lminion1_8.wav	dialogue-unit:b9969f92a433fdf8	A3_WETWORKS_S_1.TXT	16	a3s3_lminion1_8.wav	pending		
dialogue:A3_WETWORKS_S_1.TXT:17:a3s3_lminion2_8.wav	dialogue-unit:f661c33a962ce7f7	A3_WETWORKS_S_1.TXT	17	a3s3_lminion2_8.wav	pending		
dialogue:A3_WETWORKS_S_1.TXT:18:a3s3_rayne_1.wav	dialogue-unit:c019c406254cfa4b	A3_WETWORKS_S_1.TXT	18	a3s3_rayne_1.wav	pending		
dialogue:A3_WETWORKS_S_1.TXT:19:a3s3_rayne_2.wav	dialogue-unit:175310a3a278bcbd	A3_WETWORKS_S_1.TXT	19	a3s3_rayne_2.wav	pending		
dialogue:A3_WETWORKS_S_1.TXT:20:a3s3_rayne_3.wav	dialogue-unit:0fd99a35ed85de73	A3_WETWORKS_S_1.TXT	20	a3s3_rayne_3.wav	pending		
dialogue:A3_WETWORKS_S_1.TXT:21:a3s3_rayne_4.wav	dialogue-unit:5639ff90517d1cd9	A3_WETWORKS_S_1.TXT	21	a3s3_rayne_4.wav	pending		
dialogue:A3_WETWORKS_S_1.TXT:22:a3s3_rayne_5.wav	dialogue-unit:d60eddabdcb58061	A3_WETWORKS_S_1.TXT	22	a3s3_rayne_5.wav	pending		
dialogue:A3_WETWORKS_S_1.TXT:23:a3s3_severin_1.wav	dialogue-unit:f60e58616e7edfc5	A3_WETWORKS_S_1.TXT	23	a3s3_severin_1.wav	pending		
dialogue:A3_WETWORKS_S_1.TXT:24:a3s3_severin_2.wav	dialogue-unit:6d371b9e7027ab08	A3_WETWORKS_S_1.TXT	24	a3s3_severin_2.wav	pending		
dialogue:A3_WETWORKS_S_1.TXT:25:a3s3_severin_3.wav	dialogue-unit:581193b396e9c947	A3_WETWORKS_S_1.TXT	25	a3s3_severin_3.wav	pending		
dialogue:A3_WETWORKS_S_1.TXT:26:missiondescription	dialogue-unit:c36018317ccf21a6	A3_WETWORKS_S_1.TXT	26	missiondescription	pending		
dialogue:A3_WETWORKS_S_1.TXT:27:objective_chute	dialogue-unit:6ed4569d44a39fa4	A3_WETWORKS_S_1.TXT	27	objective_chute	pending		
dialogue:A3_WETWORKS_S_1.TXT:28:objective_loading	dialogue-unit:2136a1fb24a285f3	A3_WETWORKS_S_1.TXT	28	objective_loading	pending		
dialogue:A3_WETWORKS_S_1.TXT:29:objectivedhampir	dialogue-unit:8d9d419c410d04c5	A3_WETWORKS_S_1.TXT	29	objectivedhampir	pending		
dialogue:A3_WETWORKS_S_1.TXT:30:objectiveexit	dialogue-unit:a6154507a1a1d9d6	A3_WETWORKS_S_1.TXT	30	objectiveexit	pending		
dialogue:A3_WETWORKS_S_1.TXT:31:objectivekill	dialogue-unit:ebb7feef9cb95304	A3_WETWORKS_S_1.TXT	31	objectivekill	pending		
dialogue:A3_WETWORKS_S_1.TXT:32:ost_cheating	dialogue-unit:4390aaf59459661e	A3_WETWORKS_S_1.TXT	32	ost_cheating	pending		
dialogue:A3_WETWORKS_S_1.TXT:33:ost_punishmentblade	dialogue-unit:4286d13ece674b66	A3_WETWORKS_S_1.TXT	33	ost_punishmentblade	pending		
dialogue:A4_KAGANSTOWER_1.TXT:1:a4s1_severin_27.wav	dialogue-unit:5ed92285ac4577bc	A4_KAGANSTOWER_1.TXT	1	a4s1_severin_27.wav	pending		
dialogue:A4_KAGANSTOWER_1.TXT:2:a4s2_brute_8.wav	dialogue-unit:53efd81cb9632fa5	A4_KAGANSTOWER_1.TXT	2	a4s2_brute_8.wav	pending		
dialogue:A4_KAGANSTOWER_1.TXT:3:a4s2_brute_9.wav	dialogue-unit:d26d94735440afa3	A4_KAGANSTOWER_1.TXT	3	a4s2_brute_9.wav	pending		
dialogue:A4_KAGANSTOWER_1.TXT:4:a4s2_rayne_10.wav	dialogue-unit:615fad53a3678b61	A4_KAGANSTOWER_1.TXT	4	a4s2_rayne_10.wav	pending		
dialogue:A4_KAGANSTOWER_1.TXT:5:a4s2_rayne_11.wav	dialogue-unit:9f067b2974249465	A4_KAGANSTOWER_1.TXT	5	a4s2_rayne_11.wav	pending		
dialogue:A4_KAGANSTOWER_1.TXT:6:a4s2_rayne_12.wav	dialogue-unit:2f0ab3065008ae0d	A4_KAGANSTOWER_1.TXT	6	a4s2_rayne_12.wav	pending		
dialogue:A4_KAGANSTOWER_1.TXT:7:a4s2_rayne_14.wav	dialogue-unit:9381b37d46a6f527	A4_KAGANSTOWER_1.TXT	7	a4s2_rayne_14.wav	pending		
dialogue:A4_KAGANSTOWER_1.TXT:8:a4s2_rayne_16.wav	dialogue-unit:ccdcd5c11f5c8f0b	A4_KAGANSTOWER_1.TXT	8	a4s2_rayne_16.wav	pending		
dialogue:A4_KAGANSTOWER_1.TXT:9:a4s2_rayne_8.wav	dialogue-unit:39c22c0f5ca244e4	A4_KAGANSTOWER_1.TXT	9	a4s2_rayne_8.wav	pending		
dialogue:A4_KAGANSTOWER_1.TXT:10:a4s2_uminion1_10.wav	dialogue-unit:c490a977dc5b4ce4	A4_KAGANSTOWER_1.TXT	10	a4s2_uminion1_10.wav	pending		
dialogue:A4_KAGANSTOWER_1.TXT:11:a4s2_uminion1_11.wav	dialogue-unit:dbdf137cb8ef99f6	A4_KAGANSTOWER_1.TXT	11	a4s2_uminion1_11.wav	pending		
dialogue:A4_KAGANSTOWER_1.TXT:12:a4s2_uminion1_12.wav	dialogue-unit:66c7d369828b7550	A4_KAGANSTOWER_1.TXT	12	a4s2_uminion1_12.wav	pending		
dialogue:A4_KAGANSTOWER_1.TXT:13:a4s2_uminion1_13.wav	dialogue-unit:b16dd64085af398a	A4_KAGANSTOWER_1.TXT	13	a4s2_uminion1_13.wav	pending		
dialogue:A4_KAGANSTOWER_1.TXT:14:a4s2_uminion1_14.wav	dialogue-unit:609f3b66168f7181	A4_KAGANSTOWER_1.TXT	14	a4s2_uminion1_14.wav	pending		
dialogue:A4_KAGANSTOWER_1.TXT:15:a4s2_uminion1_15.wav	dialogue-unit:b71e58d201f8b77c	A4_KAGANSTOWER_1.TXT	15	a4s2_uminion1_15.wav	pending		
dialogue:A4_KAGANSTOWER_1.TXT:16:a4s2_uminion1_16.wav	dialogue-unit:e23dc942393b4e58	A4_KAGANSTOWER_1.TXT	16	a4s2_uminion1_16.wav	pending		
dialogue:A4_KAGANSTOWER_1.TXT:17:a4s2_uminion1_6.wav	dialogue-unit:04b195953d92d752	A4_KAGANSTOWER_1.TXT	17	a4s2_uminion1_6.wav	pending		
dialogue:A4_KAGANSTOWER_1.TXT:18:a4s2_uminion1_7.wav	dialogue-unit:2a04a61d610d7a70	A4_KAGANSTOWER_1.TXT	18	a4s2_uminion1_7.wav	pending		
dialogue:A4_KAGANSTOWER_1.TXT:19:a4s2_uminion1_8.wav	dialogue-unit:1d3242a9b4f25c50	A4_KAGANSTOWER_1.TXT	19	a4s2_uminion1_8.wav	pending		
dialogue:A4_KAGANSTOWER_1.TXT:20:a4s2_uminion1_9.wav	dialogue-unit:c09fa8c43c722378	A4_KAGANSTOWER_1.TXT	20	a4s2_uminion1_9.wav	pending		
dialogue:A4_KAGANSTOWER_1.TXT:21:a4s2_uminion2_1.wav	dialogue-unit:b78629e52b2cf339	A4_KAGANSTOWER_1.TXT	21	a4s2_uminion2_1.wav	pending		
dialogue:A4_KAGANSTOWER_1.TXT:22:a4s2_uminion2_2.wav	dialogue-unit:afad3f443001686b	A4_KAGANSTOWER_1.TXT	22	a4s2_uminion2_2.wav	pending		
dialogue:A4_KAGANSTOWER_1.TXT:23:a4s2_uminion2_3.wav	dialogue-unit:da088d528cfe322d	A4_KAGANSTOWER_1.TXT	23	a4s2_uminion2_3.wav	pending		
dialogue:A4_KAGANSTOWER_1.TXT:24:a4s2_uminion2_4.wav	dialogue-unit:fea13b78368cd8a6	A4_KAGANSTOWER_1.TXT	24	a4s2_uminion2_4.wav	pending		
dialogue:A4_KAGANSTOWER_1.TXT:25:a4s2_uminion2_5.wav	dialogue-unit:3150768718279b84	A4_KAGANSTOWER_1.TXT	25	a4s2_uminion2_5.wav	pending		
dialogue:A4_KAGANSTOWER_1.TXT:26:a4s2_xerx_10.wav	dialogue-unit:ea697c725794895f	A4_KAGANSTOWER_1.TXT	26	a4s2_xerx_10.wav	pending		
dialogue:A4_KAGANSTOWER_1.TXT:27:a4s2_xerx_9.wav	dialogue-unit:575b789937d8ed32	A4_KAGANSTOWER_1.TXT	27	a4s2_xerx_9.wav	pending		
dialogue:A4_KAGANSTOWER_1.TXT:28:missiondescription	dialogue-unit:0acec452e93bbe5d	A4_KAGANSTOWER_1.TXT	28	missiondescription	pending		
dialogue:A4_KAGANSTOWER_1.TXT:29:objectivebiosecondary	dialogue-unit:632d3af94a7c0bd2	A4_KAGANSTOWER_1.TXT	29	objectivebiosecondary	pending		
dialogue:A4_KAGANSTOWER_1.TXT:30:objectivedefault	dialogue-unit:5f0171b9f8c05fdd	A4_KAGANSTOWER_1.TXT	30	objectivedefault	pending		
dialogue:A4_KAGANSTOWER_1.TXT:31:objectiveheli_boss	dialogue-unit:b9b528106bfa88d7	A4_KAGANSTOWER_1.TXT	31	objectiveheli_boss	pending		
dialogue:A4_KAGANSTOWER_1.TXT:32:objectivelobbybrute	dialogue-unit:0a7ab25233767c34	A4_KAGANSTOWER_1.TXT	32	objectivelobbybrute	pending		
dialogue:A4_KAGANSTOWER_1.TXT:33:objectiveofficebrute	dialogue-unit:38f7e39bb7c030ad	A4_KAGANSTOWER_1.TXT	33	objectiveofficebrute	pending		
dialogue:A4_KAGANSTOWER_1.TXT:34:objectivexerx	dialogue-unit:e0cd11d3721f2b02	A4_KAGANSTOWER_1.TXT	34	objectivexerx	pending		
dialogue:A4_KAGANSTOWER_1.TXT:35:ost_blocked	dialogue-unit:897e94a8e61944ed	A4_KAGANSTOWER_1.TXT	35	ost_blocked	pending		
dialogue:A4_KAGANSTOWER_1.TXT:37:ost_upgrade	dialogue-unit:862ed26aebf4c8ef	A4_KAGANSTOWER_1.TXT	37	ost_upgrade	pending		
dialogue:A4_KAGANSTOWER_2.TXT:1:a4s2_rayne_17.wav	dialogue-unit:76f0befc0cbb28df	A4_KAGANSTOWER_2.TXT	1	a4s2_rayne_17.wav	pending		
dialogue:A4_KAGANSTOWER_2.TXT:2:a4s2_rayne_18.wav	dialogue-unit:8addceb10f9bc242	A4_KAGANSTOWER_2.TXT	2	a4s2_rayne_18.wav	pending		
dialogue:A4_KAGANSTOWER_2.TXT:3:a4s2_rayne_20.wav	dialogue-unit:c0aa7bbc7aac0c0f	A4_KAGANSTOWER_2.TXT	3	a4s2_rayne_20.wav	pending		
dialogue:A4_KAGANSTOWER_2.TXT:4:a4s2_rayne_21.wav	dialogue-unit:c6a084522d02ebe3	A4_KAGANSTOWER_2.TXT	4	a4s2_rayne_21.wav	pending		
dialogue:A4_KAGANSTOWER_2.TXT:5:a4s2_severin_3.wav	dialogue-unit:e40b9e7bde724536	A4_KAGANSTOWER_2.TXT	5	a4s2_severin_3.wav	pending		
dialogue:A4_KAGANSTOWER_2.TXT:6:a4s2_severin_4.wav	dialogue-unit:9150012caa894fae	A4_KAGANSTOWER_2.TXT	6	a4s2_severin_4.wav	pending		
dialogue:A4_KAGANSTOWER_2.TXT:7:a4s2_severin_6.wav	dialogue-unit:0fcdb6115eaf147e	A4_KAGANSTOWER_2.TXT	7	a4s2_severin_6.wav	pending		
dialogue:A4_KAGANSTOWER_2.TXT:8:a4s2_severin_8.wav	dialogue-unit:e1bbd5ec0bf93282	A4_KAGANSTOWER_2.TXT	8	a4s2_severin_8.wav	pending		
dialogue:A4_KAGANSTOWER_2.TXT:9:a4s2_uminion1_10.wav	dialogue-unit:58a441a3b3a0e5eb	A4_KAGANSTOWER_2.TXT	9	a4s2_uminion1_10.wav	pending		
dialogue:A4_KAGANSTOWER_2.TXT:10:kelite_taunt_a_03.wav	dialogue-unit:80c715effaa481a8	A4_KAGANSTOWER_2.TXT	10	kelite_taunt_a_03.wav	pending		
dialogue:A4_KAGANSTOWER_2.TXT:11:missiondescription	dialogue-unit:dec0af8a65627dde	A4_KAGANSTOWER_2.TXT	11	missiondescription	pending		
dialogue:A4_KAGANSTOWER_2.TXT:12:objectivedefault	dialogue-unit:fc1c7c748a36aedc	A4_KAGANSTOWER_2.TXT	12	objectivedefault	pending		
dialogue:A4_KAGANSTOWER_2.TXT:13:objectivefinal	dialogue-unit:c8316fd5644c6ecb	A4_KAGANSTOWER_2.TXT	13	objectivefinal	pending		
dialogue:A4_KAGANSTOWER_2.TXT:14:objectiveoutside	dialogue-unit:49217db89a3e40aa	A4_KAGANSTOWER_2.TXT	14	objectiveoutside	pending		
dialogue:A4_KAGANSTOWER_2.TXT:15:objectiveserver	dialogue-unit:62a9dda8a13f9926	A4_KAGANSTOWER_2.TXT	15	objectiveserver	pending		
dialogue:A4_KAGANSTOWER_2.TXT:16:ost_blocked	dialogue-unit:897e94a8e61944ed	A4_KAGANSTOWER_2.TXT	16	ost_blocked	pending		
dialogue:A4_KAGANSTOWER_BIOARMOR.TXT:1:a4s3_ferril_1.wav	dialogue-unit:9cff31626e23ec4f	A4_KAGANSTOWER_BIOARMOR.TXT	1	a4s3_ferril_1.wav	pending		
dialogue:A4_KAGANSTOWER_BIOARMOR.TXT:2:a4s3_ferril_2.wav	dialogue-unit:f6c06ee12d239a1b	A4_KAGANSTOWER_BIOARMOR.TXT	2	a4s3_ferril_2.wav	pending		
dialogue:A4_KAGANSTOWER_BIOARMOR.TXT:3:a4s3_ferril_3.wav	dialogue-unit:35b27d98a76a4093	A4_KAGANSTOWER_BIOARMOR.TXT	3	a4s3_ferril_3.wav	pending		
dialogue:A4_KAGANSTOWER_BIOARMOR.TXT:4:a4s3_ferril_4.wav	dialogue-unit:fb2b8ee6b98234bc	A4_KAGANSTOWER_BIOARMOR.TXT	4	a4s3_ferril_4.wav	pending		
dialogue:A4_KAGANSTOWER_BIOARMOR.TXT:5:a4s3_rayne_1.wav	dialogue-unit:5c53a8bf4de85dde	A4_KAGANSTOWER_BIOARMOR.TXT	5	a4s3_rayne_1.wav	pending		
dialogue:A4_KAGANSTOWER_BIOARMOR.TXT:6:a4s3_rayne_10.wav	dialogue-unit:1258e851b56b87a1	A4_KAGANSTOWER_BIOARMOR.TXT	6	a4s3_rayne_10.wav	pending		
dialogue:A4_KAGANSTOWER_BIOARMOR.TXT:7:a4s3_rayne_11.wav	dialogue-unit:71b7eaab9ff76fc9	A4_KAGANSTOWER_BIOARMOR.TXT	7	a4s3_rayne_11.wav	pending		
dialogue:A4_KAGANSTOWER_BIOARMOR.TXT:8:a4s3_rayne_12.wav	dialogue-unit:07f801aed7048953	A4_KAGANSTOWER_BIOARMOR.TXT	8	a4s3_rayne_12.wav	pending		
dialogue:A4_KAGANSTOWER_BIOARMOR.TXT:9:a4s3_rayne_13.wav	dialogue-unit:adba17247f2ee7b7	A4_KAGANSTOWER_BIOARMOR.TXT	9	a4s3_rayne_13.wav	pending		
dialogue:A4_KAGANSTOWER_BIOARMOR.TXT:10:a4s3_rayne_14.wav	dialogue-unit:58e2ed9314dc061b	A4_KAGANSTOWER_BIOARMOR.TXT	10	a4s3_rayne_14.wav	pending		
dialogue:A4_KAGANSTOWER_BIOARMOR.TXT:11:a4s3_rayne_15.wav	dialogue-unit:5d93d5e7f085ec81	A4_KAGANSTOWER_BIOARMOR.TXT	11	a4s3_rayne_15.wav	pending		
dialogue:A4_KAGANSTOWER_BIOARMOR.TXT:12:a4s3_rayne_16.wav	dialogue-unit:7e1c56ee115ec209	A4_KAGANSTOWER_BIOARMOR.TXT	12	a4s3_rayne_16.wav	pending		
dialogue:A4_KAGANSTOWER_BIOARMOR.TXT:13:a4s3_rayne_17.wav	dialogue-unit:e81461b4e8aac42a	A4_KAGANSTOWER_BIOARMOR.TXT	13	a4s3_rayne_17.wav	pending		
dialogue:A4_KAGANSTOWER_BIOARMOR.TXT:14:a4s3_rayne_18.wav	dialogue-unit:36d8feaff63c52c7	A4_KAGANSTOWER_BIOARMOR.TXT	14	a4s3_rayne_18.wav	pending		
dialogue:A4_KAGANSTOWER_BIOARMOR.TXT:15:a4s3_rayne_2.wav	dialogue-unit:3147901c7452a67c	A4_KAGANSTOWER_BIOARMOR.TXT	15	a4s3_rayne_2.wav	pending		
dialogue:A4_KAGANSTOWER_BIOARMOR.TXT:16:a4s3_rayne_3.wav	dialogue-unit:12498c991e908a11	A4_KAGANSTOWER_BIOARMOR.TXT	16	a4s3_rayne_3.wav	pending		
dialogue:A4_KAGANSTOWER_BIOARMOR.TXT:17:a4s3_rayne_4.wav	dialogue-unit:f409d25c0086ea0e	A4_KAGANSTOWER_BIOARMOR.TXT	17	a4s3_rayne_4.wav	pending		
dialogue:A4_KAGANSTOWER_BIOARMOR.TXT:18:a4s3_rayne_5.wav	dialogue-unit:4ba9aa3ecdf8c0dd	A4_KAGANSTOWER_BIOARMOR.TXT	18	a4s3_rayne_5.wav	pending		
dialogue:A4_KAGANSTOWER_BIOARMOR.TXT:19:a4s3_rayne_6.wav	dialogue-unit:a24d0e7a2cb779f7	A4_KAGANSTOWER_BIOARMOR.TXT	19	a4s3_rayne_6.wav	pending		
dialogue:A4_KAGANSTOWER_BIOARMOR.TXT:20:a4s3_rayne_7.wav	dialogue-unit:2b13f8ba0627f55a	A4_KAGANSTOWER_BIOARMOR.TXT	20	a4s3_rayne_7.wav	pending		
dialogue:A4_KAGANSTOWER_BIOARMOR.TXT:21:a4s3_rayne_8.wav	dialogue-unit:c8b65c73c8052966	A4_KAGANSTOWER_BIOARMOR.TXT	21	a4s3_rayne_8.wav	pending		
dialogue:A4_KAGANSTOWER_BIOARMOR.TXT:22:a4s3_rayne_9.wav	dialogue-unit:e15c0b9084c03457	A4_KAGANSTOWER_BIOARMOR.TXT	22	a4s3_rayne_9.wav	pending		
dialogue:A4_KAGANSTOWER_BIOARMOR.TXT:23:a4s3_severin_1.wav	dialogue-unit:4aa221e4a4a6e086	A4_KAGANSTOWER_BIOARMOR.TXT	23	a4s3_severin_1.wav	pending		
dialogue:A4_KAGANSTOWER_BIOARMOR.TXT:24:a4s3_severin_2.wav	dialogue-unit:e900cd67755f25ce	A4_KAGANSTOWER_BIOARMOR.TXT	24	a4s3_severin_2.wav	pending		
dialogue:A4_KAGANSTOWER_BIOARMOR.TXT:25:a4s3_xerx_1.wav	dialogue-unit:ab557458436e8e7e	A4_KAGANSTOWER_BIOARMOR.TXT	25	a4s3_xerx_1.wav	pending		
dialogue:A4_KAGANSTOWER_BIOARMOR.TXT:26:a4s3_xerx_10.wav	dialogue-unit:b014a203410bb2a4	A4_KAGANSTOWER_BIOARMOR.TXT	26	a4s3_xerx_10.wav	pending		
dialogue:A4_KAGANSTOWER_BIOARMOR.TXT:27:a4s3_xerx_11.wav	dialogue-unit:d052dc032d4a54f9	A4_KAGANSTOWER_BIOARMOR.TXT	27	a4s3_xerx_11.wav	pending		
dialogue:A4_KAGANSTOWER_BIOARMOR.TXT:28:a4s3_xerx_12.wav	dialogue-unit:da7dabd31eae4616	A4_KAGANSTOWER_BIOARMOR.TXT	28	a4s3_xerx_12.wav	pending		
dialogue:A4_KAGANSTOWER_BIOARMOR.TXT:29:a4s3_xerx_13.wav	dialogue-unit:ab2f81383909e81e	A4_KAGANSTOWER_BIOARMOR.TXT	29	a4s3_xerx_13.wav	pending		
dialogue:A4_KAGANSTOWER_BIOARMOR.TXT:30:a4s3_xerx_14.wav	dialogue-unit:ad3a30c7c054112c	A4_KAGANSTOWER_BIOARMOR.TXT	30	a4s3_xerx_14.wav	pending		
dialogue:A4_KAGANSTOWER_BIOARMOR.TXT:31:a4s3_xerx_2.wav	dialogue-unit:4525fc780d875cf9	A4_KAGANSTOWER_BIOARMOR.TXT	31	a4s3_xerx_2.wav	pending		
dialogue:A4_KAGANSTOWER_BIOARMOR.TXT:32:a4s3_xerx_3.wav	dialogue-unit:0ef7ae14af04f0a4	A4_KAGANSTOWER_BIOARMOR.TXT	32	a4s3_xerx_3.wav	pending		
dialogue:A4_KAGANSTOWER_BIOARMOR.TXT:33:a4s3_xerx_4.wav	dialogue-unit:f8044a7e41f99917	A4_KAGANSTOWER_BIOARMOR.TXT	33	a4s3_xerx_4.wav	pending		
dialogue:A4_KAGANSTOWER_BIOARMOR.TXT:34:a4s3_xerx_5.wav	dialogue-unit:3f40967848978a1a	A4_KAGANSTOWER_BIOARMOR.TXT	34	a4s3_xerx_5.wav	pending		
dialogue:A4_KAGANSTOWER_BIOARMOR.TXT:35:a4s3_xerx_6.wav	dialogue-unit:e8d48338101102e6	A4_KAGANSTOWER_BIOARMOR.TXT	35	a4s3_xerx_6.wav	pending		
dialogue:A4_KAGANSTOWER_BIOARMOR.TXT:36:a4s3_xerx_7.wav	dialogue-unit:0ae1238efa7a7c4b	A4_KAGANSTOWER_BIOARMOR.TXT	36	a4s3_xerx_7.wav	pending		
dialogue:A4_KAGANSTOWER_BIOARMOR.TXT:37:a4s3_xerx_8.wav	dialogue-unit:4d5ae491347aaac7	A4_KAGANSTOWER_BIOARMOR.TXT	37	a4s3_xerx_8.wav	pending		
dialogue:A4_KAGANSTOWER_BIOARMOR.TXT:38:a4s3_xerx_9.wav	dialogue-unit:b931e795ea57d0ee	A4_KAGANSTOWER_BIOARMOR.TXT	38	a4s3_xerx_9.wav	pending		
dialogue:A4_KAGANSTOWER_BIOARMOR.TXT:39:missiondescription	dialogue-unit:1047f03b02105b48	A4_KAGANSTOWER_BIOARMOR.TXT	39	missiondescription	pending		
dialogue:A4_KAGANSTOWER_BIOARMOR.TXT:40:objectiveenter	dialogue-unit:806fb2d2576388ae	A4_KAGANSTOWER_BIOARMOR.TXT	40	objectiveenter	pending		
dialogue:A4_KAGANSTOWER_BIOARMOR.TXT:41:objectivekill	dialogue-unit:78aeb841ad71eb04	A4_KAGANSTOWER_BIOARMOR.TXT	41	objectivekill	pending		
dialogue:A4_KAGANSTOWER_BIOARMOR.TXT:42:objectiveltleg	dialogue-unit:57e5fb4872e8a34c	A4_KAGANSTOWER_BIOARMOR.TXT	42	objectiveltleg	pending		
dialogue:A4_KAGANSTOWER_BIOARMOR.TXT:43:objectiveltshoulder	dialogue-unit:c4242405529bc50e	A4_KAGANSTOWER_BIOARMOR.TXT	43	objectiveltshoulder	pending		
dialogue:A4_KAGANSTOWER_BIOARMOR.TXT:44:objectivertleg	dialogue-unit:394e37b8fa6ab8ca	A4_KAGANSTOWER_BIOARMOR.TXT	44	objectivertleg	pending		
dialogue:A4_KAGANSTOWER_BIOARMOR.TXT:45:objectivertshoulder	dialogue-unit:1512235dd21380af	A4_KAGANSTOWER_BIOARMOR.TXT	45	objectivertshoulder	pending		
dialogue:A4_KAGANSTOWER_MEDIA.TXT:1:comboaward	dialogue-unit:fcd4cac2b1b3c2d5	A4_KAGANSTOWER_MEDIA.TXT	1	comboaward	pending		
dialogue:A4_KAGANSTOWER_MEDIA.TXT:2:missiondescription	dialogue-unit:ff2e48c43a2b52c1	A4_KAGANSTOWER_MEDIA.TXT	2	missiondescription	pending		
dialogue:A4_KAGANSTOWER_MEDIA.TXT:3:objective_findexit	dialogue-unit:226ab05caff7abef	A4_KAGANSTOWER_MEDIA.TXT	3	objective_findexit	pending		
dialogue:A4_KAGANSTOWER_MEDIA.TXT:4:objective_killdhampir	dialogue-unit:35cf000007fb3bba	A4_KAGANSTOWER_MEDIA.TXT	4	objective_killdhampir	pending		
dialogue:A4_KAGANSTOWER_MEDIA.TXT:5:objective_killelite	dialogue-unit:406a201afbeba2a5	A4_KAGANSTOWER_MEDIA.TXT	5	objective_killelite	pending		
dialogue:A4_KAGANSTOWER_MEDIA.TXT:6:objective_press	dialogue-unit:fc4fad5331541816	A4_KAGANSTOWER_MEDIA.TXT	6	objective_press	pending		
dialogue:A4_KAGANSTOWER_MEDIA.TXT:7:objective_pressblow	dialogue-unit:3e523a214c9cf0a3	A4_KAGANSTOWER_MEDIA.TXT	7	objective_pressblow	pending		
dialogue:A4_KAGANSTOWER_MEDIA.TXT:8:ost_cheating	dialogue-unit:4390aaf59459661e	A4_KAGANSTOWER_MEDIA.TXT	8	ost_cheating	pending		
dialogue:A4_KAGANSTOWER_PENTHOUSE.TXT:1:a4s3_kagan_1.wav	dialogue-unit:932354b8115dc679	A4_KAGANSTOWER_PENTHOUSE.TXT	1	a4s3_kagan_1.wav	pending		
dialogue:A4_KAGANSTOWER_PENTHOUSE.TXT:2:a4s3_kagan_10.wav	dialogue-unit:85abd85573e3c83b	A4_KAGANSTOWER_PENTHOUSE.TXT	2	a4s3_kagan_10.wav	pending		
dialogue:A4_KAGANSTOWER_PENTHOUSE.TXT:3:a4s3_kagan_11.wav	dialogue-unit:15eadab919e2c8e9	A4_KAGANSTOWER_PENTHOUSE.TXT	3	a4s3_kagan_11.wav	pending		
dialogue:A4_KAGANSTOWER_PENTHOUSE.TXT:4:a4s3_kagan_12.wav	dialogue-unit:2336dc931ad1fc38	A4_KAGANSTOWER_PENTHOUSE.TXT	4	a4s3_kagan_12.wav	pending		
dialogue:A4_KAGANSTOWER_PENTHOUSE.TXT:5:a4s3_kagan_13.wav	dialogue-unit:9d1539e24540f776	A4_KAGANSTOWER_PENTHOUSE.TXT	5	a4s3_kagan_13.wav	pending		
dialogue:A4_KAGANSTOWER_PENTHOUSE.TXT:7:a4s3_kagan_2.wav	dialogue-unit:037aa1ec1d0bd58c	A4_KAGANSTOWER_PENTHOUSE.TXT	7	a4s3_kagan_2.wav	pending		
dialogue:A4_KAGANSTOWER_PENTHOUSE.TXT:8:a4s3_kagan_3.wav	dialogue-unit:5ad7456de2e40ddb	A4_KAGANSTOWER_PENTHOUSE.TXT	8	a4s3_kagan_3.wav	pending		
dialogue:A4_KAGANSTOWER_PENTHOUSE.TXT:9:a4s3_kagan_4.wav	dialogue-unit:460d5796c84514ee	A4_KAGANSTOWER_PENTHOUSE.TXT	9	a4s3_kagan_4.wav	pending		
dialogue:A4_KAGANSTOWER_PENTHOUSE.TXT:10:a4s3_kagan_5.wav	dialogue-unit:9540b56213f95f4e	A4_KAGANSTOWER_PENTHOUSE.TXT	10	a4s3_kagan_5.wav	pending		
dialogue:A4_KAGANSTOWER_PENTHOUSE.TXT:11:a4s3_kagan_6.wav	dialogue-unit:449d41ab0c22fc46	A4_KAGANSTOWER_PENTHOUSE.TXT	11	a4s3_kagan_6.wav	pending		
dialogue:A4_KAGANSTOWER_PENTHOUSE.TXT:12:a4s3_kagan_7.wav	dialogue-unit:079b7981a64978ec	A4_KAGANSTOWER_PENTHOUSE.TXT	12	a4s3_kagan_7.wav	pending		
dialogue:A4_KAGANSTOWER_PENTHOUSE.TXT:13:a4s3_kagan_8.wav	dialogue-unit:b3f64579b06e2bef	A4_KAGANSTOWER_PENTHOUSE.TXT	13	a4s3_kagan_8.wav	pending		
dialogue:A4_KAGANSTOWER_PENTHOUSE.TXT:14:a4s3_kagan_9.wav	dialogue-unit:f0776387af8c818f	A4_KAGANSTOWER_PENTHOUSE.TXT	14	a4s3_kagan_9.wav	pending		
dialogue:A4_KAGANSTOWER_PENTHOUSE.TXT:15:a4s3_rayne_19.wav	dialogue-unit:24fe91a46f60e354	A4_KAGANSTOWER_PENTHOUSE.TXT	15	a4s3_rayne_19.wav	pending		
dialogue:A4_KAGANSTOWER_PENTHOUSE.TXT:16:a4s3_rayne_20.wav	dialogue-unit:5d20a86ab1b3b321	A4_KAGANSTOWER_PENTHOUSE.TXT	16	a4s3_rayne_20.wav	pending		
dialogue:A4_KAGANSTOWER_PENTHOUSE.TXT:17:a4s3_rayne_21.wav	dialogue-unit:cd79bd647291e34d	A4_KAGANSTOWER_PENTHOUSE.TXT	17	a4s3_rayne_21.wav	pending		
dialogue:A4_KAGANSTOWER_PENTHOUSE.TXT:18:a4s3_rayne_22.wav	dialogue-unit:472b569c0a3ff4ba	A4_KAGANSTOWER_PENTHOUSE.TXT	18	a4s3_rayne_22.wav	pending		
dialogue:A4_KAGANSTOWER_PENTHOUSE.TXT:19:a4s3_rayne_23.wav	dialogue-unit:827619cc48c882a7	A4_KAGANSTOWER_PENTHOUSE.TXT	19	a4s3_rayne_23.wav	pending		
dialogue:A4_KAGANSTOWER_PENTHOUSE.TXT:20:a4s3_rayne_24.wav	dialogue-unit:fec7640d21d8881b	A4_KAGANSTOWER_PENTHOUSE.TXT	20	a4s3_rayne_24.wav	pending		
dialogue:A4_KAGANSTOWER_PENTHOUSE.TXT:21:a4s3_rayne_25.wav	dialogue-unit:cf06722329effbb8	A4_KAGANSTOWER_PENTHOUSE.TXT	21	a4s3_rayne_25.wav	pending		
dialogue:A4_KAGANSTOWER_PENTHOUSE.TXT:22:a4s3_rayne_26.wav	dialogue-unit:5229133c6d12d336	A4_KAGANSTOWER_PENTHOUSE.TXT	22	a4s3_rayne_26.wav	pending		
dialogue:A4_KAGANSTOWER_PENTHOUSE.TXT:23:a4s3_rayne_27.wav	dialogue-unit:df34190adbf1c848	A4_KAGANSTOWER_PENTHOUSE.TXT	23	a4s3_rayne_27.wav	pending		
dialogue:A4_KAGANSTOWER_PENTHOUSE.TXT:24:a4s3_rayne_28.wav	dialogue-unit:6c9294fca3dfdfb1	A4_KAGANSTOWER_PENTHOUSE.TXT	24	a4s3_rayne_28.wav	pending		
dialogue:A4_KAGANSTOWER_PENTHOUSE.TXT:25:a4s3_rayne_29.wav	dialogue-unit:bf320eea3cb19a58	A4_KAGANSTOWER_PENTHOUSE.TXT	25	a4s3_rayne_29.wav	pending		
dialogue:A4_KAGANSTOWER_PENTHOUSE.TXT:26:a4s3_rayne_30.wav	dialogue-unit:5e5b727dae3097b3	A4_KAGANSTOWER_PENTHOUSE.TXT	26	a4s3_rayne_30.wav	pending		
dialogue:A4_KAGANSTOWER_PENTHOUSE.TXT:27:a4s3_rayne_31.wav	dialogue-unit:9b54b03f898da566	A4_KAGANSTOWER_PENTHOUSE.TXT	27	a4s3_rayne_31.wav	pending		
dialogue:A4_KAGANSTOWER_PENTHOUSE.TXT:28:a4s3_rayne_32.wav	dialogue-unit:f576097de16cfb77	A4_KAGANSTOWER_PENTHOUSE.TXT	28	a4s3_rayne_32.wav	pending		
dialogue:A4_KAGANSTOWER_PENTHOUSE.TXT:29:a4s3_rayne_33.wav	dialogue-unit:113131ff94dbb7a9	A4_KAGANSTOWER_PENTHOUSE.TXT	29	a4s3_rayne_33.wav	pending		
dialogue:A4_KAGANSTOWER_PENTHOUSE.TXT:30:a4s3_rayne_34.wav	dialogue-unit:65ddb505470099ec	A4_KAGANSTOWER_PENTHOUSE.TXT	30	a4s3_rayne_34.wav	pending		
dialogue:A4_KAGANSTOWER_PENTHOUSE.TXT:31:a4s3_rayne_35.wav	dialogue-unit:27493b129ee037f9	A4_KAGANSTOWER_PENTHOUSE.TXT	31	a4s3_rayne_35.wav	pending		
dialogue:A4_KAGANSTOWER_PENTHOUSE.TXT:32:a4s3_rayne_36.wav	dialogue-unit:7a0c3d42608447f8	A4_KAGANSTOWER_PENTHOUSE.TXT	32	a4s3_rayne_36.wav	pending		
dialogue:A4_KAGANSTOWER_PENTHOUSE.TXT:33:a4s3_severin_10.wav	dialogue-unit:bd51034735a2d737	A4_KAGANSTOWER_PENTHOUSE.TXT	33	a4s3_severin_10.wav	pending		
dialogue:A4_KAGANSTOWER_PENTHOUSE.TXT:34:a4s3_severin_11.wav	dialogue-unit:7e50e6307be7fe71	A4_KAGANSTOWER_PENTHOUSE.TXT	34	a4s3_severin_11.wav	pending		
dialogue:A4_KAGANSTOWER_PENTHOUSE.TXT:35:a4s3_severin_12.wav	dialogue-unit:962582193beb36ab	A4_KAGANSTOWER_PENTHOUSE.TXT	35	a4s3_severin_12.wav	pending		
dialogue:A4_KAGANSTOWER_PENTHOUSE.TXT:36:a4s3_severin_3.wav	dialogue-unit:cc5561bceec71bbb	A4_KAGANSTOWER_PENTHOUSE.TXT	36	a4s3_severin_3.wav	pending		
dialogue:A4_KAGANSTOWER_PENTHOUSE.TXT:37:a4s3_severin_4.wav	dialogue-unit:925f7fc2b3b4602a	A4_KAGANSTOWER_PENTHOUSE.TXT	37	a4s3_severin_4.wav	pending		
dialogue:A4_KAGANSTOWER_PENTHOUSE.TXT:38:a4s3_severin_5.wav	dialogue-unit:94022dea7719516b	A4_KAGANSTOWER_PENTHOUSE.TXT	38	a4s3_severin_5.wav	pending		
dialogue:A4_KAGANSTOWER_PENTHOUSE.TXT:39:a4s3_severin_6.wav	dialogue-unit:d078d9410f84dcc7	A4_KAGANSTOWER_PENTHOUSE.TXT	39	a4s3_severin_6.wav	pending		
dialogue:A4_KAGANSTOWER_PENTHOUSE.TXT:40:a4s3_severin_7.wav	dialogue-unit:ddbb3af5e420ff42	A4_KAGANSTOWER_PENTHOUSE.TXT	40	a4s3_severin_7.wav	pending		
dialogue:A4_KAGANSTOWER_PENTHOUSE.TXT:41:a4s3_severin_8.wav	dialogue-unit:52298dda27ae475e	A4_KAGANSTOWER_PENTHOUSE.TXT	41	a4s3_severin_8.wav	pending		
dialogue:A4_KAGANSTOWER_PENTHOUSE.TXT:42:a4s3_severin_9.wav	dialogue-unit:5f9d96848cbac59e	A4_KAGANSTOWER_PENTHOUSE.TXT	42	a4s3_severin_9.wav	pending		
dialogue:A4_KAGANSTOWER_PENTHOUSE.TXT:43:missiondescription	dialogue-unit:8cd159a8a63990ef	A4_KAGANSTOWER_PENTHOUSE.TXT	43	missiondescription	pending		
dialogue:A4_KAGANSTOWER_PENTHOUSE.TXT:44:objective_findkagan	dialogue-unit:20c76746defb2e62	A4_KAGANSTOWER_PENTHOUSE.TXT	44	objective_findkagan	pending		
dialogue:A4_KAGANSTOWER_PENTHOUSE.TXT:45:objective_killkagan	dialogue-unit:3080ce1c3d7b7e39	A4_KAGANSTOWER_PENTHOUSE.TXT	45	objective_killkagan	pending		
dialogue:A4_KAGANSTOWER_SKYBRIDGE.TXT:1:missiondescription	dialogue-unit:c169b1ef26afae8d	A4_KAGANSTOWER_SKYBRIDGE.TXT	1	missiondescription	pending		
dialogue:A4_KAGANSTOWER_SKYBRIDGE.TXT:2:objective_accesscafeteria	dialogue-unit:0f8486bf292ed058	A4_KAGANSTOWER_SKYBRIDGE.TXT	2	objective_accesscafeteria	pending		
dialogue:A4_KAGANSTOWER_SKYBRIDGE.TXT:3:objective_accessskybridge	dialogue-unit:cc6cd420453350c3	A4_KAGANSTOWER_SKYBRIDGE.TXT	3	objective_accessskybridge	pending		
dialogue:A4_KAGANSTOWER_SKYBRIDGE.TXT:4:objective_killdhampir	dialogue-unit:35cf000007fb3bba	A4_KAGANSTOWER_SKYBRIDGE.TXT	4	objective_killdhampir	pending		
dialogue:A4_KAGANSTOWER_SKYBRIDGE.TXT:5:objective_killelite	dialogue-unit:87a4931b152250a9	A4_KAGANSTOWER_SKYBRIDGE.TXT	5	objective_killelite	pending		
dialogue:A4_KAGANSTOWER_SKYBRIDGE.TXT:6:objective_toroof	dialogue-unit:4b1d2b702bf1a47d	A4_KAGANSTOWER_SKYBRIDGE.TXT	6	objective_toroof	pending		
dialogue:A4_KAGANSTOWER_UNRAVELLER.TXT:1:a4s2_rayne_26.wav	dialogue-unit:dff3adfd6928ec79	A4_KAGANSTOWER_UNRAVELLER.TXT	1	a4s2_rayne_26.wav	pending		
dialogue:A4_KAGANSTOWER_UNRAVELLER.TXT:2:a4s2_rayne_27.wav	dialogue-unit:faffa346f6323444	A4_KAGANSTOWER_UNRAVELLER.TXT	2	a4s2_rayne_27.wav	pending		
dialogue:A4_KAGANSTOWER_UNRAVELLER.TXT:3:a4s2_rayne_28.wav	dialogue-unit:7bce46c8214e325d	A4_KAGANSTOWER_UNRAVELLER.TXT	3	a4s2_rayne_28.wav	pending		
dialogue:A4_KAGANSTOWER_UNRAVELLER.TXT:4:a4s2_rayne_29.wav	dialogue-unit:a5b56f81d51b8769	A4_KAGANSTOWER_UNRAVELLER.TXT	4	a4s2_rayne_29.wav	pending		
dialogue:A4_KAGANSTOWER_UNRAVELLER.TXT:5:a4s2_rayne_30.wav	dialogue-unit:06efd9f42c4c6c9e	A4_KAGANSTOWER_UNRAVELLER.TXT	5	a4s2_rayne_30.wav	pending		
dialogue:A4_KAGANSTOWER_UNRAVELLER.TXT:6:a4s2_rayne_31.wav	dialogue-unit:92ff5172910f3baa	A4_KAGANSTOWER_UNRAVELLER.TXT	6	a4s2_rayne_31.wav	pending		
dialogue:A4_KAGANSTOWER_UNRAVELLER.TXT:7:a4s2_rayne_32.wav	dialogue-unit:ba2d9e36bf37b099	A4_KAGANSTOWER_UNRAVELLER.TXT	7	a4s2_rayne_32.wav	pending		
dialogue:A4_KAGANSTOWER_UNRAVELLER.TXT:8:a4s2_rayne_33.wav	dialogue-unit:f08c706a0a124ae7	A4_KAGANSTOWER_UNRAVELLER.TXT	8	a4s2_rayne_33.wav	pending		
dialogue:A4_KAGANSTOWER_UNRAVELLER.TXT:9:a4s2_rayne_34.wav	dialogue-unit:9262dddc12ef4627	A4_KAGANSTOWER_UNRAVELLER.TXT	9	a4s2_rayne_34.wav	pending		
dialogue:A4_KAGANSTOWER_UNRAVELLER.TXT:10:a4s2_rayne_35.wav	dialogue-unit:849cd2bff0ee75f9	A4_KAGANSTOWER_UNRAVELLER.TXT	10	a4s2_rayne_35.wav	pending		
dialogue:A4_KAGANSTOWER_UNRAVELLER.TXT:11:a4s2_rayne_36.wav	dialogue-unit:64570a9aaaf25252	A4_KAGANSTOWER_UNRAVELLER.TXT	11	a4s2_rayne_36.wav	pending		
dialogue:A4_KAGANSTOWER_UNRAVELLER.TXT:12:a4s2_rayne_37.wav	dialogue-unit:591b1733c7635f2f	A4_KAGANSTOWER_UNRAVELLER.TXT	12	a4s2_rayne_37.wav	pending		
dialogue:A4_KAGANSTOWER_UNRAVELLER.TXT:13:a4s2_rayne_38.wav	dialogue-unit:d586e4f7d4fb922b	A4_KAGANSTOWER_UNRAVELLER.TXT	13	a4s2_rayne_38.wav	pending		
dialogue:A4_KAGANSTOWER_UNRAVELLER.TXT:14:a4s2_severin_12.wav	dialogue-unit:28946d4535fb561d	A4_KAGANSTOWER_UNRAVELLER.TXT	14	a4s2_severin_12.wav	pending		
dialogue:A4_KAGANSTOWER_UNRAVELLER.TXT:15:a4s2_severin_13.wav	dialogue-unit:46b65c6123dc011e	A4_KAGANSTOWER_UNRAVELLER.TXT	15	a4s2_severin_13.wav	pending		
dialogue:A4_KAGANSTOWER_UNRAVELLER.TXT:16:a4s2_severin_14.wav	dialogue-unit:5145e7b887c05041	A4_KAGANSTOWER_UNRAVELLER.TXT	16	a4s2_severin_14.wav	pending		
dialogue:A4_KAGANSTOWER_UNRAVELLER.TXT:17:a4s2_severin_15.wav	dialogue-unit:50a561ecd3fa496e	A4_KAGANSTOWER_UNRAVELLER.TXT	17	a4s2_severin_15.wav	pending		
dialogue:A4_KAGANSTOWER_UNRAVELLER.TXT:18:a4s2_severin_16.wav	dialogue-unit:1d9187e130b0023b	A4_KAGANSTOWER_UNRAVELLER.TXT	18	a4s2_severin_16.wav	pending		
dialogue:A4_KAGANSTOWER_UNRAVELLER.TXT:19:a4s2_severin_17.wav	dialogue-unit:4611d22d04b9c462	A4_KAGANSTOWER_UNRAVELLER.TXT	19	a4s2_severin_17.wav	pending		
dialogue:A4_KAGANSTOWER_UNRAVELLER.TXT:20:a4s2_unraveler_1.wav	dialogue-unit:c10f902611a479c1	A4_KAGANSTOWER_UNRAVELLER.TXT	20	a4s2_unraveler_1.wav	pending		
dialogue:A4_KAGANSTOWER_UNRAVELLER.TXT:21:a4s2_unraveler_2.wav	dialogue-unit:6ed2061465d0987e	A4_KAGANSTOWER_UNRAVELLER.TXT	21	a4s2_unraveler_2.wav	pending		
dialogue:A4_KAGANSTOWER_UNRAVELLER.TXT:22:a4s2_unraveler_3.wav	dialogue-unit:6d4dbe2867fa75a2	A4_KAGANSTOWER_UNRAVELLER.TXT	22	a4s2_unraveler_3.wav	pending		
dialogue:A4_KAGANSTOWER_UNRAVELLER.TXT:23:a4s2_unraveler_4.wav	dialogue-unit:f6be864998b3ef8b	A4_KAGANSTOWER_UNRAVELLER.TXT	23	a4s2_unraveler_4.wav	pending		
dialogue:A4_KAGANSTOWER_UNRAVELLER.TXT:24:a4s2_unraveler_5.wav	dialogue-unit:7d9702f23afc4658	A4_KAGANSTOWER_UNRAVELLER.TXT	24	a4s2_unraveler_5.wav	pending		
dialogue:A4_KAGANSTOWER_UNRAVELLER.TXT:25:missiondescription	dialogue-unit:08e66514f1b73acc	A4_KAGANSTOWER_UNRAVELLER.TXT	25	missiondescription	pending		
dialogue:A4_KAGANSTOWER_UNRAVELLER.TXT:26:ost_cheat_kill	dialogue-unit:6d08de2bb939f2a8	A4_KAGANSTOWER_UNRAVELLER.TXT	26	ost_cheat_kill	pending		
dialogue:A4_KAGANSTOWER_UNRAVELLER.TXT:27:powerup	dialogue-unit:3e6e153e1b414c77	A4_KAGANSTOWER_UNRAVELLER.TXT	27	powerup	pending		
dialogue:A4_KAGANSTOWER_UNRAVELLER.TXT:28:temp_message1	dialogue-unit:a38f378c8a657f63	A4_KAGANSTOWER_UNRAVELLER.TXT	28	temp_message1	pending		
dialogue:A4_KAGANSTOWER_UNRAVELLER.TXT:29:temp_message2	dialogue-unit:9db1c28a63f5cf21	A4_KAGANSTOWER_UNRAVELLER.TXT	29	temp_message2	pending		
dialogue:A4_PARK_1.TXT:1:a4s1_civilian_7.wav	dialogue-unit:095dd660a67e70bd	A4_PARK_1.TXT	1	a4s1_civilian_7.wav	pending		
dialogue:A4_PARK_1.TXT:2:a4s1_eminion1_3.wav	dialogue-unit:5c109397fe3252a9	A4_PARK_1.TXT	2	a4s1_eminion1_3.wav	pending		
dialogue:A4_PARK_1.TXT:3:a4s1_eminion1_4.wav	dialogue-unit:3eb734dca2df8534	A4_PARK_1.TXT	3	a4s1_eminion1_4.wav	pending		
dialogue:A4_PARK_1.TXT:4:a4s1_eminion1_5.wav	dialogue-unit:816184d74ac76093	A4_PARK_1.TXT	4	a4s1_eminion1_5.wav	pending		
dialogue:A4_PARK_1.TXT:5:a4s1_eminion1_6.wav	dialogue-unit:0f3a53f92394f1d1	A4_PARK_1.TXT	5	a4s1_eminion1_6.wav	pending		
dialogue:A4_PARK_1.TXT:6:a4s1_eminion1_7.wav	dialogue-unit:e90061d72d60a009	A4_PARK_1.TXT	6	a4s1_eminion1_7.wav	pending		
dialogue:A4_PARK_1.TXT:7:a4s1_eminion1_8.wav	dialogue-unit:b13711622890e8f9	A4_PARK_1.TXT	7	a4s1_eminion1_8.wav	pending		
dialogue:A4_PARK_1.TXT:8:a4s1_fdhampir2_1.wav	dialogue-unit:9c6a95cfe6a77347	A4_PARK_1.TXT	8	a4s1_fdhampir2_1.wav	pending		
dialogue:A4_PARK_1.TXT:9:a4s1_fdhampir2_2.wav	dialogue-unit:06ba6611a899c41d	A4_PARK_1.TXT	9	a4s1_fdhampir2_2.wav	pending		
dialogue:A4_PARK_1.TXT:10:a4s1_helicopter_2.wav	dialogue-unit:ee1f66bed442a95e	A4_PARK_1.TXT	10	a4s1_helicopter_2.wav	pending		
dialogue:A4_PARK_1.TXT:11:a4s1_rayne_1.wav	dialogue-unit:5f5af17c2a81a148	A4_PARK_1.TXT	11	a4s1_rayne_1.wav	pending		
dialogue:A4_PARK_1.TXT:12:a4s1_rayne_10.wav	dialogue-unit:27885797809825e3	A4_PARK_1.TXT	12	a4s1_rayne_10.wav	pending		
dialogue:A4_PARK_1.TXT:13:a4s1_rayne_11.wav	dialogue-unit:f088f9d9159fe23e	A4_PARK_1.TXT	13	a4s1_rayne_11.wav	pending		
dialogue:A4_PARK_1.TXT:14:a4s1_rayne_12.wav	dialogue-unit:7b2a3955d2c90d11	A4_PARK_1.TXT	14	a4s1_rayne_12.wav	pending		
dialogue:A4_PARK_1.TXT:15:a4s1_rayne_13.wav	dialogue-unit:630e50a1190404dd	A4_PARK_1.TXT	15	a4s1_rayne_13.wav	pending		
dialogue:A4_PARK_1.TXT:16:a4s1_rayne_14.wav	dialogue-unit:af7d4fda3c678df7	A4_PARK_1.TXT	16	a4s1_rayne_14.wav	pending		
dialogue:A4_PARK_1.TXT:17:a4s1_rayne_15.wav	dialogue-unit:998df5d73e7e32fa	A4_PARK_1.TXT	17	a4s1_rayne_15.wav	pending		
dialogue:A4_PARK_1.TXT:18:a4s1_rayne_16.wav	dialogue-unit:8ada2c877e6edae1	A4_PARK_1.TXT	18	a4s1_rayne_16.wav	pending		
dialogue:A4_PARK_1.TXT:19:a4s1_rayne_17.wav	dialogue-unit:f8a6c68498537e73	A4_PARK_1.TXT	19	a4s1_rayne_17.wav	pending		
dialogue:A4_PARK_1.TXT:20:a4s1_rayne_19.wav	dialogue-unit:d61921f23d8528a3	A4_PARK_1.TXT	20	a4s1_rayne_19.wav	pending		
dialogue:A4_PARK_1.TXT:21:a4s1_rayne_2.wav	dialogue-unit:f2fe16b3a5f09410	A4_PARK_1.TXT	21	a4s1_rayne_2.wav	pending		
dialogue:A4_PARK_1.TXT:22:a4s1_rayne_20.wav	dialogue-unit:dafb8b067db94145	A4_PARK_1.TXT	22	a4s1_rayne_20.wav	pending		
dialogue:A4_PARK_1.TXT:23:a4s1_rayne_23.wav	dialogue-unit:79b57343cae2631f	A4_PARK_1.TXT	23	a4s1_rayne_23.wav	pending		
dialogue:A4_PARK_1.TXT:24:a4s1_rayne_24.wav	dialogue-unit:61d2dd01071f4163	A4_PARK_1.TXT	24	a4s1_rayne_24.wav	pending		
dialogue:A4_PARK_1.TXT:25:a4s1_rayne_25.wav	dialogue-unit:34e97a998d2284ed	A4_PARK_1.TXT	25	a4s1_rayne_25.wav	pending		
dialogue:A4_PARK_1.TXT:26:a4s1_rayne_26.wav	dialogue-unit:1981fed6df564c00	A4_PARK_1.TXT	26	a4s1_rayne_26.wav	pending		
dialogue:A4_PARK_1.TXT:27:a4s1_rayne_3.wav	dialogue-unit:2e1a532c968a2724	A4_PARK_1.TXT	27	a4s1_rayne_3.wav	pending		
dialogue:A4_PARK_1.TXT:28:a4s1_rayne_30.wav	dialogue-unit:536b3803dec0aca9	A4_PARK_1.TXT	28	a4s1_rayne_30.wav	pending		
dialogue:A4_PARK_1.TXT:29:a4s1_rayne_31.wav	dialogue-unit:2ccc97a9c11db99d	A4_PARK_1.TXT	29	a4s1_rayne_31.wav	pending		
dialogue:A4_PARK_1.TXT:30:a4s1_rayne_32.wav	dialogue-unit:ab937380b1fe0f47	A4_PARK_1.TXT	30	a4s1_rayne_32.wav	pending		
dialogue:A4_PARK_1.TXT:31:a4s1_rayne_33.wav	dialogue-unit:60af6fce903936bc	A4_PARK_1.TXT	31	a4s1_rayne_33.wav	pending		
dialogue:A4_PARK_1.TXT:32:a4s1_rayne_34.wav	dialogue-unit:939b6c19e957c45e	A4_PARK_1.TXT	32	a4s1_rayne_34.wav	pending		
dialogue:A4_PARK_1.TXT:33:a4s1_rayne_4.wav	dialogue-unit:171e6e7216d417f1	A4_PARK_1.TXT	33	a4s1_rayne_4.wav	pending		
dialogue:A4_PARK_1.TXT:34:a4s1_rayne_41.wav	dialogue-unit:20f7ca2e8e3a6739	A4_PARK_1.TXT	34	a4s1_rayne_41.wav	pending		
dialogue:A4_PARK_1.TXT:35:a4s1_rayne_5.wav	dialogue-unit:175109b5e52605e2	A4_PARK_1.TXT	35	a4s1_rayne_5.wav	pending		
dialogue:A4_PARK_1.TXT:36:a4s1_rayne_6.wav	dialogue-unit:b5471ae2df25f74d	A4_PARK_1.TXT	36	a4s1_rayne_6.wav	pending		
dialogue:A4_PARK_1.TXT:37:a4s1_rayne_7.wav	dialogue-unit:0de867c54effb77a	A4_PARK_1.TXT	37	a4s1_rayne_7.wav	pending		
dialogue:A4_PARK_1.TXT:38:a4s1_rayne_9.wav	dialogue-unit:27d5bc6b7af9fee1	A4_PARK_1.TXT	38	a4s1_rayne_9.wav	pending		
dialogue:A4_PARK_1.TXT:39:a4s1_severin_1.wav	dialogue-unit:5821be9a145ed9aa	A4_PARK_1.TXT	39	a4s1_severin_1.wav	pending		
dialogue:A4_PARK_1.TXT:40:a4s1_severin_10.wav	dialogue-unit:cb9e13870bb65832	A4_PARK_1.TXT	40	a4s1_severin_10.wav	pending		
dialogue:A4_PARK_1.TXT:41:a4s1_severin_11.wav	dialogue-unit:3781d7a2bfd4f0f2	A4_PARK_1.TXT	41	a4s1_severin_11.wav	pending		
dialogue:A4_PARK_1.TXT:42:a4s1_severin_12.wav	dialogue-unit:4d2a42d444f21c1f	A4_PARK_1.TXT	42	a4s1_severin_12.wav	pending		
dialogue:A4_PARK_1.TXT:43:a4s1_severin_13.wav	dialogue-unit:46adba1406229c07	A4_PARK_1.TXT	43	a4s1_severin_13.wav	pending		
dialogue:A4_PARK_1.TXT:44:a4s1_severin_14.wav	dialogue-unit:5552f5fe1efa8d3d	A4_PARK_1.TXT	44	a4s1_severin_14.wav	pending		
dialogue:A4_PARK_1.TXT:45:a4s1_severin_15.wav	dialogue-unit:07abe6bb123d1cc3	A4_PARK_1.TXT	45	a4s1_severin_15.wav	pending		
dialogue:A4_PARK_1.TXT:46:a4s1_severin_16.wav	dialogue-unit:0e811f203e084b73	A4_PARK_1.TXT	46	a4s1_severin_16.wav	pending		
dialogue:A4_PARK_1.TXT:47:a4s1_severin_17.wav	dialogue-unit:a1eaf7b6e067f3df	A4_PARK_1.TXT	47	a4s1_severin_17.wav	pending		
dialogue:A4_PARK_1.TXT:48:a4s1_severin_18.wav	dialogue-unit:76d08759ae66dd85	A4_PARK_1.TXT	48	a4s1_severin_18.wav	pending		
dialogue:A4_PARK_1.TXT:49:a4s1_severin_19.wav	dialogue-unit:6f456cb7a50970f3	A4_PARK_1.TXT	49	a4s1_severin_19.wav	pending		
dialogue:A4_PARK_1.TXT:50:a4s1_severin_2.wav	dialogue-unit:35053629b7160100	A4_PARK_1.TXT	50	a4s1_severin_2.wav	pending		
dialogue:A4_PARK_1.TXT:51:a4s1_severin_20.wav	dialogue-unit:74435bf89bf2d27c	A4_PARK_1.TXT	51	a4s1_severin_20.wav	pending		
dialogue:A4_PARK_1.TXT:52:a4s1_severin_21.wav	dialogue-unit:1e3d38c1d89fdb59	A4_PARK_1.TXT	52	a4s1_severin_21.wav	pending		
dialogue:A4_PARK_1.TXT:53:a4s1_severin_23.wav	dialogue-unit:0bd661c958dd2c59	A4_PARK_1.TXT	53	a4s1_severin_23.wav	pending		
dialogue:A4_PARK_1.TXT:54:a4s1_severin_24.wav	dialogue-unit:9fdf9fbaaf88428b	A4_PARK_1.TXT	54	a4s1_severin_24.wav	pending		
dialogue:A4_PARK_1.TXT:55:a4s1_severin_25.wav	dialogue-unit:19e6e471a2272ee8	A4_PARK_1.TXT	55	a4s1_severin_25.wav	pending		
dialogue:A4_PARK_1.TXT:56:a4s1_severin_3.wav	dialogue-unit:7670bc2b0e707198	A4_PARK_1.TXT	56	a4s1_severin_3.wav	pending		
dialogue:A4_PARK_1.TXT:57:a4s1_severin_4.wav	dialogue-unit:ca1b9af0e8148cd7	A4_PARK_1.TXT	57	a4s1_severin_4.wav	pending		
dialogue:A4_PARK_1.TXT:58:a4s1_severin_5.wav	dialogue-unit:759a58ee20fa9b73	A4_PARK_1.TXT	58	a4s1_severin_5.wav	pending		
dialogue:A4_PARK_1.TXT:59:a4s1_severin_6.wav	dialogue-unit:eec824df5bb08969	A4_PARK_1.TXT	59	a4s1_severin_6.wav	pending		
dialogue:A4_PARK_1.TXT:60:a4s1_severin_7.wav	dialogue-unit:360e7b89818bc00b	A4_PARK_1.TXT	60	a4s1_severin_7.wav	pending		
dialogue:A4_PARK_1.TXT:61:a4s1_severin_8.wav	dialogue-unit:c75a7e733e00d247	A4_PARK_1.TXT	61	a4s1_severin_8.wav	pending		
dialogue:A4_PARK_1.TXT:62:a4s1_severin_9.wav	dialogue-unit:d21344a893866512	A4_PARK_1.TXT	62	a4s1_severin_9.wav	pending		
dialogue:A4_PARK_1.TXT:63:a4s1_slegion_1.wav	dialogue-unit:10d0690343b73e6d	A4_PARK_1.TXT	63	a4s1_slegion_1.wav	pending		
dialogue:A4_PARK_1.TXT:64:a4s1_slegion_2.wav	dialogue-unit:285cbbf058e4bc46	A4_PARK_1.TXT	64	a4s1_slegion_2.wav	pending		
dialogue:A4_PARK_1.TXT:65:a5s3_mcivilian_5.wav	dialogue-unit:b8de03dfb226b150	A4_PARK_1.TXT	65	a5s3_mcivilian_5.wav	pending		
dialogue:A4_PARK_1.TXT:66:a5s3_mcivilian_6.wav	dialogue-unit:8b3b8ec271440650	A4_PARK_1.TXT	66	a5s3_mcivilian_6.wav	pending		
dialogue:A4_PARK_1.TXT:67:a5s3_mcivilian_7.wav	dialogue-unit:c85150438d8021f5	A4_PARK_1.TXT	67	a5s3_mcivilian_7.wav	pending		
dialogue:A4_PARK_1.TXT:68:a5s3_mcivilian_8.wav	dialogue-unit:35dc3c602b99b23e	A4_PARK_1.TXT	68	a5s3_mcivilian_8.wav	pending		
dialogue:A4_PARK_1.TXT:69:a5s3_minion2_10.wav	dialogue-unit:4ba71b80e9a6cce0	A4_PARK_1.TXT	69	a5s3_minion2_10.wav	pending		
dialogue:A4_PARK_1.TXT:70:a5s3_minion2_4.wav	dialogue-unit:d31aa4f0bc32325f	A4_PARK_1.TXT	70	a5s3_minion2_4.wav	pending		
dialogue:A4_PARK_1.TXT:71:a5s3_minion2_5.wav	dialogue-unit:35f6461bda35749c	A4_PARK_1.TXT	71	a5s3_minion2_5.wav	pending		
dialogue:A4_PARK_1.TXT:72:a5s3_minion2_6.wav	dialogue-unit:3d863ad4b6eb8cfc	A4_PARK_1.TXT	72	a5s3_minion2_6.wav	pending		
dialogue:A4_PARK_1.TXT:73:a5s3_minion2_7.wav	dialogue-unit:d662c47989e2fa98	A4_PARK_1.TXT	73	a5s3_minion2_7.wav	pending		
dialogue:A4_PARK_1.TXT:74:a5s3_minion2_8.wav	dialogue-unit:a1d359dd83841fcc	A4_PARK_1.TXT	74	a5s3_minion2_8.wav	pending		
dialogue:A4_PARK_1.TXT:75:a5s3_minion2_9.wav	dialogue-unit:679a0594c4600985	A4_PARK_1.TXT	75	a5s3_minion2_9.wav	pending		
dialogue:A4_PARK_1.TXT:76:a5s3_pilot_1.wav	dialogue-unit:c66916ee01b7cb86	A4_PARK_1.TXT	76	a5s3_pilot_1.wav	pending		
dialogue:A4_PARK_1.TXT:77:a5s3_rayne_1.wav	dialogue-unit:dd4dbc91b8ba289c	A4_PARK_1.TXT	77	a5s3_rayne_1.wav	pending		
dialogue:A4_PARK_1.TXT:78:a5s3_rayne_2.wav	dialogue-unit:cd37beffbf1cdbb6	A4_PARK_1.TXT	78	a5s3_rayne_2.wav	pending		
dialogue:A4_PARK_1.TXT:79:a5s3_rayne_3.wav	dialogue-unit:9210485364fdb4e5	A4_PARK_1.TXT	79	a5s3_rayne_3.wav	pending		
dialogue:A4_PARK_1.TXT:80:a9s1_scream_1.wav	dialogue-unit:295d3b6fc706196d	A4_PARK_1.TXT	80	a9s1_scream_1.wav	pending		
dialogue:A4_PARK_1.TXT:81:missiondescription	dialogue-unit:d1a5a825519581c4	A4_PARK_1.TXT	81	missiondescription	pending		
dialogue:A4_PARK_1.TXT:82:objective_aquarium_exit	dialogue-unit:afdef4b206f6e07e	A4_PARK_1.TXT	82	objective_aquarium_exit	pending		
dialogue:A4_PARK_1.TXT:83:objective_golem_awaken	dialogue-unit:341e193cf2531c8b	A4_PARK_1.TXT	83	objective_golem_awaken	pending		
dialogue:A4_PARK_1.TXT:84:objective_helicopter	dialogue-unit:43418601cf354fb4	A4_PARK_1.TXT	84	objective_helicopter	pending		
dialogue:A4_PARK_1.TXT:85:objective_insect_exit	dialogue-unit:ff9f2110580fef31	A4_PARK_1.TXT	85	objective_insect_exit	pending		
dialogue:A4_PARK_1.TXT:86:objective_kagans_tower	dialogue-unit:b8823c21f708bdff	A4_PARK_1.TXT	86	objective_kagans_tower	pending		
dialogue:A4_PARK_1.TXT:87:objective_minions	dialogue-unit:ff5ce8ead9aa7992	A4_PARK_1.TXT	87	objective_minions	pending		
dialogue:A4_PARK_1.TXT:88:objective_shadow_legion	dialogue-unit:00927d0c6506dc6d	A4_PARK_1.TXT	88	objective_shadow_legion	pending		
dialogue:A4_PARK_1.TXT:89:objective_woodchipper	dialogue-unit:8751c9ce0e7139e1	A4_PARK_1.TXT	89	objective_woodchipper	pending		
dialogue:A4_PARK_1.TXT:91:upgrade_flame	dialogue-unit:d5a6edc9269987ae	A4_PARK_1.TXT	91	upgrade_flame	pending		
dialogue:A4_PARK_2.TXT:1:a2s1_civilian_1.wav	dialogue-unit:705ff6f6bc50abfe	A4_PARK_2.TXT	1	a2s1_civilian_1.wav	pending		stripped corrupt key prefix: 'ўб'
dialogue:A4_PARK_2.TXT:2:a2s1_civilian_2.wav	dialogue-unit:dafac31d99dd87e2	A4_PARK_2.TXT	2	a2s1_civilian_2.wav	pending		
dialogue:A4_PARK_2.TXT:3:a4s1_civilian_8.wav	dialogue-unit:e3bd37ae70240ed2	A4_PARK_2.TXT	3	a4s1_civilian_8.wav	pending		
dialogue:A4_PARK_2.TXT:4:a4s1_ephemera_37.wav	dialogue-unit:ad6b0c7db863287c	A4_PARK_2.TXT	4	a4s1_ephemera_37.wav	pending		
dialogue:A4_PARK_2.TXT:5:a4s1_ephemera_38.wav	dialogue-unit:6f1ab024f27c7d4a	A4_PARK_2.TXT	5	a4s1_ephemera_38.wav	pending		
dialogue:A4_PARK_2.TXT:6:a4s1_ephemera_39.wav	dialogue-unit:af7b96e99ea047fc	A4_PARK_2.TXT	6	a4s1_ephemera_39.wav	pending		
dialogue:A4_PARK_2.TXT:7:a4s1_rayne_21.wav	dialogue-unit:e613e2859b9bfd91	A4_PARK_2.TXT	7	a4s1_rayne_21.wav	pending		
dialogue:A4_PARK_2.TXT:8:a4s1_rayne_22.wav	dialogue-unit:5b1a2c7a968ec242	A4_PARK_2.TXT	8	a4s1_rayne_22.wav	pending		
dialogue:A4_PARK_2.TXT:9:a4s1_rayne_35.wav	dialogue-unit:28e83ad47125a2a6	A4_PARK_2.TXT	9	a4s1_rayne_35.wav	pending		
dialogue:A4_PARK_2.TXT:10:a4s1_rayne_36.wav	dialogue-unit:bd137bee72c3e216	A4_PARK_2.TXT	10	a4s1_rayne_36.wav	pending		
dialogue:A4_PARK_2.TXT:11:a4s1_rayne_37.wav	dialogue-unit:187aa7bc6714d47e	A4_PARK_2.TXT	11	a4s1_rayne_37.wav	pending		
dialogue:A4_PARK_2.TXT:12:a4s1_rayne_38.wav	dialogue-unit:11ad9e6046e944fe	A4_PARK_2.TXT	12	a4s1_rayne_38.wav	pending		
dialogue:A4_PARK_2.TXT:13:a4s1_rayne_39.wav	dialogue-unit:c28f4c616adc401b	A4_PARK_2.TXT	13	a4s1_rayne_39.wav	pending		
dialogue:A4_PARK_2.TXT:14:a4s1_rayne_40.wav	dialogue-unit:141402d9e6f3b487	A4_PARK_2.TXT	14	a4s1_rayne_40.wav	pending		
dialogue:A4_PARK_2.TXT:15:a4s1_rayne_42.wav	dialogue-unit:eb01a498ab906820	A4_PARK_2.TXT	15	a4s1_rayne_42.wav	pending		
dialogue:A4_PARK_2.TXT:16:a4s1_rayne_43.wav	dialogue-unit:7f7a4a615f89d23a	A4_PARK_2.TXT	16	a4s1_rayne_43.wav	pending		
dialogue:A4_PARK_2.TXT:17:a4s1_rayne_44.wav	dialogue-unit:e3aec844754b3386	A4_PARK_2.TXT	17	a4s1_rayne_44.wav	pending		
dialogue:A4_PARK_2.TXT:18:a4s1_rayne_45.wav	dialogue-unit:a0d861998c1f3287	A4_PARK_2.TXT	18	a4s1_rayne_45.wav	pending		
dialogue:A4_PARK_2.TXT:19:a4s1_rayne_46.wav	dialogue-unit:47645009e45cdc37	A4_PARK_2.TXT	19	a4s1_rayne_46.wav	pending		
dialogue:A4_PARK_2.TXT:20:a4s1_rayne_47.wav	dialogue-unit:7a82f159ee8c7ffa	A4_PARK_2.TXT	20	a4s1_rayne_47.wav	pending		
dialogue:A4_PARK_2.TXT:21:a4s1_rayne_48.wav	dialogue-unit:6b9580898c885ab6	A4_PARK_2.TXT	21	a4s1_rayne_48.wav	pending		
dialogue:A4_PARK_2.TXT:22:a4s1_rayne_49.wav	dialogue-unit:587d09fec7703b96	A4_PARK_2.TXT	22	a4s1_rayne_49.wav	pending		
dialogue:A4_PARK_2.TXT:23:a4s1_rayne_50.wav	dialogue-unit:14deab82e4414085	A4_PARK_2.TXT	23	a4s1_rayne_50.wav	pending		
dialogue:A4_PARK_2.TXT:24:a4s1_rayne_51.wav	dialogue-unit:151ea23eae856602	A4_PARK_2.TXT	24	a4s1_rayne_51.wav	pending		
dialogue:A4_PARK_2.TXT:25:a4s1_rayne_52.wav	dialogue-unit:b18eb1f63d3d9791	A4_PARK_2.TXT	25	a4s1_rayne_52.wav	pending		
dialogue:A4_PARK_2.TXT:26:a4s1_rayne_53.wav	dialogue-unit:e896949c51e97a99	A4_PARK_2.TXT	26	a4s1_rayne_53.wav	pending		
dialogue:A4_PARK_2.TXT:27:a4s1_rayne_54.wav	dialogue-unit:0ebb0cdcc9ed7a81	A4_PARK_2.TXT	27	a4s1_rayne_54.wav	pending		
dialogue:A4_PARK_2.TXT:28:a4s1_rayne_55.wav	dialogue-unit:61025d265a965afa	A4_PARK_2.TXT	28	a4s1_rayne_55.wav	pending		
dialogue:A4_PARK_2.TXT:29:a4s1_severin_26.wav	dialogue-unit:e080b1c2045e1265	A4_PARK_2.TXT	29	a4s1_severin_26.wav	pending		
dialogue:A4_PARK_2.TXT:30:a4s1_severin_27.wav	dialogue-unit:5ed92285ac4577bc	A4_PARK_2.TXT	30	a4s1_severin_27.wav	pending		
dialogue:A4_PARK_2.TXT:31:a4s1_severin_28.wav	dialogue-unit:34193213d665e2e2	A4_PARK_2.TXT	31	a4s1_severin_28.wav	pending		
dialogue:A4_PARK_2.TXT:32:a4s1_severin_29.wav	dialogue-unit:0d1f953531faa918	A4_PARK_2.TXT	32	a4s1_severin_29.wav	pending		
dialogue:A4_PARK_2.TXT:33:a4s1_severin_30.wav	dialogue-unit:be046c4b762ae767	A4_PARK_2.TXT	33	a4s1_severin_30.wav	pending		
dialogue:A4_PARK_2.TXT:34:a4s1_severin_31.wav	dialogue-unit:02bc4a826781b15c	A4_PARK_2.TXT	34	a4s1_severin_31.wav	pending		
dialogue:A4_PARK_2.TXT:35:a4s1_severin_32.wav	dialogue-unit:17d17793a0072aea	A4_PARK_2.TXT	35	a4s1_severin_32.wav	pending		
dialogue:A4_PARK_2.TXT:36:a4s1_severin_33.wav	dialogue-unit:565a4df1920434fb	A4_PARK_2.TXT	36	a4s1_severin_33.wav	pending		
dialogue:A4_PARK_2.TXT:37:a4s1_severin_34.wav	dialogue-unit:f8ccfafbd29bae64	A4_PARK_2.TXT	37	a4s1_severin_34.wav	pending		
dialogue:A4_PARK_2.TXT:38:a4s1_severin_35.wav	dialogue-unit:c1a5f617758d38d1	A4_PARK_2.TXT	38	a4s1_severin_35.wav	pending		
dialogue:A4_PARK_2.TXT:39:a5s3_rayne_4.wav	dialogue-unit:e2e0d046feadcc18	A4_PARK_2.TXT	39	a5s3_rayne_4.wav	pending		
dialogue:A4_PARK_2.TXT:40:a5s3_slegion_1.wav	dialogue-unit:5e386da42ba3ce5e	A4_PARK_2.TXT	40	a5s3_slegion_1.wav	pending		
dialogue:A4_PARK_2.TXT:41:a5s3_slegion_2.wav	dialogue-unit:31d80f17fb665d48	A4_PARK_2.TXT	41	a5s3_slegion_2.wav	pending		
dialogue:A4_PARK_2.TXT:42:a9_s1_lpunk_1.wav	dialogue-unit:756efafbd60d6f02	A4_PARK_2.TXT	42	a9_s1_lpunk_1.wav	pending		
dialogue:A4_PARK_2.TXT:43:a9_s1_lpunk_2.wav	dialogue-unit:e51379866c2bf072	A4_PARK_2.TXT	43	a9_s1_lpunk_2.wav	pending		
dialogue:A4_PARK_2.TXT:44:a9_s1_lpunk_3.wav	dialogue-unit:64e6aa82619c5b6d	A4_PARK_2.TXT	44	a9_s1_lpunk_3.wav	pending		
dialogue:A4_PARK_2.TXT:45:a9_s1_lpunk_4.wav	dialogue-unit:b99a574544d32cc5	A4_PARK_2.TXT	45	a9_s1_lpunk_4.wav	pending		
dialogue:A4_PARK_2.TXT:46:a9_s1_lpunk_5.wav	dialogue-unit:48ddafebab679088	A4_PARK_2.TXT	46	a9_s1_lpunk_5.wav	pending		
dialogue:A4_PARK_2.TXT:47:a9_s1_lpunk_6.wav	dialogue-unit:a4cf1a7a661b28d1	A4_PARK_2.TXT	47	a9_s1_lpunk_6.wav	pending		
dialogue:A4_PARK_2.TXT:50:missiondescription	dialogue-unit:c91abc632ab2899c	A4_PARK_2.TXT	50	missiondescription	pending		
dialogue:A4_PARK_2.TXT:51:objective_aquarium_exit	dialogue-unit:afdef4b206f6e07e	A4_PARK_2.TXT	51	objective_aquarium_exit	pending		
dialogue:A4_PARK_2.TXT:52:objective_bridge_enter	dialogue-unit:41215293b3fd7b40	A4_PARK_2.TXT	52	objective_bridge_enter	pending		
dialogue:A4_PARK_2.TXT:53:objective_foreman	dialogue-unit:35ac83727ff82a21	A4_PARK_2.TXT	53	objective_foreman	pending		
dialogue:A4_PARK_2.TXT:54:objective_golem_awaken	dialogue-unit:341e193cf2531c8b	A4_PARK_2.TXT	54	objective_golem_awaken	pending		
dialogue:A4_PARK_2.TXT:55:objective_kagans_tower	dialogue-unit:b8823c21f708bdff	A4_PARK_2.TXT	55	objective_kagans_tower	pending		
dialogue:A4_PARK_2.TXT:56:objective_minions	dialogue-unit:ff5ce8ead9aa7992	A4_PARK_2.TXT	56	objective_minions	pending		
dialogue:A4_PARK_2.TXT:57:objective_roach_golems	dialogue-unit:4e4ec4a33d2f8519	A4_PARK_2.TXT	57	objective_roach_golems	pending		
dialogue:A4_PARK_2.TXT:58:objective_shadow_legion	dialogue-unit:00927d0c6506dc6d	A4_PARK_2.TXT	58	objective_shadow_legion	pending		
dialogue:A4_PARK_2.TXT:59:objective_woodchipper	dialogue-unit:8751c9ce0e7139e1	A4_PARK_2.TXT	59	objective_woodchipper	pending		
dialogue:A4_PARK_2.TXT:60:rayne_hintcombat_3.wav	dialogue-unit:e1ec2957b52d6870	A4_PARK_2.TXT	60	rayne_hintcombat_3.wav	pending		
dialogue:A4_PARK_2.TXT:61:upgrade_ricokick	dialogue-unit:f6bfeeb8635f07fe	A4_PARK_2.TXT	61	upgrade_ricokick	pending		
dialogue:A4_PARK_CINEMAT_1.TXT:1:a4s1_rayne_1.wav	dialogue-unit:5f5af17c2a81a148	A4_PARK_CINEMAT_1.TXT	1	a4s1_rayne_1.wav	pending		
dialogue:A4_PARK_CINEMAT_1.TXT:2:a4s1_rayne_2.wav	dialogue-unit:f2fe16b3a5f09410	A4_PARK_CINEMAT_1.TXT	2	a4s1_rayne_2.wav	pending		
dialogue:A4_PARK_CINEMAT_1.TXT:3:a4s1_rayne_3.wav	dialogue-unit:2e1a532c968a2724	A4_PARK_CINEMAT_1.TXT	3	a4s1_rayne_3.wav	pending		
dialogue:A4_PARK_CINEMAT_1.TXT:4:a4s1_rayne_4.wav	dialogue-unit:76ac576d98c2e15a	A4_PARK_CINEMAT_1.TXT	4	a4s1_rayne_4.wav	pending		
dialogue:A4_PARK_CINEMAT_1.TXT:5:a4s1_rayne_5.wav	dialogue-unit:175109b5e52605e2	A4_PARK_CINEMAT_1.TXT	5	a4s1_rayne_5.wav	pending		
dialogue:A4_PARK_CINEMAT_1.TXT:6:a4s1_rayne_6.wav	dialogue-unit:b5471ae2df25f74d	A4_PARK_CINEMAT_1.TXT	6	a4s1_rayne_6.wav	pending		
dialogue:A4_PARK_CINEMAT_1.TXT:7:a4s1_rayne_7.wav	dialogue-unit:698a897dd481b655	A4_PARK_CINEMAT_1.TXT	7	a4s1_rayne_7.wav	pending		
dialogue:A4_PARK_CINEMAT_1.TXT:8:a4s1_severin_1.wav	dialogue-unit:5821be9a145ed9aa	A4_PARK_CINEMAT_1.TXT	8	a4s1_severin_1.wav	pending		
dialogue:A4_PARK_CINEMAT_1.TXT:9:a4s1_severin_10.wav	dialogue-unit:75cc44bbff8690cc	A4_PARK_CINEMAT_1.TXT	9	a4s1_severin_10.wav	pending		
dialogue:A4_PARK_CINEMAT_1.TXT:10:a4s1_severin_2.wav	dialogue-unit:35053629b7160100	A4_PARK_CINEMAT_1.TXT	10	a4s1_severin_2.wav	pending		
dialogue:A4_PARK_CINEMAT_1.TXT:11:a4s1_severin_3.wav	dialogue-unit:7670bc2b0e707198	A4_PARK_CINEMAT_1.TXT	11	a4s1_severin_3.wav	pending		
dialogue:A4_PARK_CINEMAT_1.TXT:12:a4s1_severin_4.wav	dialogue-unit:ca1b9af0e8148cd7	A4_PARK_CINEMAT_1.TXT	12	a4s1_severin_4.wav	pending		
dialogue:A4_PARK_CINEMAT_1.TXT:13:a4s1_severin_5.wav	dialogue-unit:7df75d3668246551	A4_PARK_CINEMAT_1.TXT	13	a4s1_severin_5.wav	pending		
dialogue:A4_PARK_CINEMAT_1.TXT:14:a4s1_severin_6.wav	dialogue-unit:eec824df5bb08969	A4_PARK_CINEMAT_1.TXT	14	a4s1_severin_6.wav	pending		
dialogue:A4_PARK_CINEMAT_1.TXT:15:a4s1_severin_7.wav	dialogue-unit:360e7b89818bc00b	A4_PARK_CINEMAT_1.TXT	15	a4s1_severin_7.wav	pending		
dialogue:A4_PARK_CINEMAT_1.TXT:16:a4s1_severin_8.wav	dialogue-unit:c75a7e733e00d247	A4_PARK_CINEMAT_1.TXT	16	a4s1_severin_8.wav	pending		
dialogue:A4_PARK_CINEMAT_1.TXT:17:a4s1_severin_9.wav	dialogue-unit:d21344a893866512	A4_PARK_CINEMAT_1.TXT	17	a4s1_severin_9.wav	pending		
dialogue:A4_PARK_CINEMAT_1.TXT:18:missiondescription	dialogue-unit:94c5a569af5d82f5	A4_PARK_CINEMAT_1.TXT	18	missiondescription	pending		
dialogue:A4_PARK_CINEMAT_1.TXT:19:upgrade_flame	dialogue-unit:d5a6edc9269987ae	A4_PARK_CINEMAT_1.TXT	19	upgrade_flame	pending		
dialogue:A4_PARK_CINEMAT_2.TXT:1:a4s1_ferril_1.wav	dialogue-unit:c248f10bb48fcb7c	A4_PARK_CINEMAT_2.TXT	1	a4s1_ferril_1.wav	pending		
dialogue:A4_PARK_CINEMAT_2.TXT:2:a4s1_ferril_2.wav	dialogue-unit:c6c5b2a2bfc6b4f0	A4_PARK_CINEMAT_2.TXT	2	a4s1_ferril_2.wav	pending		
dialogue:A4_PARK_CINEMAT_2.TXT:3:a4s1_ferril_3.wav	dialogue-unit:ca80967ff2f5ed4b	A4_PARK_CINEMAT_2.TXT	3	a4s1_ferril_3.wav	pending		
dialogue:A4_PARK_CINEMAT_2.TXT:4:a4s1_ferril_4.wav	dialogue-unit:6bc06a3f22c0322c	A4_PARK_CINEMAT_2.TXT	4	a4s1_ferril_4.wav	pending		
dialogue:A4_PARK_CINEMAT_2.TXT:5:a4s1_ferril_5.wav	dialogue-unit:842da0cbe9afe440	A4_PARK_CINEMAT_2.TXT	5	a4s1_ferril_5.wav	pending		
dialogue:A4_PARK_CINEMAT_2.TXT:6:a4s1_ferril_6.wav	dialogue-unit:77357736cb44570f	A4_PARK_CINEMAT_2.TXT	6	a4s1_ferril_6.wav	pending		
dialogue:A4_PARK_CINEMAT_2.TXT:7:a4s1_rayne_63.wav	dialogue-unit:a109eb64c248f0e0	A4_PARK_CINEMAT_2.TXT	7	a4s1_rayne_63.wav	pending		
dialogue:A4_PARK_CINEMAT_2.TXT:8:a4s1_rayne_64.wav	dialogue-unit:e4af58443091d2fa	A4_PARK_CINEMAT_2.TXT	8	a4s1_rayne_64.wav	pending		
dialogue:A4_PARK_CINEMAT_2.TXT:9:a4s1_rayne_65.wav	dialogue-unit:a2461015d54c0c51	A4_PARK_CINEMAT_2.TXT	9	a4s1_rayne_65.wav	pending		
dialogue:A4_PARK_CINEMAT_2.TXT:10:a4s1_rayne_66.wav	dialogue-unit:31353d9a3efc9eac	A4_PARK_CINEMAT_2.TXT	10	a4s1_rayne_66.wav	pending		
dialogue:A4_PARK_CINEMAT_2.TXT:11:a4s1_severin_43.wav	dialogue-unit:858a1b08995a8875	A4_PARK_CINEMAT_2.TXT	11	a4s1_severin_43.wav	pending		
dialogue:A4_PARK_CINEMAT_2.TXT:12:a4s1_severin_44.wav	dialogue-unit:6cd95bc4e5f9a669	A4_PARK_CINEMAT_2.TXT	12	a4s1_severin_44.wav	pending		
dialogue:A4_PARK_CINEMAT_2.TXT:13:a4s1_severin_45.wav	dialogue-unit:a07ea06d11896cb8	A4_PARK_CINEMAT_2.TXT	13	a4s1_severin_45.wav	pending		
dialogue:A4_PARK_CINEMAT_2.TXT:14:a4s1_severin_46.wav	dialogue-unit:c1d2d5c77cfc2a1e	A4_PARK_CINEMAT_2.TXT	14	a4s1_severin_46.wav	pending		
dialogue:A4_PARK_CINEMAT_2.TXT:15:a4s1_severin_47.wav	dialogue-unit:7f3469c2cbce0bb7	A4_PARK_CINEMAT_2.TXT	15	a4s1_severin_47.wav	pending		
dialogue:A4_PARK_CINEMAT_2.TXT:16:a4s1_severin_48.wav	dialogue-unit:439cbc10432e4d26	A4_PARK_CINEMAT_2.TXT	16	a4s1_severin_48.wav	pending		
dialogue:A4_PARK_CINEMAT_2.TXT:17:missiondescription	dialogue-unit:c264ae499401bf25	A4_PARK_CINEMAT_2.TXT	17	missiondescription	pending		
dialogue:A4_PARK_EPHEMERA.TXT:1:a4s1_ephemera_37.wav	dialogue-unit:5a62549f7d66a44f	A4_PARK_EPHEMERA.TXT	1	a4s1_ephemera_37.wav	pending		
dialogue:A4_PARK_EPHEMERA.TXT:2:a4s1_ephemera_38.wav	dialogue-unit:ce40ac747aee122a	A4_PARK_EPHEMERA.TXT	2	a4s1_ephemera_38.wav	pending		
dialogue:A4_PARK_EPHEMERA.TXT:3:a4s1_ephemera_39.wav	dialogue-unit:49b7740cb471e394	A4_PARK_EPHEMERA.TXT	3	a4s1_ephemera_39.wav	pending		
dialogue:A4_PARK_EPHEMERA.TXT:4:a4s1_ephemera_40.wav	dialogue-unit:53358a9d8d9946e2	A4_PARK_EPHEMERA.TXT	4	a4s1_ephemera_40.wav	pending		
dialogue:A4_PARK_EPHEMERA.TXT:5:a4s1_ephemera_41.wav	dialogue-unit:5d964bd61dcfe1c8	A4_PARK_EPHEMERA.TXT	5	a4s1_ephemera_41.wav	pending		
dialogue:A4_PARK_EPHEMERA.TXT:6:a4s1_ephemera_42.wav	dialogue-unit:3730e66311b6ed4a	A4_PARK_EPHEMERA.TXT	6	a4s1_ephemera_42.wav	pending		
dialogue:A4_PARK_EPHEMERA.TXT:7:a4s1_ephemera_43.wav	dialogue-unit:a159861dc0f9cfc8	A4_PARK_EPHEMERA.TXT	7	a4s1_ephemera_43.wav	pending		speaker/control differs: EN='$'; RU='Ephemera'
dialogue:A4_PARK_EPHEMERA.TXT:8:a4s1_ephemera_44.wav	dialogue-unit:27e5cc8708fac381	A4_PARK_EPHEMERA.TXT	8	a4s1_ephemera_44.wav	pending		speaker/control differs: EN='$'; RU='Ephemera'
dialogue:A4_PARK_EPHEMERA.TXT:9:a4s1_ephemera_45.wav	dialogue-unit:29e7092603272b39	A4_PARK_EPHEMERA.TXT	9	a4s1_ephemera_45.wav	pending		speaker/control differs: EN='$'; RU='Ephemera'
dialogue:A4_PARK_EPHEMERA.TXT:10:a4s1_rayne_52.wav	dialogue-unit:89a91d8edef130ab	A4_PARK_EPHEMERA.TXT	10	a4s1_rayne_52.wav	pending		
dialogue:A4_PARK_EPHEMERA.TXT:11:a4s1_rayne_53.wav	dialogue-unit:185371b11e65dc59	A4_PARK_EPHEMERA.TXT	11	a4s1_rayne_53.wav	pending		
dialogue:A4_PARK_EPHEMERA.TXT:12:a4s1_rayne_54.wav	dialogue-unit:cdaa705c4173ec20	A4_PARK_EPHEMERA.TXT	12	a4s1_rayne_54.wav	pending		
dialogue:A4_PARK_EPHEMERA.TXT:13:a4s1_rayne_55.wav	dialogue-unit:541d5cb76cb84a56	A4_PARK_EPHEMERA.TXT	13	a4s1_rayne_55.wav	pending		
dialogue:A4_PARK_EPHEMERA.TXT:14:a4s1_rayne_56.wav	dialogue-unit:4c7ee7263331fb50	A4_PARK_EPHEMERA.TXT	14	a4s1_rayne_56.wav	pending		
dialogue:A4_PARK_EPHEMERA.TXT:15:a4s1_rayne_57.wav	dialogue-unit:885a93a610eb595a	A4_PARK_EPHEMERA.TXT	15	a4s1_rayne_57.wav	pending		
dialogue:A4_PARK_EPHEMERA.TXT:16:a4s1_rayne_58.wav	dialogue-unit:b100c90fa5707d42	A4_PARK_EPHEMERA.TXT	16	a4s1_rayne_58.wav	pending		
dialogue:A4_PARK_EPHEMERA.TXT:17:a4s1_rayne_59.wav	dialogue-unit:15695d8eb9f41f30	A4_PARK_EPHEMERA.TXT	17	a4s1_rayne_59.wav	pending		
dialogue:A4_PARK_EPHEMERA.TXT:18:a4s1_rayne_60.wav	dialogue-unit:c45100bccc2f497f	A4_PARK_EPHEMERA.TXT	18	a4s1_rayne_60.wav	pending		
dialogue:A4_PARK_EPHEMERA.TXT:19:a4s1_rayne_61.wav	dialogue-unit:aa65b0d13e9b50a3	A4_PARK_EPHEMERA.TXT	19	a4s1_rayne_61.wav	pending		
dialogue:A4_PARK_EPHEMERA.TXT:20:a4s1_rayne_62.wav	dialogue-unit:e51183f1c6b9f590	A4_PARK_EPHEMERA.TXT	20	a4s1_rayne_62.wav	pending		
dialogue:A4_PARK_EPHEMERA.TXT:21:a4s1_severin_35.wav	dialogue-unit:34023d2954094176	A4_PARK_EPHEMERA.TXT	21	a4s1_severin_35.wav	pending		
dialogue:A4_PARK_EPHEMERA.TXT:22:a4s1_severin_36.wav	dialogue-unit:7b0cd4f742bb5bc1	A4_PARK_EPHEMERA.TXT	22	a4s1_severin_36.wav	pending		
dialogue:A4_PARK_EPHEMERA.TXT:23:a4s1_severin_37.wav	dialogue-unit:5ed3212d39d521a2	A4_PARK_EPHEMERA.TXT	23	a4s1_severin_37.wav	pending		
dialogue:A4_PARK_EPHEMERA.TXT:24:a4s1_severin_38.wav	dialogue-unit:e7bc5996b9d4f57d	A4_PARK_EPHEMERA.TXT	24	a4s1_severin_38.wav	pending		
dialogue:A4_PARK_EPHEMERA.TXT:25:a4s1_severin_39.wav	dialogue-unit:922937f067eab4c0	A4_PARK_EPHEMERA.TXT	25	a4s1_severin_39.wav	pending		
dialogue:A4_PARK_EPHEMERA.TXT:26:a4s1_severin_40.wav	dialogue-unit:402ede9bd4a2ecaf	A4_PARK_EPHEMERA.TXT	26	a4s1_severin_40.wav	pending		
dialogue:A4_PARK_EPHEMERA.TXT:27:a4s1_severin_41.wav	dialogue-unit:22cb54f8bb5277cf	A4_PARK_EPHEMERA.TXT	27	a4s1_severin_41.wav	pending		
dialogue:A4_PARK_EPHEMERA.TXT:28:a4s1_severin_42.wav	dialogue-unit:f367b4a9854c2664	A4_PARK_EPHEMERA.TXT	28	a4s1_severin_42.wav	pending		
dialogue:A4_PARK_EPHEMERA.TXT:29:missiondescription	dialogue-unit:78d4dc4403854c2d	A4_PARK_EPHEMERA.TXT	29	missiondescription	pending		
dialogue:A4_PARK_EPHEMERA.TXT:30:objectivekill	dialogue-unit:ea36d19d11c2ad5c	A4_PARK_EPHEMERA.TXT	30	objectivekill	pending		no matching English row; translate from Russian
dialogue:A4_PARK_EPHEMERA.TXT:31:powerup	dialogue-unit:9bb163045ce0fc32	A4_PARK_EPHEMERA.TXT	31	powerup	pending		
dialogue:A4_PARK_EPHEMERA.TXT:32:shadowportmessage	dialogue-unit:f685f7bcc3a30cd9	A4_PARK_EPHEMERA.TXT	32	shadowportmessage	pending		
dialogue:A4_PARK_EPHEMERA.TXT:33:shadowsdestmessage	dialogue-unit:de8fd2527bb604fd	A4_PARK_EPHEMERA.TXT	33	shadowsdestmessage	pending		
dialogue:CHARACTERMUSEUM.TXT:1:ost_cont	dialogue-unit:5e7fa47734335c56	CHARACTERMUSEUM.TXT	1	ost_cont	pending		
dialogue:CHARACTERMUSEUM.TXT:2:ost_dhamp	dialogue-unit:641cc54929e3d6db	CHARACTERMUSEUM.TXT	2	ost_dhamp	pending		
dialogue:CHARACTERMUSEUM.TXT:3:ost_dhampf	dialogue-unit:a4d5d32b57bc7f2b	CHARACTERMUSEUM.TXT	3	ost_dhampf	pending		
dialogue:CHARACTERMUSEUM.TXT:4:ost_dhampk	dialogue-unit:df4e5f81e9fb908c	CHARACTERMUSEUM.TXT	4	ost_dhampk	pending		
dialogue:CHARACTERMUSEUM.TXT:5:ost_ephemera	dialogue-unit:e979546fe65ba55a	CHARACTERMUSEUM.TXT	5	ost_ephemera	pending		
dialogue:CHARACTERMUSEUM.TXT:6:ost_epunkf1	dialogue-unit:e8e9f6c2854847df	CHARACTERMUSEUM.TXT	6	ost_epunkf1	pending		
dialogue:CHARACTERMUSEUM.TXT:7:ost_epunkf2	dialogue-unit:047b433773fa9814	CHARACTERMUSEUM.TXT	7	ost_epunkf2	pending		
dialogue:CHARACTERMUSEUM.TXT:8:ost_epunkm1	dialogue-unit:d177a87ffd861444	CHARACTERMUSEUM.TXT	8	ost_epunkm1	pending		
dialogue:CHARACTERMUSEUM.TXT:9:ost_esgoth	dialogue-unit:62b1ac9c1f37dab5	CHARACTERMUSEUM.TXT	9	ost_esgoth	pending		
dialogue:CHARACTERMUSEUM.TXT:10:ost_evamp	dialogue-unit:5e539e416cce9c2c	CHARACTERMUSEUM.TXT	10	ost_evamp	pending		
dialogue:CHARACTERMUSEUM.TXT:11:ost_ferril	dialogue-unit:d633ab240238f23c	CHARACTERMUSEUM.TXT	11	ost_ferril	pending		
dialogue:CHARACTERMUSEUM.TXT:12:ost_fpunkf1	dialogue-unit:2081ffb52e784bf7	CHARACTERMUSEUM.TXT	12	ost_fpunkf1	pending		
dialogue:CHARACTERMUSEUM.TXT:13:ost_fpunkf2	dialogue-unit:154a53cbdb0e3a6a	CHARACTERMUSEUM.TXT	13	ost_fpunkf2	pending		
dialogue:CHARACTERMUSEUM.TXT:14:ost_fpunkm1	dialogue-unit:9d7ff9b6c2869516	CHARACTERMUSEUM.TXT	14	ost_fpunkm1	pending		
dialogue:CHARACTERMUSEUM.TXT:15:ost_fpunkm2	dialogue-unit:0bba01d835a83837	CHARACTERMUSEUM.TXT	15	ost_fpunkm2	pending		
dialogue:CHARACTERMUSEUM.TXT:16:ost_fvamp	dialogue-unit:995b6fbccf5004be	CHARACTERMUSEUM.TXT	16	ost_fvamp	pending		
dialogue:CHARACTERMUSEUM.TXT:17:ost_genfemale1	dialogue-unit:3306f567f86848dd	CHARACTERMUSEUM.TXT	17	ost_genfemale1	pending		
dialogue:CHARACTERMUSEUM.TXT:18:ost_genfemale2	dialogue-unit:a2199bbdade03ad6	CHARACTERMUSEUM.TXT	18	ost_genfemale2	pending		
dialogue:CHARACTERMUSEUM.TXT:19:ost_genmale1	dialogue-unit:523f81b0d6ebd17b	CHARACTERMUSEUM.TXT	19	ost_genmale1	pending		
dialogue:CHARACTERMUSEUM.TXT:20:ost_genmale2	dialogue-unit:51906e59d3a37c4e	CHARACTERMUSEUM.TXT	20	ost_genmale2	pending		
dialogue:CHARACTERMUSEUM.TXT:21:ost_kagan	dialogue-unit:37ff30d6357e0d43	CHARACTERMUSEUM.TXT	21	ost_kagan	pending		
dialogue:CHARACTERMUSEUM.TXT:22:ost_kbioarmor	dialogue-unit:8f8e7b390389ff75	CHARACTERMUSEUM.TXT	22	ost_kbioarmor	pending		
dialogue:CHARACTERMUSEUM.TXT:23:ost_kimsui	dialogue-unit:d4115f4b11e04885	CHARACTERMUSEUM.TXT	23	ost_kimsui	pending		
dialogue:CHARACTERMUSEUM.TXT:24:ost_kvamp	dialogue-unit:9b185a3921b27214	CHARACTERMUSEUM.TXT	24	ost_kvamp	pending		
dialogue:CHARACTERMUSEUM.TXT:25:ost_lpunkm1	dialogue-unit:8b9cbd1789ded513	CHARACTERMUSEUM.TXT	25	ost_lpunkm1	pending		
dialogue:CHARACTERMUSEUM.TXT:26:ost_lpunkm2	dialogue-unit:098d33a6e402bdc1	CHARACTERMUSEUM.TXT	26	ost_lpunkm2	pending		
dialogue:CHARACTERMUSEUM.TXT:27:ost_lvamp	dialogue-unit:89c6888f91eee82c	CHARACTERMUSEUM.TXT	27	ost_lvamp	pending		
dialogue:CHARACTERMUSEUM.TXT:28:ost_mora	dialogue-unit:61b632da4d049a3e	CHARACTERMUSEUM.TXT	28	ost_mora	pending		
dialogue:CHARACTERMUSEUM.TXT:29:ost_once	dialogue-unit:545d4c0140afa0bf	CHARACTERMUSEUM.TXT	29	ost_once	pending		
dialogue:CHARACTERMUSEUM.TXT:30:ost_police1	dialogue-unit:1b0e82632e50f1dc	CHARACTERMUSEUM.TXT	30	ost_police1	pending		
dialogue:CHARACTERMUSEUM.TXT:31:ost_police2	dialogue-unit:6437bebcd797c2a0	CHARACTERMUSEUM.TXT	31	ost_police2	pending		
dialogue:CHARACTERMUSEUM.TXT:32:ost_police3	dialogue-unit:c39dac183c76a1d8	CHARACTERMUSEUM.TXT	32	ost_police3	pending		
dialogue:CHARACTERMUSEUM.TXT:33:ost_raynedress	dialogue-unit:1893deb08da3af58	CHARACTERMUSEUM.TXT	33	ost_raynedress	pending		
dialogue:CHARACTERMUSEUM.TXT:34:ost_slezz	dialogue-unit:e5f93cfc25e44bdc	CHARACTERMUSEUM.TXT	34	ost_slezz	pending		
dialogue:CHARACTERMUSEUM.TXT:35:ost_spinauto	dialogue-unit:47a2aa83af356018	CHARACTERMUSEUM.TXT	35	ost_spinauto	pending		
dialogue:CHARACTERMUSEUM.TXT:36:ost_spinman	dialogue-unit:4ccb633cbb4a160f	CHARACTERMUSEUM.TXT	36	ost_spinman	pending		
dialogue:CHARACTERMUSEUM.TXT:37:ost_unraveler	dialogue-unit:afc4c53d183d6bab	CHARACTERMUSEUM.TXT	37	ost_unraveler	pending		
dialogue:CHARACTERMUSEUM.TXT:38:ost_upunkm1	dialogue-unit:3c3782e457eaa303	CHARACTERMUSEUM.TXT	38	ost_upunkm1	pending		
dialogue:CHARACTERMUSEUM.TXT:39:ost_upunkm2	dialogue-unit:daeca036b39c3654	CHARACTERMUSEUM.TXT	39	ost_upunkm2	pending		
dialogue:CHARACTERMUSEUM.TXT:40:ost_xerx	dialogue-unit:889b9b564d4e10c8	CHARACTERMUSEUM.TXT	40	ost_xerx	pending		
dialogue:CHARACTERMUSEUM.TXT:41:ost_xpunkm1	dialogue-unit:ecacd31f36d2d51a	CHARACTERMUSEUM.TXT	41	ost_xpunkm1	pending		
dialogue:CHARACTERMUSEUM.TXT:42:ost_xpunkm2	dialogue-unit:6676ff18c9855748	CHARACTERMUSEUM.TXT	42	ost_xpunkm2	pending		
dialogue:CHARACTERMUSEUM.TXT:43:ost_zerenzki	dialogue-unit:2da82350822360bd	CHARACTERMUSEUM.TXT	43	ost_zerenzki	pending		
dialogue:CHARACTERMUSEUM.TXT:44:ost_zpunkf1	dialogue-unit:cf7e5f24a84b09f5	CHARACTERMUSEUM.TXT	44	ost_zpunkf1	pending		
dialogue:CHARACTERMUSEUM.TXT:45:ost_zpunkm1	dialogue-unit:fa79ecfb5519b646	CHARACTERMUSEUM.TXT	45	ost_zpunkm1	pending		
dialogue:CHARACTERMUSEUM.TXT:46:ost_zpunkm2	dialogue-unit:11b62fe4ced8f3bc	CHARACTERMUSEUM.TXT	46	ost_zpunkm2	pending		
dialogue:CHARACTERMUSEUM.TXT:47:ost_zvamp	dialogue-unit:59c9c3d8112174d6	CHARACTERMUSEUM.TXT	47	ost_zvamp	pending		
dialogue:CHARACTERMUSEUM_ACT1.TXT:1:ost_cont	dialogue-unit:5e7fa47734335c56	CHARACTERMUSEUM_ACT1.TXT	1	ost_cont	pending		
dialogue:CHARACTERMUSEUM_ACT1.TXT:2:ost_dhamp	dialogue-unit:641cc54929e3d6db	CHARACTERMUSEUM_ACT1.TXT	2	ost_dhamp	pending		
dialogue:CHARACTERMUSEUM_ACT1.TXT:3:ost_dhampf	dialogue-unit:a4d5d32b57bc7f2b	CHARACTERMUSEUM_ACT1.TXT	3	ost_dhampf	pending		
dialogue:CHARACTERMUSEUM_ACT1.TXT:4:ost_dhampk	dialogue-unit:df4e5f81e9fb908c	CHARACTERMUSEUM_ACT1.TXT	4	ost_dhampk	pending		
dialogue:CHARACTERMUSEUM_ACT1.TXT:5:ost_ephemera	dialogue-unit:e979546fe65ba55a	CHARACTERMUSEUM_ACT1.TXT	5	ost_ephemera	pending		
dialogue:CHARACTERMUSEUM_ACT1.TXT:6:ost_epunkf1	dialogue-unit:e8e9f6c2854847df	CHARACTERMUSEUM_ACT1.TXT	6	ost_epunkf1	pending		
dialogue:CHARACTERMUSEUM_ACT1.TXT:7:ost_epunkf2	dialogue-unit:047b433773fa9814	CHARACTERMUSEUM_ACT1.TXT	7	ost_epunkf2	pending		
dialogue:CHARACTERMUSEUM_ACT1.TXT:8:ost_epunkm1	dialogue-unit:d177a87ffd861444	CHARACTERMUSEUM_ACT1.TXT	8	ost_epunkm1	pending		
dialogue:CHARACTERMUSEUM_ACT1.TXT:9:ost_esgoth	dialogue-unit:62b1ac9c1f37dab5	CHARACTERMUSEUM_ACT1.TXT	9	ost_esgoth	pending		
dialogue:CHARACTERMUSEUM_ACT1.TXT:10:ost_evamp	dialogue-unit:5e539e416cce9c2c	CHARACTERMUSEUM_ACT1.TXT	10	ost_evamp	pending		
dialogue:CHARACTERMUSEUM_ACT1.TXT:11:ost_ferril	dialogue-unit:d633ab240238f23c	CHARACTERMUSEUM_ACT1.TXT	11	ost_ferril	pending		
dialogue:CHARACTERMUSEUM_ACT1.TXT:12:ost_fpunkf1	dialogue-unit:2081ffb52e784bf7	CHARACTERMUSEUM_ACT1.TXT	12	ost_fpunkf1	pending		
dialogue:CHARACTERMUSEUM_ACT1.TXT:13:ost_fpunkf2	dialogue-unit:154a53cbdb0e3a6a	CHARACTERMUSEUM_ACT1.TXT	13	ost_fpunkf2	pending		
dialogue:CHARACTERMUSEUM_ACT1.TXT:14:ost_fpunkm1	dialogue-unit:9d7ff9b6c2869516	CHARACTERMUSEUM_ACT1.TXT	14	ost_fpunkm1	pending		
dialogue:CHARACTERMUSEUM_ACT1.TXT:15:ost_fpunkm2	dialogue-unit:0bba01d835a83837	CHARACTERMUSEUM_ACT1.TXT	15	ost_fpunkm2	pending		
dialogue:CHARACTERMUSEUM_ACT1.TXT:16:ost_fvamp	dialogue-unit:995b6fbccf5004be	CHARACTERMUSEUM_ACT1.TXT	16	ost_fvamp	pending		
dialogue:CHARACTERMUSEUM_ACT1.TXT:17:ost_genfemale1	dialogue-unit:3306f567f86848dd	CHARACTERMUSEUM_ACT1.TXT	17	ost_genfemale1	pending		
dialogue:CHARACTERMUSEUM_ACT1.TXT:18:ost_genfemale2	dialogue-unit:a2199bbdade03ad6	CHARACTERMUSEUM_ACT1.TXT	18	ost_genfemale2	pending		
dialogue:CHARACTERMUSEUM_ACT1.TXT:19:ost_genmale1	dialogue-unit:523f81b0d6ebd17b	CHARACTERMUSEUM_ACT1.TXT	19	ost_genmale1	pending		
dialogue:CHARACTERMUSEUM_ACT1.TXT:20:ost_genmale2	dialogue-unit:51906e59d3a37c4e	CHARACTERMUSEUM_ACT1.TXT	20	ost_genmale2	pending		
dialogue:CHARACTERMUSEUM_ACT1.TXT:21:ost_kagan	dialogue-unit:37ff30d6357e0d43	CHARACTERMUSEUM_ACT1.TXT	21	ost_kagan	pending		
dialogue:CHARACTERMUSEUM_ACT1.TXT:22:ost_kbioarmor	dialogue-unit:8f8e7b390389ff75	CHARACTERMUSEUM_ACT1.TXT	22	ost_kbioarmor	pending		
dialogue:CHARACTERMUSEUM_ACT1.TXT:23:ost_kimsui	dialogue-unit:d4115f4b11e04885	CHARACTERMUSEUM_ACT1.TXT	23	ost_kimsui	pending		
dialogue:CHARACTERMUSEUM_ACT1.TXT:24:ost_kvamp	dialogue-unit:9b185a3921b27214	CHARACTERMUSEUM_ACT1.TXT	24	ost_kvamp	pending		
dialogue:CHARACTERMUSEUM_ACT1.TXT:25:ost_lpunkm1	dialogue-unit:8b9cbd1789ded513	CHARACTERMUSEUM_ACT1.TXT	25	ost_lpunkm1	pending		
dialogue:CHARACTERMUSEUM_ACT1.TXT:26:ost_lpunkm2	dialogue-unit:098d33a6e402bdc1	CHARACTERMUSEUM_ACT1.TXT	26	ost_lpunkm2	pending		
dialogue:CHARACTERMUSEUM_ACT1.TXT:27:ost_lvamp	dialogue-unit:89c6888f91eee82c	CHARACTERMUSEUM_ACT1.TXT	27	ost_lvamp	pending		
dialogue:CHARACTERMUSEUM_ACT1.TXT:28:ost_mora	dialogue-unit:61b632da4d049a3e	CHARACTERMUSEUM_ACT1.TXT	28	ost_mora	pending		
dialogue:CHARACTERMUSEUM_ACT1.TXT:29:ost_once	dialogue-unit:545d4c0140afa0bf	CHARACTERMUSEUM_ACT1.TXT	29	ost_once	pending		
dialogue:CHARACTERMUSEUM_ACT1.TXT:30:ost_police1	dialogue-unit:1b0e82632e50f1dc	CHARACTERMUSEUM_ACT1.TXT	30	ost_police1	pending		
dialogue:CHARACTERMUSEUM_ACT1.TXT:31:ost_police2	dialogue-unit:6437bebcd797c2a0	CHARACTERMUSEUM_ACT1.TXT	31	ost_police2	pending		
dialogue:CHARACTERMUSEUM_ACT1.TXT:32:ost_police3	dialogue-unit:c39dac183c76a1d8	CHARACTERMUSEUM_ACT1.TXT	32	ost_police3	pending		
dialogue:CHARACTERMUSEUM_ACT1.TXT:33:ost_raynedress	dialogue-unit:1893deb08da3af58	CHARACTERMUSEUM_ACT1.TXT	33	ost_raynedress	pending		
dialogue:CHARACTERMUSEUM_ACT1.TXT:34:ost_severin	dialogue-unit:1e63a7dfc2b1bc12	CHARACTERMUSEUM_ACT1.TXT	34	ost_severin	pending		
dialogue:CHARACTERMUSEUM_ACT1.TXT:35:ost_spinauto	dialogue-unit:47a2aa83af356018	CHARACTERMUSEUM_ACT1.TXT	35	ost_spinauto	pending		
dialogue:CHARACTERMUSEUM_ACT1.TXT:36:ost_spinman	dialogue-unit:4ccb633cbb4a160f	CHARACTERMUSEUM_ACT1.TXT	36	ost_spinman	pending		
dialogue:CHARACTERMUSEUM_ACT1.TXT:37:ost_unraveler	dialogue-unit:afc4c53d183d6bab	CHARACTERMUSEUM_ACT1.TXT	37	ost_unraveler	pending		
dialogue:CHARACTERMUSEUM_ACT1.TXT:38:ost_upunkm1	dialogue-unit:3c3782e457eaa303	CHARACTERMUSEUM_ACT1.TXT	38	ost_upunkm1	pending		
dialogue:CHARACTERMUSEUM_ACT1.TXT:39:ost_upunkm2	dialogue-unit:daeca036b39c3654	CHARACTERMUSEUM_ACT1.TXT	39	ost_upunkm2	pending		
dialogue:CHARACTERMUSEUM_ACT1.TXT:40:ost_xerx	dialogue-unit:889b9b564d4e10c8	CHARACTERMUSEUM_ACT1.TXT	40	ost_xerx	pending		
dialogue:CHARACTERMUSEUM_ACT1.TXT:41:ost_xpunkm1	dialogue-unit:ecacd31f36d2d51a	CHARACTERMUSEUM_ACT1.TXT	41	ost_xpunkm1	pending		
dialogue:CHARACTERMUSEUM_ACT1.TXT:42:ost_xpunkm2	dialogue-unit:6676ff18c9855748	CHARACTERMUSEUM_ACT1.TXT	42	ost_xpunkm2	pending		
dialogue:CHARACTERMUSEUM_ACT1.TXT:43:ost_zerenzki	dialogue-unit:2da82350822360bd	CHARACTERMUSEUM_ACT1.TXT	43	ost_zerenzki	pending		
dialogue:CHARACTERMUSEUM_ACT1.TXT:44:ost_zpunkf1	dialogue-unit:e0a13d5ef77dd3c6	CHARACTERMUSEUM_ACT1.TXT	44	ost_zpunkf1	pending		
dialogue:CHARACTERMUSEUM_ACT1.TXT:45:ost_zpunkm1	dialogue-unit:7634f904c750939e	CHARACTERMUSEUM_ACT1.TXT	45	ost_zpunkm1	pending		
dialogue:CHARACTERMUSEUM_ACT1.TXT:46:ost_zpunkm2	dialogue-unit:e20ca089caf88472	CHARACTERMUSEUM_ACT1.TXT	46	ost_zpunkm2	pending		
dialogue:CHARACTERMUSEUM_ACT1.TXT:47:ost_zvamp	dialogue-unit:59c9c3d8112174d6	CHARACTERMUSEUM_ACT1.TXT	47	ost_zvamp	pending		
dialogue:CHARACTERMUSEUM_ACT2.TXT:1:ost_brute	dialogue-unit:995b6fbccf5004be	CHARACTERMUSEUM_ACT2.TXT	1	ost_brute	pending		
dialogue:CHARACTERMUSEUM_ACT2.TXT:2:ost_cont	dialogue-unit:5e7fa47734335c56	CHARACTERMUSEUM_ACT2.TXT	2	ost_cont	pending		
dialogue:CHARACTERMUSEUM_ACT2.TXT:3:ost_dhamp	dialogue-unit:641cc54929e3d6db	CHARACTERMUSEUM_ACT2.TXT	3	ost_dhamp	pending		
dialogue:CHARACTERMUSEUM_ACT2.TXT:4:ost_dhampf	dialogue-unit:a4d5d32b57bc7f2b	CHARACTERMUSEUM_ACT2.TXT	4	ost_dhampf	pending		
dialogue:CHARACTERMUSEUM_ACT2.TXT:5:ost_dhampk	dialogue-unit:df4e5f81e9fb908c	CHARACTERMUSEUM_ACT2.TXT	5	ost_dhampk	pending		
dialogue:CHARACTERMUSEUM_ACT2.TXT:6:ost_ephemera	dialogue-unit:e979546fe65ba55a	CHARACTERMUSEUM_ACT2.TXT	6	ost_ephemera	pending		
dialogue:CHARACTERMUSEUM_ACT2.TXT:7:ost_epunkf1	dialogue-unit:e8e9f6c2854847df	CHARACTERMUSEUM_ACT2.TXT	7	ost_epunkf1	pending		
dialogue:CHARACTERMUSEUM_ACT2.TXT:8:ost_epunkf2	dialogue-unit:047b433773fa9814	CHARACTERMUSEUM_ACT2.TXT	8	ost_epunkf2	pending		
dialogue:CHARACTERMUSEUM_ACT2.TXT:9:ost_epunkm1	dialogue-unit:d177a87ffd861444	CHARACTERMUSEUM_ACT2.TXT	9	ost_epunkm1	pending		
dialogue:CHARACTERMUSEUM_ACT2.TXT:10:ost_esgoth	dialogue-unit:62b1ac9c1f37dab5	CHARACTERMUSEUM_ACT2.TXT	10	ost_esgoth	pending		
dialogue:CHARACTERMUSEUM_ACT2.TXT:11:ost_evamp	dialogue-unit:5e539e416cce9c2c	CHARACTERMUSEUM_ACT2.TXT	11	ost_evamp	pending		
dialogue:CHARACTERMUSEUM_ACT2.TXT:12:ost_ferril	dialogue-unit:d633ab240238f23c	CHARACTERMUSEUM_ACT2.TXT	12	ost_ferril	pending		
dialogue:CHARACTERMUSEUM_ACT2.TXT:13:ost_fpunkf1	dialogue-unit:2081ffb52e784bf7	CHARACTERMUSEUM_ACT2.TXT	13	ost_fpunkf1	pending		
dialogue:CHARACTERMUSEUM_ACT2.TXT:14:ost_fpunkf2	dialogue-unit:154a53cbdb0e3a6a	CHARACTERMUSEUM_ACT2.TXT	14	ost_fpunkf2	pending		
dialogue:CHARACTERMUSEUM_ACT2.TXT:15:ost_fpunkm1	dialogue-unit:9d7ff9b6c2869516	CHARACTERMUSEUM_ACT2.TXT	15	ost_fpunkm1	pending		
dialogue:CHARACTERMUSEUM_ACT2.TXT:16:ost_fpunkm2	dialogue-unit:0bba01d835a83837	CHARACTERMUSEUM_ACT2.TXT	16	ost_fpunkm2	pending		
dialogue:CHARACTERMUSEUM_ACT2.TXT:17:ost_fvamp	dialogue-unit:995b6fbccf5004be	CHARACTERMUSEUM_ACT2.TXT	17	ost_fvamp	pending		
dialogue:CHARACTERMUSEUM_ACT2.TXT:18:ost_genfemale1	dialogue-unit:3306f567f86848dd	CHARACTERMUSEUM_ACT2.TXT	18	ost_genfemale1	pending		
dialogue:CHARACTERMUSEUM_ACT2.TXT:19:ost_genfemale2	dialogue-unit:a2199bbdade03ad6	CHARACTERMUSEUM_ACT2.TXT	19	ost_genfemale2	pending		
dialogue:CHARACTERMUSEUM_ACT2.TXT:20:ost_genmale1	dialogue-unit:523f81b0d6ebd17b	CHARACTERMUSEUM_ACT2.TXT	20	ost_genmale1	pending		
dialogue:CHARACTERMUSEUM_ACT2.TXT:21:ost_genmale2	dialogue-unit:51906e59d3a37c4e	CHARACTERMUSEUM_ACT2.TXT	21	ost_genmale2	pending		
dialogue:CHARACTERMUSEUM_ACT2.TXT:22:ost_kagan	dialogue-unit:37ff30d6357e0d43	CHARACTERMUSEUM_ACT2.TXT	22	ost_kagan	pending		
dialogue:CHARACTERMUSEUM_ACT2.TXT:23:ost_kbioarmor	dialogue-unit:8f8e7b390389ff75	CHARACTERMUSEUM_ACT2.TXT	23	ost_kbioarmor	pending		
dialogue:CHARACTERMUSEUM_ACT2.TXT:24:ost_kimsui	dialogue-unit:d4115f4b11e04885	CHARACTERMUSEUM_ACT2.TXT	24	ost_kimsui	pending		
dialogue:CHARACTERMUSEUM_ACT2.TXT:25:ost_kvamp	dialogue-unit:9b185a3921b27214	CHARACTERMUSEUM_ACT2.TXT	25	ost_kvamp	pending		
dialogue:CHARACTERMUSEUM_ACT2.TXT:26:ost_lpunkm1	dialogue-unit:8b9cbd1789ded513	CHARACTERMUSEUM_ACT2.TXT	26	ost_lpunkm1	pending		
dialogue:CHARACTERMUSEUM_ACT2.TXT:27:ost_lpunkm2	dialogue-unit:098d33a6e402bdc1	CHARACTERMUSEUM_ACT2.TXT	27	ost_lpunkm2	pending		
dialogue:CHARACTERMUSEUM_ACT2.TXT:28:ost_lvamp	dialogue-unit:89c6888f91eee82c	CHARACTERMUSEUM_ACT2.TXT	28	ost_lvamp	pending		
dialogue:CHARACTERMUSEUM_ACT2.TXT:29:ost_mancow	dialogue-unit:d4e9cb935b07a212	CHARACTERMUSEUM_ACT2.TXT	29	ost_mancow	pending		
dialogue:CHARACTERMUSEUM_ACT2.TXT:30:ost_mora	dialogue-unit:61b632da4d049a3e	CHARACTERMUSEUM_ACT2.TXT	30	ost_mora	pending		
dialogue:CHARACTERMUSEUM_ACT2.TXT:31:ost_once	dialogue-unit:545d4c0140afa0bf	CHARACTERMUSEUM_ACT2.TXT	31	ost_once	pending		
dialogue:CHARACTERMUSEUM_ACT2.TXT:32:ost_police1	dialogue-unit:1b0e82632e50f1dc	CHARACTERMUSEUM_ACT2.TXT	32	ost_police1	pending		
dialogue:CHARACTERMUSEUM_ACT2.TXT:33:ost_police2	dialogue-unit:6437bebcd797c2a0	CHARACTERMUSEUM_ACT2.TXT	33	ost_police2	pending		
dialogue:CHARACTERMUSEUM_ACT2.TXT:34:ost_police3	dialogue-unit:c39dac183c76a1d8	CHARACTERMUSEUM_ACT2.TXT	34	ost_police3	pending		
dialogue:CHARACTERMUSEUM_ACT2.TXT:35:ost_raynedress	dialogue-unit:1893deb08da3af58	CHARACTERMUSEUM_ACT2.TXT	35	ost_raynedress	pending		
dialogue:CHARACTERMUSEUM_ACT2.TXT:36:ost_slezz	dialogue-unit:e5f93cfc25e44bdc	CHARACTERMUSEUM_ACT2.TXT	36	ost_slezz	pending		
dialogue:CHARACTERMUSEUM_ACT2.TXT:37:ost_spinauto	dialogue-unit:47a2aa83af356018	CHARACTERMUSEUM_ACT2.TXT	37	ost_spinauto	pending		
dialogue:CHARACTERMUSEUM_ACT2.TXT:38:ost_spinman	dialogue-unit:4ccb633cbb4a160f	CHARACTERMUSEUM_ACT2.TXT	38	ost_spinman	pending		
dialogue:CHARACTERMUSEUM_ACT2.TXT:39:ost_unraveler	dialogue-unit:afc4c53d183d6bab	CHARACTERMUSEUM_ACT2.TXT	39	ost_unraveler	pending		
dialogue:CHARACTERMUSEUM_ACT2.TXT:40:ost_upunkm1	dialogue-unit:3c3782e457eaa303	CHARACTERMUSEUM_ACT2.TXT	40	ost_upunkm1	pending		
dialogue:CHARACTERMUSEUM_ACT2.TXT:41:ost_upunkm2	dialogue-unit:daeca036b39c3654	CHARACTERMUSEUM_ACT2.TXT	41	ost_upunkm2	pending		
dialogue:CHARACTERMUSEUM_ACT2.TXT:42:ost_xerx	dialogue-unit:889b9b564d4e10c8	CHARACTERMUSEUM_ACT2.TXT	42	ost_xerx	pending		
dialogue:CHARACTERMUSEUM_ACT2.TXT:43:ost_xpunkm1	dialogue-unit:ecacd31f36d2d51a	CHARACTERMUSEUM_ACT2.TXT	43	ost_xpunkm1	pending		
dialogue:CHARACTERMUSEUM_ACT2.TXT:44:ost_xpunkm2	dialogue-unit:6676ff18c9855748	CHARACTERMUSEUM_ACT2.TXT	44	ost_xpunkm2	pending		
dialogue:CHARACTERMUSEUM_ACT2.TXT:45:ost_zerenzki	dialogue-unit:2da82350822360bd	CHARACTERMUSEUM_ACT2.TXT	45	ost_zerenzki	pending		
dialogue:CHARACTERMUSEUM_ACT2.TXT:46:ost_zpunkf1	dialogue-unit:cf7e5f24a84b09f5	CHARACTERMUSEUM_ACT2.TXT	46	ost_zpunkf1	pending		
dialogue:CHARACTERMUSEUM_ACT2.TXT:47:ost_zpunkm1	dialogue-unit:fa79ecfb5519b646	CHARACTERMUSEUM_ACT2.TXT	47	ost_zpunkm1	pending		
dialogue:CHARACTERMUSEUM_ACT2.TXT:48:ost_zpunkm2	dialogue-unit:11b62fe4ced8f3bc	CHARACTERMUSEUM_ACT2.TXT	48	ost_zpunkm2	pending		
dialogue:CHARACTERMUSEUM_ACT2.TXT:49:ost_zvamp	dialogue-unit:59c9c3d8112174d6	CHARACTERMUSEUM_ACT2.TXT	49	ost_zvamp	pending		
dialogue:CHARACTERMUSEUM_ACT3.TXT:1:ost_cont	dialogue-unit:5e7fa47734335c56	CHARACTERMUSEUM_ACT3.TXT	1	ost_cont	pending		
dialogue:CHARACTERMUSEUM_ACT3.TXT:2:ost_dhamp	dialogue-unit:641cc54929e3d6db	CHARACTERMUSEUM_ACT3.TXT	2	ost_dhamp	pending		
dialogue:CHARACTERMUSEUM_ACT3.TXT:3:ost_dhampf	dialogue-unit:a4d5d32b57bc7f2b	CHARACTERMUSEUM_ACT3.TXT	3	ost_dhampf	pending		
dialogue:CHARACTERMUSEUM_ACT3.TXT:4:ost_dhampk	dialogue-unit:df4e5f81e9fb908c	CHARACTERMUSEUM_ACT3.TXT	4	ost_dhampk	pending		
dialogue:CHARACTERMUSEUM_ACT3.TXT:5:ost_ephemera	dialogue-unit:e979546fe65ba55a	CHARACTERMUSEUM_ACT3.TXT	5	ost_ephemera	pending		
dialogue:CHARACTERMUSEUM_ACT3.TXT:6:ost_epunkf1	dialogue-unit:e8e9f6c2854847df	CHARACTERMUSEUM_ACT3.TXT	6	ost_epunkf1	pending		
dialogue:CHARACTERMUSEUM_ACT3.TXT:7:ost_epunkf2	dialogue-unit:047b433773fa9814	CHARACTERMUSEUM_ACT3.TXT	7	ost_epunkf2	pending		
dialogue:CHARACTERMUSEUM_ACT3.TXT:8:ost_epunkm1	dialogue-unit:d177a87ffd861444	CHARACTERMUSEUM_ACT3.TXT	8	ost_epunkm1	pending		
dialogue:CHARACTERMUSEUM_ACT3.TXT:9:ost_esgoth	dialogue-unit:62b1ac9c1f37dab5	CHARACTERMUSEUM_ACT3.TXT	9	ost_esgoth	pending		
dialogue:CHARACTERMUSEUM_ACT3.TXT:10:ost_evamp	dialogue-unit:5e539e416cce9c2c	CHARACTERMUSEUM_ACT3.TXT	10	ost_evamp	pending		
dialogue:CHARACTERMUSEUM_ACT3.TXT:11:ost_ferril	dialogue-unit:d633ab240238f23c	CHARACTERMUSEUM_ACT3.TXT	11	ost_ferril	pending		
dialogue:CHARACTERMUSEUM_ACT3.TXT:12:ost_fpunkf1	dialogue-unit:2081ffb52e784bf7	CHARACTERMUSEUM_ACT3.TXT	12	ost_fpunkf1	pending		
dialogue:CHARACTERMUSEUM_ACT3.TXT:13:ost_fpunkf2	dialogue-unit:154a53cbdb0e3a6a	CHARACTERMUSEUM_ACT3.TXT	13	ost_fpunkf2	pending		
dialogue:CHARACTERMUSEUM_ACT3.TXT:14:ost_fpunkm1	dialogue-unit:9d7ff9b6c2869516	CHARACTERMUSEUM_ACT3.TXT	14	ost_fpunkm1	pending		
dialogue:CHARACTERMUSEUM_ACT3.TXT:15:ost_fpunkm2	dialogue-unit:0bba01d835a83837	CHARACTERMUSEUM_ACT3.TXT	15	ost_fpunkm2	pending		
dialogue:CHARACTERMUSEUM_ACT3.TXT:16:ost_fvamp	dialogue-unit:995b6fbccf5004be	CHARACTERMUSEUM_ACT3.TXT	16	ost_fvamp	pending		
dialogue:CHARACTERMUSEUM_ACT3.TXT:17:ost_genfemale1	dialogue-unit:3306f567f86848dd	CHARACTERMUSEUM_ACT3.TXT	17	ost_genfemale1	pending		
dialogue:CHARACTERMUSEUM_ACT3.TXT:18:ost_genfemale2	dialogue-unit:a2199bbdade03ad6	CHARACTERMUSEUM_ACT3.TXT	18	ost_genfemale2	pending		
dialogue:CHARACTERMUSEUM_ACT3.TXT:19:ost_genmale1	dialogue-unit:523f81b0d6ebd17b	CHARACTERMUSEUM_ACT3.TXT	19	ost_genmale1	pending		
dialogue:CHARACTERMUSEUM_ACT3.TXT:20:ost_genmale2	dialogue-unit:51906e59d3a37c4e	CHARACTERMUSEUM_ACT3.TXT	20	ost_genmale2	pending		
dialogue:CHARACTERMUSEUM_ACT3.TXT:21:ost_kagan	dialogue-unit:37ff30d6357e0d43	CHARACTERMUSEUM_ACT3.TXT	21	ost_kagan	pending		
dialogue:CHARACTERMUSEUM_ACT3.TXT:22:ost_kbioarmor	dialogue-unit:8f8e7b390389ff75	CHARACTERMUSEUM_ACT3.TXT	22	ost_kbioarmor	pending		
dialogue:CHARACTERMUSEUM_ACT3.TXT:23:ost_kimsui	dialogue-unit:d4115f4b11e04885	CHARACTERMUSEUM_ACT3.TXT	23	ost_kimsui	pending		
dialogue:CHARACTERMUSEUM_ACT3.TXT:24:ost_kvamp	dialogue-unit:9b185a3921b27214	CHARACTERMUSEUM_ACT3.TXT	24	ost_kvamp	pending		
dialogue:CHARACTERMUSEUM_ACT3.TXT:25:ost_lpunkm1	dialogue-unit:8b9cbd1789ded513	CHARACTERMUSEUM_ACT3.TXT	25	ost_lpunkm1	pending		
dialogue:CHARACTERMUSEUM_ACT3.TXT:26:ost_lpunkm2	dialogue-unit:098d33a6e402bdc1	CHARACTERMUSEUM_ACT3.TXT	26	ost_lpunkm2	pending		
dialogue:CHARACTERMUSEUM_ACT3.TXT:27:ost_lvamp	dialogue-unit:89c6888f91eee82c	CHARACTERMUSEUM_ACT3.TXT	27	ost_lvamp	pending		
dialogue:CHARACTERMUSEUM_ACT3.TXT:28:ost_mora	dialogue-unit:61b632da4d049a3e	CHARACTERMUSEUM_ACT3.TXT	28	ost_mora	pending		
dialogue:CHARACTERMUSEUM_ACT3.TXT:29:ost_once	dialogue-unit:545d4c0140afa0bf	CHARACTERMUSEUM_ACT3.TXT	29	ost_once	pending		
dialogue:CHARACTERMUSEUM_ACT3.TXT:30:ost_police1	dialogue-unit:1b0e82632e50f1dc	CHARACTERMUSEUM_ACT3.TXT	30	ost_police1	pending		
dialogue:CHARACTERMUSEUM_ACT3.TXT:31:ost_police2	dialogue-unit:6437bebcd797c2a0	CHARACTERMUSEUM_ACT3.TXT	31	ost_police2	pending		
dialogue:CHARACTERMUSEUM_ACT3.TXT:32:ost_police3	dialogue-unit:c39dac183c76a1d8	CHARACTERMUSEUM_ACT3.TXT	32	ost_police3	pending		
dialogue:CHARACTERMUSEUM_ACT3.TXT:33:ost_raynedress	dialogue-unit:1893deb08da3af58	CHARACTERMUSEUM_ACT3.TXT	33	ost_raynedress	pending		
dialogue:CHARACTERMUSEUM_ACT3.TXT:34:ost_spinauto	dialogue-unit:47a2aa83af356018	CHARACTERMUSEUM_ACT3.TXT	34	ost_spinauto	pending		
dialogue:CHARACTERMUSEUM_ACT3.TXT:35:ost_spinman	dialogue-unit:4ccb633cbb4a160f	CHARACTERMUSEUM_ACT3.TXT	35	ost_spinman	pending		
dialogue:CHARACTERMUSEUM_ACT3.TXT:36:ost_unraveler	dialogue-unit:afc4c53d183d6bab	CHARACTERMUSEUM_ACT3.TXT	36	ost_unraveler	pending		
dialogue:CHARACTERMUSEUM_ACT3.TXT:37:ost_upunkm1	dialogue-unit:3c3782e457eaa303	CHARACTERMUSEUM_ACT3.TXT	37	ost_upunkm1	pending		
dialogue:CHARACTERMUSEUM_ACT3.TXT:38:ost_upunkm2	dialogue-unit:daeca036b39c3654	CHARACTERMUSEUM_ACT3.TXT	38	ost_upunkm2	pending		
dialogue:CHARACTERMUSEUM_ACT3.TXT:39:ost_xerx	dialogue-unit:889b9b564d4e10c8	CHARACTERMUSEUM_ACT3.TXT	39	ost_xerx	pending		
dialogue:CHARACTERMUSEUM_ACT3.TXT:40:ost_xpunkm1	dialogue-unit:ecacd31f36d2d51a	CHARACTERMUSEUM_ACT3.TXT	40	ost_xpunkm1	pending		
dialogue:CHARACTERMUSEUM_ACT3.TXT:41:ost_xpunkm2	dialogue-unit:6676ff18c9855748	CHARACTERMUSEUM_ACT3.TXT	41	ost_xpunkm2	pending		
dialogue:CHARACTERMUSEUM_ACT3.TXT:42:ost_zerenzki	dialogue-unit:2da82350822360bd	CHARACTERMUSEUM_ACT3.TXT	42	ost_zerenzki	pending		
dialogue:CHARACTERMUSEUM_ACT3.TXT:43:ost_zpunkf1	dialogue-unit:cf7e5f24a84b09f5	CHARACTERMUSEUM_ACT3.TXT	43	ost_zpunkf1	pending		
dialogue:CHARACTERMUSEUM_ACT3.TXT:44:ost_zpunkm1	dialogue-unit:fa79ecfb5519b646	CHARACTERMUSEUM_ACT3.TXT	44	ost_zpunkm1	pending		
dialogue:CHARACTERMUSEUM_ACT3.TXT:45:ost_zpunkm2	dialogue-unit:11b62fe4ced8f3bc	CHARACTERMUSEUM_ACT3.TXT	45	ost_zpunkm2	pending		
dialogue:CHARACTERMUSEUM_ACT3.TXT:46:ost_zvamp	dialogue-unit:59c9c3d8112174d6	CHARACTERMUSEUM_ACT3.TXT	46	ost_zvamp	pending		
dialogue:CHARACTERMUSEUM_APRIL.TXT:1:ost_cont	dialogue-unit:5e7fa47734335c56	CHARACTERMUSEUM_APRIL.TXT	1	ost_cont	pending		
dialogue:CHARACTERMUSEUM_APRIL.TXT:2:ost_fvamp	dialogue-unit:995b6fbccf5004be	CHARACTERMUSEUM_APRIL.TXT	2	ost_fvamp	pending		
dialogue:CHARACTERMUSEUM_APRIL.TXT:3:ost_mancow	dialogue-unit:d4e9cb935b07a212	CHARACTERMUSEUM_APRIL.TXT	3	ost_mancow	pending		
dialogue:CHARACTERMUSEUM_APRIL.TXT:4:ost_once	dialogue-unit:545d4c0140afa0bf	CHARACTERMUSEUM_APRIL.TXT	4	ost_once	pending		
dialogue:CHARACTERMUSEUM_APRIL.TXT:5:ost_severin	dialogue-unit:1e63a7dfc2b1bc12	CHARACTERMUSEUM_APRIL.TXT	5	ost_severin	pending		
dialogue:CHARACTERMUSEUM_APRIL.TXT:6:ost_spinauto	dialogue-unit:47a2aa83af356018	CHARACTERMUSEUM_APRIL.TXT	6	ost_spinauto	pending		
dialogue:CHARACTERMUSEUM_APRIL.TXT:7:ost_spinman	dialogue-unit:4ccb633cbb4a160f	CHARACTERMUSEUM_APRIL.TXT	7	ost_spinman	pending		
dialogue:CHARACTERMUSEUM_MARCH.TXT:1:ost_cont	dialogue-unit:5e7fa47734335c56	CHARACTERMUSEUM_MARCH.TXT	1	ost_cont	pending		
dialogue:CHARACTERMUSEUM_MARCH.TXT:2:ost_dhamp	dialogue-unit:6605a81b36d7ed75	CHARACTERMUSEUM_MARCH.TXT	2	ost_dhamp	pending		
dialogue:CHARACTERMUSEUM_MARCH.TXT:3:ost_dhampf	dialogue-unit:ffbcd3c3029823d6	CHARACTERMUSEUM_MARCH.TXT	3	ost_dhampf	pending		
dialogue:CHARACTERMUSEUM_MARCH.TXT:4:ost_ephemera	dialogue-unit:e979546fe65ba55a	CHARACTERMUSEUM_MARCH.TXT	4	ost_ephemera	pending		
dialogue:CHARACTERMUSEUM_MARCH.TXT:5:ost_epunkf1	dialogue-unit:e8e9f6c2854847df	CHARACTERMUSEUM_MARCH.TXT	5	ost_epunkf1	pending		
dialogue:CHARACTERMUSEUM_MARCH.TXT:6:ost_epunkf2	dialogue-unit:047b433773fa9814	CHARACTERMUSEUM_MARCH.TXT	6	ost_epunkf2	pending		
dialogue:CHARACTERMUSEUM_MARCH.TXT:7:ost_epunkm1	dialogue-unit:d177a87ffd861444	CHARACTERMUSEUM_MARCH.TXT	7	ost_epunkm1	pending		
dialogue:CHARACTERMUSEUM_MARCH.TXT:8:ost_esgoth	dialogue-unit:62b1ac9c1f37dab5	CHARACTERMUSEUM_MARCH.TXT	8	ost_esgoth	pending		
dialogue:CHARACTERMUSEUM_MARCH.TXT:9:ost_evamp	dialogue-unit:5e539e416cce9c2c	CHARACTERMUSEUM_MARCH.TXT	9	ost_evamp	pending		
dialogue:CHARACTERMUSEUM_MARCH.TXT:10:ost_ferril	dialogue-unit:d633ab240238f23c	CHARACTERMUSEUM_MARCH.TXT	10	ost_ferril	pending		
dialogue:CHARACTERMUSEUM_MARCH.TXT:11:ost_fpunkf1	dialogue-unit:2081ffb52e784bf7	CHARACTERMUSEUM_MARCH.TXT	11	ost_fpunkf1	pending		
dialogue:CHARACTERMUSEUM_MARCH.TXT:12:ost_fpunkf2	dialogue-unit:154a53cbdb0e3a6a	CHARACTERMUSEUM_MARCH.TXT	12	ost_fpunkf2	pending		
dialogue:CHARACTERMUSEUM_MARCH.TXT:13:ost_fpunkm1	dialogue-unit:9d7ff9b6c2869516	CHARACTERMUSEUM_MARCH.TXT	13	ost_fpunkm1	pending		
dialogue:CHARACTERMUSEUM_MARCH.TXT:14:ost_fpunkm2	dialogue-unit:0bba01d835a83837	CHARACTERMUSEUM_MARCH.TXT	14	ost_fpunkm2	pending		
dialogue:CHARACTERMUSEUM_MARCH.TXT:15:ost_fvamp	dialogue-unit:995b6fbccf5004be	CHARACTERMUSEUM_MARCH.TXT	15	ost_fvamp	pending		
dialogue:CHARACTERMUSEUM_MARCH.TXT:16:ost_genfemale1	dialogue-unit:3306f567f86848dd	CHARACTERMUSEUM_MARCH.TXT	16	ost_genfemale1	pending		
dialogue:CHARACTERMUSEUM_MARCH.TXT:17:ost_genfemale2	dialogue-unit:a2199bbdade03ad6	CHARACTERMUSEUM_MARCH.TXT	17	ost_genfemale2	pending		
dialogue:CHARACTERMUSEUM_MARCH.TXT:18:ost_genmale1	dialogue-unit:523f81b0d6ebd17b	CHARACTERMUSEUM_MARCH.TXT	18	ost_genmale1	pending		
dialogue:CHARACTERMUSEUM_MARCH.TXT:19:ost_genmale2	dialogue-unit:51906e59d3a37c4e	CHARACTERMUSEUM_MARCH.TXT	19	ost_genmale2	pending		
dialogue:CHARACTERMUSEUM_MARCH.TXT:20:ost_kagan	dialogue-unit:37ff30d6357e0d43	CHARACTERMUSEUM_MARCH.TXT	20	ost_kagan	pending		
dialogue:CHARACTERMUSEUM_MARCH.TXT:21:ost_kimsui	dialogue-unit:d4115f4b11e04885	CHARACTERMUSEUM_MARCH.TXT	21	ost_kimsui	pending		
dialogue:CHARACTERMUSEUM_MARCH.TXT:22:ost_kvamp	dialogue-unit:9b185a3921b27214	CHARACTERMUSEUM_MARCH.TXT	22	ost_kvamp	pending		
dialogue:CHARACTERMUSEUM_MARCH.TXT:23:ost_lpunkm1	dialogue-unit:8b9cbd1789ded513	CHARACTERMUSEUM_MARCH.TXT	23	ost_lpunkm1	pending		
dialogue:CHARACTERMUSEUM_MARCH.TXT:24:ost_lpunkm2	dialogue-unit:098d33a6e402bdc1	CHARACTERMUSEUM_MARCH.TXT	24	ost_lpunkm2	pending		
dialogue:CHARACTERMUSEUM_MARCH.TXT:25:ost_lvamp	dialogue-unit:89c6888f91eee82c	CHARACTERMUSEUM_MARCH.TXT	25	ost_lvamp	pending		
dialogue:CHARACTERMUSEUM_MARCH.TXT:26:ost_mora	dialogue-unit:61b632da4d049a3e	CHARACTERMUSEUM_MARCH.TXT	26	ost_mora	pending		
dialogue:CHARACTERMUSEUM_MARCH.TXT:27:ost_once	dialogue-unit:545d4c0140afa0bf	CHARACTERMUSEUM_MARCH.TXT	27	ost_once	pending		
dialogue:CHARACTERMUSEUM_MARCH.TXT:28:ost_police1	dialogue-unit:1b0e82632e50f1dc	CHARACTERMUSEUM_MARCH.TXT	28	ost_police1	pending		
dialogue:CHARACTERMUSEUM_MARCH.TXT:29:ost_police2	dialogue-unit:6437bebcd797c2a0	CHARACTERMUSEUM_MARCH.TXT	29	ost_police2	pending		
dialogue:CHARACTERMUSEUM_MARCH.TXT:30:ost_police3	dialogue-unit:c39dac183c76a1d8	CHARACTERMUSEUM_MARCH.TXT	30	ost_police3	pending		
dialogue:CHARACTERMUSEUM_MARCH.TXT:31:ost_raynedress	dialogue-unit:1893deb08da3af58	CHARACTERMUSEUM_MARCH.TXT	31	ost_raynedress	pending		
dialogue:CHARACTERMUSEUM_MARCH.TXT:32:ost_spinauto	dialogue-unit:47a2aa83af356018	CHARACTERMUSEUM_MARCH.TXT	32	ost_spinauto	pending		
dialogue:CHARACTERMUSEUM_MARCH.TXT:33:ost_spinman	dialogue-unit:4ccb633cbb4a160f	CHARACTERMUSEUM_MARCH.TXT	33	ost_spinman	pending		
dialogue:CHARACTERMUSEUM_MARCH.TXT:34:ost_unraveler	dialogue-unit:afc4c53d183d6bab	CHARACTERMUSEUM_MARCH.TXT	34	ost_unraveler	pending		
dialogue:CHARACTERMUSEUM_MARCH.TXT:35:ost_upunkm1	dialogue-unit:3c3782e457eaa303	CHARACTERMUSEUM_MARCH.TXT	35	ost_upunkm1	pending		
dialogue:CHARACTERMUSEUM_MARCH.TXT:36:ost_upunkm2	dialogue-unit:daeca036b39c3654	CHARACTERMUSEUM_MARCH.TXT	36	ost_upunkm2	pending		
dialogue:CHARACTERMUSEUM_MARCH.TXT:37:ost_xerx	dialogue-unit:889b9b564d4e10c8	CHARACTERMUSEUM_MARCH.TXT	37	ost_xerx	pending		
dialogue:CHARACTERMUSEUM_MARCH.TXT:38:ost_xpunkm1	dialogue-unit:ecacd31f36d2d51a	CHARACTERMUSEUM_MARCH.TXT	38	ost_xpunkm1	pending		
dialogue:CHARACTERMUSEUM_MARCH.TXT:39:ost_xpunkm2	dialogue-unit:6676ff18c9855748	CHARACTERMUSEUM_MARCH.TXT	39	ost_xpunkm2	pending		
dialogue:CHARACTERMUSEUM_MARCH.TXT:40:ost_zerenzki	dialogue-unit:2da82350822360bd	CHARACTERMUSEUM_MARCH.TXT	40	ost_zerenzki	pending		
dialogue:CHARACTERMUSEUM_MARCH.TXT:41:ost_zpunkf1	dialogue-unit:cf7e5f24a84b09f5	CHARACTERMUSEUM_MARCH.TXT	41	ost_zpunkf1	pending		
dialogue:CHARACTERMUSEUM_MARCH.TXT:42:ost_zpunkm1	dialogue-unit:fa79ecfb5519b646	CHARACTERMUSEUM_MARCH.TXT	42	ost_zpunkm1	pending		
dialogue:CHARACTERMUSEUM_MARCH.TXT:43:ost_zpunkm2	dialogue-unit:11b62fe4ced8f3bc	CHARACTERMUSEUM_MARCH.TXT	43	ost_zpunkm2	pending		
dialogue:CHARACTERMUSEUM_MARCH.TXT:44:ost_zvamp	dialogue-unit:59c9c3d8112174d6	CHARACTERMUSEUM_MARCH.TXT	44	ost_zvamp	pending		
dialogue:CHARTEST2.TXT:1:ost_boar	dialogue-unit:45ba32531bcc7097	CHARTEST2.TXT	1	ost_boar	pending		
dialogue:CHARTEST2.TXT:2:ost_boar2	dialogue-unit:fa9733b70dfacd34	CHARTEST2.TXT	2	ost_boar2	pending		
dialogue:CHARTEST2.TXT:3:ost_brute	dialogue-unit:748ebb1de9be991f	CHARTEST2.TXT	3	ost_brute	pending		
dialogue:CHARTEST2.TXT:4:ost_dhampir	dialogue-unit:8578bfdb5c486b94	CHARTEST2.TXT	4	ost_dhampir	pending		
dialogue:CHARTEST2.TXT:5:ost_ephemeraninjaf	dialogue-unit:647541e23bed29b6	CHARTEST2.TXT	5	ost_ephemeraninjaf	pending		
dialogue:CHARTEST2.TXT:6:ost_ferril	dialogue-unit:d633ab240238f23c	CHARTEST2.TXT	6	ost_ferril	pending		
dialogue:CHARTEST2.TXT:7:ost_ferrilpunkf1	dialogue-unit:0e7f9eca3e522e8c	CHARTEST2.TXT	7	ost_ferrilpunkf1	pending		
dialogue:CHARTEST2.TXT:8:ost_ferrilpunkf2	dialogue-unit:70a809dcec10e488	CHARTEST2.TXT	8	ost_ferrilpunkf2	pending		
dialogue:CHARTEST2.TXT:9:ost_foreman	dialogue-unit:9a8dfbdf989a6578	CHARTEST2.TXT	9	ost_foreman	pending		
dialogue:CHARTEST2.TXT:10:ost_kagan	dialogue-unit:37ff30d6357e0d43	CHARTEST2.TXT	10	ost_kagan	pending		
dialogue:CHARTEST2.TXT:11:ost_kimsui	dialogue-unit:d4115f4b11e04885	CHARTEST2.TXT	11	ost_kimsui	pending		
dialogue:CHARTEST2.TXT:12:ost_lockdown_minion_1	dialogue-unit:331589628e76cdce	CHARTEST2.TXT	12	ost_lockdown_minion_1	pending		
dialogue:CHARTEST2.TXT:13:ost_lockdown_minion_2	dialogue-unit:dda067af9f6e8087	CHARTEST2.TXT	13	ost_lockdown_minion_2	pending		
dialogue:CHARTEST2.TXT:14:ost_lockdown_turned_vamp	dialogue-unit:7723e2406aef6636	CHARTEST2.TXT	14	ost_lockdown_turned_vamp	pending		
dialogue:CHARTEST2.TXT:15:ost_mora	dialogue-unit:61b632da4d049a3e	CHARTEST2.TXT	15	ost_mora	pending		
dialogue:CHARTEST2.TXT:16:ost_orbitdisabled	dialogue-unit:b0b987762cfad6a0	CHARTEST2.TXT	16	ost_orbitdisabled	pending		
dialogue:CHARTEST2.TXT:17:ost_orbitenabled	dialogue-unit:ff763e943dfbf8ad	CHARTEST2.TXT	17	ost_orbitenabled	pending		
dialogue:CHARTEST2.TXT:18:ost_unraveler	dialogue-unit:afc4c53d183d6bab	CHARTEST2.TXT	18	ost_unraveler	pending		
dialogue:CHARTEST2.TXT:19:ost_zerenzki	dialogue-unit:2da82350822360bd	CHARTEST2.TXT	19	ost_zerenzki	pending		
dialogue:CHARTEST3.TXT:1:ost_brute	dialogue-unit:748ebb1de9be991f	CHARTEST3.TXT	1	ost_brute	pending		
dialogue:CHARTEST3.TXT:2:ost_dhampir	dialogue-unit:8578bfdb5c486b94	CHARTEST3.TXT	2	ost_dhampir	pending		
dialogue:CHARTEST3.TXT:3:ost_ephemera	dialogue-unit:e979546fe65ba55a	CHARTEST3.TXT	3	ost_ephemera	pending		
dialogue:CHARTEST3.TXT:4:ost_ephemeraninjaf	dialogue-unit:97304f8084f00586	CHARTEST3.TXT	4	ost_ephemeraninjaf	pending		
dialogue:CHARTEST3.TXT:5:ost_ephemeraninjaf2	dialogue-unit:6e9dde863e3b63af	CHARTEST3.TXT	5	ost_ephemeraninjaf2	pending		
dialogue:CHARTEST3.TXT:6:ost_ephemerapunkm1	dialogue-unit:4601e0b8fe2cdd98	CHARTEST3.TXT	6	ost_ephemerapunkm1	pending		
dialogue:CHARTEST3.TXT:7:ost_ephemerapunkm2	dialogue-unit:5445e44f35ec1be2	CHARTEST3.TXT	7	ost_ephemerapunkm2	pending		
dialogue:CHARTEST3.TXT:8:ost_esgoth	dialogue-unit:62b1ac9c1f37dab5	CHARTEST3.TXT	8	ost_esgoth	pending		
dialogue:CHARTEST3.TXT:9:ost_ferrilpunkf1	dialogue-unit:0e7f9eca3e522e8c	CHARTEST3.TXT	9	ost_ferrilpunkf1	pending		
dialogue:CHARTEST3.TXT:10:ost_ferrilpunkf2	dialogue-unit:70a809dcec10e488	CHARTEST3.TXT	10	ost_ferrilpunkf2	pending		
dialogue:CHARTEST3.TXT:11:ost_foreman	dialogue-unit:9a8dfbdf989a6578	CHARTEST3.TXT	11	ost_foreman	pending		
dialogue:CHARTEST3.TXT:12:ost_kagan	dialogue-unit:37ff30d6357e0d43	CHARTEST3.TXT	12	ost_kagan	pending		
dialogue:CHARTEST3.TXT:13:ost_kimsui	dialogue-unit:d4115f4b11e04885	CHARTEST3.TXT	13	ost_kimsui	pending		
dialogue:CHARTEST3.TXT:14:ost_orbitdisabled	dialogue-unit:b0b987762cfad6a0	CHARTEST3.TXT	14	ost_orbitdisabled	pending		
dialogue:CHARTEST3.TXT:15:ost_orbitenabled	dialogue-unit:ff763e943dfbf8ad	CHARTEST3.TXT	15	ost_orbitenabled	pending		
dialogue:CHARTEST3.TXT:16:ost_slezz	dialogue-unit:e5f93cfc25e44bdc	CHARTEST3.TXT	16	ost_slezz	pending		
dialogue:CHARTEST4.TXT:1:ost_brute	dialogue-unit:748ebb1de9be991f	CHARTEST4.TXT	1	ost_brute	pending		
dialogue:CHARTEST4.TXT:2:ost_dhampir	dialogue-unit:8578bfdb5c486b94	CHARTEST4.TXT	2	ost_dhampir	pending		
dialogue:CHARTEST4.TXT:3:ost_ephemera	dialogue-unit:e979546fe65ba55a	CHARTEST4.TXT	3	ost_ephemera	pending		
dialogue:CHARTEST4.TXT:4:ost_ephemeraninjaf	dialogue-unit:97304f8084f00586	CHARTEST4.TXT	4	ost_ephemeraninjaf	pending		
dialogue:CHARTEST4.TXT:5:ost_ephemerapunkm1	dialogue-unit:4601e0b8fe2cdd98	CHARTEST4.TXT	5	ost_ephemerapunkm1	pending		
dialogue:CHARTEST4.TXT:6:ost_ephemerapunkm2	dialogue-unit:5445e44f35ec1be2	CHARTEST4.TXT	6	ost_ephemerapunkm2	pending		
dialogue:CHARTEST4.TXT:7:ost_esgoth	dialogue-unit:62b1ac9c1f37dab5	CHARTEST4.TXT	7	ost_esgoth	pending		
dialogue:CHARTEST4.TXT:8:ost_ferrilpunkf1	dialogue-unit:0e7f9eca3e522e8c	CHARTEST4.TXT	8	ost_ferrilpunkf1	pending		
dialogue:CHARTEST4.TXT:9:ost_ferrilpunkf2	dialogue-unit:70a809dcec10e488	CHARTEST4.TXT	9	ost_ferrilpunkf2	pending		
dialogue:CHARTEST4.TXT:10:ost_foreman	dialogue-unit:9a8dfbdf989a6578	CHARTEST4.TXT	10	ost_foreman	pending		
dialogue:CHARTEST4.TXT:11:ost_kagan	dialogue-unit:37ff30d6357e0d43	CHARTEST4.TXT	11	ost_kagan	pending		
dialogue:CHARTEST4.TXT:12:ost_kimsui	dialogue-unit:d4115f4b11e04885	CHARTEST4.TXT	12	ost_kimsui	pending		
dialogue:CHARTEST4.TXT:13:ost_orbitdisabled	dialogue-unit:b0b987762cfad6a0	CHARTEST4.TXT	13	ost_orbitdisabled	pending		
dialogue:CHARTEST4.TXT:14:ost_orbitenabled	dialogue-unit:ff763e943dfbf8ad	CHARTEST4.TXT	14	ost_orbitenabled	pending		
dialogue:CHARTEST4.TXT:15:ost_shadowlegion	dialogue-unit:8b5cf45816f15fcc	CHARTEST4.TXT	15	ost_shadowlegion	pending		
dialogue:CHARTEST4.TXT:16:ost_slezz	dialogue-unit:e5f93cfc25e44bdc	CHARTEST4.TXT	16	ost_slezz	pending		
dialogue:CHARTEST4.TXT:17:ost_unpunk1	dialogue-unit:2fcbb020c747ade7	CHARTEST4.TXT	17	ost_unpunk1	pending		
dialogue:CHARTEST4.TXT:18:ost_unpunk2	dialogue-unit:35a8d2fae1c576a7	CHARTEST4.TXT	18	ost_unpunk2	pending		
dialogue:CHARTEST4.TXT:19:ost_xerxmale1	dialogue-unit:ecacd31f36d2d51a	CHARTEST4.TXT	19	ost_xerxmale1	pending		
dialogue:CHARTEST4.TXT:20:ost_xerxmale2	dialogue-unit:6676ff18c9855748	CHARTEST4.TXT	20	ost_xerxmale2	pending		
dialogue:CHARTEST5.TXT:1:ost_bioarmor	dialogue-unit:296091f0d9337513	CHARTEST5.TXT	1	ost_bioarmor	pending		
dialogue:CHARTEST5.TXT:2:ost_brute	dialogue-unit:748ebb1de9be991f	CHARTEST5.TXT	2	ost_brute	pending		
dialogue:CHARTEST5.TXT:3:ost_cop1	dialogue-unit:1b0e82632e50f1dc	CHARTEST5.TXT	3	ost_cop1	pending		
dialogue:CHARTEST5.TXT:4:ost_cop2	dialogue-unit:6437bebcd797c2a0	CHARTEST5.TXT	4	ost_cop2	pending		
dialogue:CHARTEST5.TXT:5:ost_cop3	dialogue-unit:725fd613b09191a2	CHARTEST5.TXT	5	ost_cop3	pending		
dialogue:CHARTEST5.TXT:6:ost_dhampir	dialogue-unit:8578bfdb5c486b94	CHARTEST5.TXT	6	ost_dhampir	pending		
dialogue:CHARTEST5.TXT:7:ost_ephemera	dialogue-unit:e979546fe65ba55a	CHARTEST5.TXT	7	ost_ephemera	pending		
dialogue:CHARTEST5.TXT:8:ost_ephemeraninjaf	dialogue-unit:97304f8084f00586	CHARTEST5.TXT	8	ost_ephemeraninjaf	pending		
dialogue:CHARTEST5.TXT:9:ost_ephemerapunkm1	dialogue-unit:4601e0b8fe2cdd98	CHARTEST5.TXT	9	ost_ephemerapunkm1	pending		
dialogue:CHARTEST5.TXT:10:ost_ephemerapunkm2	dialogue-unit:5445e44f35ec1be2	CHARTEST5.TXT	10	ost_ephemerapunkm2	pending		
dialogue:CHARTEST5.TXT:11:ost_esgoth	dialogue-unit:62b1ac9c1f37dab5	CHARTEST5.TXT	11	ost_esgoth	pending		
dialogue:CHARTEST5.TXT:12:ost_ferrilpunkf1	dialogue-unit:0e7f9eca3e522e8c	CHARTEST5.TXT	12	ost_ferrilpunkf1	pending		
dialogue:CHARTEST5.TXT:13:ost_ferrilpunkf2	dialogue-unit:70a809dcec10e488	CHARTEST5.TXT	13	ost_ferrilpunkf2	pending		
dialogue:CHARTEST5.TXT:14:ost_foreman	dialogue-unit:9a8dfbdf989a6578	CHARTEST5.TXT	14	ost_foreman	pending		
dialogue:CHARTEST5.TXT:15:ost_kagan	dialogue-unit:37ff30d6357e0d43	CHARTEST5.TXT	15	ost_kagan	pending		
dialogue:CHARTEST5.TXT:16:ost_kimsui	dialogue-unit:d4115f4b11e04885	CHARTEST5.TXT	16	ost_kimsui	pending		
dialogue:CHARTEST5.TXT:17:ost_orbitdisabled	dialogue-unit:b0b987762cfad6a0	CHARTEST5.TXT	17	ost_orbitdisabled	pending		
dialogue:CHARTEST5.TXT:18:ost_orbitenabled	dialogue-unit:ff763e943dfbf8ad	CHARTEST5.TXT	18	ost_orbitenabled	pending		
dialogue:CHARTEST5.TXT:19:ost_partyfemale1	dialogue-unit:df34bf164b5ee8ef	CHARTEST5.TXT	19	ost_partyfemale1	pending		
dialogue:CHARTEST5.TXT:20:ost_partyfemale2	dialogue-unit:1906311c62b1b625	CHARTEST5.TXT	20	ost_partyfemale2	pending		
dialogue:CHARTEST5.TXT:21:ost_partymale1	dialogue-unit:7634f904c750939e	CHARTEST5.TXT	21	ost_partymale1	pending		
dialogue:CHARTEST5.TXT:22:ost_partymale2	dialogue-unit:e20ca089caf88472	CHARTEST5.TXT	22	ost_partymale2	pending		
dialogue:CHARTEST5.TXT:23:ost_rayne_dress	dialogue-unit:73ede58ccfdb6f6b	CHARTEST5.TXT	23	ost_rayne_dress	pending		
dialogue:CHARTEST5.TXT:24:ost_shadowlegion	dialogue-unit:8b5cf45816f15fcc	CHARTEST5.TXT	24	ost_shadowlegion	pending		
dialogue:CHARTEST5.TXT:25:ost_slezz	dialogue-unit:e5f93cfc25e44bdc	CHARTEST5.TXT	25	ost_slezz	pending		
dialogue:CHARTEST5.TXT:26:ost_unpunk1	dialogue-unit:2fcbb020c747ade7	CHARTEST5.TXT	26	ost_unpunk1	pending		
dialogue:CHARTEST5.TXT:27:ost_unpunk2	dialogue-unit:35a8d2fae1c576a7	CHARTEST5.TXT	27	ost_unpunk2	pending		
dialogue:CHARTEST5.TXT:28:ost_xerx	dialogue-unit:889b9b564d4e10c8	CHARTEST5.TXT	28	ost_xerx	pending		
dialogue:CHARTEST5.TXT:29:ost_xerxmale1	dialogue-unit:ecacd31f36d2d51a	CHARTEST5.TXT	29	ost_xerxmale1	pending		
dialogue:CHARTEST5.TXT:30:ost_xerxmale2	dialogue-unit:6676ff18c9855748	CHARTEST5.TXT	30	ost_xerxmale2	pending		
dialogue:CHARTEST5.TXT:31:ost_zerenzkiturned	dialogue-unit:59c9c3d8112174d6	CHARTEST5.TXT	31	ost_zerenzkiturned	pending		
dialogue:SPAWN.TXT:1:ost_both	dialogue-unit:b98fe8721223d809	SPAWN.TXT	1	ost_both	pending		
dialogue:SPAWN.TXT:2:ost_melee	dialogue-unit:8ebd28dd7d49c598	SPAWN.TXT	2	ost_melee	pending		
dialogue:SPAWN.TXT:3:ost_ranged	dialogue-unit:ef542409b7fcd6cf	SPAWN.TXT	3	ost_ranged	pending		
dialogue:SPAWN_BOX.TXT:1:ost_both	dialogue-unit:b98fe8721223d809	SPAWN_BOX.TXT	1	ost_both	pending		
dialogue:SPAWN_BOX.TXT:2:ost_melee	dialogue-unit:8ebd28dd7d49c598	SPAWN_BOX.TXT	2	ost_melee	pending		
dialogue:SPAWN_BOX.TXT:3:ost_ranged	dialogue-unit:ef542409b7fcd6cf	SPAWN_BOX.TXT	3	ost_ranged	pending		
dialogue:TEST_LEVEL_JAKE.TXT:1:a1s2_mynce2.wav	dialogue-unit:a5aed9ead8cf437a	TEST_LEVEL_JAKE.TXT	1	a1s2_mynce2.wav	pending		
dialogue:TEST_LEVEL_JAKE.TXT:2:a1s2_mynce3.wav	dialogue-unit:d6388a375412c51a	TEST_LEVEL_JAKE.TXT	2	a1s2_mynce3.wav	pending		
dialogue:TEST_LEVEL_JAKE.TXT:3:a1s2_mynce4.wav	dialogue-unit:c7fd20c8f50e0af5	TEST_LEVEL_JAKE.TXT	3	a1s2_mynce4.wav	pending		
dialogue:TEST_LEVEL_JAKE.TXT:4:a1s2_mynce5.wav	dialogue-unit:e9c5c395da7e6b02	TEST_LEVEL_JAKE.TXT	4	a1s2_mynce5.wav	pending		
dialogue:TEST_LEVEL_JAKE.TXT:5:crusher_activate1.wav	dialogue-unit:6592cc7279af06b9	TEST_LEVEL_JAKE.TXT	5	crusher_activate1.wav	pending		
dialogue:TEST_LEVEL_JAKE.TXT:6:missiondescription	dialogue-unit:f349100894e5a3d1	TEST_LEVEL_JAKE.TXT	6	missiondescription	pending		
dialogue:TEST_LEVEL_JAKE.TXT:7:objectivebarexit	dialogue-unit:29adaa490dfa1a7a	TEST_LEVEL_JAKE.TXT	7	objectivebarexit	pending		
dialogue:TEST_LEVEL_JAKE.TXT:8:objectivedocks	dialogue-unit:ea469978bbd753cd	TEST_LEVEL_JAKE.TXT	8	objectivedocks	pending		
dialogue:TEST_LEVEL_JAKE.TXT:9:objectiverooftops	dialogue-unit:a08965486ba72fa9	TEST_LEVEL_JAKE.TXT	9	objectiverooftops	pending		
dialogue:TEST_LEVEL_JAKE.TXT:10:objectivestreets	dialogue-unit:119e9851e1fdcfc5	TEST_LEVEL_JAKE.TXT	10	objectivestreets	pending		
dialogue:TEST_LEVEL_JAKE.TXT:11:objectivetunnel	dialogue-unit:0dbf7644f22e09a0	TEST_LEVEL_JAKE.TXT	11	objectivetunnel	pending		
dialogue:WETWORKS_SPINNER.TXT:1:missiondescription	dialogue-unit:b914fb0d4e73cdcf	WETWORKS_SPINNER.TXT	1	missiondescription	pending		
dialogue:WETWORKS_SPINNER.TXT:2:objectiveexit	dialogue-unit:0628c9ce8bdf56a2	WETWORKS_SPINNER.TXT	2	objectiveexit	pending		
dialogue:WETWORKS_SPINNER.TXT:3:objectivespinner	dialogue-unit:1565c5d884b78d22	WETWORKS_SPINNER.TXT	3	objectivespinner	pending		
