id	kind	file	line	key	source_en	source_ru	translation_zh	status	notes
dialogue:0COMBAT.TXT:1:ost_double	dialogue	0COMBAT.TXT	1	ost_double	Two Enemies.	Two Enemies.	两名敌人。	pending	
dialogue:0COMBAT.TXT:2:ost_quadruple	dialogue	0COMBAT.TXT	2	ost_quadruple	Four Enemies.	Four Enemies.	四名敌人。	pending	
dialogue:0COMBAT.TXT:3:ost_single	dialogue	0COMBAT.TXT	3	ost_single	Single enemy.	Single enemy.	单个敌人。	pending	
dialogue:0COMBAT.TXT:4:ost_triple	dialogue	0COMBAT.TXT	4	ost_triple	Three Enemies.	Three Enemies.	三名敌人。	pending	
dialogue:0WALKTO.TXT:1:ost_patrol1	dialogue	0WALKTO.TXT	1	ost_patrol1	The Mook should walk along the top of the wall and back to where it was spawned	The Mook should walk along the top of the wall and back to where it was spawned	小喽啰应沿着墙顶行走，再回到生成位置	pending	
dialogue:A1_MANSION_PART1.TXT:1:a1s1_mdhampir_1.wav	dialogue	A1_MANSION_PART1.TXT	1	a1s1_mdhampir_1.wav	Then you've been very lucky for decades. Your luck has run dry today.	ДАМПИР: Значит, тебе очень везло. А теперь везение твое иссякло.	半吸血鬼：那你几十年来可真是走运，今天你的好运走到头了。	pending	
dialogue:A1_MANSION_PART1.TXT:2:a1s1_rayne_12.wav	dialogue	A1_MANSION_PART1.TXT	2	a1s1_rayne_12.wav	I'm no guest, pal.	РЕЙН: А я не гость, парень.	莱恩：我可不是什么客人，伙计。	pending	
dialogue:A1_MANSION_PART1.TXT:3:a1s1_rayne_13.wav	dialogue	A1_MANSION_PART1.TXT	3	a1s1_rayne_13.wav	Aw, you guys are way too tough.	RAYNE: Aw, you guys are way too tough.	莱恩：哎呀，你们几个可真够硬气的。	pending	
dialogue:A1_MANSION_PART1.TXT:4:a1s1_rayne_14.wav	dialogue	A1_MANSION_PART1.TXT	4	a1s1_rayne_14.wav	C'mon, boys that's not how you talk to girls...	RAYNE: C'mon, boys that's not how you talk to girls...	莱恩拜托，男孩们，这可不是跟女孩说话的方式……	pending	
dialogue:A1_MANSION_PART1.TXT:5:a1s1_rayne_15.wav	dialogue	A1_MANSION_PART1.TXT	5	a1s1_rayne_15.wav	But, you know... keep talking. I like it anyway.	RAYNE: But, you know... keep talking. I like it anyway.	莱恩：不过嘛……接着说，我还挺喜欢听的。	pending	
dialogue:A1_MANSION_PART1.TXT:6:a1s1_rayne_16.wav	dialogue	A1_MANSION_PART1.TXT	6	a1s1_rayne_16.wav	Aw, not just like anybody else... Wanna try me?	РЕЙН: Так уж, как и все остальные... Хочешь попробовать?	莱恩：哎呀，才不是跟别人一样呢……想试试我吗？	pending	
dialogue:A1_MANSION_PART1.TXT:7:a1s1_rayne_17.wav	dialogue	A1_MANSION_PART1.TXT	7	a1s1_rayne_17.wav	Step right up, gents. I got plenty for everyone.	RAYNE: Step right up, gents. I got plenty for everyone.	莱恩：来吧，先生们，我够你们每个人分的。	pending	
dialogue:A1_MANSION_PART1.TXT:8:a1s1_rayne_18.wav	dialogue	A1_MANSION_PART1.TXT	8	a1s1_rayne_18.wav	Whew! This is quite a bedroom. Bet I'm the first girl to see it by choice, huh?	РЕЙН: Ничего себе спаленка! Думаю, я первая девушка, пришедшая сюда по своей воле.	莱恩：嚯！这卧室可真够气派。我敢打赌，我是第一个自愿来看它的女孩吧？	pending	
dialogue:A1_MANSION_PART1.TXT:9:a1s1_rayne_19.wav	dialogue	A1_MANSION_PART1.TXT	9	a1s1_rayne_19.wav	Uh-huh. Thought I might find you here. Even dead you're a thorn in my side.	РЕЙН: Угу. Не сомневалась, что увижу тебя. Даже мертвый ты меня достаешь.	莱恩：嗯哼，就知道能在这儿找到你，死了都还要碍我的事。	pending	
dialogue:A1_MANSION_PART1.TXT:10:a1s1_rayne_20.wav	dialogue	A1_MANSION_PART1.TXT	10	a1s1_rayne_20.wav	You've been gone a long time, Kagan. I've been taking care of your family for you though.	РЕЙН: Ты уже давно мертв, Кейган. Но я сама забочусь о твоей семейке.	莱恩：你离开很久了，卡根。不过我一直替你照顾着你的家人呢。	pending	
dialogue:A1_MANSION_PART1.TXT:11:a1s1_rayne_21.wav	dialogue	A1_MANSION_PART1.TXT	11	a1s1_rayne_21.wav	Sllkk! One at a time, all across the world for seventy years. Like you killed my mother's, but slower. I think I'm nearly done.	РЕЙН: По всем странам, одного за другим, я отлавливала их семьдесят лет. Конец уже близок.	莱恩：嘶啦！七十年来，世界各地，一个接一个，就像你杀我母亲的家人那样，只是更慢一点。我想我差不多快做完了。	pending	
dialogue:A1_MANSION_PART1.TXT:12:a1s1_rayne_22.wav	dialogue	A1_MANSION_PART1.TXT	12	a1s1_rayne_22.wav	What do you think of me now, father?	РЕЙН: Что ты теперь думаешь обо мне, папочка?	莱恩：现在你怎么看我呢，父亲？	pending	
dialogue:A1_MANSION_PART1.TXT:13:a1s1_rayne_23.wav	dialogue	A1_MANSION_PART1.TXT	13	a1s1_rayne_23.wav	Hell of an operation you've got here, Zerenzki. Cult of Kagan's gone multinational, huh?	РЕЙН: Хм. А неплохо ты здесь развернулся, Зерински. Культ Кейгана в мировом масштабе, да?	莱恩：你这儿阵仗可真不小啊，泽伦斯基。卡根邪教都跨国经营了，是吧？	pending	
dialogue:A1_MANSION_PART1.TXT:14:a1s1_rayne_24.wav	dialogue	A1_MANSION_PART1.TXT	14	a1s1_rayne_24.wav	Now I know exactly who I'm up against. But what are you up to?	РЕЙН: Теперь я знаю точно, с кем сражаюсь.	莱恩：现在我清楚自己到底在对付谁了，可你又在搞什么？	pending	
dialogue:A1_MANSION_PART1.TXT:15:a1s1_rayne_25.wav	dialogue	A1_MANSION_PART1.TXT	15	a1s1_rayne_25.wav	Wow! I haven't seen one of you guys for decades! Where you been hiding yourselves?	РЕЙН: О, давненько я не видела таких ребят! И где же вы все прятались?	莱恩：哇！我几十年没见过你们这种家伙了！都躲哪儿去了？	pending	
dialogue:A1_MANSION_PART1.TXT:16:a1s1_rayne_26.wav	dialogue	A1_MANSION_PART1.TXT	16	a1s1_rayne_26.wav	Oh, the old tongue, still? I never learned it. Seems kinda high-falutin'.	РЕЙН: Все тот же древний язык? Никогда его не любила. Слишком уж заумный.	莱恩：哦，还说古语？我可没学过，听着还挺装腔作势的。	pending	
dialogue:A1_MANSION_PART1.TXT:17:a1s1_rayne_27.wav	dialogue	A1_MANSION_PART1.TXT	17	a1s1_rayne_27.wav	All right! Thanks for the lesson. Bitch.	РЕЙН: Вот так! Спасибо за урок, гад.	莱恩：好吧！多谢你给我上课，贱人。	pending	
dialogue:A1_MANSION_PART1.TXT:18:a1s1_zminion1_1.wav	dialogue	A1_MANSION_PART1.TXT	18	a1s1_zminion1_1.wav	Area's off limits to guests, lady.	СЛУГА: Гостям здесь не место, леди.	仆从：女士，宾客禁止进入此区域。	pending	
dialogue:A1_MANSION_PART1.TXT:19:a1s1_zminion1_2.wav	dialogue	A1_MANSION_PART1.TXT	19	a1s1_zminion1_2.wav	What's with all this noise?!	MINION: What's with all this noise?!	喽啰：这吵吵闹闹的是怎么回事？！	pending	
dialogue:A1_MANSION_PART1.TXT:20:a1s1_zminion1_3.wav	dialogue	A1_MANSION_PART1.TXT	20	a1s1_zminion1_3.wav	Shut the f-... May I escort you back to the party, ma'am?	СЛУГА: Заткнись. Могу я проводить вас к гостям, мэм?	仆从：闭上你那张……请允许我送您回宴会厅，女士？	pending	
dialogue:A1_MANSION_PART1.TXT:21:a1s1_zminion1_4.wav	dialogue	A1_MANSION_PART1.TXT	21	a1s1_zminion1_4.wav	You can't be here. Lady.	СЛУГА: Сюда нельзя, леди.	仆从：你不能在这里，女士。	pending	
dialogue:A1_MANSION_PART1.TXT:22:a1s1_zminion2_1.wav	dialogue	A1_MANSION_PART1.TXT	22	a1s1_zminion2_1.wav	Haw! Somebody wants her surprise early!	MINION: Haw! Somebody wants her surprise early!	喽啰：哈！有人想提前拿到惊喜啊！	pending	
dialogue:A1_MANSION_PART1.TXT:23:a1s1_zminion2_2.wav	dialogue	A1_MANSION_PART1.TXT	23	a1s1_zminion2_2.wav	Keep it down! Any of Master's guests get antsy and he's gonna shred us!	MINION: Keep it down! Any of Master's guests get antsy and he's gonna shred us!	喽啰：小点声！要是主人的客人们不安起来，他会把我们撕碎的！	pending	
dialogue:A1_MANSION_PART1.TXT:24:a1s1_zminion2_3.wav	dialogue	A1_MANSION_PART1.TXT	24	a1s1_zminion2_3.wav	Not supposed to be in here, lady.	СЛУГА: Вы не должны здесь быть, леди.	仆从：女士，你不该在这里。	pending	
dialogue:A1_MANSION_PART1.TXT:25:a1s1_zminion2_4.wav	dialogue	A1_MANSION_PART1.TXT	25	a1s1_zminion2_4.wav	Oh man, look at the blades! She's dhampir!	СЛУГА: Боже мой, клинки! Она - дампир!	仆从：天啊，看那刀刃！她是半吸血鬼！	pending	
dialogue:A1_MANSION_PART1.TXT:26:a1s1_zminion3_1.wav	dialogue	A1_MANSION_PART1.TXT	26	a1s1_zminion3_1.wav	Get her. But do it quiet.	MINION: Get her. But do it quiet.	喽啰：抓住她，动静小点。	pending	
dialogue:A1_MANSION_PART1.TXT:27:a1s1_zminion3_2.wav	dialogue	A1_MANSION_PART1.TXT	27	a1s1_zminion3_2.wav	Dhampir go down just like anybody else.	СЛУГА: Дампиры гибнут, как и все остальные.	仆从：半吸血鬼挨了打也照样会趴下。	pending	
dialogue:A1_MANSION_PART1.TXT:28:a1s1_zminion4_1.wav	dialogue	A1_MANSION_PART1.TXT	28	a1s1_zminion4_1.wav	You're gonna look good in the master's trophy case!	MINION: You're gonna look good in the master's trophy case!	喽啰：你会很适合摆进主人的战利品柜！	pending	
dialogue:A1_MANSION_PART1.TXT:29:a1s1_zminion4_2.wav	dialogue	A1_MANSION_PART1.TXT	29	a1s1_zminion4_2.wav	Oh my god! She's insane. Call somebody! Anybody!	MINION: Oh my god! She's insane. Call somebody! Anybody!	喽啰：我的天！她疯了。快叫人来！随便谁都行！	pending	
dialogue:A1_MANSION_PART1.TXT:30:a1s1_zminion5_1.wav	dialogue	A1_MANSION_PART1.TXT	30	a1s1_zminion5_1.wav	Honey, you shoulda stayed downstairs with the rest of the lambs...	MINION: Honey, you shoulda stayed downstairs with the rest of the lambs...	喽啰：亲爱的，你真该和其他羔羊一起待在楼下……	pending	
dialogue:A1_MANSION_PART1.TXT:31:a1s2_ephemera_1.wav	dialogue	A1_MANSION_PART1.TXT	31	a1s2_ephemera_1.wav	Xerx. Zerenzki's dead.	Xerx. Zerenzki's dead.	泽克斯，泽伦斯基死了。	pending	
dialogue:A1_MANSION_PART1.TXT:32:a1s2_ephemera_2.wav	dialogue	A1_MANSION_PART1.TXT	32	a1s2_ephemera_2.wav	His party was a success. With its leaders dead, the City is left wide open.	His party was a success. With its leaders dead, the City is left wide open.	他的宴会很成功。首领们一死，城市就门户大开了。	pending	
dialogue:A1_MANSION_PART1.TXT:33:a1s2_ephemera_3.wav	dialogue	A1_MANSION_PART1.TXT	33	a1s2_ephemera_3.wav	Not clear yet. There may be an interloper. I'm investigating.	Not clear yet. There may be an interloper. I'm investigating.	还不清楚。可能有个搅局者，我正在调查。	pending	
dialogue:A1_MANSION_PART1.TXT:34:a1s2_ephemera_4.wav	dialogue	A1_MANSION_PART1.TXT	34	a1s2_ephemera_4.wav	Smells like Slezz...	Smells like Slezz...	闻着像斯莱兹……	pending	
dialogue:A1_MANSION_PART1.TXT:36:a1s2_ephemera_6.wav	dialogue	A1_MANSION_PART1.TXT	36	a1s2_ephemera_6.wav	Dead-Gods, Xerx! It's horrible!	Dead-Gods, Xerx! It's horrible!	死神在上，泽克斯！太恶心了！	pending	
dialogue:A1_MANSION_PART1.TXT:37:a1s2_mancow_1.wav	dialogue	A1_MANSION_PART1.TXT	37	a1s2_mancow_1.wav	Moooo!	Moooo!	哞！	pending	
dialogue:A1_MANSION_PART1.TXT:38:a1s2_rayne_1.wav	dialogue	A1_MANSION_PART1.TXT	38	a1s2_rayne_1.wav	The master can blow me monkey-suit.	РЕЙН: Хозяин может идти к черту.	莱恩：主人可以来舔我的猴子西装。	pending	
dialogue:A1_MANSION_PART1.TXT:39:a1s2_rayne_10.wav	dialogue	A1_MANSION_PART1.TXT	39	a1s2_rayne_10.wav	That's not even kind of funny, Severin. Why would a born vampire like Zerenzki keep so much water on his property?	RAYNE: That's not even kind of funny, Severin. Why would a born vampire like Zerenzki keep so much water on his property?	莱恩：这一点都不好笑，塞弗林。像泽伦斯基这种天生的吸血鬼，为什么会在自己的地产上放这么多水？	pending	
dialogue:A1_MANSION_PART1.TXT:40:a1s2_rayne_11.wav	dialogue	A1_MANSION_PART1.TXT	40	a1s2_rayne_11.wav	It would hurt him even more than it would me...	RAYNE: It would hurt him even more than it would me...	莱恩：那东西伤他可比伤我还狠……	pending	
dialogue:A1_MANSION_PART1.TXT:41:a1s2_rayne_12.wav	dialogue	A1_MANSION_PART1.TXT	41	a1s2_rayne_12.wav	Wow. That guy is a seriously dedicated social climber.	RAYNE: Wow. That guy is a seriously dedicated social climber.	莱恩：哇，这家伙还真是个拼命往上爬的社交攀附狂。	pending	
dialogue:A1_MANSION_PART1.TXT:42:a1s2_rayne_13.wav	dialogue	A1_MANSION_PART1.TXT	42	a1s2_rayne_13.wav	Hm. What if the lights up there were to come down here?	RAYNE: Hm. What if the lights up there were to come down here?	莱恩：嗯，要是上面的那些灯掉到这里来，会怎么样？	pending	
dialogue:A1_MANSION_PART1.TXT:43:a1s2_rayne_14.wav	dialogue	A1_MANSION_PART1.TXT	43	a1s2_rayne_14.wav	There. Now there's a little kick in the punchbowl. Who wants to to taste it?	RAYNE: There. Now there's a little kick in the punchbowl. Who wants to to taste it?	莱恩：好了，现在这潘趣酒里可有点劲儿了。谁想尝尝？	pending	
dialogue:A1_MANSION_PART1.TXT:44:a1s2_rayne_15.wav	dialogue	A1_MANSION_PART1.TXT	44	a1s2_rayne_15.wav	I have a sort of a knack.	RAYNE: I have a sort of a knack.	莱恩：我算是有点天赋吧。	pending	
dialogue:A1_MANSION_PART1.TXT:45:a1s2_rayne_16.wav	dialogue	A1_MANSION_PART1.TXT	45	a1s2_rayne_16.wav	Tsk. Stupid the electricity's gonna fry you long before you drown.	RAYNE: Tsk. Stupid the electricity's gonna fry you long before you drown.	莱恩：啧，蠢货，电流早在你淹死之前就会把你烤熟。	pending	
dialogue:A1_MANSION_PART1.TXT:46:a1s2_rayne_17.wav	dialogue	A1_MANSION_PART1.TXT	46	a1s2_rayne_17.wav	Was wondering when you'd show up. So that's what a vampire looks like when Zerenzki turns one. Ugh.	RAYNE: Was wondering when you'd show up. So that's what a vampire looks like when Zerenzki turns one. Ugh.	莱恩：我正想着你什么时候会出现呢，原来被泽伦斯基转化后的吸血鬼长这样，呃。	pending	
dialogue:A1_MANSION_PART1.TXT:47:a1s2_rayne_18.wav	dialogue	A1_MANSION_PART1.TXT	47	a1s2_rayne_18.wav	That's what you guys are dying to become? Tsk. Could you maybe aim a little higher?	RAYNE: That's what you guys are dying to become? Tsk. Could you maybe aim a little higher?	莱恩：这就是你们拼了命想变成的样子？啧，目标能不能稍微高一点啊？	pending	
dialogue:A1_MANSION_PART1.TXT:48:a1s2_rayne_19.wav	dialogue	A1_MANSION_PART1.TXT	48	a1s2_rayne_19.wav	Wow, look at him sizzle!	RAYNE: Wow, look at him sizzle!	莱恩：哇，看他滋滋冒烟！	pending	
dialogue:A1_MANSION_PART1.TXT:49:a1s2_rayne_2.wav	dialogue	A1_MANSION_PART1.TXT	49	a1s2_rayne_2.wav	Dammit.	РЕЙН: Вот черт.	莱恩：该死。	pending	
dialogue:A1_MANSION_PART1.TXT:50:a1s2_rayne_20.wav	dialogue	A1_MANSION_PART1.TXT	50	a1s2_rayne_20.wav	That's awesome. I wanna do it again.	RAYNE: That's awesome. I wanna do it again.	莱恩：太棒了，我还想再来一次。	pending	
dialogue:A1_MANSION_PART1.TXT:51:a1s2_rayne_21.wav	dialogue	A1_MANSION_PART1.TXT	51	a1s2_rayne_21.wav	Jerks got me locked in and they just keep coming.	RAYNE: Jerks got me locked in and they just keep coming.	莱恩：那群混蛋把我锁在里面，还一个劲儿地往里冲。	pending	
dialogue:A1_MANSION_PART1.TXT:52:a1s2_rayne_22.wav	dialogue	A1_MANSION_PART1.TXT	52	a1s2_rayne_22.wav	You always have the best ideas for fun stuff to do...	RAYNE: You always have the best ideas for fun stuff to do...	莱恩：你总能想出最好玩的主意……	pending	
dialogue:A1_MANSION_PART1.TXT:53:a1s2_rayne_23.wav	dialogue	A1_MANSION_PART1.TXT	53	a1s2_rayne_23.wav	Oh, no way... They're real?	RAYNE: Oh, no way... They're real?	莱恩：哦，不会吧……它们是真的？	pending	
dialogue:A1_MANSION_PART1.TXT:54:a1s2_rayne_24.wav	dialogue	A1_MANSION_PART1.TXT	54	a1s2_rayne_24.wav	My God, Severin! Zerenzki's got the Carpathian Dragons! I thought they were just legend!	RAYNE: My God, Severin! Zerenzki's got the Carpathian Dragons! I thought they were just legend!	莱恩：我的天，塞弗林！泽伦斯基有喀尔巴阡龙枪！我还以为那只是传说！	pending	
dialogue:A1_MANSION_PART1.TXT:55:a1s2_rayne_25.wav	dialogue	A1_MANSION_PART1.TXT	55	a1s2_rayne_25.wav	Oh, I'm fine. It's just that they're so... beautiful...	RAYNE: Oh, I'm fine. It's just that they're so... beautiful...	莱恩：哦，我没事。只是它们实在是……太美了……	pending	
dialogue:A1_MANSION_PART1.TXT:56:a1s2_rayne_26.wav	dialogue	A1_MANSION_PART1.TXT	56	a1s2_rayne_26.wav	Where are you? Are you in trouble?	РЕЙН: Ты где? У тебя проблемы?	莱恩：你在哪儿？有麻烦吗？	pending	
dialogue:A1_MANSION_PART1.TXT:57:a1s2_rayne_27.wav	dialogue	A1_MANSION_PART1.TXT	57	a1s2_rayne_27.wav	Has he been behaving badly? It's how he was raised.	РЕЙН: Он плохо себя вел? Так уж он воспитан.	莱恩：他表现不好吗？这都是他从小受的教育。	pending	
dialogue:A1_MANSION_PART1.TXT:58:a1s2_rayne_28.wav	dialogue	A1_MANSION_PART1.TXT	58	a1s2_rayne_28.wav	I forget the etiquette when one eats his guests, is it pinky in, or out?	RAYNE: I forget the etiquette when one eats his guests, is it pinky in, or out?	莱恩：我忘了吃客人时的礼仪了，小指应该翘起来，还是收进去？	pending	
dialogue:A1_MANSION_PART1.TXT:59:a1s2_rayne_29.wav	dialogue	A1_MANSION_PART1.TXT	59	a1s2_rayne_29.wav	Oops! You caught me! I was off snooping through the medicine cabinets. Looks like I missed the big event.	RAYNE: Oops! You caught me! I was off snooping through the medicine cabinets. Looks like I missed the big event.	莱恩：哎呀！被你抓到了！我刚才溜去翻药柜了。看来我错过大场面了。	pending	
dialogue:A1_MANSION_PART1.TXT:60:a1s2_rayne_3.wav	dialogue	A1_MANSION_PART1.TXT	60	a1s2_rayne_3.wav	Sure did. Think I can expense it to Brimstone?	РЕЙН: Еще бы. Стоит послать чек в Бримстоун?	莱恩：当然是，你觉得我能找硫磺会报销吗？	pending	
dialogue:A1_MANSION_PART1.TXT:61:a1s2_rayne_30.wav	dialogue	A1_MANSION_PART1.TXT	61	a1s2_rayne_30.wav	Gee, I'll bet it was nice. Were there balloons and confetti? Did a pretty girl pop out of a big cake?	RAYNE: Gee, I'll bet it was nice. Were there balloons and confetti? Did a pretty girl pop out of a big cake?	莱恩：哎呀，我敢说肯定很不错。有气球和彩纸吗？有漂亮女孩从大蛋糕里跳出来吗？	pending	
dialogue:A1_MANSION_PART1.TXT:62:a1s2_rayne_31.wav	dialogue	A1_MANSION_PART1.TXT	62	a1s2_rayne_31.wav	But look! I picked out my own presents. Whaddya think? Aren't they divine?	RAYNE: But look! I picked out my own presents. Whaddya think? Aren't they divine?	莱恩：不过，看！我自己挑好了礼物。你觉得怎么样？是不是美极了？	pending	
dialogue:A1_MANSION_PART1.TXT:63:a1s2_rayne_32.wav	dialogue	A1_MANSION_PART1.TXT	63	a1s2_rayne_32.wav	Alright, alright, that's what I'm do-oh, were you talking to me? Or to them?	RAYNE: Alright, alright, that's what I'm do-oh, were you talking to me? Or to them?	莱恩：好啦好啦，我正在 —— 哦，你是在跟我说话？还是跟它们？	pending	
dialogue:A1_MANSION_PART1.TXT:64:a1s2_rayne_33.wav	dialogue	A1_MANSION_PART1.TXT	64	a1s2_rayne_33.wav	Answer mine first why the bloodbath? These were your 500 closest friends, weren't they?	RAYNE: Answer mine first why the bloodbath? These were your 500 closest friends, weren't they?	莱恩：先回答我的问题：为什么要大开杀戒？他们不是你最亲近的五百个朋友吗？	pending	
dialogue:A1_MANSION_PART1.TXT:65:a1s2_rayne_34.wav	dialogue	A1_MANSION_PART1.TXT	65	a1s2_rayne_34.wav	A Kagan family reunion?	RAYNE: A Kagan family reunion?	莱恩：卡根家族团聚？	pending	
dialogue:A1_MANSION_PART1.TXT:66:a1s2_rayne_35.wav	dialogue	A1_MANSION_PART1.TXT	66	a1s2_rayne_35.wav	Aw, come on, Z. I'm the black sheep! The one nobody talks about! I'm on a world tour, visiting every bastard child of Kagan I can find!	РЕЙН: А, да будет тебе, Зи! Я та самая белая ворона! О которой не принято говорить! Я путешествую по миру и навещаю всех ублюдков Кейгана.	莱恩：拜托了，泽。我可是害群之马！没人愿意提起的那个！我正在环球旅行，拜访我能找到的每一个卡根私生子！	pending	
dialogue:A1_MANSION_PART1.TXT:67:a1s2_rayne_36.wav	dialogue	A1_MANSION_PART1.TXT	67	a1s2_rayne_36.wav	The one in the West Indies? With the snakes? She gave me your name. Didn't want to, though very loyal.	РЕЙН: Та, которая в Вест-Индии, со змеями? Она рассказала про тебя, правда не сразу. Очень преданная.	莱恩：西印度群岛那个？养蛇的那个？她告诉了我你的名字。虽然不情愿，不过倒是很忠心。	pending	
dialogue:A1_MANSION_PART1.TXT:68:a1s2_rayne_37.wav	dialogue	A1_MANSION_PART1.TXT	68	a1s2_rayne_37.wav	Rrgh! That's half-sister, jackass!	РЕЙН: Ур-рх! В лучшем случае сводная, болван!	莱恩：呃！那是同父异母的妹妹，蠢货！	pending	
dialogue:A1_MANSION_PART1.TXT:69:a1s2_rayne_38.wav	dialogue	A1_MANSION_PART1.TXT	69	a1s2_rayne_38.wav	Rrgh! That's half-sister, ratsucker!	RAYNE: Rrgh! That's half-sister, ratsucker!	莱恩：呃！那是同父异母的妹妹，臭吸血鼠！	pending	
dialogue:A1_MANSION_PART1.TXT:70:a1s2_rayne_39.wav	dialogue	A1_MANSION_PART1.TXT	70	a1s2_rayne_39.wav	Right ON! Love picking up new moves!	RAYNE: Right ON! Love picking up new moves!	莱恩：太好了！我最喜欢学新招了！	pending	
dialogue:A1_MANSION_PART1.TXT:71:a1s2_rayne_4.wav	dialogue	A1_MANSION_PART1.TXT	71	a1s2_rayne_4.wav	I'll keep my receipts.	РЕЙН: Я сохраню чеки.	莱恩：我会留着收据的。	pending	
dialogue:A1_MANSION_PART1.TXT:72:a1s2_rayne_40.wav	dialogue	A1_MANSION_PART1.TXT	72	a1s2_rayne_40.wav	Oh yeah! Can't wait to use this!	RAYNE: Oh yeah! Can't wait to use this!	莱恩：哦耶！等不及要用这个了！	pending	
dialogue:A1_MANSION_PART1.TXT:73:a1s2_rayne_41.wav	dialogue	A1_MANSION_PART1.TXT	73	a1s2_rayne_41.wav	Eh. They made bad choices. Shoulda stayed in school. Keep out of trouble while I take care of this, okay?	RAYNE: Eh. They made bad choices. Shoulda stayed in school. Keep out of trouble while I take care of this, okay?	莱恩：哎，他们自己选错了路，早该好好上学的。我处理这事的时候，别惹麻烦，好吗？	pending	
dialogue:A1_MANSION_PART1.TXT:74:a1s2_rayne_42.wav	dialogue	A1_MANSION_PART1.TXT	74	a1s2_rayne_42.wav	You're right about one thing it's definitely time for you to go.	РЕЙН: В одном ты прав. Пришла твоя пора умирать.	莱恩：有一点你说对了，你确实该走了。	pending	
dialogue:A1_MANSION_PART1.TXT:75:a1s2_rayne_43.wav	dialogue	A1_MANSION_PART1.TXT	75	a1s2_rayne_43.wav	Hello, you. You have anything to do with all this noise?	РЕЙН: Эй, там! Это твоих рук дело?	莱恩：你好啊。这里这么吵，跟你有关系吗？	pending	
dialogue:A1_MANSION_PART1.TXT:76:a1s2_rayne_44.wav	dialogue	A1_MANSION_PART1.TXT	76	a1s2_rayne_44.wav	Can do. There in a flash.	RAYNE: Can do. There in a flash.	莱恩：没问题。马上到。	pending	
dialogue:A1_MANSION_PART1.TXT:77:a1s2_rayne_45.wav	dialogue	A1_MANSION_PART1.TXT	77	a1s2_rayne_45.wav	You bet. It's what I was hoping to find. A twisted family tree.	РЕЙН: А как же! Именно то, что я искала. Вся поганая генеалогия.	莱恩：当然，这正是我想找的东西，一棵扭曲的家族树。	pending	
dialogue:A1_MANSION_PART1.TXT:78:a1s2_rayne_46.wav	dialogue	A1_MANSION_PART1.TXT	78	a1s2_rayne_46.wav	It lists the whereabouts of the entire Kagan cult. And it looks like they're all converging right here. In the City.	РЕЙН: Плюс местонахождение всех членов культа Кейгана. Похоже, они съезжаются прямо сюда. В город.	莱恩：上面列着整个卡根邪教的下落，而且看起来他们全都在往这里汇合，就在这座城市。	pending	
dialogue:A1_MANSION_PART1.TXT:79:a1s2_rayne_47.wav	dialogue	A1_MANSION_PART1.TXT	79	a1s2_rayne_47.wav	I am. They've all come here. To me. I'm ending them, finally. And my father's sick bloodline will be extinguished.	РЕЙН: А мне нравится. Они сами идут ко мне в руки. Я наконец смогу прервать линию гнилой крови моего папочки!	莱恩：没错，他们全都来了，来找我，我终于要终结他们了。我父亲那条病态的血脉也会就此断绝。	pending	
dialogue:A1_MANSION_PART1.TXT:80:a1s2_rayne_5.wav	dialogue	A1_MANSION_PART1.TXT	80	a1s2_rayne_5.wav	Just reached a courtyard outside the study.	РЕЙН: Я во дворе у окон кабинета.	莱恩：刚到书房外的庭院。	pending	
dialogue:A1_MANSION_PART1.TXT:81:a1s2_rayne_6.wav	dialogue	A1_MANSION_PART1.TXT	81	a1s2_rayne_6.wav	Eh, I guess. Just one more thing I'm naturally good at.	РЕЙН: Эээ, нет. Я и от природы неплохо это делаю.	莱恩：嗯，大概吧。只不过又是我天生擅长的一件事。	pending	
dialogue:A1_MANSION_PART1.TXT:82:a1s2_rayne_7.wav	dialogue	A1_MANSION_PART1.TXT	82	a1s2_rayne_7.wav	I dunno. Nobody's usually left alive to see one.	RAYNE: I dunno. Nobody's usually left alive to see one.	莱恩：不知道，通常没人能活着看到其中一个。	pending	
dialogue:A1_MANSION_PART1.TXT:83:a1s2_rayne_8.wav	dialogue	A1_MANSION_PART1.TXT	83	a1s2_rayne_8.wav	Or walk anywhere near them they're all just asking for it! There any such thing as a glass fetish?	RAYNE: Or walk anywhere near them they're all just asking for it! There any such thing as a glass fetish?	莱恩：或者走到它们附近 —— 它们简直就是自找的！世界上有玻璃癖这种东西吗？	pending	
dialogue:A1_MANSION_PART1.TXT:84:a1s2_rayne_9.wav	dialogue	A1_MANSION_PART1.TXT	84	a1s2_rayne_9.wav	Ah, great. Water.	RAYNE: Ah, great. Water.	莱恩：啊，太好了。水。	pending	
dialogue:A1_MANSION_PART1.TXT:85:a1s2_severin_1.wav	dialogue	A1_MANSION_PART1.TXT	85	a1s2_severin_1.wav	That sounded expensive...	СЕВЕРИН: Это прозвучало недешево...	塞弗林：听起来挺贵的……	pending	
dialogue:A1_MANSION_PART1.TXT:86:a1s2_severin_10.wav	dialogue	A1_MANSION_PART1.TXT	86	a1s2_severin_10.wav	Anything in there you can use to batter through the doors? Like something very large and very heavy?	SEVERIN: Anything in there you can use to batter through the doors? Like something very large and very heavy?	塞弗林：里面有什么能拿来砸开门的东西吗？比如又大又重的东西？	pending	
dialogue:A1_MANSION_PART1.TXT:87:a1s2_severin_11.wav	dialogue	A1_MANSION_PART1.TXT	87	a1s2_severin_11.wav	Whatcha got? Something interesting?	SEVERIN: Whatcha got? Something interesting?	塞弗林：你拿到了什么？有意思的东西？	pending	
dialogue:A1_MANSION_PART1.TXT:88:a1s2_severin_12.wav	dialogue	A1_MANSION_PART1.TXT	88	a1s2_severin_12.wav	Huh. That's what Brimstone thought, too.	SEVERIN: Huh. That's what Brimstone thought, too.	塞弗林：哼，硫磺会也是这么想的。	pending	
dialogue:A1_MANSION_PART1.TXT:89:a1s2_severin_13.wav	dialogue	A1_MANSION_PART1.TXT	89	a1s2_severin_13.wav	Rayne? RAYNE! Are you there? What happened?!!	SEVERIN: Rayne? RAYNE! Are you there? What happened?!!	塞弗林：莱恩？莱恩！你在吗？发生什么事了？！	pending	
dialogue:A1_MANSION_PART1.TXT:90:a1s2_severin_14.wav	dialogue	A1_MANSION_PART1.TXT	90	a1s2_severin_14.wav	... and extremely dangerous. Listen, if they're the real Carpathian Dragons, they feed from the blood of their Dhampir host. That's you, in this case.	SEVERIN: ... and extremely dangerous. Listen, if they're the real Carpathian Dragons, they feed from the blood of their Dhampir host. That's you, in this case.	塞弗林：……而且极其危险。听着，如果它们真是喀尔巴阡龙枪，它们会吸食半吸血鬼宿主的血 —— 也就是你。	pending	
dialogue:A1_MANSION_PART1.TXT:91:a1s2_severin_15.wav	dialogue	A1_MANSION_PART1.TXT	91	a1s2_severin_15.wav	They alchemically process the raw material into vampire-lethal projectiles. You're gonna have to feed to fill their reservoirs.	SEVERIN: They alchemically process the raw material into vampire-lethal projectiles. You're gonna have to feed to fill their reservoirs.	塞弗林：它们会通过炼金术把原料加工成能杀死吸血鬼的弹丸，你得吸血来填满它们的储液槽。	pending	
dialogue:A1_MANSION_PART1.TXT:92:a1s2_severin_16.wav	dialogue	A1_MANSION_PART1.TXT	92	a1s2_severin_16.wav	You can still use them when their reservoirs are empty, but they'll draw blood directly from you.	SEVERIN: You can still use them when their reservoirs are empty, but they'll draw blood directly from you.	塞弗林：储液槽空了你依然能用它们，但它们会直接从你身上抽血。	pending	
dialogue:A1_MANSION_PART1.TXT:93:a1s2_severin_17.wav	dialogue	A1_MANSION_PART1.TXT	93	a1s2_severin_17.wav	You'd better get down here. Zerenzki just revealed a big surprise to his guests.	СЕВЕРИН: Спускайся вниз. Зерински приготовил гостям замечательный сюрприз.	塞弗林：你最好下来，泽伦斯基刚向客人们展示了一个大惊喜。	pending	
dialogue:A1_MANSION_PART1.TXT:94:a1s2_severin_18.wav	dialogue	A1_MANSION_PART1.TXT	94	a1s2_severin_18.wav	Just outside the Ballroom. I'm fine. Just, you know, staying clear. Can't say as much for the other guests. Get here soon or you'll miss it.	СЕВЕРИН: Около бального зала. Я в порядке, просто наблюдаю со стороны. Вот про гостей этого не скажешь! Иди быстрее, а то все пропустишь.	塞弗林：就在舞厅外面。我没事。只是，你懂的，躲远点，其他客人可就不好说了。快来，不然你就错过了。	pending	
dialogue:A1_MANSION_PART1.TXT:95:a1s2_severin_19.wav	dialogue	A1_MANSION_PART1.TXT	95	a1s2_severin_19.wav	Tch. I think Zerenzki just blew his membership at the country club.	СЕВЕРИН: Думаю, Зерински только что лишился членства в элитном клубе.	塞弗林：啧，我看泽伦斯基这下是把乡村俱乐部的会员资格玩没了。	pending	
dialogue:A1_MANSION_PART1.TXT:96:a1s2_severin_2.wav	dialogue	A1_MANSION_PART1.TXT	96	a1s2_severin_2.wav	Uh, let's wait til we see the final bill for this evening.	СЕВЕРИН: Гм. Посмотрим на итоговый счет за вечер.	塞弗林：呃，等我们看到今晚的最终账单再说吧。	pending	
dialogue:A1_MANSION_PART1.TXT:97:a1s2_severin_20.wav	dialogue	A1_MANSION_PART1.TXT	97	a1s2_severin_20.wav	See for yourself. I believe it's time to do what you do. I'll do what I do and meet you later.	СЕВЕРИН: Посмотри сама. Похоже, пора делать то, что ты обычно делаешь. Встретимся позже.	塞弗林：你自己看吧。我想现在你该做去做该做的事了，我去做我的事，晚点见。	pending	
dialogue:A1_MANSION_PART1.TXT:98:a1s2_severin_21.wav	dialogue	A1_MANSION_PART1.TXT	98	a1s2_severin_21.wav	There's your guy and his goons. And now you're really angry, huh? Poor bastards. I sort of feel sorry for them.	SEVERIN: There's your guy and his goons. And now you're really angry, huh? Poor bastards. I sort of feel sorry for them.	塞弗林：你的目标和他的打手都在那儿。现在你真的生气了，是吧？可怜的混蛋，我都有点同情他们了。	pending	
dialogue:A1_MANSION_PART1.TXT:99:a1s2_severin_22.wav	dialogue	A1_MANSION_PART1.TXT	99	a1s2_severin_22.wav	Like I have a choice. I'll go work out an exit route. See ya soon.	SEVERIN: Like I have a choice. I'll go work out an exit route. See ya soon.	塞弗林：我还有得选吗。我去找条撤离路线，待会儿见。	pending	
dialogue:A1_MANSION_PART1.TXT:100:a1s2_severin_23.wav	dialogue	A1_MANSION_PART1.TXT	100	a1s2_severin_23.wav	Actually, the whole place was wired to go up. Guess in case something terrible happened to Zerenzki. Like you.	СЕВЕРИН: Здесь все было заминировано. На случай, если у Зерински возникнут проблемы. Например, ты.	塞弗林：其实整座宅子都装了爆炸装置，大概是为了防止泽伦斯基身上发生什么可怕的事，比如说你。	pending	
dialogue:A1_MANSION_PART1.TXT:101:a1s2_severin_24.wav	dialogue	A1_MANSION_PART1.TXT	101	a1s2_severin_24.wav	I just set the clocks forward on a few timers. But I can't get any closer to pick you up. You'll have to come up to me.	SEVERIN: I just set the clocks forward on a few timers. But I can't get any closer to pick you up. You'll have to come up to me.	塞弗林：我只是把几个定时器的时间往前拨了点，但我没法再靠近接你了，你得上来找我。	pending	
dialogue:A1_MANSION_PART1.TXT:102:a1s2_severin_25.wav	dialogue	A1_MANSION_PART1.TXT	102	a1s2_severin_25.wav	You manage to hold on to that list?	СЕВЕРИН: Ты смогла найти список?	塞弗林：那份名单你还拿着吗？	pending	
dialogue:A1_MANSION_PART1.TXT:103:a1s2_severin_26.wav	dialogue	A1_MANSION_PART1.TXT	103	a1s2_severin_26.wav	I called this in. Brimstone's put their top minds on it. They're none too pleased.	СЕВЕРИН: Я послал сообщение. Лучшие умы Бримстоуна думают над этим. И им это не нравится.	塞弗林：我已经上报了。硫磺会派出了他们最顶尖的头脑，没人会高兴的。	pending	
dialogue:A1_MANSION_PART1.TXT:104:a1s2_severin_3.wav	dialogue	A1_MANSION_PART1.TXT	104	a1s2_severin_3.wav	I was there earlier. Been practicing your acrobatics?	СЕВЕРИН: Я там уже был. Ты не забывала тренироваться в акробатике?	塞弗林：我之前去过那里，你最近在练杂技吗？	pending	
dialogue:A1_MANSION_PART1.TXT:105:a1s2_severin_4.wav	dialogue	A1_MANSION_PART1.TXT	105	a1s2_severin_4.wav	So what do you do for an encore?	SEVERIN: So what do you do for an encore?	塞弗林：那么你的返场节目是什么？	pending	
dialogue:A1_MANSION_PART1.TXT:106:a1s2_severin_5.wav	dialogue	A1_MANSION_PART1.TXT	106	a1s2_severin_5.wav	Ah. The greenhouse? You know what they say about people who live in glass houses...	SEVERIN: Ah. The greenhouse? You know what they say about people who live in glass houses...	塞弗林：啊，温室？你知道人们怎么说住在玻璃屋里的人……	pending	
dialogue:A1_MANSION_PART1.TXT:107:a1s2_severin_6.wav	dialogue	A1_MANSION_PART1.TXT	107	a1s2_severin_6.wav	I was about to ask you that.	SEVERIN: I was about to ask you that.	塞弗林：我正想问你呢。	pending	
dialogue:A1_MANSION_PART1.TXT:108:a1s2_severin_7.wav	dialogue	A1_MANSION_PART1.TXT	108	a1s2_severin_7.wav	Ah, you found the pool. Nice one, isn't it? Going for a dip?	SEVERIN: Ah, you found the pool. Nice one, isn't it? Going for a dip?	塞弗林：啊，你找到泳池了，不错吧？想下去泡一泡？	pending	
dialogue:A1_MANSION_PART1.TXT:109:a1s2_severin_8.wav	dialogue	A1_MANSION_PART1.TXT	109	a1s2_severin_8.wav	He strikes me as the type that goes to any lengths to keep up appearances for his guests.	SEVERIN: He strikes me as the type that goes to any lengths to keep up appearances for his guests.	塞弗林：他给我的感觉就是那种为了在客人面前撑场面，什么都做得出来的人。	pending	
dialogue:A1_MANSION_PART1.TXT:110:a1s2_severin_9.wav	dialogue	A1_MANSION_PART1.TXT	110	a1s2_severin_9.wav	Hey, great! Sounds like you figured out a way to kill people in there. I knew you could do it.	SEVERIN: Hey, great! Sounds like you figured out a way to kill people in there. I knew you could do it.	塞弗林：嘿，太好了！听起来你已经想出办法在里面杀人了，我就知道你做得到。	pending	
dialogue:A1_MANSION_PART1.TXT:111:a1s2_xerx_1.wav	dialogue	A1_MANSION_PART1.TXT	111	a1s2_xerx_1.wav	Mmm? Oh. Ephemera.	Mmm? Oh. Ephemera.	嗯？哦。埃菲梅拉。	pending	
dialogue:A1_MANSION_PART1.TXT:112:a1s2_xerx_2.wav	dialogue	A1_MANSION_PART1.TXT	112	a1s2_xerx_2.wav	Ah, he fulfilled his purpose, then. No greater aspiration in the natural order. And how did our erstwhile brother perish?	Ah, he fulfilled his purpose, then. No greater aspiration in the natural order. And how did our erstwhile brother perish?	啊，那他算是完成自己的使命了。在自然秩序中，没有比这更崇高的追求了。那么，我们那位曾经的兄弟是怎么死的？	pending	
dialogue:A1_MANSION_PART1.TXT:113:a1s2_xerx_3.wav	dialogue	A1_MANSION_PART1.TXT	113	a1s2_xerx_3.wav	Mm. I've been working on something that will interest you.	Mm. I've been working on something that will interest you.	嗯，我一直在研究一件会让你感兴趣的东西。	pending	
dialogue:A1_MANSION_PART1.TXT:114:a1s2_xerx_4.wav	dialogue	A1_MANSION_PART1.TXT	114	a1s2_xerx_4.wav	Now, now...	Now, now...	好了，好了……	pending	
dialogue:A1_MANSION_PART1.TXT:115:a1s2_xerx_5.wav	dialogue	A1_MANSION_PART1.TXT	115	a1s2_xerx_5.wav	"Indeed. She's his mother, in loose terminology. Our ""grand dame of the sewers"" still has purpose..."	"Indeed. She's his mother, in loose terminology. Our ""grand dame of the sewers"" still has purpose..."	确实。宽泛地说，她是他的母亲。我们的“下水道大夫人”仍有用途……	pending	
dialogue:A1_MANSION_PART1.TXT:116:a1s2_xerx_6.wav	dialogue	A1_MANSION_PART1.TXT	116	a1s2_xerx_6.wav	Observe him bursting with thick rich blood! You can feed from anywhere.	Observe him bursting with thick rich blood! You can feed from anywhere.	看他胀满了浓厚丰饶的血液！你可以从任何地方吸食。	pending	
dialogue:A1_MANSION_PART1.TXT:117:a1s2_xerx_7.wav	dialogue	A1_MANSION_PART1.TXT	117	a1s2_xerx_7.wav	Who could have imagined? A manufactured, controllable food source to ensure against the coming long winter.	Who could have imagined? A manufactured, controllable food source to ensure against the coming long winter.	谁能想到呢？一种制造出来、可控制的食物来源，用来抵御即将到来的漫长寒冬。	pending	
dialogue:A1_MANSION_PART1.TXT:118:a1s2_xerx_8.wav	dialogue	A1_MANSION_PART1.TXT	118	a1s2_xerx_8.wav	And Father thought humans could be never be made useful.	And Father thought humans could be never be made useful.	而父亲还以为人类永远派不上用场。	pending	
dialogue:A1_MANSION_PART1.TXT:119:a1s2_xerx_9.wav	dialogue	A1_MANSION_PART1.TXT	119	a1s2_xerx_9.wav	Yes. We're also working on the taste. We'll get there...	Yes. We're also working on the taste. We'll get there...	是的，我们也在改进口味。总会成功的……	pending	
dialogue:A1_MANSION_PART1.TXT:120:a1s2_zerenzki_10.wav	dialogue	A1_MANSION_PART1.TXT	120	a1s2_zerenzki_10.wav	Who ARE you?!!	ЗЕРИНСКИ: КТО ты?	泽伦斯基：你到底是谁？！	pending	
dialogue:A1_MANSION_PART1.TXT:121:a1s2_zerenzki_11.wav	dialogue	A1_MANSION_PART1.TXT	121	a1s2_zerenzki_11.wav	Correct, and I had to sacrifice decades of ruthless social climbing for this. But it's all worth it.	ZERENZKI: Correct, and I had to sacrifice decades of ruthless social climbing for this. But it's all worth it.	泽伦斯基：没错。为了这个，我不得不牺牲几十年来费尽心机爬上来的地位。不过一切都值得。	pending	
dialogue:A1_MANSION_PART1.TXT:122:a1s2_zerenzki_12.wav	dialogue	A1_MANSION_PART1.TXT	122	a1s2_zerenzki_12.wav	I had to clear a few obstacles to make way for a family reunion we're planning.	ZERENZKI: I had to clear a few obstacles to make way for a family reunion we're planning.	泽伦斯基：我得清除几个障碍，好给我们计划中的家族团聚让路。	pending	
dialogue:A1_MANSION_PART1.TXT:123:a1s2_zerenzki_13.wav	dialogue	A1_MANSION_PART1.TXT	123	a1s2_zerenzki_13.wav	How do you know that name??!!	ZERENZKI: How do you know that name??!!	泽伦斯基：你怎么知道那个名字？！	pending	
dialogue:A1_MANSION_PART1.TXT:124:a1s2_zerenzki_14.wav	dialogue	A1_MANSION_PART1.TXT	124	a1s2_zerenzki_14.wav	Ahh... so you're the mysterious assassin? You've certainly been on a... spree, haven't you?	ЗЕРИНСКИ: Ах, да-а! Тот самый таинственный убийца? Да, ты изрядно... оторвалась. Не правда ли?	泽伦斯基：啊……所以你就是那个神秘刺客？你确实已经大开杀戒了……不是吗？	pending	
dialogue:A1_MANSION_PART1.TXT:125:a1s2_zerenzki_15.wav	dialogue	A1_MANSION_PART1.TXT	125	a1s2_zerenzki_15.wav	We weren't even sure you were real until poor Delinda turned up without her head.	ЗЕРИНСКИ: Мы даже сначала не поверили. А потом бедняжка Делинда оказалась на голову короче.	泽伦斯基：直到可怜的德琳达没了脑袋地出现，我们甚至都不确定你是不是真的存在。	pending	
dialogue:A1_MANSION_PART1.TXT:126:a1s2_zerenzki_16.wav	dialogue	A1_MANSION_PART1.TXT	126	a1s2_zerenzki_16.wav	Phht. Hardly. None of them are.	ЗЕРИНСКИ: Вряд ли. Они этим не страдают.	泽伦斯基：噗，才不是，她们谁都不是。	pending	
dialogue:A1_MANSION_PART1.TXT:127:a1s2_zerenzki_17.wav	dialogue	A1_MANSION_PART1.TXT	127	a1s2_zerenzki_17.wav	You've intrigued me, but fear I must attend to other events, so I bid you good night, little sister. Make yourself at home.	ЗЕРИНСКИ: Хмм... Все это очень интересно, но боюсь, у меня есть и другие дела, требующие моего внимания. Спокойной ночи, сестричка. Чувствуй себя, как дома.	泽伦斯基：你让我很感兴趣，但恐怕我必须去处理别的事了，所以晚安了，小妹妹。把这里当自己家吧。	pending	
dialogue:A1_MANSION_PART1.TXT:128:a1s2_zerenzki_18.wav	dialogue	A1_MANSION_PART1.TXT	128	a1s2_zerenzki_18.wav	A night to remember for all times! A prelude to the longest night! It's time to fly, my children! The Family awaits our coming!	ЗЕРИНСКИ: Ночь, которую будут помнить вечно! Прелюдия к вечной ночи! Пора в полет, дети мои! Семья ждет нашего появления!	泽伦斯基：一个永世难忘的夜晚！最长之夜的序幕！该起飞了，我的孩子们！家族正在等待我们的到来！	pending	
dialogue:A1_MANSION_PART1.TXT:129:a1s2_zerenzki_19.wav	dialogue	A1_MANSION_PART1.TXT	129	a1s2_zerenzki_19.wav	But you're my guest! It would be unforgivable to leave you this way!	ЗЕРИНСКИ: Но ты моя гостья! Будет невежливо просто так покинуть тебя!	泽伦斯基：可你是我的客人！把你就这样留下，实在不可饶恕！	pending	
dialogue:A1_MANSION_PART1.TXT:130:a1s2_zerenzki_5.wav	dialogue	A1_MANSION_PART1.TXT	130	a1s2_zerenzki_5.wav	Yes. Tear them apart, children. No survivors! Make sure to check the restrooms and the grounds.	ZERENZKI: Yes. Tear them apart, children. No survivors! Make sure to check the restrooms and the grounds.	泽伦斯基：对，把他们撕碎，孩子们。不要留活口！记得检查洗手间和庭院。	pending	
dialogue:A1_MANSION_PART1.TXT:131:a1s2_zerenzki_6.wav	dialogue	A1_MANSION_PART1.TXT	131	a1s2_zerenzki_6.wav	Ah! That all depends upon their tax bracket. And where did you run off to!?	ZERENZKI: Ah! That all depends upon their tax bracket. And where did you run off to!?	泽伦斯基：啊！那就得看他们的纳税等级了。你又跑到哪儿去了？！	pending	
dialogue:A1_MANSION_PART1.TXT:132:a1s2_zerenzki_7.wav	dialogue	A1_MANSION_PART1.TXT	132	a1s2_zerenzki_7.wav	Oh, you did! It was spectacular. Such a shame you weren't here for it.	ZERENZKI: Oh, you did! It was spectacular. Such a shame you weren't here for it.	泽伦斯基：哦，你确实错过了！那场面精彩极了，真可惜你不在。	pending	
dialogue:A1_MANSION_PART1.TXT:133:a1s2_zerenzki_8.wav	dialogue	A1_MANSION_PART1.TXT	133	a1s2_zerenzki_8.wav	All that and more! And best of all, everyone received a very special gift! But we saved yours for you!	ZERENZKI: All that and more! And best of all, everyone received a very special gift! But we saved yours for you!	泽伦斯基：不止这些！最棒的是，每个人都收到了一份非常特别的礼物！不过你的那份，我们特意给你留着了！	pending	
dialogue:A1_MANSION_PART1.TXT:134:a1s2_zerenzki_9.wav	dialogue	A1_MANSION_PART1.TXT	134	a1s2_zerenzki_9.wav	My Dragons! Gardath's Boils!! How did she... ? Tear her to pieces!!	ZERENZKI: My Dragons! Gardath's Boils!! How did she... ? Tear her to pieces!!	泽伦斯基：我的龙枪！加达斯的脓疮！！她怎么……？把她撕成碎片！！	pending	
dialogue:A1_MANSION_PART1.TXT:135:a1s2_zminion1_1.wav	dialogue	A1_MANSION_PART1.TXT	135	a1s2_zminion1_1.wav	The Master, uh, Mr. Zerenzki, would prefer that all the guests remain downstairs, madam.	СЛУГА: Хозяин, то есть мистер Зерински, хотел бы, чтобы все гости оставались внизу, мадам.	仆从：主人，呃，泽伦斯基先生，希望所有客人都留在楼下，夫人。	pending	
dialogue:A1_MANSION_PART1.TXT:136:a1s2_zminion1_2.wav	dialogue	A1_MANSION_PART1.TXT	136	a1s2_zminion1_2.wav	Wait a minute-look, she's dhampir. Are you one of the Master's?	СЛУГА: Эй, погодите, да она же дампир. Вы одна из хозяйских?	仆从：等一下 —— 看，她是半吸血鬼。你是主人那边的吗？	pending	speaker/control differs: EN='Z. m.Minion 1'; RU='Z. m.MINION 1'
dialogue:A1_MANSION_PART1.TXT:137:a1s2_zminion1_3.wav	dialogue	A1_MANSION_PART1.TXT	137	a1s2_zminion1_3.wav	That's the one making all this noise! And lock the doors behind you.	MINION: That's the one making all this noise! And lock the doors behind you.	喽啰：就是她搞出这么大动静！进去后把门锁上。	pending	speaker/control differs: EN='Z. m.Minion 1'; RU='Z. m.MINION 1'
dialogue:A1_MANSION_PART1.TXT:138:a1s2_zminion1_4.wav	dialogue	A1_MANSION_PART1.TXT	138	a1s2_zminion1_4.wav	Good god,did you see that? She went through those guys like a hurricane!	MINION: Good god,did you see that? She went through those guys like a hurricane!	喽啰：天哪，你看见了吗？她像飓风一样冲过了那帮人！	pending	speaker/control differs: EN='Z. m.Minion 1'; RU='Z. m.MINION 1'
dialogue:A1_MANSION_PART1.TXT:139:a1s2_zminion1_5.wav	dialogue	A1_MANSION_PART1.TXT	139	a1s2_zminion1_5.wav	What do you think? Like I want to see that monster come through there?	MINION: What do you think? Like I want to see that monster come through there?	喽啰：你觉得呢？难道我想看见那个怪物从那儿冲出来？	pending	speaker/control differs: EN='Z. m.Minion 1'; RU='Z. m.MINION 1'
dialogue:A1_MANSION_PART1.TXT:140:a1s2_zminion1_6.wav	dialogue	A1_MANSION_PART1.TXT	140	a1s2_zminion1_6.wav	No one escapes! No one lives! Get them all!	MINION: No one escapes! No one lives! Get them all!	喽啰：谁都不准逃！谁都不准活！把他们全抓住！	pending	speaker/control differs: EN='Z. m.Minion 1'; RU='Z. m.MINION 1'
dialogue:A1_MANSION_PART1.TXT:141:a1s2_zminion2_1.wav	dialogue	A1_MANSION_PART1.TXT	141	a1s2_zminion2_1.wav	No way! The Master hates lady dhampir. He'd never have one around.	СЛУГА: Ты что? Хозяин ненавидит женщин-дампиров. И близко не подпускает.	仆从：不可能！主人讨厌女半吸血鬼，他绝不会把这种人留在身边。	pending	speaker/control differs: EN='Z. m.Minion 2'; RU='Z. m.MINION 2'
dialogue:A1_MANSION_PART1.TXT:142:a1s2_zminion2_2.wav	dialogue	A1_MANSION_PART1.TXT	142	a1s2_zminion2_2.wav	Yeah, we don't wanna be interrupted.	MINION: Yeah, we don't wanna be interrupted.	喽啰：对，我们可不想被人打扰。	pending	speaker/control differs: EN='Z. m.Minion 2'; RU='Z. m.MINION 2'
dialogue:A1_MANSION_PART1.TXT:143:a1s2_zminion2_3.wav	dialogue	A1_MANSION_PART1.TXT	143	a1s2_zminion2_3.wav	You sure those doors are sealed?	MINION: You sure those doors are sealed?	喽啰：你确定那些门都封死了？	pending	speaker/control differs: EN='Z. m.Minion 2'; RU='Z. m.MINION 2'
dialogue:A1_MANSION_PART1.TXT:144:a1s2_zminion3_1.wav	dialogue	A1_MANSION_PART1.TXT	144	a1s2_zminion3_1.wav	Alright. Tight as a drum!	MINION: Alright. Tight as a drum!	喽啰：行了，严丝合缝！	pending	speaker/control differs: EN='Z. m.Minion 3'; RU='Z. m.MINION 3'
dialogue:A1_MANSION_PART1.TXT:145:a1s2_zminion4_3.wav	dialogue	A1_MANSION_PART1.TXT	145	a1s2_zminion4_3.wav	I can't swim! I don't wanna drown in there.	MINION: I can't swim! I don't wanna drown in there.	喽啰：我不会游泳！我不想淹死在里面。	pending	speaker/control differs: EN='Z. m.Minion 4'; RU='Z. m.MINION 4'
dialogue:A1_MANSION_PART1.TXT:146:missiondescription	dialogue	A1_MANSION_PART1.TXT	146	missiondescription	Zerenski's Mansion Entry	Особняк Зерински - Вход	泽伦斯基宅邸入口	pending	
dialogue:A1_MANSION_PART1.TXT:147:objectivebreakopentomb	dialogue	A1_MANSION_PART1.TXT	147	objectivebreakopentomb	Break open Zerenski's Tomb	Break open the tomb	砸开泽伦斯基的墓室	pending	
dialogue:A1_MANSION_PART1.TXT:148:objectivedefeatwave	dialogue	A1_MANSION_PART1.TXT	148	objectivedefeatwave	Defeat All Minions who oppose you	Прикончить всех	击败所有阻挡你的喽啰	pending	
dialogue:A1_MANSION_PART1.TXT:149:objectivevampireroom	dialogue	A1_MANSION_PART1.TXT	149	objectivevampireroom	Defeat the Dhampir and find your way out of Zerenski's private lair	Прикончить дампира и выйти из секретной комнаты	击败半吸血鬼，并找到离开泽伦斯基私人巢穴的路	pending	
dialogue:A1_MANSION_PART1.TXT:150:objectivewayin	dialogue	A1_MANSION_PART1.TXT	150	objectivewayin	Find a way into the secured parts of the Mansion	Найти путь в секретные комнаты особняка	想办法进入宅邸的安保区域	pending	
dialogue:A1_MANSION_PART1.TXT:151:objectivezerenskilair	dialogue	A1_MANSION_PART1.TXT	151	objectivezerenskilair	Find the hidden access to Zerenski's Lair	Найти скрытую дверь в секретную комнату	找到通往泽伦斯基巢穴的隐藏入口	pending	
dialogue:A1_MANSION_PART1.TXT:152:objectivezerenskisbedroom	dialogue	A1_MANSION_PART1.TXT	152	objectivezerenskisbedroom	Get access to Zerenski's private bedroom	Пробраться в спальню Зерински	进入泽伦斯基的私人卧室	pending	
dialogue:A1_MANSION_PART1.TXT:155:ost_fixme_cantopenthatyet	dialogue	A1_MANSION_PART1.TXT	155	ost_fixme_cantopenthatyet	you cannot open that yet...	Сейчас открыть невозможно...	你现在还打不开那个……	pending	
dialogue:A1_MANSION_PART1.TXT:156:ost_tute_acro	dialogue	A1_MANSION_PART1.TXT	156	ost_tute_acro	Use acrobatics to reach the top floor	Используй акробатику, чтобы забраться на верхний этаж	使用杂技动作到达顶层	pending	
dialogue:A1_MANSION_PART1.TXT:157:ost_tute_aura1	dialogue	A1_MANSION_PART1.TXT	157	ost_tute_aura1	@@auraPowersButtonName@@ Aura Vision@@newline@@Find enemies, objectives, interactives, and acrobatics	@@auraPowersButtonName@@ Зрение вампира позволяет обнаруживать врагов заранее	@@auraPowersButtonName@@ 灵光视觉@@newline@@寻找敌人、目标、互动对象和杂技路线	pending	
dialogue:A1_MANSION_PART1.TXT:158:ost_tute_aura2	dialogue	A1_MANSION_PART1.TXT	158	ost_tute_aura2	@@auraPowersButtonName@@ Aura Vision can reveal vampire lairs	@@auraPowersButtonName@@ Зрение вампира позволяет находить секретные комнаты	@@auraPowersButtonName@@ 灵光视觉可以显示吸血鬼巢穴	pending	
dialogue:A1_MANSION_PART1.TXT:159:ost_tute_aura3	dialogue	A1_MANSION_PART1.TXT	159	ost_tute_aura3	@@auraPowersButtonName@@ Aura Vision can reveal vampire doors	@@auraPowersButtonName@@ Зрение вампира помогает обнаружить тайные двери вампиров	@@auraPowersButtonName@@ 灵光视觉可以显示吸血鬼门	pending	
dialogue:A1_MANSION_PART1.TXT:160:ost_tute_camera1	dialogue	A1_MANSION_PART1.TXT	160	ost_tute_camera1	@@turnAxis@@ Camera	@@turnAxis@@ Camera	@@turnAxis@@ 镜头	pending	
dialogue:A1_MANSION_PART1.TXT:161:ost_tute_combat1	dialogue	A1_MANSION_PART1.TXT	161	ost_tute_combat1	@@bladeButtonName@@ Blades@@newline@@@@kickButtonName@@ Kick	@@bladeButtonName@@ Клинки@@newline@@@@kickButtonName@@ Удар ногой	@@bladeButtonName@@ 刀刃@@newline@@@@kickButtonName@@ 踢击	pending	
dialogue:A1_MANSION_PART1.TXT:162:ost_tute_combat2	dialogue	A1_MANSION_PART1.TXT	162	ost_tute_combat2	@@kickButtonName@@ Keep kicking to disarm enemies	@@kickButtonName@@ несколько ударов ногой выбивают оружие из рук противников	@@kickButtonName@@ 连续踢击可打掉敌人的武器	pending	
dialogue:A1_MANSION_PART1.TXT:163:ost_tute_dilated	dialogue	A1_MANSION_PART1.TXT	163	ost_tute_dilated	@@speedPowersButtonName@@ Dilated Perception@@newline@@Slow time for easier combat	@@speedPowersButtonName@@ Замедление времени@@newline@@Замедляет время для облегчения боя	@@speedPowersButtonName@@ 感知扩张@@newline@@减缓时间，让战斗更轻松	pending	
dialogue:A1_MANSION_PART1.TXT:164:ost_tute_evade	dialogue	A1_MANSION_PART1.TXT	164	ost_tute_evade	Hold @@lockOnButtonName@@ + @@moveAxis@@ to dodge	Hold @@lockOnButtonName@@ then @@jumpButtonName@@ + @@moveAxis@@ to evade	按住 @@lockOnButtonName@@ + @@moveAxis@@ 进行闪避	pending	
dialogue:A1_MANSION_PART1.TXT:165:ost_tute_feed1	dialogue	A1_MANSION_PART1.TXT	165	ost_tute_feed1	@@harpoonBiteButtonName@@ Feed on prey	@@harpoonBiteButtonName@@ Пить кровь	@@harpoonBiteButtonName@@ 吸食猎物	pending	
dialogue:A1_MANSION_PART1.TXT:166:ost_tute_feed2	dialogue	A1_MANSION_PART1.TXT	166	ost_tute_feed2	@@harpoonBiteButtonName@@ Feed on prey@@newline@@@@bladeButtonName@@ or @@kickButtonName@@ Fatality earns Rage bonus	@@harpoonBiteButtonName@@ Пить кровь@@newline@@@@bladeButtonName@@ или @@kickButtonName@@ Добивание врага во время высасывания крови повышает ярость	@@harpoonBiteButtonName@@ 吸食猎物@@newline@@@@bladeButtonName@@ 或 @@kickButtonName@@ 处决可获得怒气奖励	pending	
dialogue:A1_MANSION_PART1.TXT:167:ost_tute_harpoon1	dialogue	A1_MANSION_PART1.TXT	167	ost_tute_harpoon1	Use @@lockOnButtonName@@ + @@harpoonBiteButtonName@@ to throw enemies onto the rhino horns	@@lockOnButtonName@@ + @@harpoonBiteButtonName@@ Загарпунить врага и швырнуть на рога носорогов	使用 @@lockOnButtonName@@ + @@harpoonBiteButtonName@@ 将敌人扔到犀牛角上	pending	
dialogue:A1_MANSION_PART1.TXT:168:ost_tute_harpoon2	dialogue	A1_MANSION_PART1.TXT	168	ost_tute_harpoon2	@@lockOnButtonName@@ + @@harpoonBiteButtonName@@ Harpoon target@@newline@@@@moveAxis@@ Harpoon-throw target	@@lockOnButtonName@@ + @@harpoonBiteButtonName@@ Загарпунить@@newline@@@@moveAxis@@ Бросить	@@lockOnButtonName@@ + @@harpoonBiteButtonName@@ 鱼叉锁定目标@@newline@@@@moveAxis@@ 鱼叉投掷目标	pending	
dialogue:A1_MANSION_PART1.TXT:169:ost_tute_jump1	dialogue	A1_MANSION_PART1.TXT	169	ost_tute_jump1	@@jumpButtonName@@ Jump	@@jumpButtonName@@ Прыжок	@@jumpButtonName@@ 跳跃	pending	
dialogue:A1_MANSION_PART1.TXT:170:ost_tute_jump2	dialogue	A1_MANSION_PART1.TXT	170	ost_tute_jump2	@@jumpButtonName@@ Jump over the railing	@@jumpButtonName@@ Прыжок через перила	@@jumpButtonName@@ 跳过栏杆	pending	
dialogue:A1_MANSION_PART1.TXT:171:ost_tute_killpuz1	dialogue	A1_MANSION_PART1.TXT	171	ost_tute_killpuz1	Kill enemies using hazards to earn Carnage points	Kill enemies using hazards to earn Carnage points	利用危险物杀死敌人可获得杀戮点数	pending	
dialogue:A1_MANSION_PART1.TXT:172:ost_tute_killpuz2	dialogue	A1_MANSION_PART1.TXT	172	ost_tute_killpuz2	Harpoon-throw enemies into the fire	@@lockOnButtonName@@ + @@harpoonBiteButtonName@@ бросай врагов в камин с помощью гарпуна	用鱼叉投掷将敌人扔进火里	pending	
dialogue:A1_MANSION_PART1.TXT:173:ost_tute_lock1	dialogue	A1_MANSION_PART1.TXT	173	ost_tute_lock1	Hold @@lockOnButtonName@@ Lock-on target and block	Удерживать @@lockOnButtonName@@ Захват цели и блок	按住 @@lockOnButtonName@@ 锁定目标并格挡	pending	
dialogue:A1_MANSION_PART1.TXT:174:ost_tute_lock2	dialogue	A1_MANSION_PART1.TXT	174	ost_tute_lock2	Release @@lockOnButtonName@@ lock-on to strike more targets	Отпустить @@lockOnButtonName@@ захват цели, чтобы иметь возможность атаковать другие цели	松开 @@lockOnButtonName@@ 锁定，可攻击更多目标	pending	
dialogue:A1_MANSION_PART1.TXT:175:ost_tute_lock3	dialogue	A1_MANSION_PART1.TXT	175	ost_tute_lock3	Hold @@lockOnButtonName@@ Lock-on target@@newline@@@@cycleLockOnTargetButtonName@@ Cycle targets	Удерживать @@lockOnButtonName@@ Захват цели@@newline@@@@cycleLockOnTargetButtonName@@ Перебор целей	按住 @@lockOnButtonName@@ 锁定目标@@newline@@@@cycleLockOnTargetButtonName@@ 切换目标	pending	
dialogue:A1_MANSION_PART1.TXT:176:ost_tute_minionbedroomsurprise1	dialogue	A1_MANSION_PART1.TXT	176	ost_tute_minionbedroomsurprise1	You can't be in here, Lady.	MINION 1: You can't be in here, Lady.	喽啰1：你不能在这里，女士。	pending	
dialogue:A1_MANSION_PART1.TXT:177:ost_tute_minionbedroomsurprise2	dialogue	A1_MANSION_PART1.TXT	177	ost_tute_minionbedroomsurprise2	Oh man, look at the blades! She's dhampir!	MINION 2: Oh man, look at the blades! She's dhampir!	喽啰2：天啊，看那刀刃！她是半吸血鬼！	pending	
dialogue:A1_MANSION_PART1.TXT:178:ost_tute_minionbedroomsurprise3	dialogue	A1_MANSION_PART1.TXT	178	ost_tute_minionbedroomsurprise3	Dhampir go down just like anyone else.	MINION 1: Dhampir go down just like anyone else.	喽啰1：半吸血鬼挨了打也照样会趴下。	pending	
dialogue:A1_MANSION_PART1.TXT:179:ost_tute_minionbedroomsurprise4	dialogue	A1_MANSION_PART1.TXT	179	ost_tute_minionbedroomsurprise4	Oh my god! She's insane. Call somebody! Anybody!	MINION: Oh my god! She's insane. Call somebody! Anybody!	喽啰：我的天！她疯了。叫人来！随便谁都行！	pending	
dialogue:A1_MANSION_PART1.TXT:180:ost_tute_minioncomment1	dialogue	A1_MANSION_PART1.TXT	180	ost_tute_minioncomment1	Minion 1: What's with all the noise?	MINION 1: What's with all the noise?	喽啰1：这吵吵闹闹的是怎么回事？	pending	
dialogue:A1_MANSION_PART1.TXT:181:ost_tute_minioncomment2	dialogue	A1_MANSION_PART1.TXT	181	ost_tute_minioncomment2	Minion 2: Man, you know that if the guests get antsy, the master will shred us.	MINION 2: Man, you know that if the guests get antsy, the master will shred us.	喽啰2：老兄，你也知道，要是客人们不安起来，主人会把我们撕碎的。	pending	
dialogue:A1_MANSION_PART1.TXT:182:ost_tute_minionsurprise1	dialogue	A1_MANSION_PART1.TXT	182	ost_tute_minionsurprise1	Minion 1: You're not supposed to be in here, lady.	MINION 1: You're not supposed to be in here, lady.	喽啰1：女士，你不该在这里。	pending	
dialogue:A1_MANSION_PART1.TXT:183:ost_tute_minionsurprise2	dialogue	A1_MANSION_PART1.TXT	183	ost_tute_minionsurprise2	Minion 2: Shut the f-...May I escort you back to the party ma'am?	MINION 2: Shut the f-...May I escort you back to the party ma'am?	喽啰2：闭上你那张……请允许我送您回宴会厅，女士？	pending	
dialogue:A1_MANSION_PART1.TXT:184:ost_tute_minionwarning	dialogue	A1_MANSION_PART1.TXT	184	ost_tute_minionwarning	Minion 1: Area's off limits to guests, lady.	MINION 1: Area's off limits to guests, lady.	喽啰1：女士，宾客禁止进入此区域。	pending	
dialogue:A1_MANSION_PART1.TXT:185:ost_tute_move1	dialogue	A1_MANSION_PART1.TXT	185	ost_tute_move1	@@moveAxis@@ Move @@newline@@ @@turnAxis@@ Camera	@@moveAxis@@ Движение @@newline@@ @@turnAxis@@ Камера	@@moveAxis@@ 移动 @@newline@@ @@turnAxis@@ 镜头	pending	
dialogue:A1_MANSION_PART1.TXT:186:ost_tute_pole1	dialogue	A1_MANSION_PART1.TXT	186	ost_tute_pole1	@@jumpButtonName@@ Towards pole to grab on	@@jumpButtonName@@ прыгнуть к шесту и схватиться за него	@@jumpButtonName@@ 朝杆子跳去抓住	pending	
dialogue:A1_MANSION_PART1.TXT:187:ost_tute_pole2	dialogue	A1_MANSION_PART1.TXT	187	ost_tute_pole2	@@moveAxisForward@@ Swing@@newline@@@@jumpButtonName@@ While swinging to release	@@moveAxisForward@@ раскачаться@@newline@@@@strafeAxis@@ изменить направление@@newline@@@@jumpButtonName@@ раскачаться и спрыгнуть	@@moveAxisForward@@ 摆荡@@newline@@@@jumpButtonName@@ 摆荡时松手	pending	
dialogue:A1_MANSION_PART1.TXT:188:ost_tute_pole3	dialogue	A1_MANSION_PART1.TXT	188	ost_tute_pole3	Hold @@strafeAxisLeft@@ or @@strafeAxisRight@@ to reverse direction	@@moveAxisForward@ раскачаться@@newline@@@@jumpButtonName@@ раскачаться и спрыгнуть@@newline@@@@strafeAxis@@ изменить направление	按住 @@strafeAxisLeft@@ 或 @@strafeAxisRight@@ 反转方向	pending	
dialogue:A1_MANSION_PART1.TXT:189:ost_tute_pole4	dialogue	A1_MANSION_PART1.TXT	189	ost_tute_pole4	@@jumpButtonName@@ Towards pole to grab on	@@jumpButtonName@@ прыгнуть к шесту и схватиться за него	@@jumpButtonName@@ 朝杆子跳去抓住	pending	
dialogue:A1_MANSION_PART1.TXT:190:ost_tute_rage	dialogue	A1_MANSION_PART1.TXT	190	ost_tute_rage	@@ragePowersButtonName@@ Blood Rage@@newline@@Increase offense and defense	@@ragePowersButtonName@@ Кровая ярость не дает противнику сбить Рейн с ног	@@ragePowersButtonName@@ 血怒@@newline@@提升攻击和防御	pending	
dialogue:A1_MANSION_PART1.TXT:191:ost_tute_rail1	dialogue	A1_MANSION_PART1.TXT	191	ost_tute_rail1	Move onto the metal rail to grind down it	@@jumpButtonName@@ прыгнуть на перила и съехать по ним	移动到金属轨道上向下滑行	pending	
dialogue:A1_MANSION_PART1.TXT:192:ost_tute_rail2	dialogue	A1_MANSION_PART1.TXT	192	ost_tute_rail2	Move onto the rail to run up it	@@bladeButtonName@@ Рубить врагов, съезжая по перилам	移动到轨道上向上奔跑	pending	
dialogue:A1_MANSION_PART1.TXT:193:ost_tute_style2	dialogue	A1_MANSION_PART1.TXT	193	ost_tute_style2	Earn Carnage points to boost Health and Rage	Earn Carnage points to boost Health and Rage	获得杀戮点数以提升生命值和怒气	pending	
dialogue:A1_MANSION_PART1.TXT:194:ost_tute_style2a	dialogue	A1_MANSION_PART1.TXT	194	ost_tute_style2a	@@lockOnButtonName@@ + @@harpoonBiteButtonName@@ Harpoon chandelier@@newline@@@@moveAxis@@ Pull down chandelier	@@lockOnButtonName@@ + @@harpoonBiteButtonName@@ Harpoon chandelier@@newline@@@@moveAxis@@ Pull down chandelier	@@lockOnButtonName@@ + @@harpoonBiteButtonName@@ 鱼叉钩住吊灯@@newline@@@@moveAxis@@ 拉下吊灯	pending	
dialogue:A1_MANSION_PART1.TXT:195:ost_tute_wall0	dialogue	A1_MANSION_PART1.TXT	195	ost_tute_wall0	Approach the scaffold fence to learn wall jumping	Подойди под леса, чтобы научиться запрыгивать на стену	靠近脚手架围栏，学习蹬墙跳	pending	
dialogue:A1_MANSION_PART1.TXT:196:ost_tute_wall1	dialogue	A1_MANSION_PART1.TXT	196	ost_tute_wall1	@@jumpButtonName@@ Towards fence to grab on	@@jumpButtonName@@ Прыгнуть на сетку и схватиться за нее	@@jumpButtonName@@ 朝围栏跳去抓住	pending	
dialogue:A1_MANSION_PART1.TXT:197:ost_tute_wall2	dialogue	A1_MANSION_PART1.TXT	197	ost_tute_wall2	@@jumpButtonName@@ Jump to next wall	@@jumpButtonName@@ Спрыгнуть с сетки	@@jumpButtonName@@ 跳到下一面墙	pending	
dialogue:A1_MANSION_PART1.TXT:198:powerup	dialogue	A1_MANSION_PART1.TXT	198	powerup	@@moveaxisforward@@ (Circle) + @@kickbuttonname@@ Twisted Wind	"@@moveaxis@@ (Circle) , @@kickbuttonname@@ Получен прием ""Вихрь"""	@@moveaxisforward@@（圆周）+ @@kickbuttonname@@ 扭风	pending	
dialogue:A1_MANSION_PART2.TXT:1:a1s1_mdhampir_1.wav	dialogue	A1_MANSION_PART2.TXT	1	a1s1_mdhampir_1.wav	Then you've been very lucky for decades. Your luck has run dry today.	ДАМПИР: Значит, тебе очень везло. А теперь везение твое иссякло.	半吸血鬼：那你几十年来可真是走运，今天你的好运走到头了。	pending	
dialogue:A1_MANSION_PART2.TXT:2:a1s1_rayne_12.wav	dialogue	A1_MANSION_PART2.TXT	2	a1s1_rayne_12.wav	I'm no guest, pal.	РЕЙН: А я не гость, парень.	莱恩：我可不是什么客人，伙计。	pending	
dialogue:A1_MANSION_PART2.TXT:3:a1s1_rayne_13.wav	dialogue	A1_MANSION_PART2.TXT	3	a1s1_rayne_13.wav	Aw, you guys are way too tough.	RAYNE: Aw, you guys are way too tough.	莱恩：哎呀，你们几个可真够硬气的。	pending	
dialogue:A1_MANSION_PART2.TXT:4:a1s1_rayne_14.wav	dialogue	A1_MANSION_PART2.TXT	4	a1s1_rayne_14.wav	C'mon, boys that's not how you talk to girls...	RAYNE: C'mon, boys that's not how you talk to girls...	莱恩：拜托，男孩们，这可不是跟女孩说话的方式……	pending	
dialogue:A1_MANSION_PART2.TXT:5:a1s1_rayne_15.wav	dialogue	A1_MANSION_PART2.TXT	5	a1s1_rayne_15.wav	But, you know... keep talking. I like it anyway.	RAYNE: But, you know... keep talking. I like it anyway.	莱恩：不过嘛……接着说，我还挺喜欢听的。	pending	
dialogue:A1_MANSION_PART2.TXT:6:a1s1_rayne_16.wav	dialogue	A1_MANSION_PART2.TXT	6	a1s1_rayne_16.wav	Aw, not just like anybody else... Wanna try me?	РЕЙН: Так уж, как и все остальные... Хочешь попробовать?	莱恩：哎呀，才不是跟别人一样呢……想试试我吗？	pending	
dialogue:A1_MANSION_PART2.TXT:7:a1s1_rayne_17.wav	dialogue	A1_MANSION_PART2.TXT	7	a1s1_rayne_17.wav	Step right up, gents. I got plenty for everyone.	RAYNE: Step right up, gents. I got plenty for everyone.	莱恩：来吧，先生们，我够你们每个人分的。	pending	
dialogue:A1_MANSION_PART2.TXT:8:a1s1_rayne_18.wav	dialogue	A1_MANSION_PART2.TXT	8	a1s1_rayne_18.wav	Whew! This is quite a bedroom. Bet I'm the first girl to see it by choice, huh?	РЕЙН: Ничего себе спаленка! Думаю, я первая девушка, пришедшая сюда по своей воле.	莱恩：嚯！这卧室可真够气派的。敢打赌，我是第一个自愿来看它的女孩吧？	pending	
dialogue:A1_MANSION_PART2.TXT:9:a1s1_rayne_19.wav	dialogue	A1_MANSION_PART2.TXT	9	a1s1_rayne_19.wav	Uh-huh. Thought I might find you here. Even dead you're a thorn in my side.	РЕЙН: Угу. Не сомневалась, что увижу тебя. Даже мертвый ты меня достаешь.	莱恩：嗯哼，就知道能在这儿找到你，死了都还要碍我的事。	pending	
dialogue:A1_MANSION_PART2.TXT:10:a1s1_rayne_20.wav	dialogue	A1_MANSION_PART2.TXT	10	a1s1_rayne_20.wav	You've been gone a long time, Kagan. I've been taking care of your family for you though.	РЕЙН: Ты уже давно мертв, Кейган. Но я сама забочусь о твоей семейке.	莱恩：你离开很久了，卡根。不过你的家人，我一直替你照顾着呢。	pending	
dialogue:A1_MANSION_PART2.TXT:11:a1s1_rayne_21.wav	dialogue	A1_MANSION_PART2.TXT	11	a1s1_rayne_21.wav	One at a time, all across the world for seventy years. I think I'm nearly done.	РЕЙН: По всем странам, одного за другим, я отлавливала их семьдесят лет. Конец уже близок.	七十年来，世界各地，一个接一个。我想我差不多快做完了。	pending	
dialogue:A1_MANSION_PART2.TXT:12:a1s1_rayne_22.wav	dialogue	A1_MANSION_PART2.TXT	12	a1s1_rayne_22.wav	What do you think of me now, father?	РЕЙН: Что ты теперь думаешь обо мне, папочка?	现在你怎么看我，父亲？	pending	
dialogue:A1_MANSION_PART2.TXT:13:a1s1_rayne_23.wav	dialogue	A1_MANSION_PART2.TXT	13	a1s1_rayne_23.wav	Hell of an operation you've got here, Zerenzki. Cult of Kagan's gone multinational, huh?	РЕЙН: Хм. А неплохо ты здесь развернулся, Зерински. Культ Кейгана в мировом масштабе, да?	你这儿阵仗可真不小啊，泽伦斯基。卡根邪教都跨国经营了，是吧？	pending	
dialogue:A1_MANSION_PART2.TXT:14:a1s1_rayne_24.wav	dialogue	A1_MANSION_PART2.TXT	14	a1s1_rayne_24.wav	Now I know exactly who I'm up against. But what are you up to?	РЕЙН: Теперь я знаю точно, с кем сражаюсь.	现在我清楚自己到底在对付谁了。可你又在搞什么？	pending	
dialogue:A1_MANSION_PART2.TXT:15:a1s1_rayne_25.wav	dialogue	A1_MANSION_PART2.TXT	15	a1s1_rayne_25.wav	Wow! I haven't seen one of you guys for decades! Where you been hiding yourselves?	РЕЙН: О, давненько я не видела таких ребят! И где же вы все прятались?	哇！我几十年没见过你们这种家伙了！都躲哪儿去了？	pending	
dialogue:A1_MANSION_PART2.TXT:16:a1s1_rayne_26.wav	dialogue	A1_MANSION_PART2.TXT	16	a1s1_rayne_26.wav	Oh, the old tongue, still? I never learned it. Seems kinda high-falutin'.	РЕЙН: Все тот же древний язык? Никогда его не любила. Слишком уж заумный.	哦，还说古语？我可没学过。听着还挺装腔作势的。	pending	
dialogue:A1_MANSION_PART2.TXT:17:a1s1_rayne_27.wav	dialogue	A1_MANSION_PART2.TXT	17	a1s1_rayne_27.wav	All right! Thanks for the lesson. Bitch.	РЕЙН: Вот так! Спасибо за урок, гад.	好吧！多谢你上课。贱人。	pending	
dialogue:A1_MANSION_PART2.TXT:18:a1s1_zminion1_1.wav	dialogue	A1_MANSION_PART2.TXT	18	a1s1_zminion1_1.wav	Area's off limits to guests, lady.	СЛУГА: Гостям здесь не место, леди.	女士，宾客禁止进入此区域。	pending	
dialogue:A1_MANSION_PART2.TXT:19:a1s1_zminion1_2.wav	dialogue	A1_MANSION_PART2.TXT	19	a1s1_zminion1_2.wav	What's with all this noise?!	MINION: What's with all this noise?!	这吵吵闹闹的是怎么回事？！	pending	
dialogue:A1_MANSION_PART2.TXT:20:a1s1_zminion1_3.wav	dialogue	A1_MANSION_PART2.TXT	20	a1s1_zminion1_3.wav	Shut the f-... May I escort you back to the party, ma'am?	СЛУГА: Заткнись. Могу я проводить вас к гостям, мэм?	闭上你他——……夫人，需要我送您回宴会吗？	pending	
dialogue:A1_MANSION_PART2.TXT:21:a1s1_zminion1_4.wav	dialogue	A1_MANSION_PART2.TXT	21	a1s1_zminion1_4.wav	You can't be here. Lady.	СЛУГА: Сюда нельзя, леди.	你不能在这里。女士。	pending	
dialogue:A1_MANSION_PART2.TXT:22:a1s1_zminion2_1.wav	dialogue	A1_MANSION_PART2.TXT	22	a1s1_zminion2_1.wav	Haw! Somebody wants her surprise early!	MINION: Haw! Somebody wants her surprise early!	哈！有人想提前拿到惊喜啊！	pending	
dialogue:A1_MANSION_PART2.TXT:23:a1s1_zminion2_2.wav	dialogue	A1_MANSION_PART2.TXT	23	a1s1_zminion2_2.wav	Keep it down! Any of Master's guests get antsy and he's gonna shred us!	MINION: Keep it down! Any of Master's guests get antsy and he's gonna shred us!	小声点！要是主人的客人们不安起来，他会把我们撕碎的！	pending	
dialogue:A1_MANSION_PART2.TXT:24:a1s1_zminion2_3.wav	dialogue	A1_MANSION_PART2.TXT	24	a1s1_zminion2_3.wav	Not supposed to be in here, lady.	СЛУГА: Вы не должны здесь быть, леди.	女士，你不该在这里。	pending	
dialogue:A1_MANSION_PART2.TXT:25:a1s1_zminion2_4.wav	dialogue	A1_MANSION_PART2.TXT	25	a1s1_zminion2_4.wav	Oh man, look at the blades! She's dhampir!	СЛУГА: Боже мой, клинки! Она - дампир!	天啊，看那刀刃！她是半吸血鬼！	pending	
dialogue:A1_MANSION_PART2.TXT:26:a1s1_zminion3_1.wav	dialogue	A1_MANSION_PART2.TXT	26	a1s1_zminion3_1.wav	Get her. But do it quiet.	MINION: Get her. But do it quiet.	抓住她。但动静小点。	pending	
dialogue:A1_MANSION_PART2.TXT:27:a1s1_zminion3_2.wav	dialogue	A1_MANSION_PART2.TXT	27	a1s1_zminion3_2.wav	Dhampir go down just like anybody else.	СЛУГА: Дампиры гибнут, как и все остальные.	半吸血鬼也跟别人一样会倒下。	pending	
dialogue:A1_MANSION_PART2.TXT:28:a1s1_zminion4_1.wav	dialogue	A1_MANSION_PART2.TXT	28	a1s1_zminion4_1.wav	You're gonna look good in the master's trophy case!	MINION: You're gonna look good in the master's trophy case!	你会很适合摆进主人的战利品柜！	pending	
dialogue:A1_MANSION_PART2.TXT:29:a1s1_zminion4_2.wav	dialogue	A1_MANSION_PART2.TXT	29	a1s1_zminion4_2.wav	Oh my god! She's insane. Call somebody! Anybody!	MINION: Oh my god! She's insane. Call somebody! Anybody!	我的天！她疯了。叫人来！随便谁都行！	pending	
dialogue:A1_MANSION_PART2.TXT:30:a1s1_zminion5_1.wav	dialogue	A1_MANSION_PART2.TXT	30	a1s1_zminion5_1.wav	Honey, you shoulda stayed downstairs with the rest of the lambs...	MINION: Honey, you shoulda stayed downstairs with the rest of the lambs...	亲爱的，你真该和其他羔羊一起待在楼下……	pending	
dialogue:A1_MANSION_PART2.TXT:31:a1s2_rayne_1.wav	dialogue	A1_MANSION_PART2.TXT	31	a1s2_rayne_1.wav	The master can blow me monkey-suit.	РЕЙН: Хозяин может идти к черту.	主人可以来舔我的猴子西装。	pending	
dialogue:A1_MANSION_PART2.TXT:32:a1s2_rayne_10.wav	dialogue	A1_MANSION_PART2.TXT	32	a1s2_rayne_10.wav	That's not even kind of funny, Severin. Why would a born vampire like Zerenzki keep so much water on his property?	RAYNE: That's not even kind of funny, Severin. Why would a born vampire like Zerenzki keep so much water on his property?	这连一点都不好笑，塞弗林。像泽伦斯基这种天生吸血鬼，为什么会在自己的地产上放这么多水？	pending	
dialogue:A1_MANSION_PART2.TXT:33:a1s2_rayne_11.wav	dialogue	A1_MANSION_PART2.TXT	33	a1s2_rayne_11.wav	It would hurt him even more than it would me...	RAYNE: It would hurt him even more than it would me...	那东西伤他可比伤我还狠……	pending	
dialogue:A1_MANSION_PART2.TXT:34:a1s2_rayne_12.wav	dialogue	A1_MANSION_PART2.TXT	34	a1s2_rayne_12.wav	Wow. That guy is a seriously dedicated social climber.	RAYNE: Wow. That guy is a seriously dedicated social climber.	哇。这家伙还真是个拼命往上爬的社交攀附狂。	pending	
dialogue:A1_MANSION_PART2.TXT:35:a1s2_rayne_13.wav	dialogue	A1_MANSION_PART2.TXT	35	a1s2_rayne_13.wav	Hm. What if the lights up there were to come down here?	RAYNE: Hm. What if the lights up there were to come down here?	嗯。要是上面的那些灯掉到这里来，会怎么样？	pending	
dialogue:A1_MANSION_PART2.TXT:36:a1s2_rayne_14.wav	dialogue	A1_MANSION_PART2.TXT	36	a1s2_rayne_14.wav	There. Now there's a little kick in the punchbowl. Who wants to to taste it?	RAYNE: There. Now there's a little kick in the punchbowl. Who wants to to taste it?	好了。现在这潘趣酒里可有点劲儿了。谁想尝尝？	pending	
dialogue:A1_MANSION_PART2.TXT:37:a1s2_rayne_15.wav	dialogue	A1_MANSION_PART2.TXT	37	a1s2_rayne_15.wav	I have a sort of a knack.	RAYNE: I have a sort of a knack.	我算是有点天赋吧。	pending	
dialogue:A1_MANSION_PART2.TXT:38:a1s2_rayne_16.wav	dialogue	A1_MANSION_PART2.TXT	38	a1s2_rayne_16.wav	Tsk. Stupid the electricity's gonna fry you long before you drown.	RAYNE: Tsk. Stupid the electricity's gonna fry you long before you drown.	啧。蠢货，电流早在你淹死之前就会把你烤熟。	pending	
dialogue:A1_MANSION_PART2.TXT:39:a1s2_rayne_17.wav	dialogue	A1_MANSION_PART2.TXT	39	a1s2_rayne_17.wav	Was wondering when you'd show up. So that's what a vampire looks like when Zerenzki turns one. Ugh.	RAYNE: Was wondering when you'd show up. So that's what a vampire looks like when Zerenzki turns one. Ugh.	我正想着你什么时候会出现呢。原来被泽伦斯基转化后的吸血鬼长这样。呃。	pending	
dialogue:A1_MANSION_PART2.TXT:40:a1s2_rayne_18.wav	dialogue	A1_MANSION_PART2.TXT	40	a1s2_rayne_18.wav	That's what you guys are dying to become? Tsk. Could you maybe aim a little higher?	RAYNE: That's what you guys are dying to become? Tsk. Could you maybe aim a little higher?	这就是你们拼了命想变成的样子？啧。目标能不能稍微高一点？	pending	
dialogue:A1_MANSION_PART2.TXT:41:a1s2_rayne_19.wav	dialogue	A1_MANSION_PART2.TXT	41	a1s2_rayne_19.wav	Wow, look at him sizzle!	RAYNE: Wow, look at him sizzle!	哇，看他滋滋冒烟！	pending	
dialogue:A1_MANSION_PART2.TXT:42:a1s2_rayne_2.wav	dialogue	A1_MANSION_PART2.TXT	42	a1s2_rayne_2.wav	Dammit.	РЕЙН: Вот черт.	该死。	pending	
dialogue:A1_MANSION_PART2.TXT:43:a1s2_rayne_20.wav	dialogue	A1_MANSION_PART2.TXT	43	a1s2_rayne_20.wav	That's awesome. I wanna do it again.	RAYNE: That's awesome. I wanna do it again.	太棒了。我还想再来一次。	pending	
dialogue:A1_MANSION_PART2.TXT:44:a1s2_rayne_23.wav	dialogue	A1_MANSION_PART2.TXT	44	a1s2_rayne_23.wav	Oh, no way... They're real?	RAYNE: Oh, no way... They're real?	哦，不会吧……它们是真的？	pending	
dialogue:A1_MANSION_PART2.TXT:45:a1s2_rayne_24.wav	dialogue	A1_MANSION_PART2.TXT	45	a1s2_rayne_24.wav	My God, Severin! Zerenzki's got the Carpathian Dragons! I thought they were just legend!	RAYNE: My God, Severin! Zerenzki's got the Carpathian Dragons! I thought they were just legend!	我的天，塞弗林！泽伦斯基有喀尔巴阡龙枪！我还以为那只是传说！	pending	
dialogue:A1_MANSION_PART2.TXT:46:a1s2_rayne_25.wav	dialogue	A1_MANSION_PART2.TXT	46	a1s2_rayne_25.wav	Oh, I'm fine. It's just that they're so... beautiful...	RAYNE: Oh, I'm fine. It's just that they're so... beautiful...	哦，我没事。只是它们实在是……太美了……	pending	
dialogue:A1_MANSION_PART2.TXT:47:a1s2_rayne_26.wav	dialogue	A1_MANSION_PART2.TXT	47	a1s2_rayne_26.wav	Where are you? Are you in trouble?	РЕЙН: Ты где? У тебя проблемы?	你在哪儿？有麻烦吗？	pending	
dialogue:A1_MANSION_PART2.TXT:48:a1s2_rayne_27.wav	dialogue	A1_MANSION_PART2.TXT	48	a1s2_rayne_27.wav	Has he been behaving badly? It's how he was raised.	РЕЙН: Он плохо себя вел? Так уж он воспитан.	他表现不好吗？这都是他从小受的教育。	pending	
dialogue:A1_MANSION_PART2.TXT:49:a1s2_rayne_28.wav	dialogue	A1_MANSION_PART2.TXT	49	a1s2_rayne_28.wav	I forget the etiquette when one eats his guests, is it pinky in, or out?	RAYNE: I forget the etiquette when one eats his guests, is it pinky in, or out?	我忘了吃客人时的礼仪了，小指是翘起来，还是收进去？	pending	
dialogue:A1_MANSION_PART2.TXT:50:a1s2_rayne_29.wav	dialogue	A1_MANSION_PART2.TXT	50	a1s2_rayne_29.wav	Oops! You caught me! I was off snooping through the medicine cabinets. Looks like I missed the big event.	RAYNE: Oops! You caught me! I was off snooping through the medicine cabinets. Looks like I missed the big event.	哎呀！被你抓到了！我刚才溜去翻药柜了。看来我错过大场面了。	pending	
dialogue:A1_MANSION_PART2.TXT:51:a1s2_rayne_3.wav	dialogue	A1_MANSION_PART2.TXT	51	a1s2_rayne_3.wav	Sure did. Think I can expense it to Brimstone?	РЕЙН: Еще бы. Стоит послать чек в Бримстоун?	当然是。你觉得我能找硫磺会报销吗？	pending	
dialogue:A1_MANSION_PART2.TXT:52:a1s2_rayne_30.wav	dialogue	A1_MANSION_PART2.TXT	52	a1s2_rayne_30.wav	Gee, I'll bet it was nice. Were there balloons and confetti? Did a pretty girl pop out of a big cake?	RAYNE: Gee, I'll bet it was nice. Were there balloons and confetti? Did a pretty girl pop out of a big cake?	哎呀，我敢说肯定很不错。有气球和彩纸吗？有漂亮女孩从大蛋糕里跳出来吗？	pending	
dialogue:A1_MANSION_PART2.TXT:53:a1s2_rayne_31.wav	dialogue	A1_MANSION_PART2.TXT	53	a1s2_rayne_31.wav	But look! I picked out my own presents. Whaddya think? Aren't they divine?	RAYNE: But look! I picked out my own presents. Whaddya think? Aren't they divine?	不过看！我自己挑好了礼物。你觉得怎么样？是不是美极了？	pending	
dialogue:A1_MANSION_PART2.TXT:54:a1s2_rayne_32.wav	dialogue	A1_MANSION_PART2.TXT	54	a1s2_rayne_32.wav	Alright, alright, that's what I'm do-oh, were you talking to me? Or to them?	RAYNE: Alright, alright, that's what I'm do-oh, were you talking to me? Or to them?	好啦好啦，我正在——哦，你是在跟我说话？还是跟它们？	pending	
dialogue:A1_MANSION_PART2.TXT:55:a1s2_rayne_33.wav	dialogue	A1_MANSION_PART2.TXT	55	a1s2_rayne_33.wav	Answer mine first why the bloodbath? These were your 500 closest friends, weren't they?	RAYNE: Answer mine first why the bloodbath? These were your 500 closest friends, weren't they?	先回答我的问题：为什么要大开杀戒？他们不是你最亲近的五百个朋友吗？	pending	
dialogue:A1_MANSION_PART2.TXT:56:a1s2_rayne_34.wav	dialogue	A1_MANSION_PART2.TXT	56	a1s2_rayne_34.wav	A Kagan family reunion?	RAYNE: A Kagan family reunion?	卡根家族团聚？	pending	
dialogue:A1_MANSION_PART2.TXT:57:a1s2_rayne_35.wav	dialogue	A1_MANSION_PART2.TXT	57	a1s2_rayne_35.wav	Aw, come on, Z. I'm the black sheep! The one nobody talks about! I'm on a world tour, visiting every bastard child of Kagan I can find!	РЕЙН: А, да будет тебе, Зи! Я та самая белая ворона! О которой не принято говорить! Я путешествую по миру и навещаю всех ублюдков Кейгана.	拜托了，泽。我可是害群之马！没人愿意提起的那个！我正在环球旅行，拜访我能找到的每一个卡根私生子！	pending	
dialogue:A1_MANSION_PART2.TXT:58:a1s2_rayne_36.wav	dialogue	A1_MANSION_PART2.TXT	58	a1s2_rayne_36.wav	The one in the West Indies? With the snakes? She gave me your name. Didn't want to, though very loyal.	РЕЙН: Та, которая в Вест-Индии, со змеями? Она рассказала про тебя, правда не сразу. Очень преданная.	西印度群岛那个？养蛇的那个？她告诉了我你的名字。虽然不情愿，倒是很忠心。	pending	
dialogue:A1_MANSION_PART2.TXT:59:a1s2_rayne_37.wav	dialogue	A1_MANSION_PART2.TXT	59	a1s2_rayne_37.wav	Rrgh! That's half-sister, jackass!	РЕЙН: Ур-рх! В лучшем случае сводная, болван!	呃！那是同父异母的妹妹，蠢货！	pending	
dialogue:A1_MANSION_PART2.TXT:60:a1s2_rayne_38.wav	dialogue	A1_MANSION_PART2.TXT	60	a1s2_rayne_38.wav	Rrgh! That's half-sister, ratsucker!	RAYNE: Rrgh! That's half-sister, ratsucker!	呃！那是同父异母的妹妹，臭吸血鼠！	pending	
dialogue:A1_MANSION_PART2.TXT:61:a1s2_rayne_39.wav	dialogue	A1_MANSION_PART2.TXT	61	a1s2_rayne_39.wav	Right ON! Love picking up new moves!	RAYNE: Right ON! Love picking up new moves!	太好了！我最喜欢学新招了！	pending	
dialogue:A1_MANSION_PART2.TXT:62:a1s2_rayne_4.wav	dialogue	A1_MANSION_PART2.TXT	62	a1s2_rayne_4.wav	I'll keep my receipts.	РЕЙН: Я сохраню чеки.	收据我会留着的。	pending	
dialogue:A1_MANSION_PART2.TXT:63:a1s2_rayne_40.wav	dialogue	A1_MANSION_PART2.TXT	63	a1s2_rayne_40.wav	Oh yeah! Can't wait to use this!	RAYNE: Oh yeah! Can't wait to use this!	哦耶！等不及要用这个了！	pending	
dialogue:A1_MANSION_PART2.TXT:64:a1s2_rayne_41.wav	dialogue	A1_MANSION_PART2.TXT	64	a1s2_rayne_41.wav	Eh. They made bad choices. Shoulda stayed in school. Keep out of trouble while I take care of this, okay?	RAYNE: Eh. They made bad choices. Shoulda stayed in school. Keep out of trouble while I take care of this, okay?	哎。他们自己选错了路。早该好好上学的。我处理这事的时候，别惹麻烦，好吗？	pending	
dialogue:A1_MANSION_PART2.TXT:65:a1s2_rayne_42.wav	dialogue	A1_MANSION_PART2.TXT	65	a1s2_rayne_42.wav	You're right about one thing it's definitely time for you to go.	РЕЙН: В одном ты прав. Пришла твоя пора умирать.	有一点你说对了，你确实该走了。	pending	
dialogue:A1_MANSION_PART2.TXT:66:a1s2_rayne_43.wav	dialogue	A1_MANSION_PART2.TXT	66	a1s2_rayne_43.wav	Hello, you. You have anything to do with all this noise?	РЕЙН: Эй, там! Это твоих рук дело?	你好啊。这里这么吵，跟你有关系吗？	pending	
dialogue:A1_MANSION_PART2.TXT:67:a1s2_rayne_44.wav	dialogue	A1_MANSION_PART2.TXT	67	a1s2_rayne_44.wav	Can do. There in a flash.	RAYNE: Can do. There in a flash.	没问题。马上到。	pending	
dialogue:A1_MANSION_PART2.TXT:68:a1s2_rayne_45.wav	dialogue	A1_MANSION_PART2.TXT	68	a1s2_rayne_45.wav	You bet. It's what I was hoping to find. A twisted family tree.	РЕЙН: А как же! Именно то, что я искала. Вся поганая генеалогия.	当然。这正是我想找的东西。一棵扭曲的家族树。	pending	
dialogue:A1_MANSION_PART2.TXT:69:a1s2_rayne_46.wav	dialogue	A1_MANSION_PART2.TXT	69	a1s2_rayne_46.wav	It lists the whereabouts of the entire Kagan cult. And it looks like they're all converging right here. In the City.	РЕЙН: Плюс местонахождение всех членов культа Кейгана. Похоже, они съезжаются прямо сюда. В город.	上面列着整个卡根邪教的下落。而且看起来他们全都在往这里汇合。就在这座城市。	pending	
dialogue:A1_MANSION_PART2.TXT:70:a1s2_rayne_47.wav	dialogue	A1_MANSION_PART2.TXT	70	a1s2_rayne_47.wav	I am. They've all come here. To me. I'm ending them, finally. And my father's sick bloodline will be extinguished.	РЕЙН: А мне нравится. Они сами идут ко мне в руки. Я наконец смогу прервать линию гнилой крови моего папочки!	没错。他们全都来了。来找我。我终于要终结他们了。我父亲那条病态的血脉也会就此断绝。	pending	
dialogue:A1_MANSION_PART2.TXT:71:a1s2_rayne_5.wav	dialogue	A1_MANSION_PART2.TXT	71	a1s2_rayne_5.wav	Just reached a courtyard outside the study.	РЕЙН: Я во дворе у окон кабинета.	刚到书房外的庭院。	pending	
dialogue:A1_MANSION_PART2.TXT:72:a1s2_rayne_6.wav	dialogue	A1_MANSION_PART2.TXT	72	a1s2_rayne_6.wav	Eh, I guess. Just one more thing I'm naturally good at.	РЕЙН: Эээ, нет. Я и от природы неплохо это делаю.	嗯，大概吧。只不过又是我天生擅长的一件事。	pending	
dialogue:A1_MANSION_PART2.TXT:73:a1s2_rayne_7.wav	dialogue	A1_MANSION_PART2.TXT	73	a1s2_rayne_7.wav	I dunno. Nobody's usually left alive to see one.	RAYNE: I dunno. Nobody's usually left alive to see one.	不知道。通常没人能活着看到其中一个。	pending	
dialogue:A1_MANSION_PART2.TXT:74:a1s2_rayne_8.wav	dialogue	A1_MANSION_PART2.TXT	74	a1s2_rayne_8.wav	Or walk anywhere near them they're all just asking for it! There any such thing as a glass fetish?	RAYNE: Or walk anywhere near them they're all just asking for it! There any such thing as a glass fetish?	或者走到它们附近——它们简直就是自找的！世界上有玻璃癖这种东西吗？	pending	
dialogue:A1_MANSION_PART2.TXT:75:a1s2_rayne_9.wav	dialogue	A1_MANSION_PART2.TXT	75	a1s2_rayne_9.wav	Ah, great. Water.	RAYNE: Ah, great. Water.	啊，太好了。水。	pending	
dialogue:A1_MANSION_PART2.TXT:76:a1s2_severin_1.wav	dialogue	A1_MANSION_PART2.TXT	76	a1s2_severin_1.wav	That sounded expensive...	СЕВЕРИН: Это прозвучало недешево...	听起来挺贵的……	pending	
dialogue:A1_MANSION_PART2.TXT:77:a1s2_severin_11.wav	dialogue	A1_MANSION_PART2.TXT	77	a1s2_severin_11.wav	Whatcha got? Something interesting?	SEVERIN: Whatcha got? Something interesting?	你拿到了什么？有意思的东西？	pending	
dialogue:A1_MANSION_PART2.TXT:78:a1s2_severin_12.wav	dialogue	A1_MANSION_PART2.TXT	78	a1s2_severin_12.wav	Huh. That's what Brimstone thought, too.	SEVERIN: Huh. That's what Brimstone thought, too.	哼。硫磺会也是这么想的。	pending	
dialogue:A1_MANSION_PART2.TXT:79:a1s2_severin_13.wav	dialogue	A1_MANSION_PART2.TXT	79	a1s2_severin_13.wav	Rayne? RAYNE! Are you there? What happened?!!	SEVERIN: Rayne? RAYNE! Are you there? What happened?!!	莱恩？莱恩！你在吗？发生什么事了？！	pending	
dialogue:A1_MANSION_PART2.TXT:80:a1s2_severin_14.wav	dialogue	A1_MANSION_PART2.TXT	80	a1s2_severin_14.wav	... and extremely dangerous. Listen, if they're the real Carpathian Dragons, they feed from the blood of their Dhampir host. That's you, in this case.	SEVERIN: ... and extremely dangerous. Listen, if they're the real Carpathian Dragons, they feed from the blood of their Dhampir host. That's you, in this case.	……而且极其危险。听着，如果它们真是喀尔巴阡龙枪，它们会吸食半吸血鬼宿主的血。也就是你。	pending	
dialogue:A1_MANSION_PART2.TXT:81:a1s2_severin_15.wav	dialogue	A1_MANSION_PART2.TXT	81	a1s2_severin_15.wav	They alchemically process the raw material into vampire-lethal projectiles. You're gonna have to feed to fill their reservoirs.	SEVERIN: They alchemically process the raw material into vampire-lethal projectiles. You're gonna have to feed to fill their reservoirs.	它们会通过炼金术把原料加工成能杀死吸血鬼的弹丸。你得吸血来填满它们的储液槽。	pending	
dialogue:A1_MANSION_PART2.TXT:82:a1s2_severin_16.wav	dialogue	A1_MANSION_PART2.TXT	82	a1s2_severin_16.wav	You can still use them when their reservoirs are empty, but they'll draw blood directly from you.	SEVERIN: You can still use them when their reservoirs are empty, but they'll draw blood directly from you.	储液槽空了你依然能用它们，但它们会直接从你身上抽血。	pending	
dialogue:A1_MANSION_PART2.TXT:83:a1s2_severin_17.wav	dialogue	A1_MANSION_PART2.TXT	83	a1s2_severin_17.wav	You'd better get down here. Zerenzki just revealed a big surprise to his guests.	СЕВЕРИН: Спускайся вниз. Зерински приготовил гостям замечательный сюрприз.	你最好下来。泽伦斯基刚向客人们展示了一个大惊喜。	pending	
dialogue:A1_MANSION_PART2.TXT:84:a1s2_severin_18.wav	dialogue	A1_MANSION_PART2.TXT	84	a1s2_severin_18.wav	Just outside the Ballroom. I'm fine. Just, you know, staying clear. Can't say as much for the other guests. Get here soon or you'll miss it.	СЕВЕРИН: Около бального зала. Я в порядке, просто наблюдаю со стороны. Вот про гостей этого не скажешь! Иди быстрее, а то все пропустишь.	就在舞厅外面。我没事。只是，你懂的，躲远点。其他客人可就不好说了。快来，不然你就错过了。	pending	
dialogue:A1_MANSION_PART2.TXT:85:a1s2_severin_19.wav	dialogue	A1_MANSION_PART2.TXT	85	a1s2_severin_19.wav	Tch. I think Zerenzki just blew his membership at the country club.	СЕВЕРИН: Думаю, Зерински только что лишился членства в элитном клубе.	啧。我看泽伦斯基这下是把乡村俱乐部的会员资格玩没了。	pending	
dialogue:A1_MANSION_PART2.TXT:86:a1s2_severin_2.wav	dialogue	A1_MANSION_PART2.TXT	86	a1s2_severin_2.wav	Uh, let's wait til we see the final bill for this evening.	СЕВЕРИН: Гм. Посмотрим на итоговый счет за вечер.	呃，等我们看到今晚的最终账单再说吧。	pending	
dialogue:A1_MANSION_PART2.TXT:87:a1s2_severin_20.wav	dialogue	A1_MANSION_PART2.TXT	87	a1s2_severin_20.wav	See for yourself. I believe it's time to do what you do. I'll do what I do and meet you later.	СЕВЕРИН: Посмотри сама. Похоже, пора делать то, что ты обычно делаешь. Встретимся позже.	你自己看吧。我想现在该你做你的事了。我去做我的事，晚点见。	pending	
dialogue:A1_MANSION_PART2.TXT:88:a1s2_severin_21.wav	dialogue	A1_MANSION_PART2.TXT	88	a1s2_severin_21.wav	There's your guy and his goons. And now you're really angry, huh? Poor bastards. I sort of feel sorry for them.	SEVERIN: There's your guy and his goons. And now you're really angry, huh? Poor bastards. I sort of feel sorry for them.	你的目标和他的打手都在那儿。现在你真的生气了，是吧？可怜的混蛋。我都有点同情他们了。	pending	
dialogue:A1_MANSION_PART2.TXT:89:a1s2_severin_22.wav	dialogue	A1_MANSION_PART2.TXT	89	a1s2_severin_22.wav	Like I have a choice. I'll go work out an exit route. See ya soon.	SEVERIN: Like I have a choice. I'll go work out an exit route. See ya soon.	我还有得选吗。我去找条撤离路线。待会儿见。	pending	
dialogue:A1_MANSION_PART2.TXT:90:a1s2_severin_23.wav	dialogue	A1_MANSION_PART2.TXT	90	a1s2_severin_23.wav	Actually, the whole place was wired to go up. Guess in case something terrible happened to Zerenzki. Like you.	СЕВЕРИН: Здесь все было заминировано. На случай, если у Зерински возникнут проблемы. Например, ты.	其实整座宅子都装了爆炸装置。大概是为了防止泽伦斯基身上发生什么可怕的事。比如你。	pending	
dialogue:A1_MANSION_PART2.TXT:91:a1s2_severin_24.wav	dialogue	A1_MANSION_PART2.TXT	91	a1s2_severin_24.wav	I just set the clocks forward on a few timers. But I can't get any closer to pick you up. You'll have to come up to me.	SEVERIN: I just set the clocks forward on a few timers. But I can't get any closer to pick you up. You'll have to come up to me.	我只是把几个定时器的时间往前拨了点。但我没法再靠近接你。你得上来找我。	pending	
dialogue:A1_MANSION_PART2.TXT:92:a1s2_severin_25.wav	dialogue	A1_MANSION_PART2.TXT	92	a1s2_severin_25.wav	You manage to hold on to that list?	СЕВЕРИН: Ты смогла найти список?	那份名单你还拿着吗？	pending	
dialogue:A1_MANSION_PART2.TXT:93:a1s2_severin_26.wav	dialogue	A1_MANSION_PART2.TXT	93	a1s2_severin_26.wav	I called this in. Brimstone's put their top minds on it. They're none too pleased.	СЕВЕРИН: Я послал сообщение. Лучшие умы Бримстоуна думают над этим. И им это не нравится.	我已经上报了。硫磺会派出了他们最顶尖的头脑。没人会高兴的。	pending	
dialogue:A1_MANSION_PART2.TXT:94:a1s2_severin_3.wav	dialogue	A1_MANSION_PART2.TXT	94	a1s2_severin_3.wav	I was there earlier. Been practicing your acrobatics?	СЕВЕРИН: Я там уже был. Ты не забывала тренироваться в акробатике?	我之前去过那里。最近在练杂技吗？	pending	
dialogue:A1_MANSION_PART2.TXT:95:a1s2_severin_4.wav	dialogue	A1_MANSION_PART2.TXT	95	a1s2_severin_4.wav	So what do you do for an encore?	SEVERIN: So what do you do for an encore?	那么你的返场节目是什么？	pending	
dialogue:A1_MANSION_PART2.TXT:96:a1s2_severin_5.wav	dialogue	A1_MANSION_PART2.TXT	96	a1s2_severin_5.wav	Ah. The greenhouse? You know what they say about people who live in glass houses...	SEVERIN: Ah. The greenhouse? You know what they say about people who live in glass houses...	啊。温室？你知道人们怎么说住在玻璃屋里的人……	pending	
dialogue:A1_MANSION_PART2.TXT:97:a1s2_severin_6.wav	dialogue	A1_MANSION_PART2.TXT	97	a1s2_severin_6.wav	I was about to ask you that.	SEVERIN: I was about to ask you that.	我正想问你呢。	pending	
dialogue:A1_MANSION_PART2.TXT:98:a1s2_severin_7.wav	dialogue	A1_MANSION_PART2.TXT	98	a1s2_severin_7.wav	Ah, you found the pool. Nice one, isn't it? Going for a dip?	SEVERIN: Ah, you found the pool. Nice one, isn't it? Going for a dip?	啊，你找到泳池了。不错吧？想下去泡一泡？	pending	
dialogue:A1_MANSION_PART2.TXT:99:a1s2_severin_8.wav	dialogue	A1_MANSION_PART2.TXT	99	a1s2_severin_8.wav	He strikes me as the type that goes to any lengths to keep up appearances for his guests.	SEVERIN: He strikes me as the type that goes to any lengths to keep up appearances for his guests.	他给我的感觉就是那种为了在客人面前撑场面，什么都做得出来的人。	pending	
dialogue:A1_MANSION_PART2.TXT:100:a1s2_severin_9.wav	dialogue	A1_MANSION_PART2.TXT	100	a1s2_severin_9.wav	Hey, great! Sounds like you figured out a way to kill people in there. I knew you could do it.	SEVERIN: Hey, great! Sounds like you figured out a way to kill people in there. I knew you could do it.	嘿，太好了！听起来你已经想出办法在里面杀人了。我就知道你做得到。	pending	
dialogue:A1_MANSION_PART2.TXT:101:a1s2_zerenzki_10.wav	dialogue	A1_MANSION_PART2.TXT	101	a1s2_zerenzki_10.wav	Who ARE you?!!	ЗЕРИНСКИ: КТО ты?	你到底是谁？！	pending	
dialogue:A1_MANSION_PART2.TXT:102:a1s2_zerenzki_11.wav	dialogue	A1_MANSION_PART2.TXT	102	a1s2_zerenzki_11.wav	Correct, and I had to sacrifice decades of ruthless social climbing for this. But it's all worth it.	ZERENZKI: Correct, and I had to sacrifice decades of ruthless social climbing for this. But it's all worth it.	泽伦斯基：没错，为了这个，我不得不牺牲几十年来费尽心机爬上来的地位。不过一切都值得。	pending	
dialogue:A1_MANSION_PART2.TXT:103:a1s2_zerenzki_12.wav	dialogue	A1_MANSION_PART2.TXT	103	a1s2_zerenzki_12.wav	I had to clear a few obstacles to make way for a family reunion we're planning.	ZERENZKI: I had to clear a few obstacles to make way for a family reunion we're planning.	我得清除几个障碍，好给我们计划中的家族团聚让路。	pending	
dialogue:A1_MANSION_PART2.TXT:104:a1s2_zerenzki_13.wav	dialogue	A1_MANSION_PART2.TXT	104	a1s2_zerenzki_13.wav	How do you know that name??!!	ZERENZKI: How do you know that name??!!	你怎么知道那个名字？！	pending	
dialogue:A1_MANSION_PART2.TXT:105:a1s2_zerenzki_14.wav	dialogue	A1_MANSION_PART2.TXT	105	a1s2_zerenzki_14.wav	Ahh... so you're the mysterious assassin? You've certainly been on a... spree, haven't you?	ЗЕРИНСКИ: Ах, да-а! Тот самый таинственный убийца? Да, ты изрядно... оторвалась. Не правда ли?	啊……所以你就是那个神秘刺客？你确实已经大开杀戒了……不是吗？	pending	
dialogue:A1_MANSION_PART2.TXT:106:a1s2_zerenzki_15.wav	dialogue	A1_MANSION_PART2.TXT	106	a1s2_zerenzki_15.wav	We weren't even sure you were real until poor Delinda turned up without her head.	ЗЕРИНСКИ: Мы даже сначала не поверили. А потом бедняжка Делинда оказалась на голову короче.	直到可怜的德琳达没了脑袋地出现，我们甚至都不确定你是不是真的存在。	pending	
dialogue:A1_MANSION_PART2.TXT:107:a1s2_zerenzki_16.wav	dialogue	A1_MANSION_PART2.TXT	107	a1s2_zerenzki_16.wav	Phht. Hardly. None of them are.	ЗЕРИНСКИ: Вряд ли. Они этим не страдают.	噗。才不是。她们谁都不是。	pending	
dialogue:A1_MANSION_PART2.TXT:108:a1s2_zerenzki_17.wav	dialogue	A1_MANSION_PART2.TXT	108	a1s2_zerenzki_17.wav	You've intrigued me, but fear I must attend to other events, so I bid you good night, little sister. Make yourself at home.	ЗЕРИНСКИ: Хмм... Все это очень интересно, но боюсь, у меня есть и другие дела, требующие моего внимания. Спокойной ночи, сестричка. Чувствуй себя, как дома.	你让我很感兴趣，但恐怕我必须去处理别的事了，所以晚安了，小妹妹。把这里当自己家吧。	pending	
dialogue:A1_MANSION_PART2.TXT:109:a1s2_zerenzki_18.wav	dialogue	A1_MANSION_PART2.TXT	109	a1s2_zerenzki_18.wav	A night to remember for all times! A prelude to the longest night! It's time to fly, my children! The Family awaits our coming!	ЗЕРИНСКИ: Ночь, которую будут помнить вечно! Прелюдия к вечной ночи! Пора в полет, дети мои! Семья ждет нашего появления!	一个永世难忘的夜晚！最长之夜的序幕！该起飞了，我的孩子们！家族正在等待我们的到来！	pending	
dialogue:A1_MANSION_PART2.TXT:110:a1s2_zerenzki_19.wav	dialogue	A1_MANSION_PART2.TXT	110	a1s2_zerenzki_19.wav	But you're my guest! It would be unforgivable to leave you this way!	ЗЕРИНСКИ: Но ты моя гостья! Будет невежливо просто так покинуть тебя!	可你是我的客人！把你就这样留下，实在不可饶恕！	pending	
dialogue:A1_MANSION_PART2.TXT:111:a1s2_zerenzki_5.wav	dialogue	A1_MANSION_PART2.TXT	111	a1s2_zerenzki_5.wav	Yes. Tear them apart, children. No survivors! Make sure to check the restrooms and the grounds.	ZERENZKI: Yes. Tear them apart, children. No survivors! Make sure to check the restrooms and the grounds.	对。把他们撕碎，孩子们。不要留活口！记得检查洗手间和庭院。	pending	
dialogue:A1_MANSION_PART2.TXT:112:a1s2_zerenzki_6.wav	dialogue	A1_MANSION_PART2.TXT	112	a1s2_zerenzki_6.wav	Ah! That all depends upon their tax bracket. And where did you run off to!?	ZERENZKI: Ah! That all depends upon their tax bracket. And where did you run off to!?	啊！那就得看他们的纳税等级了。你又跑到哪儿去了？！	pending	
dialogue:A1_MANSION_PART2.TXT:113:a1s2_zerenzki_7.wav	dialogue	A1_MANSION_PART2.TXT	113	a1s2_zerenzki_7.wav	Oh, you did! It was spectacular. Such a shame you weren't here for it.	ZERENZKI: Oh, you did! It was spectacular. Such a shame you weren't here for it.	哦，你确实错过了！那场面精彩极了。真可惜你不在。	pending	
dialogue:A1_MANSION_PART2.TXT:114:a1s2_zerenzki_8.wav	dialogue	A1_MANSION_PART2.TXT	114	a1s2_zerenzki_8.wav	All that and more! And best of all, everyone received a very special gift! But we saved yours for you!	ZERENZKI: All that and more! And best of all, everyone received a very special gift! But we saved yours for you!	不止这些！最棒的是，每个人都收到了一份非常特别的礼物！不过你的那份，我们特意给你留着！	pending	
dialogue:A1_MANSION_PART2.TXT:115:a1s2_zerenzki_9.wav	dialogue	A1_MANSION_PART2.TXT	115	a1s2_zerenzki_9.wav	My Dragons! Gardath's Boils!! How did she... ? Tear her to pieces!!	ZERENZKI: My Dragons! Gardath's Boils!! How did she... ? Tear her to pieces!!	我的龙枪！加达斯的脓疮！！她怎么……？把她撕成碎片！！	pending	
dialogue:A1_MANSION_PART2.TXT:116:a1s2_zminion1_1.wav	dialogue	A1_MANSION_PART2.TXT	116	a1s2_zminion1_1.wav	The Master, uh, Mr. Zerenzki, would prefer that all the guests remain downstairs, madam.	СЛУГА: Хозяин, то есть мистер Зерински, хотел бы, чтобы все гости оставались внизу, мадам.	主人，呃，泽伦斯基先生，希望所有客人都留在楼下，夫人。	pending	
dialogue:A1_MANSION_PART2.TXT:117:a1s2_zminion1_2.wav	dialogue	A1_MANSION_PART2.TXT	117	a1s2_zminion1_2.wav	Wait a minute-look, she's dhampir. Are you one of the Master's?	СЛУГА: Эй, погодите, да она же дампир. Вы одна из хозяйских?	等一下——看，她是半吸血鬼。你是主人那边的吗？	pending	
dialogue:A1_MANSION_PART2.TXT:118:a1s2_zminion1_3.wav	dialogue	A1_MANSION_PART2.TXT	118	a1s2_zminion1_3.wav	That's the one making all this noise! And lock the doors behind you.	MINION: That's the one making all this noise! And lock the doors behind you.	就是她搞出这么大动静！进去后把门锁上。	pending	
dialogue:A1_MANSION_PART2.TXT:119:a1s2_zminion1_4.wav	dialogue	A1_MANSION_PART2.TXT	119	a1s2_zminion1_4.wav	Good god,did you see that? She went through those guys like a hurricane!	MINION: Good god,did you see that? She went through those guys like a hurricane!	天哪，你看见了吗？她像飓风一样冲过了那帮人！	pending	
dialogue:A1_MANSION_PART2.TXT:120:a1s2_zminion1_5.wav	dialogue	A1_MANSION_PART2.TXT	120	a1s2_zminion1_5.wav	What do you think? Like I want to see that monster come through there?	MINION: What do you think? Like I want to see that monster come through there?	你觉得呢？难道我想看见那个怪物从那儿冲出来？	pending	
dialogue:A1_MANSION_PART2.TXT:121:a1s2_zminion1_6.wav	dialogue	A1_MANSION_PART2.TXT	121	a1s2_zminion1_6.wav	No one escapes! No one lives! Get them all!	MINION: No one escapes! No one lives! Get them all!	谁都不准逃！谁都不准活！把他们全抓住！	pending	
dialogue:A1_MANSION_PART2.TXT:122:a1s2_zminion2_1.wav	dialogue	A1_MANSION_PART2.TXT	122	a1s2_zminion2_1.wav	No way! The Master hates lady dhampir. He'd never have one around.	СЛУГА: Ты что? Хозяин ненавидит женщин-дампиров. И близко не подпускает.	不可能！主人讨厌女半吸血鬼。他绝不会把这种人留在身边。	pending	
dialogue:A1_MANSION_PART2.TXT:123:a1s2_zminion2_2.wav	dialogue	A1_MANSION_PART2.TXT	123	a1s2_zminion2_2.wav	Yeah, we don't wanna be interrupted.	MINION: Yeah, we don't wanna be interrupted.	对，我们可不想被人打扰。	pending	
dialogue:A1_MANSION_PART2.TXT:124:a1s2_zminion2_3.wav	dialogue	A1_MANSION_PART2.TXT	124	a1s2_zminion2_3.wav	You sure those doors are sealed?	MINION: You sure those doors are sealed?	你确定那些门都封死了？	pending	
dialogue:A1_MANSION_PART2.TXT:125:a1s2_zminion3_1.wav	dialogue	A1_MANSION_PART2.TXT	125	a1s2_zminion3_1.wav	Alright. Tight as a drum!	MINION: Alright. Tight as a drum!	行了。严丝合缝！	pending	
dialogue:A1_MANSION_PART2.TXT:126:a1s2_zminion4_3.wav	dialogue	A1_MANSION_PART2.TXT	126	a1s2_zminion4_3.wav	I can't swim! I don't wanna drown in there.	MINION: I can't swim! I don't wanna drown in there.	我不会游泳！我不想淹死在里面。	pending	
dialogue:A1_MANSION_PART2.TXT:127:missiondescription	dialogue	A1_MANSION_PART2.TXT	127	missiondescription	Zerenski's Mansion Courtyard	Особняк Зерински - Двор	泽伦斯基宅邸庭院	pending	
dialogue:A1_MANSION_PART2.TXT:128:objectiveacro	dialogue	A1_MANSION_PART2.TXT	128	objectiveacro	using your acrobatic prowess, get into the upper levels of the mansion	Используя акробатику добраться до верхних этажей особняка	利用你的杂技本领，进入宅邸上层	pending	
dialogue:A1_MANSION_PART2.TXT:129:objectivefireplacepath	dialogue	A1_MANSION_PART2.TXT	129	objectivefireplacepath	Use the collapsed fireplace to drop down to the first floor	Спрыгнуть сквозь обвалившийся камин	利用坍塌的壁炉落到一楼	pending	
dialogue:A1_MANSION_PART2.TXT:130:objectiveinvestigate	dialogue	A1_MANSION_PART2.TXT	130	objectiveinvestigate	Investigate further into the mansion	Пробраться вглубь особняка	深入调查宅邸	pending	
dialogue:A1_MANSION_PART2.TXT:131:objectivekillpuzzle	dialogue	A1_MANSION_PART2.TXT	131	objectivekillpuzzle	Defeat the Minions by burning them in the fireplace	Сжечь слуг в камине	将喽啰烧进壁炉中击败他们	pending	
dialogue:A1_MANSION_PART2.TXT:132:objectivevampireroom	dialogue	A1_MANSION_PART2.TXT	132	objectivevampireroom	Defeat the Dhampir and find your way out of Zerenski's private lair	Прикончить дампира и выйти из секретной комнаты	击败半吸血鬼，并找到离开泽伦斯基私人巢穴的路	pending	
dialogue:A1_MANSION_PART2.TXT:133:onjectiveroof	dialogue	A1_MANSION_PART2.TXT	133	onjectiveroof	Find a stairwell that leads to the roof	Найти лестницу на крышу	找到通往屋顶的楼梯间	pending	
dialogue:A1_MANSION_PART2.TXT:136:ost_fixme_cantopenthatyet	dialogue	A1_MANSION_PART2.TXT	136	ost_fixme_cantopenthatyet	you cannot open that yet...	Сейчас открыть невозможно...	你现在还打不开那个……	pending	
dialogue:A1_MANSION_PART2.TXT:137:ost_tute_acro	dialogue	A1_MANSION_PART2.TXT	137	ost_tute_acro	Use acrobatics to reach the top floor	Используй акробатику, чтобы забраться на верхний этаж	使用杂技动作到达顶层	pending	
dialogue:A1_MANSION_PART2.TXT:138:ost_tute_aura1	dialogue	A1_MANSION_PART2.TXT	138	ost_tute_aura1	@@aurPowersButtonName@@ Aura Vision@@newline@@Find enemies, objectives, interactives, and acrobatics	@@auraPowersButtonName@@ Зрение вампира позволяет обнаруживать врагов заранее	@@aurPowersButtonName@@ 灵光视觉@@newline@@寻找敌人、目标、互动对象和杂技路线	pending	
dialogue:A1_MANSION_PART2.TXT:139:ost_tute_aura2	dialogue	A1_MANSION_PART2.TXT	139	ost_tute_aura2	@@aurPowersButtonName@@ Aura Vision can reveal vampire lairs	@@auraPowersButtonName@@ Зрение вампира позволяет находить секретные комнаты	@@aurPowersButtonName@@ 灵光视觉可以显示吸血鬼巢穴	pending	
dialogue:A1_MANSION_PART2.TXT:140:ost_tute_camera1	dialogue	A1_MANSION_PART2.TXT	140	ost_tute_camera1	@@turnAxis@@ Camera	@@turnAxis@@ Камера	@@turnAxis@@ 镜头	pending	
dialogue:A1_MANSION_PART2.TXT:141:ost_tute_combat1	dialogue	A1_MANSION_PART2.TXT	141	ost_tute_combat1	@@bladeButtonName@@ Blades@@newline@@@@kickButtonName@@ Kick	@@bladeButtonName@@ Клинки@@newline@@@@kickButtonName@@ Удар ногой	@@bladeButtonName@@ 刀刃@@newline@@@@kickButtonName@@ 踢击	pending	
dialogue:A1_MANSION_PART2.TXT:142:ost_tute_combat2	dialogue	A1_MANSION_PART2.TXT	142	ost_tute_combat2	@@kickButtonName@@ Keep kicking to disarm enemies	@@kickButtonName@@ несколько ударов ногой выбивают оружие из рук противников	@@kickButtonName@@ 连续踢击可打掉敌人的武器	pending	
dialogue:A1_MANSION_PART2.TXT:143:ost_tute_dilated	dialogue	A1_MANSION_PART2.TXT	143	ost_tute_dilated	@@speedPowersButtonName@@ Dilated Perception@@newline@@Slow time for easier combat	@@speedPowersButtonName@@ Замедление времени@@newline@@Замедляет время для облегчения боя	@@speedPowersButtonName@@ 感知扩张@@newline@@减缓时间，让战斗更轻松	pending	
dialogue:A1_MANSION_PART2.TXT:144:ost_tute_evade	dialogue	A1_MANSION_PART2.TXT	144	ost_tute_evade	Hold @@lockOnButtonName@@ + @@moveAxis@@ to dodge	Hold @@lockOnButtonName@@ then @@jumpButtonName@@ + @@moveAxis@@ to evade	按住 @@lockOnButtonName@@ + @@moveAxis@@ 进行闪避	pending	
dialogue:A1_MANSION_PART2.TXT:145:ost_tute_feed1	dialogue	A1_MANSION_PART2.TXT	145	ost_tute_feed1	@@harpoonBiteButtonName@@ Feed on prey	@@harpoonBiteButtonName@@ Пить кровь	@@harpoonBiteButtonName@@ 吸食猎物	pending	
dialogue:A1_MANSION_PART2.TXT:146:ost_tute_feed2	dialogue	A1_MANSION_PART2.TXT	146	ost_tute_feed2	@@harpoonBiteButtonName@@ Feed on prey@@newline@@@@bladeButtonName@@ or @@kickButtonName@@ Fatality earns Rage bonus	@@harpoonBiteButtonName@@ Пить кровь@@newline@@@@bladeButtonName@@ или @@kickButtonName@@ Добивание врага во время высасывания крови повышает ярость	@@harpoonBiteButtonName@@ 吸食猎物@@newline@@@@bladeButtonName@@ 或 @@kickButtonName@@ 处决可获得怒气奖励	pending	
dialogue:A1_MANSION_PART2.TXT:147:ost_tute_harpoon1	dialogue	A1_MANSION_PART2.TXT	147	ost_tute_harpoon1	Use @@lockOnButtonName@@ + @@harpoonBiteButtonName@@ to throw enemies onto the rhino horns	@@lockOnButtonName@@ + @@harpoonBiteButtonName@@ Загарпунить врага и швырнуть на рога носорогов	使用 @@lockOnButtonName@@ + @@harpoonBiteButtonName@@ 将敌人扔到犀牛角上	pending	
dialogue:A1_MANSION_PART2.TXT:148:ost_tute_harpoon2	dialogue	A1_MANSION_PART2.TXT	148	ost_tute_harpoon2	@@lockOnButtonName@@ + @@harpoonBiteButtonName@@ Harpoon target@@newline@@@@moveAxis@@ Harpoon-throw target	@@lockOnButtonName@@ + @@harpoonBiteButtonName@@ Загарпунить@@newline@@@@moveAxis@@ Бросить	@@lockOnButtonName@@ + @@harpoonBiteButtonName@@ 鱼叉锁定目标@@newline@@@@moveAxis@@ 鱼叉投掷目标	pending	
dialogue:A1_MANSION_PART2.TXT:149:ost_tute_inertvampiredoor	dialogue	A1_MANSION_PART2.TXT	149	ost_tute_inertvampiredoor	If the Vampire Door does not have a symbol displayed, it is inactive	Если знак на двери вампиров не светится, она не активна	如果吸血鬼门上没有显示符号，说明它尚未激活	pending	
dialogue:A1_MANSION_PART2.TXT:150:ost_tute_jump1	dialogue	A1_MANSION_PART2.TXT	150	ost_tute_jump1	@@jumpButtonName@@ Jump	@@jumpButtonName@@ Прыжок	@@jumpButtonName@@ 跳跃	pending	
dialogue:A1_MANSION_PART2.TXT:151:ost_tute_jump2	dialogue	A1_MANSION_PART2.TXT	151	ost_tute_jump2	@@jumpButtonName@@ Jump over the railing	@@jumpButtonName@@ Прыжок через перила	@@jumpButtonName@@ 跳过栏杆	pending	
dialogue:A1_MANSION_PART2.TXT:152:ost_tute_killpuz1	dialogue	A1_MANSION_PART2.TXT	152	ost_tute_killpuz1	Kill enemies using hazards to earn Carnage points	Kill enemies using hazards to earn Carnage points	利用危险物杀死敌人可获得杀戮点数	pending	
dialogue:A1_MANSION_PART2.TXT:153:ost_tute_killpuz2	dialogue	A1_MANSION_PART2.TXT	153	ost_tute_killpuz2	Use @@lockOnButtonName@@ + @@harpoonBiteButtonName@@ to throw enemies into the fireplace	@@lockOnButtonName@@ + @@harpoonBiteButtonName@@ бросай врагов в камин с помощью гарпуна	使用 @@lockOnButtonName@@ + @@harpoonBiteButtonName@@ 将敌人扔进壁炉	pending	
dialogue:A1_MANSION_PART2.TXT:154:ost_tute_lock1	dialogue	A1_MANSION_PART2.TXT	154	ost_tute_lock1	Hold @@lockOnButtonName@@ to lock-on target and block	Удерживать @@lockOnButtonName@@ Захват цели и блок	按住 @@lockOnButtonName@@ 锁定目标并格挡	pending	
dialogue:A1_MANSION_PART2.TXT:155:ost_tute_lock2	dialogue	A1_MANSION_PART2.TXT	155	ost_tute_lock2	Release lock-on to strike more targets	Отпустить @@lockOnButtonName@@ захват цели, чтобы иметь возможность атаковать другие цели	松开锁定可攻击更多目标	pending	
dialogue:A1_MANSION_PART2.TXT:156:ost_tute_move1	dialogue	A1_MANSION_PART2.TXT	156	ost_tute_move1	@@moveAxis@@ Move @@newline@@ @@turnAxis@@ Camera	@@moveAxis@@ Движение @@newline@@ @@turnAxis@@ Камера	@@moveAxis@@ 移动 @@newline@@ @@turnAxis@@ 镜头	pending	
dialogue:A1_MANSION_PART2.TXT:157:ost_tute_objectives	dialogue	A1_MANSION_PART2.TXT	157	ost_tute_objectives	Check the @@selectbuttonname@@ for your objectives	@@selectbuttonname@@ посмотреть текущую задачу	查看 @@selectbuttonname@@ 了解你的目标	pending	
dialogue:A1_MANSION_PART2.TXT:158:ost_tute_pole1	dialogue	A1_MANSION_PART2.TXT	158	ost_tute_pole1	@@jumpButtonName@@ Towards pole to grab on	@@jumpButtonName@@ прыгнуть к шесту и схватиться за него	@@jumpButtonName@@ 朝杆子跳去抓住	pending	
dialogue:A1_MANSION_PART2.TXT:159:ost_tute_pole2	dialogue	A1_MANSION_PART2.TXT	159	ost_tute_pole2	@@moveAxisForward@@ Forward to Swing@@newline@@@@moveAxisForward@@ Left/Right reverse direction@@newline@@@@jumpButtonName@@ Jump off while swinging	@@moveAxisForward@@ раскачаться@@newline@@@@strafeAxis@@ изменить направление@@newline@@@@jumpButtonName@@ раскачаться и спрыгнуть	@@moveAxisForward@@ 向前摆荡@@newline@@@@moveAxisForward@@ 左/右反转方向@@newline@@@@jumpButtonName@@ 摆荡时跳下	pending	
dialogue:A1_MANSION_PART2.TXT:160:ost_tute_pole3	dialogue	A1_MANSION_PART2.TXT	160	ost_tute_pole3	@@moveAxisForward@@ Swing@@newline@@@@jumpButtonName@@ While swinging to release@@newline@@Hold @@strafeAxisLeft@@ or @@strafeAxisRight@@ to reverse direction	@@moveAxisForward@ раскачаться@@newline@@@@jumpButtonName@@ раскачаться и спрыгнуть@@newline@@@@strafeAxis@@ изменить направление	@@moveAxisForward@@ 摆荡@@newline@@@@jumpButtonName@@ 摆荡时松手@@newline@@按住 @@strafeAxisLeft@@ 或 @@strafeAxisRight@@ 反转方向	pending	
dialogue:A1_MANSION_PART2.TXT:161:ost_tute_pole4	dialogue	A1_MANSION_PART2.TXT	161	ost_tute_pole4	@@jumpButtonName@@ Towards pole to grab on	@@jumpButtonName@@ прыгнуть к шесту и схватиться за него	@@jumpButtonName@@ 朝杆子跳去抓住	pending	
dialogue:A1_MANSION_PART2.TXT:162:ost_tute_pole5	dialogue	A1_MANSION_PART2.TXT	162	ost_tute_pole5	@@moveAxisForward@@ Left/Right to change direction on poles	@@strafeAxis@@ для изменения направления	@@moveAxisForward@@ 左/右在杆上改变方向	pending	
dialogue:A1_MANSION_PART2.TXT:163:ost_tute_pole6	dialogue	A1_MANSION_PART2.TXT	163	ost_tute_pole6	@@moveAxisForward@@ Left/Right to move into position	@@strafeAxis@@ для смены позиции	@@moveAxisForward@@ 左/右移动到合适位置	pending	
dialogue:A1_MANSION_PART2.TXT:164:ost_tute_pole7	dialogue	A1_MANSION_PART2.TXT	164	ost_tute_pole7	@@moveAxis@@ down to hang@@newline@@@@jumpButtonName@@ Jump off	@@moveAxisBackward@@, чтобы повиснуть@@newline@@@@jumpButtonName@@ - спрыгнуть	@@moveAxis@@ 向下悬挂@@newline@@@@jumpButtonName@@ 跳下	pending	
dialogue:A1_MANSION_PART2.TXT:165:ost_tute_pole8	dialogue	A1_MANSION_PART2.TXT	165	ost_tute_pole8	@@moveAxisForward@@ up/down to move on vertical poles	@@moveAxisForward@@ / @@moveAxisBackward@@, чтобы забраться вверх	@@moveAxisForward@@ 上/下在竖杆上移动	pending	
dialogue:A1_MANSION_PART2.TXT:166:ost_tute_rage	dialogue	A1_MANSION_PART2.TXT	166	ost_tute_rage	@@ragePowersButtonName@@ Blood Rage@@newline@@Increase offense and defense	@@ragePowersButtonName@@ Кровая ярость не дает противнику сбить Рейн с ног	@@ragePowersButtonName@@ 血怒@@newline@@提升攻击和防御	pending	
dialogue:A1_MANSION_PART2.TXT:167:ost_tute_rail1	dialogue	A1_MANSION_PART2.TXT	167	ost_tute_rail1	@@jumpButtonName@@ Jump onto rail to grind down it	@@jumpButtonName@@ прыгнуть на перила, с съехать по троссу	@@jumpButtonName@@ 跳上轨道并向下滑行	pending	
dialogue:A1_MANSION_PART2.TXT:168:ost_tute_rail2	dialogue	A1_MANSION_PART2.TXT	168	ost_tute_rail2	Move onto the rail to run up it	@@bladeButtonName@@ Рубить врагов, съезжая по перилам	移动到轨道上向上奔跑	pending	
dialogue:A1_MANSION_PART2.TXT:169:ost_tute_style2	dialogue	A1_MANSION_PART2.TXT	169	ost_tute_style2	Earn Carnage points to boost Health and Rage	Earn Carnage points to boost Health and Rage	获得杀戮点数以提升生命值和怒气	pending	
dialogue:A1_MANSION_PART2.TXT:170:ost_tute_style2a	dialogue	A1_MANSION_PART2.TXT	170	ost_tute_style2a	@@lockOnButtonName@@ + @@harpoonBiteButtonName@@ Harpoon chandelier@@newline@@@@moveAxis@@ Pull down chandelier	@@lockOnButtonName@@ + @@harpoonBiteButtonName@@ Harpoon chandelier@@newline@@@@moveAxis@@ Pull down chandelier	@@lockOnButtonName@@ + @@harpoonBiteButtonName@@ 鱼叉钩住吊灯@@newline@@@@moveAxis@@ 拉下吊灯	pending	
dialogue:A1_MANSION_PART2.TXT:171:ost_tute_wall0	dialogue	A1_MANSION_PART2.TXT	171	ost_tute_wall0	Approach the scaffold fence to learn wall jumping	Подойдите под леса, чтобы научиться запрыгивать на стену	靠近脚手架围栏，学习蹬墙跳	pending	
dialogue:A1_MANSION_PART2.TXT:172:ost_tute_wall1	dialogue	A1_MANSION_PART2.TXT	172	ost_tute_wall1	@@jumpButtonName@@ Towards fence to grab on	@@jumpButtonName@@ Прыгнуть на леса, чтобы схватиться за них	@@jumpButtonName@@ 朝围栏跳去抓住	pending	
dialogue:A1_MANSION_PART2.TXT:173:ost_tute_wall2	dialogue	A1_MANSION_PART2.TXT	173	ost_tute_wall2	@@jumpButtonName@@ Jump to next wall	@@jumpButtonName@@ Прыгнуть на противоположную сетку@@newline@@@@moveAxis@@, затем нажми @@jumpButtonName@@, чтобы спрыгнуть	@@jumpButtonName@@ 跳到下一面墙	pending	
dialogue:A1_MANSION_PART2.TXT:174:zpunk_ambient_a_15.wav	dialogue	A1_MANSION_PART2.TXT	174	zpunk_ambient_a_15.wav	How 'bout some music	MINION: How 'bout some music	来点音乐怎么样	pending	
dialogue:A1_MANSION_PART2.TXT:175:zpunk_ambient_a_19.wav	dialogue	A1_MANSION_PART2.TXT	175	zpunk_ambient_a_19.wav	Wait a minute-look, she's dhampir. Are you one of the Master's?	MINION: Wait a minute-look, she's dhampir. Are you one of the Master's?	等一下——看，她是半吸血鬼。你是主人那边的吗？	pending	
dialogue:A1_MANSION_PART3.TXT:1:a1s3_rayne_1.wav	dialogue	A1_MANSION_PART3.TXT	1	a1s3_rayne_1.wav	Then I gotta find someway across without going down there	РЕЙН: Тогда надо искать обходной путь, чтобы не спускаться	那我就得想办法过去，不能下到那儿去	pending	
dialogue:A1_MANSION_PART3.TXT:2:a1s3_rayne_2.wav	dialogue	A1_MANSION_PART3.TXT	2	a1s3_rayne_2.wav	It looks like I'm on the roof of the Mansion	РЕЙН: Похоже, я на крыше особняка.	看来我到宅邸屋顶上了	pending	
dialogue:A1_MANSION_PART3.TXT:3:a1s3_rayne_3.wav	dialogue	A1_MANSION_PART3.TXT	3	a1s3_rayne_3.wav	Who needs stairs when you've got scaffolding	РЕЙН: Зачем лестницы, если есть леса?	有脚手架在，谁还需要楼梯	pending	
dialogue:A1_MANSION_PART3.TXT:4:a1s3_rayne_4.wav	dialogue	A1_MANSION_PART3.TXT	4	a1s3_rayne_4.wav	There's gotta be someway to cut power to that security door	РЕЙН: Должен быть способ прервать подачу электричества на замки этой двери	一定有办法切断那道安保门的电源	pending	
dialogue:A1_MANSION_PART3.TXT:5:a1s3_severin_1.wav	dialogue	A1_MANSION_PART3.TXT	5	a1s3_severin_1.wav	Rayne, where are you?	СЕВЕРИН: Рейн, где ты?	莱恩，你在哪儿？	pending	
dialogue:A1_MANSION_PART3.TXT:6:a1s3_severin_2.wav	dialogue	A1_MANSION_PART3.TXT	6	a1s3_severin_2.wav	There's a lot of Zerenski's men on patrol.  I'd stay off the lower roof if I were you	СЕВЕРИН: Здесь полно людей Зерински. Лучше не суйся на нижнюю крышу.	泽伦斯基有很多手下在巡逻。要是我是你，就不会走下层屋顶	pending	
dialogue:A1_MANSION_PART3.TXT:7:missiondescription	dialogue	A1_MANSION_PART3.TXT	7	missiondescription	Zerenski's Mansion Roof	Особняк Зерински - Крыша	泽伦斯基宅邸屋顶	pending	
dialogue:A1_MANSION_PART3.TXT:8:objectivebackin	dialogue	A1_MANSION_PART3.TXT	8	objectivebackin	Objective: Get into the East Wing of the Mansion	Пробраться в восточное крыло особняка	目标：进入宅邸东翼	pending	
dialogue:A1_MANSION_PART3.TXT:9:objectivecutpower	dialogue	A1_MANSION_PART3.TXT	9	objectivecutpower	Objective: Cut the power to the security gate to gain access to the East Wing of the Mansion	Отключить питание магнитных замков на двери	目标：切断安保门的电源，以进入宅邸东翼	pending	
dialogue:A1_MANSION_PART3.TXT:12:ost_tute_doublejump	dialogue	A1_MANSION_PART3.TXT	12	ost_tute_doublejump	@@jumpButtonName@@ + @@jumpButtonName@@ for slight boost	@@jumpButtonName@@ , @@jumpButtonName@@ чтобы схватиться за шест, надо прыгнуть на него	@@jumpButtonName@@ + @@jumpButtonName@@ 可小幅助跳	pending	
dialogue:A1_MANSION_PART3.TXT:13:ost_tute_wall0	dialogue	A1_MANSION_PART3.TXT	13	ost_tute_wall0	Approach the fence alcove to learn wall jumping.	Подойди под леса, чтобы научиться запрыгивать на них	靠近围栏凹处，学习蹬墙跳。	pending	
dialogue:A1_MANSION_PART3.TXT:14:ost_tute_wall1	dialogue	A1_MANSION_PART3.TXT	14	ost_tute_wall1	Wall Jump: @@jumpButtonName@@ towards fence.	@@jumpButtonName@@ Прыгнуть на леса, чтобы схватиться за них	蹬墙跳：朝围栏按 @@jumpButtonName@@。	pending	
dialogue:A1_MANSION_PART3.TXT:15:ost_tute_wall2	dialogue	A1_MANSION_PART3.TXT	15	ost_tute_wall2	Wall Jump: Press @@jumpButtonName@@ to wall jump.@@newline@@Release: Press down and @@jumpButtonName@@ to release.	@@jumpButtonName@@ Прыгнуть на противоположную сетку@@newline@@@@moveAxis@@, затем нажми @@jumpButtonName@@, чтобы спрыгнуть	蹬墙跳：按 @@jumpButtonName@@ 进行蹬墙跳。@@newline@@松手：按下方向键和 @@jumpButtonName@@ 松手。	pending	
dialogue:A1_MANSION_PART4.TXT:1:a1s1_mdhampir_1.wav	dialogue	A1_MANSION_PART4.TXT	1	a1s1_mdhampir_1.wav	Then you've been very lucky for decades. Your luck has run dry today.	ДАМПИР: Значит, тебе очень везло. А теперь везение твое иссякло.	那你几十年来可真是走运。你的好运今天到头了。	pending	
dialogue:A1_MANSION_PART4.TXT:2:a1s1_rayne_12.wav	dialogue	A1_MANSION_PART4.TXT	2	a1s1_rayne_12.wav	I'm no guest, pal.	РЕЙН: А я не гость, парень.	我可不是什么客人，伙计。	pending	
dialogue:A1_MANSION_PART4.TXT:3:a1s1_rayne_13.wav	dialogue	A1_MANSION_PART4.TXT	3	a1s1_rayne_13.wav	Aw, you guys are way too tough.	RAYNE: Aw, you guys are way too tough.	哎呀，你们几个可真够硬气的。	pending	
dialogue:A1_MANSION_PART4.TXT:4:a1s1_rayne_14.wav	dialogue	A1_MANSION_PART4.TXT	4	a1s1_rayne_14.wav	C'mon, boys that's not how you talk to girls...	RAYNE: C'mon, boys that's not how you talk to girls...	拜托，男孩们，这可不是跟女孩说话的方式……	pending	
dialogue:A1_MANSION_PART4.TXT:5:a1s1_rayne_15.wav	dialogue	A1_MANSION_PART4.TXT	5	a1s1_rayne_15.wav	But, you know... keep talking. I like it anyway.	RAYNE: But, you know... keep talking. I like it anyway.	不过嘛……接着说。我还挺喜欢听的。	pending	
dialogue:A1_MANSION_PART4.TXT:6:a1s1_rayne_16.wav	dialogue	A1_MANSION_PART4.TXT	6	a1s1_rayne_16.wav	Aw, not just like anybody else... Wanna try me?	РЕЙН: Так уж, как и все остальные... Хочешь попробовать?	哎呀，才不是跟别人一样呢……想试试我吗？	pending	
dialogue:A1_MANSION_PART4.TXT:7:a1s1_rayne_17.wav	dialogue	A1_MANSION_PART4.TXT	7	a1s1_rayne_17.wav	Step right up, gents. I got plenty for everyone.	RAYNE: Step right up, gents. I got plenty for everyone.	来吧，先生们。我够你们每个人分的。	pending	
dialogue:A1_MANSION_PART4.TXT:8:a1s1_rayne_18.wav	dialogue	A1_MANSION_PART4.TXT	8	a1s1_rayne_18.wav	Whew! This is quite a bedroom. Bet I'm the first girl to see it by choice, huh?	РЕЙН: Ничего себе спаленка! Думаю, я первая девушка, пришедшая сюда по своей воле.	嚯！这卧室可真够气派。敢打赌，我是第一个自愿来看它的女孩吧？	pending	
dialogue:A1_MANSION_PART4.TXT:9:a1s1_rayne_19.wav	dialogue	A1_MANSION_PART4.TXT	9	a1s1_rayne_19.wav	Uh-huh. Thought I might find you here. Even dead you're a thorn in my side.	РЕЙН: Угу. Не сомневалась, что увижу тебя. Даже мертвый ты меня достаешь.	莱恩：嗯哼，就知道能在这儿找到你，死了都还要碍我的事。	pending	
dialogue:A1_MANSION_PART4.TXT:10:a1s1_rayne_20.wav	dialogue	A1_MANSION_PART4.TXT	10	a1s1_rayne_20.wav	You've been gone a long time, Kagan. I've been taking care of your family for you though.	РЕЙН: Ты уже давно мертв, Кейган. Но я сама забочусь о твоей семейке.	你离开很久了，卡根。不过你的家人，我一直替你照顾着呢。	pending	
dialogue:A1_MANSION_PART4.TXT:11:a1s1_rayne_21.wav	dialogue	A1_MANSION_PART4.TXT	11	a1s1_rayne_21.wav	Sllkk! One at a time, all across the world for seventy years. Like you killed my mother's, but slower. I think I'm nearly done.	РЕЙН: По всем странам, одного за другим, я отлавливала их семьдесят лет. Конец уже близок.	嘶啦！七十年来，世界各地，一个接一个。就像你杀我母亲家人那样，只是更慢。我想我差不多快做完了。	pending	
dialogue:A1_MANSION_PART4.TXT:12:a1s1_rayne_22.wav	dialogue	A1_MANSION_PART4.TXT	12	a1s1_rayne_22.wav	What do you think of me now, father?	РЕЙН: Что ты теперь думаешь обо мне, папочка?	现在你怎么看我，父亲？	pending	
dialogue:A1_MANSION_PART4.TXT:13:a1s1_rayne_23.wav	dialogue	A1_MANSION_PART4.TXT	13	a1s1_rayne_23.wav	Hell of an operation you've got here, Zerenzki. Cult of Kagan's gone multinational, huh?	РЕЙН: Хм. А неплохо ты здесь развернулся, Зерински. Культ Кейгана в мировом масштабе, да?	你这儿阵仗可真不小啊，泽伦斯基。卡根邪教都跨国经营了，是吧？	pending	
dialogue:A1_MANSION_PART4.TXT:14:a1s1_rayne_24.wav	dialogue	A1_MANSION_PART4.TXT	14	a1s1_rayne_24.wav	Now I know exactly who I'm up against. But what are you up to?	РЕЙН: Теперь я знаю точно, с кем сражаюсь.	现在我清楚自己到底在对付谁了。可你又在搞什么？	pending	
dialogue:A1_MANSION_PART4.TXT:15:a1s1_rayne_25.wav	dialogue	A1_MANSION_PART4.TXT	15	a1s1_rayne_25.wav	Wow! I haven't seen one of you guys for decades! Where you been hiding yourselves?	РЕЙН: О, давненько я не видела таких ребят! И где же вы все прятались?	哇！我几十年没见过你们这种家伙了！都躲哪儿去了？	pending	
dialogue:A1_MANSION_PART4.TXT:16:a1s1_rayne_26.wav	dialogue	A1_MANSION_PART4.TXT	16	a1s1_rayne_26.wav	Oh, the old tongue, still? I never learned it. Seems kinda high-falutin'.	РЕЙН: Все тот же древний язык? Никогда его не любила. Слишком уж заумный.	哦，还说古语？我可没学过。听着还挺装腔作势的。	pending	
dialogue:A1_MANSION_PART4.TXT:17:a1s1_rayne_27.wav	dialogue	A1_MANSION_PART4.TXT	17	a1s1_rayne_27.wav	All right! Thanks for the lesson. Bitch.	РЕЙН: Вот так! Спасибо за урок, гад.	好吧！多谢你上课。贱人。	pending	
dialogue:A1_MANSION_PART4.TXT:18:a1s1_zminion1_1.wav	dialogue	A1_MANSION_PART4.TXT	18	a1s1_zminion1_1.wav	Area's off limits to guests, lady.	СЛУГА: Гостям здесь не место, леди.	女士，宾客禁止进入此区域。	pending	
dialogue:A1_MANSION_PART4.TXT:19:a1s1_zminion1_2.wav	dialogue	A1_MANSION_PART4.TXT	19	a1s1_zminion1_2.wav	What's with all this noise?!	MINION: What's with all this noise?!	这吵吵闹闹的是怎么回事？！	pending	
dialogue:A1_MANSION_PART4.TXT:20:a1s1_zminion1_3.wav	dialogue	A1_MANSION_PART4.TXT	20	a1s1_zminion1_3.wav	Shut the f-... May I escort you back to the party, ma'am?	СЛУГА: Заткнись. Могу я проводить вас к гостям, мэм?	闭上你他——……夫人，需要我送您回宴会吗？	pending	
dialogue:A1_MANSION_PART4.TXT:21:a1s1_zminion1_4.wav	dialogue	A1_MANSION_PART4.TXT	21	a1s1_zminion1_4.wav	You can't be here. Lady.	СЛУГА: Сюда нельзя, леди.	你不能在这里。女士。	pending	
dialogue:A1_MANSION_PART4.TXT:22:a1s1_zminion2_1.wav	dialogue	A1_MANSION_PART4.TXT	22	a1s1_zminion2_1.wav	Haw! Somebody wants her surprise early!	MINION: Haw! Somebody wants her surprise early!	哈！有人想提前拿到惊喜啊！	pending	
dialogue:A1_MANSION_PART4.TXT:23:a1s1_zminion2_2.wav	dialogue	A1_MANSION_PART4.TXT	23	a1s1_zminion2_2.wav	Keep it down! Any of Master's guests get antsy and he's gonna shred us!	MINION: Keep it down! Any of Master's guests get antsy and he's gonna shred us!	小声点！要是主人的客人们不安起来，他会把我们撕碎的！	pending	
dialogue:A1_MANSION_PART4.TXT:24:a1s1_zminion2_3.wav	dialogue	A1_MANSION_PART4.TXT	24	a1s1_zminion2_3.wav	Not supposed to be in here, lady.	СЛУГА: Вы не должны здесь быть, леди.	女士，你不该在这里。	pending	
dialogue:A1_MANSION_PART4.TXT:25:a1s1_zminion2_4.wav	dialogue	A1_MANSION_PART4.TXT	25	a1s1_zminion2_4.wav	Oh man, look at the blades! She's dhampir!	СЛУГА: Боже мой, клинки! Она - дампир!	天啊，看那刀刃！她是半吸血鬼！	pending	
dialogue:A1_MANSION_PART4.TXT:26:a1s1_zminion3_1.wav	dialogue	A1_MANSION_PART4.TXT	26	a1s1_zminion3_1.wav	Get her. But do it quiet.	MINION: Get her. But do it quiet.	抓住她。但动静小点。	pending	
dialogue:A1_MANSION_PART4.TXT:27:a1s1_zminion3_2.wav	dialogue	A1_MANSION_PART4.TXT	27	a1s1_zminion3_2.wav	Dhampir go down just like anybody else.	СЛУГА: Дампиры гибнут, как и все остальные.	半吸血鬼也跟别人一样会倒下。	pending	
dialogue:A1_MANSION_PART4.TXT:28:a1s1_zminion4_1.wav	dialogue	A1_MANSION_PART4.TXT	28	a1s1_zminion4_1.wav	You're gonna look good in the master's trophy case!	MINION: You're gonna look good in the master's trophy case!	你会很适合摆进主人的战利品柜！	pending	
dialogue:A1_MANSION_PART4.TXT:29:a1s1_zminion4_2.wav	dialogue	A1_MANSION_PART4.TXT	29	a1s1_zminion4_2.wav	Oh my god! She's insane. Call somebody! Anybody!	MINION: Oh my god! She's insane. Call somebody! Anybody!	我的天！她疯了。叫人来！随便谁都行！	pending	
dialogue:A1_MANSION_PART4.TXT:30:a1s1_zminion5_1.wav	dialogue	A1_MANSION_PART4.TXT	30	a1s1_zminion5_1.wav	Honey, you shoulda stayed downstairs with the rest of the lambs...	MINION: Honey, you shoulda stayed downstairs with the rest of the lambs...	亲爱的，你真该和其他羔羊一起待在楼下……	pending	
dialogue:A1_MANSION_PART4.TXT:31:a1s2_rayne_1.wav	dialogue	A1_MANSION_PART4.TXT	31	a1s2_rayne_1.wav	The master can blow me monkey-suit.	РЕЙН: Хозяин может идти к черту.	主人可以来舔我的猴子西装。	pending	
dialogue:A1_MANSION_PART4.TXT:32:a1s2_rayne_10.wav	dialogue	A1_MANSION_PART4.TXT	32	a1s2_rayne_10.wav	That's not even kind of funny, Severin. Why would a born vampire like Zerenzki keep so much water on his property?	RAYNE: That's not even kind of funny, Severin. Why would a born vampire like Zerenzki keep so much water on his property?	这连一点都不好笑，塞弗林。像泽伦斯基这种天生吸血鬼，为什么会在自己的地产上放这么多水？	pending	
dialogue:A1_MANSION_PART4.TXT:33:a1s2_rayne_11.wav	dialogue	A1_MANSION_PART4.TXT	33	a1s2_rayne_11.wav	It would hurt him even more than it would me...	RAYNE: It would hurt him even more than it would me...	那东西伤他可比伤我还狠……	pending	
dialogue:A1_MANSION_PART4.TXT:34:a1s2_rayne_12.wav	dialogue	A1_MANSION_PART4.TXT	34	a1s2_rayne_12.wav	Wow. That guy is a seriously dedicated social climber.	RAYNE: Wow. That guy is a seriously dedicated social climber.	哇。这家伙还真是个拼命往上爬的社交攀附狂。	pending	
dialogue:A1_MANSION_PART4.TXT:35:a1s2_rayne_13.wav	dialogue	A1_MANSION_PART4.TXT	35	a1s2_rayne_13.wav	Hm. What if the lights up there were to come down here?	RAYNE: Hm. What if the lights up there were to come down here?	嗯。要是上面的那些灯掉到这里来，会怎么样？	pending	
dialogue:A1_MANSION_PART4.TXT:36:a1s2_rayne_14.wav	dialogue	A1_MANSION_PART4.TXT	36	a1s2_rayne_14.wav	There. Now there's a little kick in the punchbowl. Who wants to to taste it?	RAYNE: There. Now there's a little kick in the punchbowl. Who wants to to taste it?	好了。现在这潘趣酒里可有点劲儿了。谁想尝尝？	pending	
dialogue:A1_MANSION_PART4.TXT:37:a1s2_rayne_15.wav	dialogue	A1_MANSION_PART4.TXT	37	a1s2_rayne_15.wav	I have a sort of a knack.	RAYNE: I have a sort of a knack.	我算是有点天赋吧。	pending	
dialogue:A1_MANSION_PART4.TXT:38:a1s2_rayne_16.wav	dialogue	A1_MANSION_PART4.TXT	38	a1s2_rayne_16.wav	Tsk. Stupid the electricity's gonna fry you long before you drown.	RAYNE: Tsk. Stupid the electricity's gonna fry you long before you drown.	啧。蠢货，电流早在你淹死之前就会把你烤熟。	pending	
dialogue:A1_MANSION_PART4.TXT:39:a1s2_rayne_17.wav	dialogue	A1_MANSION_PART4.TXT	39	a1s2_rayne_17.wav	Was wondering when you'd show up. So that's what a vampire looks like when Zerenzki turns one. Ugh.	RAYNE: Was wondering when you'd show up. So that's what a vampire looks like when Zerenzki turns one. Ugh.	我正想着你什么时候会出现呢。原来被泽伦斯基转化后的吸血鬼长这样。呃。	pending	
dialogue:A1_MANSION_PART4.TXT:40:a1s2_rayne_18.wav	dialogue	A1_MANSION_PART4.TXT	40	a1s2_rayne_18.wav	That's what you guys are dying to become? Tsk. Could you maybe aim a little higher?	RAYNE: That's what you guys are dying to become? Tsk. Could you maybe aim a little higher?	这就是你们拼了命想变成的样子？啧。目标能不能稍微高一点？	pending	
dialogue:A1_MANSION_PART4.TXT:41:a1s2_rayne_19.wav	dialogue	A1_MANSION_PART4.TXT	41	a1s2_rayne_19.wav	Wow, look at him sizzle!	RAYNE: Wow, look at him sizzle!	哇，看他滋滋冒烟！	pending	
dialogue:A1_MANSION_PART4.TXT:42:a1s2_rayne_2.wav	dialogue	A1_MANSION_PART4.TXT	42	a1s2_rayne_2.wav	Dammit.	РЕЙН: Вот черт.	该死。	pending	
dialogue:A1_MANSION_PART4.TXT:43:a1s2_rayne_20.wav	dialogue	A1_MANSION_PART4.TXT	43	a1s2_rayne_20.wav	That's awesome. I wanna do it again.	RAYNE: That's awesome. I wanna do it again.	太棒了。我还想再来一次。	pending	
dialogue:A1_MANSION_PART4.TXT:44:a1s2_rayne_23.wav	dialogue	A1_MANSION_PART4.TXT	44	a1s2_rayne_23.wav	Oh, no way... They're real?	RAYNE: Oh, no way... They're real?	哦，不会吧……它们是真的？	pending	
dialogue:A1_MANSION_PART4.TXT:45:a1s2_rayne_24.wav	dialogue	A1_MANSION_PART4.TXT	45	a1s2_rayne_24.wav	My God, Severin! Zerenzki's got the Carpathian Dragons! I thought they were just legend!	RAYNE: My God, Severin! Zerenzki's got the Carpathian Dragons! I thought they were just legend!	我的天，塞弗林！泽伦斯基有喀尔巴阡龙枪！我还以为那只是传说！	pending	
dialogue:A1_MANSION_PART4.TXT:46:a1s2_rayne_25.wav	dialogue	A1_MANSION_PART4.TXT	46	a1s2_rayne_25.wav	Oh, I'm fine. It's just that they're so... beautiful...	RAYNE: Oh, I'm fine. It's just that they're so... beautiful...	哦，我没事。只是它们实在是……太美了……	pending	
dialogue:A1_MANSION_PART4.TXT:47:a1s2_rayne_26.wav	dialogue	A1_MANSION_PART4.TXT	47	a1s2_rayne_26.wav	Where are you? Are you in trouble?	РЕЙН: Ты где? У тебя проблемы?	你在哪儿？有麻烦吗？	pending	
dialogue:A1_MANSION_PART4.TXT:48:a1s2_rayne_27.wav	dialogue	A1_MANSION_PART4.TXT	48	a1s2_rayne_27.wav	Has he been behaving badly? It's how he was raised.	РЕЙН: Он плохо себя вел? Так уж он воспитан.	他表现不好吗？这都是他从小受的教育。	pending	
dialogue:A1_MANSION_PART4.TXT:49:a1s2_rayne_28.wav	dialogue	A1_MANSION_PART4.TXT	49	a1s2_rayne_28.wav	I forget the etiquette when one eats his guests, is it pinky in, or out?	RAYNE: I forget the etiquette when one eats his guests, is it pinky in, or out?	我忘了吃客人时的礼仪了，小指是翘起来，还是收进去？	pending	
dialogue:A1_MANSION_PART4.TXT:50:a1s2_rayne_29.wav	dialogue	A1_MANSION_PART4.TXT	50	a1s2_rayne_29.wav	Oops! You caught me! I was off snooping through the medicine cabinets. Looks like I missed the big event.	RAYNE: Oops! You caught me! I was off snooping through the medicine cabinets. Looks like I missed the big event.	哎呀！被你抓到了！我刚才溜去翻药柜了。看来我错过大场面了。	pending	
dialogue:A1_MANSION_PART4.TXT:51:a1s2_rayne_3.wav	dialogue	A1_MANSION_PART4.TXT	51	a1s2_rayne_3.wav	Sure did. Think I can expense it to Brimstone?	РЕЙН: Еще бы. Стоит послать чек в Бримстоун?	当然是。你觉得我能找硫磺会报销吗？	pending	
dialogue:A1_MANSION_PART4.TXT:52:a1s2_rayne_30.wav	dialogue	A1_MANSION_PART4.TXT	52	a1s2_rayne_30.wav	Gee, I'll bet it was nice. Were there balloons and confetti? Did a pretty girl pop out of a big cake?	RAYNE: Gee, I'll bet it was nice. Were there balloons and confetti? Did a pretty girl pop out of a big cake?	哎呀，我敢说肯定很不错。有气球和彩纸吗？有漂亮女孩从大蛋糕里跳出来吗？	pending	
dialogue:A1_MANSION_PART4.TXT:53:a1s2_rayne_31.wav	dialogue	A1_MANSION_PART4.TXT	53	a1s2_rayne_31.wav	But look! I picked out my own presents. Whaddya think? Aren't they divine?	RAYNE: But look! I picked out my own presents. Whaddya think? Aren't they divine?	不过看！我自己挑好了礼物。你觉得怎么样？是不是美极了？	pending	
dialogue:A1_MANSION_PART4.TXT:54:a1s2_rayne_32.wav	dialogue	A1_MANSION_PART4.TXT	54	a1s2_rayne_32.wav	Alright, alright, that's what I'm do-oh, were you talking to me? Or to them?	RAYNE: Alright, alright, that's what I'm do-oh, were you talking to me? Or to them?	好啦好啦，我正在——哦，你是在跟我说话？还是跟它们？	pending	
dialogue:A1_MANSION_PART4.TXT:55:a1s2_rayne_33.wav	dialogue	A1_MANSION_PART4.TXT	55	a1s2_rayne_33.wav	Answer mine first why the bloodbath? These were your 500 closest friends, weren't they?	RAYNE: Answer mine first why the bloodbath? These were your 500 closest friends, weren't they?	先回答我的问题：为什么要大开杀戒？他们不是你最亲近的五百个朋友吗？	pending	
dialogue:A1_MANSION_PART4.TXT:56:a1s2_rayne_34.wav	dialogue	A1_MANSION_PART4.TXT	56	a1s2_rayne_34.wav	A Kagan family reunion?	RAYNE: A Kagan family reunion?	卡根家族团聚？	pending	
dialogue:A1_MANSION_PART4.TXT:57:a1s2_rayne_35.wav	dialogue	A1_MANSION_PART4.TXT	57	a1s2_rayne_35.wav	Aw, come on, Z. I'm the black sheep! The one nobody talks about! I'm on a world tour, visiting every bastard child of Kagan I can find!	РЕЙН: А, да будет тебе, Зи! Я та самая белая ворона! О которой не принято говорить! Я путешествую по миру и навещаю всех ублюдков Кейгана.	拜托了，泽。我可是害群之马！没人愿意提起的那个！我正在环球旅行，拜访我能找到的每一个卡根私生子！	pending	
dialogue:A1_MANSION_PART4.TXT:58:a1s2_rayne_36.wav	dialogue	A1_MANSION_PART4.TXT	58	a1s2_rayne_36.wav	The one in the West Indies? With the snakes? She gave me your name. Didn't want to, though very loyal.	РЕЙН: Та, которая в Вест-Индии, со змеями? Она рассказала про тебя, правда не сразу. Очень преданная.	西印度群岛那个？养蛇的那个？她告诉了我你的名字。虽然不情愿，倒是很忠心。	pending	
dialogue:A1_MANSION_PART4.TXT:59:a1s2_rayne_37.wav	dialogue	A1_MANSION_PART4.TXT	59	a1s2_rayne_37.wav	Rrgh! That's half-sister, jackass!	РЕЙН: Ур-рх! В лучшем случае сводная, болван!	呃！那是同父异母的妹妹，蠢货！	pending	
dialogue:A1_MANSION_PART4.TXT:60:a1s2_rayne_38.wav	dialogue	A1_MANSION_PART4.TXT	60	a1s2_rayne_38.wav	Rrgh! That's half-sister, ratsucker!	RAYNE: Rrgh! That's half-sister, ratsucker!	呃！那是同父异母的妹妹，臭吸血鼠！	pending	
dialogue:A1_MANSION_PART4.TXT:61:a1s2_rayne_39.wav	dialogue	A1_MANSION_PART4.TXT	61	a1s2_rayne_39.wav	Right ON! Love picking up new moves!	RAYNE: Right ON! Love picking up new moves!	太好了！我最喜欢学新招了！	pending	
dialogue:A1_MANSION_PART4.TXT:62:a1s2_rayne_4.wav	dialogue	A1_MANSION_PART4.TXT	62	a1s2_rayne_4.wav	I'll keep my receipts.	РЕЙН: Я сохраню чеки.	收据我会留着的。	pending	
dialogue:A1_MANSION_PART4.TXT:63:a1s2_rayne_40.wav	dialogue	A1_MANSION_PART4.TXT	63	a1s2_rayne_40.wav	Oh yeah! Can't wait to use this!	RAYNE: Oh yeah! Can't wait to use this!	哦耶！等不及要用这个了！	pending	
dialogue:A1_MANSION_PART4.TXT:64:a1s2_rayne_41.wav	dialogue	A1_MANSION_PART4.TXT	64	a1s2_rayne_41.wav	Eh. They made bad choices. Shoulda stayed in school. Keep out of trouble while I take care of this, okay?	RAYNE: Eh. They made bad choices. Shoulda stayed in school. Keep out of trouble while I take care of this, okay?	哎。他们自己选错了路。早该好好上学的。我处理这事的时候，别惹麻烦，好吗？	pending	
dialogue:A1_MANSION_PART4.TXT:65:a1s2_rayne_42.wav	dialogue	A1_MANSION_PART4.TXT	65	a1s2_rayne_42.wav	You're right about one thing it's definitely time for you to go.	РЕЙН: В одном ты прав. Пришла твоя пора умирать.	有一点你说对了，你确实该走了。	pending	
dialogue:A1_MANSION_PART4.TXT:66:a1s2_rayne_43.wav	dialogue	A1_MANSION_PART4.TXT	66	a1s2_rayne_43.wav	Hello, you. You have anything to do with all this noise?	РЕЙН: Эй, там! Это твоих рук дело?	你好啊。这里这么吵，跟你有关系吗？	pending	
dialogue:A1_MANSION_PART4.TXT:67:a1s2_rayne_44.wav	dialogue	A1_MANSION_PART4.TXT	67	a1s2_rayne_44.wav	Can do. There in a flash.	RAYNE: Can do. There in a flash.	没问题。马上到。	pending	
dialogue:A1_MANSION_PART4.TXT:68:a1s2_rayne_45.wav	dialogue	A1_MANSION_PART4.TXT	68	a1s2_rayne_45.wav	You bet. It's what I was hoping to find. A twisted family tree.	РЕЙН: А как же! Именно то, что я искала. Вся поганая генеалогия.	当然。这正是我想找的东西。一棵扭曲的家族树。	pending	
dialogue:A1_MANSION_PART4.TXT:69:a1s2_rayne_46.wav	dialogue	A1_MANSION_PART4.TXT	69	a1s2_rayne_46.wav	It lists the whereabouts of the entire Kagan cult. And it looks like they're all converging right here. In the City.	РЕЙН: Плюс местонахождение всех членов культа Кейгана. Похоже, они съезжаются прямо сюда. В город.	上面列着整个卡根邪教的下落。而且看起来他们全都在往这里汇合。就在这座城市。	pending	
dialogue:A1_MANSION_PART4.TXT:70:a1s2_rayne_47.wav	dialogue	A1_MANSION_PART4.TXT	70	a1s2_rayne_47.wav	I am. They've all come here. To me. I'm ending them, finally. And my father's sick bloodline will be extinguished.	РЕЙН: А мне нравится. Они сами идут ко мне в руки. Я наконец смогу прервать линию гнилой крови моего папочки!	没错。他们全都来了。来找我。我终于要终结他们了。我父亲那条病态的血脉也会就此断绝。	pending	
dialogue:A1_MANSION_PART4.TXT:71:a1s2_rayne_5.wav	dialogue	A1_MANSION_PART4.TXT	71	a1s2_rayne_5.wav	Just reached a courtyard outside the study.	РЕЙН: Я во дворе у окон кабинета.	刚到书房外的庭院。	pending	
dialogue:A1_MANSION_PART4.TXT:72:a1s2_rayne_6.wav	dialogue	A1_MANSION_PART4.TXT	72	a1s2_rayne_6.wav	Eh, I guess. Just one more thing I'm naturally good at.	РЕЙН: Эээ, нет. Я и от природы неплохо это делаю.	嗯，大概吧。只不过又是我天生擅长的一件事。	pending	
dialogue:A1_MANSION_PART4.TXT:73:a1s2_rayne_7.wav	dialogue	A1_MANSION_PART4.TXT	73	a1s2_rayne_7.wav	I dunno. Nobody's usually left alive to see one.	RAYNE: I dunno. Nobody's usually left alive to see one.	不知道。通常没人能活着看到其中一个。	pending	
dialogue:A1_MANSION_PART4.TXT:74:a1s2_rayne_8.wav	dialogue	A1_MANSION_PART4.TXT	74	a1s2_rayne_8.wav	Or walk anywhere near them they're all just asking for it! There any such thing as a glass fetish?	RAYNE: Or walk anywhere near them they're all just asking for it! There any such thing as a glass fetish?	或者走到它们附近——它们简直就是自找的！世界上有玻璃癖这种东西吗？	pending	
dialogue:A1_MANSION_PART4.TXT:75:a1s2_rayne_9.wav	dialogue	A1_MANSION_PART4.TXT	75	a1s2_rayne_9.wav	Ah, great. Water.	RAYNE: Ah, great. Water.	啊，太好了。水。	pending	
dialogue:A1_MANSION_PART4.TXT:76:a1s2_severin_1.wav	dialogue	A1_MANSION_PART4.TXT	76	a1s2_severin_1.wav	That sounded expensive...	СЕВЕРИН: Это прозвучало недешево...	听起来挺贵的……	pending	
dialogue:A1_MANSION_PART4.TXT:77:a1s2_severin_11.wav	dialogue	A1_MANSION_PART4.TXT	77	a1s2_severin_11.wav	Whatcha got? Something interesting?	SEVERIN: Whatcha got? Something interesting?	你拿到了什么？有意思的东西？	pending	
dialogue:A1_MANSION_PART4.TXT:78:a1s2_severin_12.wav	dialogue	A1_MANSION_PART4.TXT	78	a1s2_severin_12.wav	Huh. That's what Brimstone thought, too.	SEVERIN: Huh. That's what Brimstone thought, too.	哼。硫磺会也是这么想的。	pending	
dialogue:A1_MANSION_PART4.TXT:79:a1s2_severin_13.wav	dialogue	A1_MANSION_PART4.TXT	79	a1s2_severin_13.wav	Rayne? RAYNE! Are you there? What happened?!!	SEVERIN: Rayne? RAYNE! Are you there? What happened?!!	莱恩？莱恩！你在吗？发生什么事了？！	pending	
dialogue:A1_MANSION_PART4.TXT:80:a1s2_severin_14.wav	dialogue	A1_MANSION_PART4.TXT	80	a1s2_severin_14.wav	... and extremely dangerous. Listen, if they're the real Carpathian Dragons, they feed from the blood of their Dhampir host. That's you, in this case.	SEVERIN: ... and extremely dangerous. Listen, if they're the real Carpathian Dragons, they feed from the blood of their Dhampir host. That's you, in this case.	……而且极其危险。听着，如果它们真是喀尔巴阡龙枪，它们会吸食半吸血鬼宿主的血。也就是你。	pending	
dialogue:A1_MANSION_PART4.TXT:81:a1s2_severin_15.wav	dialogue	A1_MANSION_PART4.TXT	81	a1s2_severin_15.wav	They alchemically process the raw material into vampire-lethal projectiles. You're gonna have to feed to fill their reservoirs.	SEVERIN: They alchemically process the raw material into vampire-lethal projectiles. You're gonna have to feed to fill their reservoirs.	它们会通过炼金术把原料加工成能杀死吸血鬼的弹丸。你得吸血来填满它们的储液槽。	pending	
dialogue:A1_MANSION_PART4.TXT:82:a1s2_severin_16.wav	dialogue	A1_MANSION_PART4.TXT	82	a1s2_severin_16.wav	You can still use them when their reservoirs are empty, but they'll draw blood directly from you.	SEVERIN: You can still use them when their reservoirs are empty, but they'll draw blood directly from you.	储液槽空了你依然能用它们，但它们会直接从你身上抽血。	pending	
dialogue:A1_MANSION_PART4.TXT:83:a1s2_severin_17.wav	dialogue	A1_MANSION_PART4.TXT	83	a1s2_severin_17.wav	You'd better get down here. Zerenzki just revealed a big surprise to his guests.	СЕВЕРИН: Спускайся вниз. Зерински приготовил гостям замечательный сюрприз.	你最好下来。泽伦斯基刚向客人们展示了一个大惊喜。	pending	
dialogue:A1_MANSION_PART4.TXT:84:a1s2_severin_18.wav	dialogue	A1_MANSION_PART4.TXT	84	a1s2_severin_18.wav	Just outside the Ballroom. I'm fine. Just, you know, staying clear. Can't say as much for the other guests. Get here soon or you'll miss it.	СЕВЕРИН: Около бального зала. Я в порядке, просто наблюдаю со стороны. Вот про гостей этого не скажешь! Иди быстрее, а то все пропустишь.	就在舞厅外面。我没事。只是，你懂的，躲远点。其他客人可就不好说了。快来，不然你就错过了。	pending	
dialogue:A1_MANSION_PART4.TXT:85:a1s2_severin_19.wav	dialogue	A1_MANSION_PART4.TXT	85	a1s2_severin_19.wav	Tch. I think Zerenzki just blew his membership at the country club.	СЕВЕРИН: Думаю, Зерински только что лишился членства в элитном клубе.	啧。我看泽伦斯基这下是把乡村俱乐部的会员资格玩没了。	pending	
dialogue:A1_MANSION_PART4.TXT:86:a1s2_severin_2.wav	dialogue	A1_MANSION_PART4.TXT	86	a1s2_severin_2.wav	Uh, let's wait til we see the final bill for this evening.	СЕВЕРИН: Гм. Посмотрим на итоговый счет за вечер.	呃，等我们看到今晚的最终账单再说吧。	pending	
dialogue:A1_MANSION_PART4.TXT:87:a1s2_severin_20.wav	dialogue	A1_MANSION_PART4.TXT	87	a1s2_severin_20.wav	See for yourself. I believe it's time to do what you do. I'll do what I do and meet you later.	СЕВЕРИН: Посмотри сама. Похоже, пора делать то, что ты обычно делаешь. Встретимся позже.	你自己看吧。我想现在该你做你的事了。我去做我的事，晚点见。	pending	
dialogue:A1_MANSION_PART4.TXT:88:a1s2_severin_21.wav	dialogue	A1_MANSION_PART4.TXT	88	a1s2_severin_21.wav	There's your guy and his goons. And now you're really angry, huh? Poor bastards. I sort of feel sorry for them.	SEVERIN: There's your guy and his goons. And now you're really angry, huh? Poor bastards. I sort of feel sorry for them.	你的目标和他的打手都在那儿。现在你真的生气了，是吧？可怜的混蛋。我都有点同情他们了。	pending	
dialogue:A1_MANSION_PART4.TXT:89:a1s2_severin_22.wav	dialogue	A1_MANSION_PART4.TXT	89	a1s2_severin_22.wav	Like I have a choice. I'll go work out an exit route. See ya soon.	SEVERIN: Like I have a choice. I'll go work out an exit route. See ya soon.	我还有得选吗。我去找条撤离路线。待会儿见。	pending	
dialogue:A1_MANSION_PART4.TXT:90:a1s2_severin_23.wav	dialogue	A1_MANSION_PART4.TXT	90	a1s2_severin_23.wav	Actually, the whole place was wired to go up. Guess in case something terrible happened to Zerenzki. Like you.	СЕВЕРИН: Здесь все было заминировано. На случай, если у Зерински возникнут проблемы. Например, ты.	其实整座宅子都装了爆炸装置。大概是为了防止泽伦斯基身上发生什么可怕的事。比如你。	pending	
dialogue:A1_MANSION_PART4.TXT:91:a1s2_severin_24.wav	dialogue	A1_MANSION_PART4.TXT	91	a1s2_severin_24.wav	I just set the clocks forward on a few timers. But I can't get any closer to pick you up. You'll have to come up to me.	SEVERIN: I just set the clocks forward on a few timers. But I can't get any closer to pick you up. You'll have to come up to me.	我只是把几个定时器的时间往前拨了点。但我没法再靠近接你。你得上来找我。	pending	
dialogue:A1_MANSION_PART4.TXT:92:a1s2_severin_25.wav	dialogue	A1_MANSION_PART4.TXT	92	a1s2_severin_25.wav	You manage to hold on to that list?	СЕВЕРИН: Ты смогла найти список?	那份名单你还拿着吗？	pending	
dialogue:A1_MANSION_PART4.TXT:93:a1s2_severin_26.wav	dialogue	A1_MANSION_PART4.TXT	93	a1s2_severin_26.wav	I called this in. Brimstone's put their top minds on it. They're none too pleased.	СЕВЕРИН: Я послал сообщение. Лучшие умы Бримстоуна думают над этим. И им это не нравится.	我已经上报了。硫磺会派出了他们最顶尖的头脑。没人会高兴的。	pending	
dialogue:A1_MANSION_PART4.TXT:94:a1s2_severin_3.wav	dialogue	A1_MANSION_PART4.TXT	94	a1s2_severin_3.wav	I was there earlier. Been practicing your acrobatics?	СЕВЕРИН: Я там уже был. Ты не забывала тренироваться в акробатике?	我之前去过那里。最近在练杂技吗？	pending	
dialogue:A1_MANSION_PART4.TXT:95:a1s2_severin_4.wav	dialogue	A1_MANSION_PART4.TXT	95	a1s2_severin_4.wav	So what do you do for an encore?	SEVERIN: So what do you do for an encore?	那么你的返场节目是什么？	pending	
dialogue:A1_MANSION_PART4.TXT:96:a1s2_severin_5.wav	dialogue	A1_MANSION_PART4.TXT	96	a1s2_severin_5.wav	Ah. The greenhouse? You know what they say about people who live in glass houses...	SEVERIN: Ah. The greenhouse? You know what they say about people who live in glass houses...	啊。温室？你知道人们怎么说住在玻璃屋里的人……	pending	
dialogue:A1_MANSION_PART4.TXT:97:a1s2_severin_6.wav	dialogue	A1_MANSION_PART4.TXT	97	a1s2_severin_6.wav	I was about to ask you that.	SEVERIN: I was about to ask you that.	我正想问你呢。	pending	
dialogue:A1_MANSION_PART4.TXT:98:a1s2_severin_7.wav	dialogue	A1_MANSION_PART4.TXT	98	a1s2_severin_7.wav	Ah, you found the pool. Nice one, isn't it? Going for a dip?	SEVERIN: Ah, you found the pool. Nice one, isn't it? Going for a dip?	啊，你找到泳池了。不错吧？想下去泡一泡？	pending	
dialogue:A1_MANSION_PART4.TXT:99:a1s2_severin_8.wav	dialogue	A1_MANSION_PART4.TXT	99	a1s2_severin_8.wav	He strikes me as the type that goes to any lengths to keep up appearances for his guests.	SEVERIN: He strikes me as the type that goes to any lengths to keep up appearances for his guests.	他给我的感觉就是那种为了在客人面前撑场面，什么都做得出来的人。	pending	
dialogue:A1_MANSION_PART4.TXT:100:a1s2_severin_9.wav	dialogue	A1_MANSION_PART4.TXT	100	a1s2_severin_9.wav	Hey, great! Sounds like you figured out a way to kill people in there. I knew you could do it.	SEVERIN: Hey, great! Sounds like you figured out a way to kill people in there. I knew you could do it.	嘿，太好了！听起来你已经想出办法在里面杀人了。我就知道你做得到。	pending	
dialogue:A1_MANSION_PART4.TXT:101:a1s2_zerenzki_10.wav	dialogue	A1_MANSION_PART4.TXT	101	a1s2_zerenzki_10.wav	Who ARE you?!!	ЗЕРИНСКИ: КТО ты?	你到底是谁？！	pending	
dialogue:A1_MANSION_PART4.TXT:102:a1s2_zerenzki_11.wav	dialogue	A1_MANSION_PART4.TXT	102	a1s2_zerenzki_11.wav	Correct, and I had to sacrifice decades of ruthless social climbing for this. But it's all worth it.	ZERENZKI: Correct, and I had to sacrifice decades of ruthless social climbing for this. But it's all worth it.	泽伦斯基：没错，为了这个，我不得不牺牲几十年来费尽心机爬上来的地位。不过一切都值得。	pending	
dialogue:A1_MANSION_PART4.TXT:103:a1s2_zerenzki_12.wav	dialogue	A1_MANSION_PART4.TXT	103	a1s2_zerenzki_12.wav	I had to clear a few obstacles to make way for a family reunion we're planning.	ZERENZKI: I had to clear a few obstacles to make way for a family reunion we're planning.	我得清除几个障碍，好给我们计划中的家族团聚让路。	pending	
dialogue:A1_MANSION_PART4.TXT:104:a1s2_zerenzki_13.wav	dialogue	A1_MANSION_PART4.TXT	104	a1s2_zerenzki_13.wav	How do you know that name??!!	ZERENZKI: How do you know that name??!!	你怎么知道那个名字？！	pending	
dialogue:A1_MANSION_PART4.TXT:105:a1s2_zerenzki_14.wav	dialogue	A1_MANSION_PART4.TXT	105	a1s2_zerenzki_14.wav	Ahh... so you're the mysterious assassin? You've certainly been on a... spree, haven't you?	ЗЕРИНСКИ: Ах, да-а! Тот самый таинственный убийца? Да, ты изрядно... повесилилась. Не правда ли?	啊……所以你就是那个神秘刺客？你确实已经大开杀戒了……不是吗？	pending	
dialogue:A1_MANSION_PART4.TXT:106:a1s2_zerenzki_15.wav	dialogue	A1_MANSION_PART4.TXT	106	a1s2_zerenzki_15.wav	We weren't even sure you were real until poor Delinda turned up without her head.	ЗЕРИНСКИ: Мы даже сначала не поверили. А потом бедняжка Делинда оказалась на голову короче.	直到可怜的德琳达没了脑袋地出现，我们甚至都不确定你是不是真的存在。	pending	
dialogue:A1_MANSION_PART4.TXT:107:a1s2_zerenzki_16.wav	dialogue	A1_MANSION_PART4.TXT	107	a1s2_zerenzki_16.wav	Phht. Hardly. None of them are.	ЗЕРИНСКИ: Вряд ли. Они этим не страдают.	噗。才不是。她们谁都不是。	pending	
dialogue:A1_MANSION_PART4.TXT:108:a1s2_zerenzki_17.wav	dialogue	A1_MANSION_PART4.TXT	108	a1s2_zerenzki_17.wav	You've intrigued me, but fear I must attend to other events, so I bid you good night, little sister. Make yourself at home.	ЗЕРИНСКИ: Хмм... Все это очень интересно, но боюсь, у меня есть и другие дела, требующие моего внимания. Спокойной ночи, сестричка. Чувствуй себя, как дома.	你让我很感兴趣，但恐怕我必须去处理别的事了，所以晚安了，小妹妹。把这里当自己家吧。	pending	
dialogue:A1_MANSION_PART4.TXT:109:a1s2_zerenzki_18.wav	dialogue	A1_MANSION_PART4.TXT	109	a1s2_zerenzki_18.wav	A night to remember for all times! A prelude to the longest night! It's time to fly, my children! The Family awaits our coming!	ЗЕРИНСКИ: Ночь, которую будут помнить вечно! Прелюдия к вечной ночи! Пора в полет, дети мои! Семья ждет нашего появления!	一个永世难忘的夜晚！最长之夜的序幕！该起飞了，我的孩子们！家族正在等待我们的到来！	pending	
dialogue:A1_MANSION_PART4.TXT:110:a1s2_zerenzki_19.wav	dialogue	A1_MANSION_PART4.TXT	110	a1s2_zerenzki_19.wav	But you're my guest! It would be unforgivable to leave you this way!	ЗЕРИНСКИ: Но ты моя гостья! Будет невежливо просто так покинуть тебя!	可你是我的客人！把你就这样留下，实在不可饶恕！	pending	
dialogue:A1_MANSION_PART4.TXT:111:a1s2_zerenzki_5.wav	dialogue	A1_MANSION_PART4.TXT	111	a1s2_zerenzki_5.wav	Yes. Tear them apart, children. No survivors! Make sure to check the restrooms and the grounds.	ZERENZKI: Yes. Tear them apart, children. No survivors! Make sure to check the restrooms and the grounds.	对。把他们撕碎，孩子们。不要留活口！记得检查洗手间和庭院。	pending	
dialogue:A1_MANSION_PART4.TXT:112:a1s2_zerenzki_6.wav	dialogue	A1_MANSION_PART4.TXT	112	a1s2_zerenzki_6.wav	Ah! That all depends upon their tax bracket. And where did you run off to!?	ZERENZKI: Ah! That all depends upon their tax bracket. And where did you run off to!?	啊！那就得看他们的纳税等级了。你又跑到哪儿去了？！	pending	
dialogue:A1_MANSION_PART4.TXT:113:a1s2_zerenzki_7.wav	dialogue	A1_MANSION_PART4.TXT	113	a1s2_zerenzki_7.wav	Oh, you did! It was spectacular. Such a shame you weren't here for it.	ZERENZKI: Oh, you did! It was spectacular. Such a shame you weren't here for it.	哦，你确实错过了！那场面精彩极了。真可惜你不在。	pending	
dialogue:A1_MANSION_PART4.TXT:114:a1s2_zerenzki_8.wav	dialogue	A1_MANSION_PART4.TXT	114	a1s2_zerenzki_8.wav	All that and more! And best of all, everyone received a very special gift! But we saved yours for you!	ZERENZKI: All that and more! And best of all, everyone received a very special gift! But we saved yours for you!		pending	
dialogue:A1_MANSION_PART4.TXT:115:a1s2_zerenzki_9.wav	dialogue	A1_MANSION_PART4.TXT	115	a1s2_zerenzki_9.wav	My Dragons! Gardath's Boils!! How did she... ? Tear her to pieces!!	ZERENZKI: My Dragons! Gardath's Boils!! How did she... ? Tear her to pieces!!		pending	
dialogue:A1_MANSION_PART4.TXT:116:a1s2_zminion1_1.wav	dialogue	A1_MANSION_PART4.TXT	116	a1s2_zminion1_1.wav	The Master, uh, Mr. Zerenzki, would prefer that all the guests remain downstairs, madam.	СЛУГА: Хозяин, то есть мистер Зерински, хотел бы, чтобы все гости оставались внизу, мадам.		pending	
dialogue:A1_MANSION_PART4.TXT:117:a1s2_zminion1_2.wav	dialogue	A1_MANSION_PART4.TXT	117	a1s2_zminion1_2.wav	Wait a minute-look, she's dhampir. Are you one of the Master's?	СЛУГА: Эй, погодите, да она же дампир. Вы одна из хозяйских?		pending	
dialogue:A1_MANSION_PART4.TXT:118:a1s2_zminion1_3.wav	dialogue	A1_MANSION_PART4.TXT	118	a1s2_zminion1_3.wav	That's the one making all this noise! And lock the doors behind you.	MINION: That's the one making all this noise! And lock the doors behind you.		pending	
dialogue:A1_MANSION_PART4.TXT:119:a1s2_zminion1_4.wav	dialogue	A1_MANSION_PART4.TXT	119	a1s2_zminion1_4.wav	Good god,did you see that? She went through those guys like a hurricane!	MINION: Good god,did you see that? She went through those guys like a hurricane!		pending	
dialogue:A1_MANSION_PART4.TXT:120:a1s2_zminion1_5.wav	dialogue	A1_MANSION_PART4.TXT	120	a1s2_zminion1_5.wav	What do you think? Like I want to see that monster come through there?	MINION: What do you think? Like I want to see that monster come through there?		pending	
dialogue:A1_MANSION_PART4.TXT:121:a1s2_zminion1_6.wav	dialogue	A1_MANSION_PART4.TXT	121	a1s2_zminion1_6.wav	No one escapes! No one lives! Get them all!	MINION: No one escapes! No one lives! Get them all!		pending	
dialogue:A1_MANSION_PART4.TXT:122:a1s2_zminion2_1.wav	dialogue	A1_MANSION_PART4.TXT	122	a1s2_zminion2_1.wav	No way! The Master hates lady dhampir. He'd never have one around.	СЛУГА: Ты что? Хозяин ненавидит женщин-дампиров. И близко не подпускает.		pending	
dialogue:A1_MANSION_PART4.TXT:123:a1s2_zminion2_2.wav	dialogue	A1_MANSION_PART4.TXT	123	a1s2_zminion2_2.wav	Yeah, we don't wanna be interrupted.	MINION: Yeah, we don't wanna be interrupted.		pending	
dialogue:A1_MANSION_PART4.TXT:124:a1s2_zminion2_3.wav	dialogue	A1_MANSION_PART4.TXT	124	a1s2_zminion2_3.wav	You sure those doors are sealed?	MINION: You sure those doors are sealed?		pending	
dialogue:A1_MANSION_PART4.TXT:125:a1s2_zminion3_1.wav	dialogue	A1_MANSION_PART4.TXT	125	a1s2_zminion3_1.wav	Alright. Tight as a drum!	MINION: Alright. Tight as a drum!		pending	
dialogue:A1_MANSION_PART4.TXT:126:a1s2_zminion4_3.wav	dialogue	A1_MANSION_PART4.TXT	126	a1s2_zminion4_3.wav	I can't swim! I don't wanna drown in there.	MINION: I can't swim! I don't wanna drown in there.		pending	
dialogue:A1_MANSION_PART4.TXT:127:missiondescription	dialogue	A1_MANSION_PART4.TXT	127	missiondescription	Zerenski's Mansion Ballroom	Особняк Зерински - Бальный зал		pending	
dialogue:A1_MANSION_PART4.TXT:128:objectiveconfrontzerenzki	dialogue	A1_MANSION_PART4.TXT	128	objectiveconfrontzerenzki		Встретиться с Зерински		pending	no matching English row; translate from Russian
dialogue:A1_MANSION_PART4.TXT:129:objectivedefeatdhampie	dialogue	A1_MANSION_PART4.TXT	129	objectivedefeatdhampie	Objective: Defeat the Dhampir.	Прикончить дампира		pending	
dialogue:A1_MANSION_PART4.TXT:130:objectivedefeatguards	dialogue	A1_MANSION_PART4.TXT	130	objectivedefeatguards	Objective: Defeat the guards and get into the mansion.	Прикончить всех и пробраться в особняк		pending	
dialogue:A1_MANSION_PART4.TXT:131:objectivefindzerenskisbedroom	dialogue	A1_MANSION_PART4.TXT	131	objectivefindzerenskisbedroom	Objective: Find Zerenski's bedroom.	Найти спальню Зерински		pending	
dialogue:A1_MANSION_PART4.TXT:132:objectivegetintozerenskistomb	dialogue	A1_MANSION_PART4.TXT	132	objectivegetintozerenskistomb	Objective: Get into Zerenski's Tomb	Пробраться в секретную комнату Зерински		pending	
dialogue:A1_MANSION_PART4.TXT:133:objectiveinvestigate	dialogue	A1_MANSION_PART4.TXT	133	objectiveinvestigate		Пробраться в глубь особняка		pending	no matching English row; translate from Russian
dialogue:A1_MANSION_PART4.TXT:134:objectivemeetseverin	dialogue	A1_MANSION_PART4.TXT	134	objectivemeetseverin		Встретиться с Северином		pending	no matching English row; translate from Russian
dialogue:A1_MANSION_PART4.TXT:136:ost_fixme_cantopenthatyet	dialogue	A1_MANSION_PART4.TXT	136	ost_fixme_cantopenthatyet	you cannot open that yet...	Сейчас открыть невозможно...		pending	
dialogue:A1_MANSION_PART4.TXT:137:ost_tute_grindbladecombat	dialogue	A1_MANSION_PART4.TXT	137	ost_tute_grindbladecombat	To use your blades while on rails:  @@bladeButtonName@@	@@bladeButtonName@@ рубить врагов, съезжая по перилам		pending	
dialogue:A1_MANSION_PART4.TXT:138:ost_tute_grindguncombat	dialogue	A1_MANSION_PART4.TXT	138	ost_tute_grindguncombat	To fire your guns while on rails: @@shootButtonName@@	@@shootButtonName@@ стрелять, съезжая по перилам		pending	
dialogue:A1_MANSION_PART4.TXT:139:ost_tute_guns1	dialogue	A1_MANSION_PART4.TXT	139	ost_tute_guns1	Guns: @@shootButtonName@@@@newline@@@@shootButtonName@@ while feeding to reload.	@@shootButtonName@@ выстрелить@@newline@@@@harpoonBiteButtonName@@, @@shootButtonName@@ перезарядить пистолеты кровью		pending	
dialogue:A1_MANSION_PART4.TXT:140:ost_tute_guns2	dialogue	A1_MANSION_PART4.TXT	140	ost_tute_guns2	Guns: @@shootButtonName@@@@newline@@@@shootButtonName@@ while feeding to reload.	@@shootButtonName@@ Shoot@@newline@@@@harpoonBiteButtonName@@ , @@shootButtonName@@ Reload pistols while feeding		pending	
dialogue:A1_MANSION_PART4.TXT:141:ost_tute_horzrailcombat	dialogue	A1_MANSION_PART4.TXT	141	ost_tute_horzrailcombat	To attack enemies while perched: @@shootButtonName@@	@@shootButtonName@@ стрелять, находясь на шестах		pending	
dialogue:A1_MANSION_PART4.TXT:142:ost_tute_vertrailcombat	dialogue	A1_MANSION_PART4.TXT	142	ost_tute_vertrailcombat	To attack enemies while holding onto a pole: @@shootButtonName@@	@@shootButtonName@@ стрелять, находясь на шестах		pending	
dialogue:A1_MANSION_PART4.TXT:143:rayne_gethurt_10.wav	dialogue	A1_MANSION_PART4.TXT	143	rayne_gethurt_10.wav	Grrf! Alright, playtime's over!	РЕЙН: Ур-рх! Ну, все! Игры кончились!		pending	
dialogue:A1_MANSION_ROOFARENA.TXT:1:a1s2_rayne_42.wav	dialogue	A1_MANSION_ROOFARENA.TXT	1	a1s2_rayne_42.wav	You're right about one thing it's definitely time for you to go.	РЕЙН: В одном ты прав. Пришла твоя пора умирать.		pending	
dialogue:A1_MANSION_ROOFARENA.TXT:2:a1s2_rayne_43.wav	dialogue	A1_MANSION_ROOFARENA.TXT	2	a1s2_rayne_43.wav	Hello, you. You have anything to do with all this noise?	РЕЙН: Эй, там! Отвечай, это твоих рук дело?		pending	
dialogue:A1_MANSION_ROOFARENA.TXT:3:a1s2_rayne_44.wav	dialogue	A1_MANSION_ROOFARENA.TXT	3	a1s2_rayne_44.wav	Can do. There in a flash.	RAYNE: Can do. There in a flash.		pending	
dialogue:A1_MANSION_ROOFARENA.TXT:4:a1s2_rayne_45.wav	dialogue	A1_MANSION_ROOFARENA.TXT	4	a1s2_rayne_45.wav	You bet. It's what I was hoping to find. A twisted family tree.	РЕЙН: А как же! Именно то, что я искала. Вся поганая генеалогия.		pending	
dialogue:A1_MANSION_ROOFARENA.TXT:5:a1s2_rayne_46.wav	dialogue	A1_MANSION_ROOFARENA.TXT	5	a1s2_rayne_46.wav	It lists the whereabouts of the entire Kagan cult. And it looks like they're all converging right here. In the City.	РЕЙН: Плюс местонахождение всех членов культа Кейгана. Похоже, они съезжаются прямо сюда. В город.		pending	
dialogue:A1_MANSION_ROOFARENA.TXT:6:a1s2_rayne_47.wav	dialogue	A1_MANSION_ROOFARENA.TXT	6	a1s2_rayne_47.wav	I am. They've all come here. To me. I'm ending them, finally. And my father's sick bloodline will be extinguished.	РЕЙН: А мне нравится. Они сами идут ко мне в руки. Я наконец смогу прервать линию гнилой крови моего папочки!		pending	
dialogue:A1_MANSION_ROOFARENA.TXT:7:a1s2_rayne_48.wav	dialogue	A1_MANSION_ROOFARENA.TXT	7	a1s2_rayne_48.wav	Easy for you to say, there are millions of bats up here.  Which do I shoot?	РЕЙН: Легко сказать. Да здесь их миллионы. В какую стрелять?		pending	
dialogue:A1_MANSION_ROOFARENA.TXT:8:a1s2_severin_23.wav	dialogue	A1_MANSION_ROOFARENA.TXT	8	a1s2_severin_23.wav	Actually, the whole place was wired to go up. Guess in case something terrible happened to Zerenzki. Like you.	СЕВЕРИН: Здесь все было заминировано. На случай, если у Зерински возникнут проблемы. Например, ты.		pending	
dialogue:A1_MANSION_ROOFARENA.TXT:9:a1s2_severin_24.wav	dialogue	A1_MANSION_ROOFARENA.TXT	9	a1s2_severin_24.wav	I just set the clocks forward on a few timers. But I can't get any closer to pick you up. You'll have to come up to me.	SEVERIN: I just set the clocks forward on a few timers. But I can't get any closer to pick you up. You'll have to come up to me.		pending	
dialogue:A1_MANSION_ROOFARENA.TXT:10:a1s2_severin_25.wav	dialogue	A1_MANSION_ROOFARENA.TXT	10	a1s2_severin_25.wav	You manage to hold on to that list?	СЕВЕРИН: Ты смогла найти список?		pending	
dialogue:A1_MANSION_ROOFARENA.TXT:11:a1s2_severin_26.wav	dialogue	A1_MANSION_ROOFARENA.TXT	11	a1s2_severin_26.wav	I called this in. Brimstone's put their top minds on it. They're none too pleased.	СЕВЕРИН: Запрос пошел. Лучшие умы Бримстоуна думают над этим. И им это не нравится.		pending	
dialogue:A1_MANSION_ROOFARENA.TXT:12:a1s2_severin_27.wav	dialogue	A1_MANSION_ROOFARENA.TXT	12	a1s2_severin_27.wav	Rayne, when he turns into bats, shoot him out of the air!	СЕВЕРИН: Рейн, если он превратился в мышей, бей его влет!		pending	
dialogue:A1_MANSION_ROOFARENA.TXT:13:a1s2_severin_28.wav	dialogue	A1_MANSION_ROOFARENA.TXT	13	a1s2_severin_28.wav	Use your powers to spot him in the crowd.  Take aim and fire!	СЕВЕРИН: Используй особые способности. Целься и стреляй!		pending	
dialogue:A1_MANSION_ROOFARENA.TXT:14:a1s2_zerenzki_18.wav	dialogue	A1_MANSION_ROOFARENA.TXT	14	a1s2_zerenzki_18.wav	A night to remember for all times! A prelude to the longest night! It's time to fly, my children! The Family awaits our coming!	ЗЕРИНСКИ: Ночь, которую будут помнить вечно! Прелюдия к вечной ночи! Пора в полет, дети мои! Семья ждет нашего появления!		pending	
dialogue:A1_MANSION_ROOFARENA.TXT:15:a1s2_zerenzki_19.wav	dialogue	A1_MANSION_ROOFARENA.TXT	15	a1s2_zerenzki_19.wav	But you're my guest! It would be unforgivable to leave you this way!	ЗЕРИНСКИ: Но ты моя гостья! Будет невежливо просто так покинуть тебя!		pending	
dialogue:A1_MANSION_ROOFARENA.TXT:16:missiondescription	dialogue	A1_MANSION_ROOFARENA.TXT	16	missiondescription	Mansion - Zerenski	Особняк Зерински: Зерински		pending	
dialogue:A1_MANSION_ROOFARENA.TXT:17:missionobjective	dialogue	A1_MANSION_ROOFARENA.TXT	17	missionobjective	Defeat Zerenski	Прикончить Зерински		pending	
dialogue:A1_MANSION_ROOFARENA.TXT:18:ost_tute_aura1	dialogue	A1_MANSION_ROOFARENA.TXT	18	ost_tute_aura1	@@auraPowersButtonName@@ Aura Vision@@newline@@Track enemies using Aura Vision	@@auraPowersButtonName@@ Зрение вампира позволяет обнаруживать врагов заранее		pending	
dialogue:A1_MANSION_ROOFARENA.TXT:19:ost_tute_rage	dialogue	A1_MANSION_ROOFARENA.TXT	19	ost_tute_rage	@@ragePowersButtonName@@ Blood Rage@@newline@@Prevent knockdowns with Blood Rage	@@ragePowersButtonName@@ Кровая ярость не дает противнику сбить Рейн с ног		pending	
dialogue:A1_MANSION_ROOFARENA.TXT:20:superspeedpower	dialogue	A1_MANSION_ROOFARENA.TXT	20	superspeedpower	You've gained Super Speed power.@@newline@@@@speedPowersButtonName@@ + @@speedPowersButtonName@@ to activate	"@@speedPowersButtonName@@ , @@speedPowersButtonName@@ Получена способность ""Сверхскорость"""		pending	
dialogue:A1_MANSION_ROOFARENA.TXT:21:zhelp	dialogue	A1_MANSION_ROOFARENA.TXT	21	zhelp	Shoot down Zerenski while he is in bat form	Shoot down Zerenski while he is in bat form		pending	
dialogue:A2S1_NEON_BARALLEY.TXT:1:fixme_a2s1_dhamp1.wav	dialogue	A2S1_NEON_BARALLEY.TXT	1	fixme_a2s1_dhamp1.wav	Dhampir: So, the great Rayne....we meet at last.	Dhampir: So, the great Rayne....we meet at last.		pending	
dialogue:A2S1_NEON_BARALLEY.TXT:2:fixme_a2s1_dhamp2.wav	dialogue	A2S1_NEON_BARALLEY.TXT	2	fixme_a2s1_dhamp2.wav	Dhampir: What?  How....	Dhampir: What?  How....		pending	
dialogue:A2S1_NEON_BARALLEY.TXT:3:fixme_a2s1_rayne1.wav	dialogue	A2S1_NEON_BARALLEY.TXT	3	fixme_a2s1_rayne1.wav	Rayne: Save it.  I'm sure I've heard it before.	Rayne: Save it.  I'm sure I've heard it before.		pending	
dialogue:A2S1_NEON_BARALLEY.TXT:4:fixme_a2s1_rayne2.wav	dialogue	A2S1_NEON_BARALLEY.TXT	4	fixme_a2s1_rayne2.wav	Rayne: Don't act so shocked.  You'll find I'm full of all sorts of surprises	Rayne: Don't act so shocked.  You'll find I'm full of all sorts of surprises		pending	
dialogue:A2S1_NEON_BARALLEY.TXT:5:fixme_a2s1_rayne3.wav	dialogue	A2S1_NEON_BARALLEY.TXT	5	fixme_a2s1_rayne3.wav	Rayne: Whatever is up there, it must be responsible for all of this.	Rayne: Whatever is up there, it must be responsible for all of this.		pending	
dialogue:A2S1_NEON_BARALLEY.TXT:6:fixme_a2s1_rayne4.wav	dialogue	A2S1_NEON_BARALLEY.TXT	6	fixme_a2s1_rayne4.wav	Rayne: Go to hell, Severen.	Rayne: Go to hell, Severen.		pending	
dialogue:A2S1_NEON_BARALLEY.TXT:7:fixme_a2s1_rayne5.wav	dialogue	A2S1_NEON_BARALLEY.TXT	7	fixme_a2s1_rayne5.wav	Rayne: Hello, Boys	Rayne: Hello, Boys		pending	
dialogue:A2S1_NEON_BARALLEY.TXT:8:fixme_a2s1_rayne6.wav	dialogue	A2S1_NEON_BARALLEY.TXT	8	fixme_a2s1_rayne6.wav	Rayne: Not if I cut you first	Rayne: Not if I cut you first		pending	
dialogue:A2S1_NEON_BARALLEY.TXT:9:fixme_a2s1_rayne7.wav	dialogue	A2S1_NEON_BARALLEY.TXT	9	fixme_a2s1_rayne7.wav	Rayne: I'm so much more than a pretty face.	Rayne: I'm so much more than a pretty face.		pending	
dialogue:A2S1_NEON_BARALLEY.TXT:10:fixme_a2s1_severen1.wav	dialogue	A2S1_NEON_BARALLEY.TXT	10	fixme_a2s1_severen1.wav	Severen:  I'm detecting some sort of energy field around the exit of that dive.  The field is centered on something in the second floor dance hall.	Severen:  I'm detecting some sort of energy field around the exit of that dive.  The field is centered on something in the second floor dance hall.		pending	
dialogue:A2S1_NEON_BARALLEY.TXT:11:fixme_a2s1_severen2.wav	dialogue	A2S1_NEON_BARALLEY.TXT	11	fixme_a2s1_severen2.wav	Severen:  Not much gets by you, does it Rayne?	Severen:  Not much gets by you, does it Rayne?		pending	
dialogue:A2S1_NEON_BARALLEY.TXT:12:fixme_a2s1_severen3.wav	dialogue	A2S1_NEON_BARALLEY.TXT	12	fixme_a2s1_severen3.wav	Severen:  There, that did it.	Severen:  There, that did it.		pending	
dialogue:A2S1_NEON_BARALLEY.TXT:13:fixme_a2s1_thug1.wav	dialogue	A2S1_NEON_BARALLEY.TXT	13	fixme_a2s1_thug1.wav	Thug: There she is!	Thug: There she is!		pending	
dialogue:A2S1_NEON_BARALLEY.TXT:14:fixme_a2s1_thug2.wav	dialogue	A2S1_NEON_BARALLEY.TXT	14	fixme_a2s1_thug2.wav	Thug: I'm going to love cutting you up	Thug: I'm going to love cutting you up		pending	
dialogue:A2S1_NEON_BARALLEY.TXT:15:fixme_a2s1_thug3.wav	dialogue	A2S1_NEON_BARALLEY.TXT	15	fixme_a2s1_thug3.wav	Thug: Get her!	Thug: Get her!		pending	
dialogue:A2S1_NEON_BARALLEY.TXT:16:fixme_a2s1_thug4.wav	dialogue	A2S1_NEON_BARALLEY.TXT	16	fixme_a2s1_thug4.wav	Thug: Gun her down!	Thug: Gun her down!		pending	
dialogue:A2S1_NEON_BARALLEY.TXT:17:missiondescription	dialogue	A2S1_NEON_BARALLEY.TXT	17	missiondescription	Neon City BarAlley	Neon City BarAlley		pending	
dialogue:A2S1_NEON_BARALLEY.TXT:18:objectivedhampir	dialogue	A2S1_NEON_BARALLEY.TXT	18	objectivedhampir	Find and defeat the Dhampir	Find and defeat the Dhampir		pending	
dialogue:A2S1_NEON_BARALLEY.TXT:19:objectivefindturnkey	dialogue	A2S1_NEON_BARALLEY.TXT	19	objectivefindturnkey	Search an officer to find a basement turnkey.	Search an officer to find a basement turnkey.		pending	
dialogue:A2S1_NEON_BARALLEY.TXT:20:objectivesearch	dialogue	A2S1_NEON_BARALLEY.TXT	20	objectivesearch	Seek out targets in other areas.	Seek out targets in other areas.		pending	
dialogue:A2S1_NEON_BARALLEY.TXT:21:objectivetosciencelab	dialogue	A2S1_NEON_BARALLEY.TXT	21	objectivetosciencelab	Go to the Science Lab through the Basement.	Go to the Science Lab through the Basement.		pending	
dialogue:A2S1_NEON_BARALLEY.TXT:22:ost_dhampir_killed	dialogue	A2S1_NEON_BARALLEY.TXT	22	ost_dhampir_killed	You have killed the Dhampir	You have killed the Dhampir		pending	
dialogue:A2S1_NEON_BARALLEY.TXT:23:ost_door_ward	dialogue	A2S1_NEON_BARALLEY.TXT	23	ost_door_ward	A Dhampir ward is blocking the exit	A Dhampir ward is blocking the exit		pending	
dialogue:A2S1_NEON_BARALLEY.TXT:24:ost_explosives_need	dialogue	A2S1_NEON_BARALLEY.TXT	24	ost_explosives_need	You need to find explosives to proceed	You need to find explosives to proceed		pending	
dialogue:A2S1_NEON_BARALLEY.TXT:25:ost_explosives_obtained	dialogue	A2S1_NEON_BARALLEY.TXT	25	ost_explosives_obtained	You picked up some explosives	You picked up some explosives		pending	
dialogue:A2S1_NEON_BARALLEY.TXT:26:ost_explosives_used	dialogue	A2S1_NEON_BARALLEY.TXT	26	ost_explosives_used	You have placed the explosives	You have placed the explosives		pending	
dialogue:A2S1_NEON_BARALLEY.TXT:27:ost_vamprm	dialogue	A2S1_NEON_BARALLEY.TXT	27	ost_vamprm	You have found a secret Vampire Room	You have found a secret Vampire Room		pending	
dialogue:A2S2_NEON_STREETSA.TXT:1:fixme_a2s2_dhamp0.wav	dialogue	A2S2_NEON_STREETSA.TXT	1	fixme_a2s2_dhamp0.wav	Kestrel: Time to die, beautiful.	Kestrel: Time to die, beautiful.		pending	
dialogue:A2S2_NEON_STREETSA.TXT:2:fixme_a2s2_dhamp0a.wav	dialogue	A2S2_NEON_STREETSA.TXT	2	fixme_a2s2_dhamp0a.wav	Kestrel: Enjoying the movie?	Kestrel: Enjoying the movie?		pending	
dialogue:A2S2_NEON_STREETSA.TXT:3:fixme_a2s2_dhamp1.wav	dialogue	A2S2_NEON_STREETSA.TXT	3	fixme_a2s2_dhamp1.wav	Kestrel: Well done. Please...come in.	Kestrel: Well done. Please...come in.		pending	
dialogue:A2S2_NEON_STREETSA.TXT:4:fixme_a2s2_dhamp2.wav	dialogue	A2S2_NEON_STREETSA.TXT	4	fixme_a2s2_dhamp2.wav	Kestrel: If you want to find your human friends...you will have to find me first.	Kestrel: If you want to find your human friends...you will have to find me first.		pending	
dialogue:A2S2_NEON_STREETSA.TXT:5:fixme_a2s2_dhamp3.wav	dialogue	A2S2_NEON_STREETSA.TXT	5	fixme_a2s2_dhamp3.wav	Kestrel: We meet at last.	Kestrel: We meet at last.		pending	
dialogue:A2S2_NEON_STREETSA.TXT:6:fixme_a2s2_dhamp4.wav	dialogue	A2S2_NEON_STREETSA.TXT	6	fixme_a2s2_dhamp4.wav	Kestrel: Drinking your blood will be a true pleasure.	Kestrel: Drinking your blood will be a true pleasure.		pending	
dialogue:A2S2_NEON_STREETSA.TXT:7:fixme_a2s2_punk1.wav	dialogue	A2S2_NEON_STREETSA.TXT	7	fixme_a2s2_punk1.wav	Punk: You're not going anywhere, freak.	Punk: You're not going anywhere, freak.		pending	
dialogue:A2S2_NEON_STREETSA.TXT:8:fixme_a2s2_rayne1.wav	dialogue	A2S2_NEON_STREETSA.TXT	8	fixme_a2s2_rayne1.wav	Rayne: I thought you would never ask.	Rayne: I thought you would never ask.		pending	
dialogue:A2S2_NEON_STREETSA.TXT:9:missiondescription	dialogue	A2S2_NEON_STREETSA.TXT	9	missiondescription	Neon City Streets A	Neon City Streets A		pending	
dialogue:A2S2_NEON_STREETSA.TXT:10:objectivedhampir	dialogue	A2S2_NEON_STREETSA.TXT	10	objectivedhampir	Find and defeat the Kestrel	Find and defeat the Kestrel		pending	
dialogue:A2S2_NEON_STREETSA.TXT:11:ost_dhampir_killed	dialogue	A2S2_NEON_STREETSA.TXT	11	ost_dhampir_killed	You have killed the Kestrel	You have killed the Kestrel		pending	
dialogue:A2S2_NEON_STREETSA.TXT:12:ost_door_ward	dialogue	A2S2_NEON_STREETSA.TXT	12	ost_door_ward	A Vampire ward is blocking the exit	A Vampire ward is blocking the exit		pending	
dialogue:A2S2_NEON_STREETSA.TXT:13:ost_explosives_need	dialogue	A2S2_NEON_STREETSA.TXT	13	ost_explosives_need	You need to find explosives to proceed	You need to find explosives to proceed		pending	
dialogue:A2S2_NEON_STREETSA.TXT:14:ost_explosives_obtained	dialogue	A2S2_NEON_STREETSA.TXT	14	ost_explosives_obtained	You picked up some explosives	You picked up some explosives		pending	
dialogue:A2S2_NEON_STREETSA.TXT:15:ost_explosives_used	dialogue	A2S2_NEON_STREETSA.TXT	15	ost_explosives_used	You have placed the explosives	You have placed the explosives		pending	
dialogue:A2S2_NEON_STREETSA.TXT:16:ost_vamprm	dialogue	A2S2_NEON_STREETSA.TXT	16	ost_vamprm	You have found a secret Vampire Room	You have found a secret Vampire Room		pending	
dialogue:A2S2_NEON_STREETSB.TXT:1:fixme_a2s2b_dhamp1.wav	dialogue	A2S2_NEON_STREETSB.TXT	1	fixme_a2s2b_dhamp1.wav	Dhampir: Taunt...taunt...taunt	Dhampir: Taunt...taunt...taunt		pending	
dialogue:A2S2_NEON_STREETSB.TXT:2:fixme_a2s2b_rayne1.wav	dialogue	A2S2_NEON_STREETSB.TXT	2	fixme_a2s2b_rayne1.wav	Rayne: Retort...retort...retort	Rayne: Retort...retort...retort		pending	
dialogue:A2S2_NEON_STREETSB.TXT:3:fixme_a2s2b_severin2.wav	dialogue	A2S2_NEON_STREETSB.TXT	3	fixme_a2s2b_severin2.wav	Severin: We're tracking your quarry down in the subway. There's a Dhampir somewhere blocking the entrance.	Severin: We're tracking your quarry down in the subway. There's a Dhampir somewhere blocking the entrance.		pending	
dialogue:A2S2_NEON_STREETSB.TXT:4:missiondescription	dialogue	A2S2_NEON_STREETSB.TXT	4	missiondescription	Neon City Streets B	Neon City Streets B		pending	
dialogue:A2S2_NEON_STREETSB.TXT:5:objectivedhampir	dialogue	A2S2_NEON_STREETSB.TXT	5	objectivedhampir	Find and defeat the Dhampir	Find and defeat the Dhampir		pending	
dialogue:A2S2_NEON_STREETSB.TXT:6:ost_dhampir_killed	dialogue	A2S2_NEON_STREETSB.TXT	6	ost_dhampir_killed	You have killed the Dhampir	You have killed the Dhampir		pending	
dialogue:A2S2_NEON_STREETSB.TXT:7:ost_door_ward	dialogue	A2S2_NEON_STREETSB.TXT	7	ost_door_ward	A Dhampir ward is blocking the exit	A Dhampir ward is blocking the exit		pending	
dialogue:A2S2_NEON_STREETSB.TXT:8:ost_explosives_need	dialogue	A2S2_NEON_STREETSB.TXT	8	ost_explosives_need	You need to find explosives to proceed	You need to find explosives to proceed		pending	
dialogue:A2S2_NEON_STREETSB.TXT:9:ost_explosives_obtained	dialogue	A2S2_NEON_STREETSB.TXT	9	ost_explosives_obtained	You picked up some explosives	You picked up some explosives		pending	
dialogue:A2S2_NEON_STREETSB.TXT:10:ost_explosives_used	dialogue	A2S2_NEON_STREETSB.TXT	10	ost_explosives_used	You have placed the explosives	You have placed the explosives		pending	
dialogue:A2S2_NEON_STREETSB.TXT:11:ost_vamprm	dialogue	A2S2_NEON_STREETSB.TXT	11	ost_vamprm	You have found a secret Vampire Room	You have found a secret Vampire Room		pending	
dialogue:A2S3_NEON_SUBWAY.TXT:1:fixme_a2s3_brute01	dialogue	A2S3_NEON_SUBWAY.TXT	1	fixme_a2s3_brute01	Brute: (sniff, sniff) I smell fresh meat.	Brute: (sniff, sniff) I smell fresh meat.		pending	
dialogue:A2S3_NEON_SUBWAY.TXT:2:fixme_a2s3_brute02	dialogue	A2S3_NEON_SUBWAY.TXT	2	fixme_a2s3_brute02	Brute: (grunt) No time for this one. Ferril has enough to bleed...	Brute: (grunt) No time for this one. Ferril has enough to bleed...		pending	
dialogue:A2S3_NEON_SUBWAY.TXT:3:fixme_a2s3_brute03	dialogue	A2S3_NEON_SUBWAY.TXT	3	fixme_a2s3_brute03	Brute: You're causing a stir, shining girl.	Brute: You're causing a stir, shining girl.		pending	
dialogue:A2S3_NEON_SUBWAY.TXT:4:fixme_a2s3_brute04	dialogue	A2S3_NEON_SUBWAY.TXT	4	fixme_a2s3_brute04	Brute: Too much noise you make. Too much screaming.	Brute: Too much noise you make. Too much screaming.		pending	
dialogue:A2S3_NEON_SUBWAY.TXT:5:fixme_a2s3_civilian01	dialogue	A2S3_NEON_SUBWAY.TXT	5	fixme_a2s3_civilian01	Civilian: Help! Somebody, please! I need help!	Civilian: Help! Somebody, please! I need help!		pending	
dialogue:A2S3_NEON_SUBWAY.TXT:6:fixme_a2s3_civilian02	dialogue	A2S3_NEON_SUBWAY.TXT	6	fixme_a2s3_civilian02	Civilian: Stop! Leave me alone!	Civilian: Stop! Leave me alone!		pending	
dialogue:A2S3_NEON_SUBWAY.TXT:7:fixme_a2s3_civilian03	dialogue	A2S3_NEON_SUBWAY.TXT	7	fixme_a2s3_civilian03	Civilian: Please! Just leave me alone!	Civilian: Please! Just leave me alone!		pending	
dialogue:A2S3_NEON_SUBWAY.TXT:8:fixme_a2s3_civilian04	dialogue	A2S3_NEON_SUBWAY.TXT	8	fixme_a2s3_civilian04	Civilian: Help!!!	Civilian: Help!!!		pending	
dialogue:A2S3_NEON_SUBWAY.TXT:9:fixme_a2s3_civilian05	dialogue	A2S3_NEON_SUBWAY.TXT	9	fixme_a2s3_civilian05	Civilian: Help! I'm trapped in here!	Civilian: Help! I'm trapped in here!		pending	
dialogue:A2S3_NEON_SUBWAY.TXT:10:fixme_a2s3_civilian06	dialogue	A2S3_NEON_SUBWAY.TXT	10	fixme_a2s3_civilian06	Civilian: Thank God. They're taking everyone...they're..	Civilian: Thank God. They're taking everyone...they're..		pending	
dialogue:A2S3_NEON_SUBWAY.TXT:11:fixme_a2s3_civilian07	dialogue	A2S3_NEON_SUBWAY.TXT	11	fixme_a2s3_civilian07	Civilian: Nooooooooo!	Civilian: Nooooooooo!		pending	
dialogue:A2S3_NEON_SUBWAY.TXT:12:fixme_a2s3_civilian08	dialogue	A2S3_NEON_SUBWAY.TXT	12	fixme_a2s3_civilian08	Civilian:	Civilian:		pending	
dialogue:A2S3_NEON_SUBWAY.TXT:13:fixme_a2s3_civilian09	dialogue	A2S3_NEON_SUBWAY.TXT	13	fixme_a2s3_civilian09	Civilian:	Civilian:		pending	
dialogue:A2S3_NEON_SUBWAY.TXT:14:fixme_a2s3_civilian10	dialogue	A2S3_NEON_SUBWAY.TXT	14	fixme_a2s3_civilian10	Civilian:	Civilian:		pending	
dialogue:A2S3_NEON_SUBWAY.TXT:15:fixme_a2s3_kestrel01	dialogue	A2S3_NEON_SUBWAY.TXT	15	fixme_a2s3_kestrel01	Kestrel: Poor girl. She really thought you could save her. Just like those ones at the bar.	Kestrel: Poor girl. She really thought you could save her. Just like those ones at the bar.		pending	
dialogue:A2S3_NEON_SUBWAY.TXT:16:fixme_a2s3_kestrel02	dialogue	A2S3_NEON_SUBWAY.TXT	16	fixme_a2s3_kestrel02	Kestrel: This one will taste sweet when we feast on her.	Kestrel: This one will taste sweet when we feast on her.		pending	
dialogue:A2S3_NEON_SUBWAY.TXT:17:fixme_a2s3_kestrel03	dialogue	A2S3_NEON_SUBWAY.TXT	17	fixme_a2s3_kestrel03	Kestrel: This one's mine!	Kestrel: This one's mine!		pending	
dialogue:A2S3_NEON_SUBWAY.TXT:18:fixme_a2s3_kestrel04	dialogue	A2S3_NEON_SUBWAY.TXT	18	fixme_a2s3_kestrel04	Kestrel: Welcome. I see you have found one of our places of retreat.	Kestrel: Welcome. I see you have found one of our places of retreat.		pending	
dialogue:A2S3_NEON_SUBWAY.TXT:19:fixme_a2s3_kestrel05	dialogue	A2S3_NEON_SUBWAY.TXT	19	fixme_a2s3_kestrel05	Kestrel: You're too late BloodRayne, Our shipment is already loaded and on its way.	Kestrel: You're too late BloodRayne, Our shipment is already loaded and on its way.		pending	
dialogue:A2S3_NEON_SUBWAY.TXT:20:fixme_a2s3_kestrel06	dialogue	A2S3_NEON_SUBWAY.TXT	20	fixme_a2s3_kestrel06	Kestrel: Go you idiots. Take the service elevator and get to the wetworks. Bring the shipment and tell Ferril...	Kestrel: Go you idiots. Take the service elevator and get to the wetworks. Bring the shipment and tell Ferril...		pending	
dialogue:A2S3_NEON_SUBWAY.TXT:21:fixme_a2s3_kestrel07	dialogue	A2S3_NEON_SUBWAY.TXT	21	fixme_a2s3_kestrel07	Kestrel: Tell Ferril we will have our Brutes take care of our little problem.	Kestrel: Tell Ferril we will have our Brutes take care of our little problem.		pending	
dialogue:A2S3_NEON_SUBWAY.TXT:22:fixme_a2s3_kestrel08	dialogue	A2S3_NEON_SUBWAY.TXT	22	fixme_a2s3_kestrel08	Kestrel: XXX	Kestrel: XXX		pending	
dialogue:A2S3_NEON_SUBWAY.TXT:23:fixme_a2s3_kestrel09	dialogue	A2S3_NEON_SUBWAY.TXT	23	fixme_a2s3_kestrel09	Kestrel: XXX	Kestrel: XXX		pending	
dialogue:A2S3_NEON_SUBWAY.TXT:24:fixme_a2s3_kestrel10	dialogue	A2S3_NEON_SUBWAY.TXT	24	fixme_a2s3_kestrel10	Kestrel: XXX	Kestrel: XXX		pending	
dialogue:A2S3_NEON_SUBWAY.TXT:25:fixme_a2s3_kestrel11	dialogue	A2S3_NEON_SUBWAY.TXT	25	fixme_a2s3_kestrel11	Kestrel: XXX	Kestrel: XXX		pending	
dialogue:A2S3_NEON_SUBWAY.TXT:26:fixme_a2s3_punk01	dialogue	A2S3_NEON_SUBWAY.TXT	26	fixme_a2s3_punk01	Punk: Get her!	Punk: Get her!		pending	
dialogue:A2S3_NEON_SUBWAY.TXT:27:fixme_a2s3_punk02	dialogue	A2S3_NEON_SUBWAY.TXT	27	fixme_a2s3_punk02	Punk 1: Get your ass down in that track and get that train to stop.	Punk 1: Get your ass down in that track and get that train to stop.		pending	
dialogue:A2S3_NEON_SUBWAY.TXT:28:fixme_a2s3_punk03	dialogue	A2S3_NEON_SUBWAY.TXT	28	fixme_a2s3_punk03	Punk 2: No way. There's got to be a better way to stop it...why can't we just...	Punk 2: No way. There's got to be a better way to stop it...why can't we just...		pending	
dialogue:A2S3_NEON_SUBWAY.TXT:29:fixme_a2s3_punk04	dialogue	A2S3_NEON_SUBWAY.TXT	29	fixme_a2s3_punk04	Punk 1: Look, if we don't round up all the bloodbags down here, Ferril's gonna have your ass.	Punk 1: Look, if we don't round up all the bloodbags down here, Ferril's gonna have your ass.		pending	
dialogue:A2S3_NEON_SUBWAY.TXT:30:fixme_a2s3_punk05	dialogue	A2S3_NEON_SUBWAY.TXT	30	fixme_a2s3_punk05	Punk: It's not stopping! Look out!	Punk: It's not stopping! Look out!		pending	
dialogue:A2S3_NEON_SUBWAY.TXT:31:fixme_a2s3_punk06	dialogue	A2S3_NEON_SUBWAY.TXT	31	fixme_a2s3_punk06	Punk: Hurry! Get down to the old subway with the others. We'll mop up here.	Punk: Hurry! Get down to the old subway with the others. We'll mop up here.		pending	
dialogue:A2S3_NEON_SUBWAY.TXT:32:fixme_a2s3_punk07	dialogue	A2S3_NEON_SUBWAY.TXT	32	fixme_a2s3_punk07	Punk: You just got off at the wrong stop, freak.	Punk: You just got off at the wrong stop, freak.		pending	
dialogue:A2S3_NEON_SUBWAY.TXT:33:fixme_a2s3_punk08	dialogue	A2S3_NEON_SUBWAY.TXT	33	fixme_a2s3_punk08	Punk: Man, we'll never get to the next platform. The trains are moving way too fast.	Punk: Man, we'll never get to the next platform. The trains are moving way too fast.		pending	
dialogue:A2S3_NEON_SUBWAY.TXT:34:fixme_a2s3_punk09	dialogue	A2S3_NEON_SUBWAY.TXT	34	fixme_a2s3_punk09	Punk: Shut up...I think she's coming. Get down!	Punk: Shut up...I think she's coming. Get down!		pending	
dialogue:A2S3_NEON_SUBWAY.TXT:35:fixme_a2s3_punk10	dialogue	A2S3_NEON_SUBWAY.TXT	35	fixme_a2s3_punk10	Punk: Here she comes. Cut the cable!	Punk: Here she comes. Cut the cable!		pending	
dialogue:A2S3_NEON_SUBWAY.TXT:36:fixme_a2s3_punk11	dialogue	A2S3_NEON_SUBWAY.TXT	36	fixme_a2s3_punk11	Punk: I am cutting it asshole!	Punk: I am cutting it asshole!		pending	
dialogue:A2S3_NEON_SUBWAY.TXT:37:fixme_a2s3_rayne01	dialogue	A2S3_NEON_SUBWAY.TXT	37	fixme_a2s3_rayne01	Rayne: Severin? Something is shaking the walls in a serious way. Any ideas?	Rayne: Severin? Something is shaking the walls in a serious way. Any ideas?		pending	
dialogue:A2S3_NEON_SUBWAY.TXT:38:fixme_a2s3_rayne02	dialogue	A2S3_NEON_SUBWAY.TXT	38	fixme_a2s3_rayne02	Rayne: How very reassuring.	Rayne: How very reassuring.		pending	
dialogue:A2S3_NEON_SUBWAY.TXT:39:fixme_a2s3_rayne03	dialogue	A2S3_NEON_SUBWAY.TXT	39	fixme_a2s3_rayne03	Rayne: You boys having fun playing with your trains?	Rayne: You boys having fun playing with your trains?		pending	
dialogue:A2S3_NEON_SUBWAY.TXT:40:fixme_a2s3_rayne03a	dialogue	A2S3_NEON_SUBWAY.TXT	40	fixme_a2s3_rayne03a	Rayne: Severin? I think I've found a vampire room that seems to be part of the old subway system those punks were talking about.	Rayne: Severin? I think I've found a vampire room that seems to be part of the old subway system those punks were talking about.		pending	
dialogue:A2S3_NEON_SUBWAY.TXT:41:fixme_a2s3_rayne04	dialogue	A2S3_NEON_SUBWAY.TXT	41	fixme_a2s3_rayne04	Rayne: Severin? It looks like there's some more of my old friends from the bar in this area. They're using their powers to sheild some old subway switch.	Rayne: Severin? It looks like there's some more of my old friends from the bar in this area. They're using their powers to sheild some old subway switch.		pending	
dialogue:A2S3_NEON_SUBWAY.TXT:42:fixme_a2s3_rayne05	dialogue	A2S3_NEON_SUBWAY.TXT	42	fixme_a2s3_rayne05	Rayne: With pleasure.	Rayne: With pleasure.		pending	
dialogue:A2S3_NEON_SUBWAY.TXT:43:fixme_a2s3_rayne06	dialogue	A2S3_NEON_SUBWAY.TXT	43	fixme_a2s3_rayne06	Rayne: The only thing you're going to taste is the butt of my gun when I shove it down your throat.	Rayne: The only thing you're going to taste is the butt of my gun when I shove it down your throat.		pending	
dialogue:A2S3_NEON_SUBWAY.TXT:44:fixme_a2s3_rayne07	dialogue	A2S3_NEON_SUBWAY.TXT	44	fixme_a2s3_rayne07	Rayne: It's OK. Calm down. Tell me where they are taking eveyone.	Rayne: It's OK. Calm down. Tell me where they are taking eveyone.		pending	
dialogue:A2S3_NEON_SUBWAY.TXT:45:fixme_a2s3_rayne08	dialogue	A2S3_NEON_SUBWAY.TXT	45	fixme_a2s3_rayne08	Rayne: Now let's see what's at the end of that old tunnel.	Rayne: Now let's see what's at the end of that old tunnel.		pending	
dialogue:A2S3_NEON_SUBWAY.TXT:46:fixme_a2s3_rayne09	dialogue	A2S3_NEON_SUBWAY.TXT	46	fixme_a2s3_rayne09	Rayne: Pretty sick church you've got here boys.	Rayne: Pretty sick church you've got here boys.		pending	
dialogue:A2S3_NEON_SUBWAY.TXT:47:fixme_a2s3_rayne10	dialogue	A2S3_NEON_SUBWAY.TXT	47	fixme_a2s3_rayne10	Rayne: That wasn't actually me doing the screaming, but I get your point.	Rayne: That wasn't actually me doing the screaming, but I get your point.		pending	
dialogue:A2S3_NEON_SUBWAY.TXT:48:fixme_a2s3_rayne11	dialogue	A2S3_NEON_SUBWAY.TXT	48	fixme_a2s3_rayne11	Rayne: Where are you taking these people? Why are you doing this? Who is Ferril?	Rayne: Where are you taking these people? Why are you doing this? Who is Ferril?		pending	
dialogue:A2S3_NEON_SUBWAY.TXT:49:fixme_a2s3_rayne12	dialogue	A2S3_NEON_SUBWAY.TXT	49	fixme_a2s3_rayne12	Rayne: You idiots are going to lead me right to Ferril.	Rayne: You idiots are going to lead me right to Ferril.		pending	
dialogue:A2S3_NEON_SUBWAY.TXT:50:fixme_a2s3_rayne13	dialogue	A2S3_NEON_SUBWAY.TXT	50	fixme_a2s3_rayne13	Rayne: Why don't you pick on someone your own size, butch?	Rayne: Why don't you pick on someone your own size, butch?		pending	
dialogue:A2S3_NEON_SUBWAY.TXT:51:fixme_a2s3_rayne14	dialogue	A2S3_NEON_SUBWAY.TXT	51	fixme_a2s3_rayne14	Rayne: What the hell was that?	Rayne: What the hell was that?		pending	
dialogue:A2S3_NEON_SUBWAY.TXT:52:fixme_a2s3_rayne15	dialogue	A2S3_NEON_SUBWAY.TXT	52	fixme_a2s3_rayne15	Rayne:	Rayne:		pending	
dialogue:A2S3_NEON_SUBWAY.TXT:53:fixme_a2s3_severin01	dialogue	A2S3_NEON_SUBWAY.TXT	53	fixme_a2s3_severin01	Severin: You're getting close, Rayne. Get down there and find out where they are taking all the humans.	Severin: You're getting close, Rayne. Get down there and find out where they are taking all the humans.		pending	
dialogue:A2S3_NEON_SUBWAY.TXT:54:fixme_a2s3_severin02	dialogue	A2S3_NEON_SUBWAY.TXT	54	fixme_a2s3_severin02	Severin: Keep sharp. Brimstone only has limited information on the creatures you might run into.	Severin: Keep sharp. Brimstone only has limited information on the creatures you might run into.		pending	
dialogue:A2S3_NEON_SUBWAY.TXT:55:fixme_a2s3_severin03	dialogue	A2S3_NEON_SUBWAY.TXT	55	fixme_a2s3_severin03	Severin: Just find out what you can. Severin out.	Severin: Just find out what you can. Severin out.		pending	
dialogue:A2S3_NEON_SUBWAY.TXT:56:fixme_a2s3_severin03a	dialogue	A2S3_NEON_SUBWAY.TXT	56	fixme_a2s3_severin03a	Severin: Good. You'll probably run into some more of your old vampire friends. Stay sharp.	Severin: Good. You'll probably run into some more of your old vampire friends. Stay sharp.		pending	
dialogue:A2S3_NEON_SUBWAY.TXT:57:fixme_a2s3_severin04	dialogue	A2S3_NEON_SUBWAY.TXT	57	fixme_a2s3_severin04	Severin: There must be something at the end of that old tunnel. You'll need to find the vampires sheilding the switch.	Severin: There must be something at the end of that old tunnel. You'll need to find the vampires sheilding the switch.		pending	
dialogue:A2S3_NEON_SUBWAY.TXT:58:fixme_a2s3_severin05	dialogue	A2S3_NEON_SUBWAY.TXT	58	fixme_a2s3_severin05	Severin: XXX	Severin: XXX		pending	
dialogue:A2S3_NEON_SUBWAY.TXT:59:fixme_a2s3_severin06	dialogue	A2S3_NEON_SUBWAY.TXT	59	fixme_a2s3_severin06	Severin: XXX	Severin: XXX		pending	
dialogue:A2S3_NEON_SUBWAY.TXT:60:fixme_a2s3_severin07	dialogue	A2S3_NEON_SUBWAY.TXT	60	fixme_a2s3_severin07	Severin: XXX	Severin: XXX		pending	
dialogue:A2S3_NEON_SUBWAY.TXT:61:fixme_a2s3_severin08	dialogue	A2S3_NEON_SUBWAY.TXT	61	fixme_a2s3_severin08	Severin: XXX	Severin: XXX		pending	
dialogue:A2S3_NEON_SUBWAY.TXT:62:fixme_a2s3_severin09	dialogue	A2S3_NEON_SUBWAY.TXT	62	fixme_a2s3_severin09	Severin: XXX	Severin: XXX		pending	
dialogue:A2S3_NEON_SUBWAY.TXT:63:fixme_a2s3_severin10	dialogue	A2S3_NEON_SUBWAY.TXT	63	fixme_a2s3_severin10	Severin: XXX	Severin: XXX		pending	
dialogue:A2S3_NEON_SUBWAY.TXT:64:fixme_a2s3_severin11	dialogue	A2S3_NEON_SUBWAY.TXT	64	fixme_a2s3_severin11	Severin: XXX	Severin: XXX		pending	
dialogue:A2S3_NEON_SUBWAY.TXT:65:missiondescription	dialogue	A2S3_NEON_SUBWAY.TXT	65	missiondescription	Neon City Subway	Neon City Subway		pending	
dialogue:A2S3_NEON_SUBWAY.TXT:66:objectivehumans	dialogue	A2S3_NEON_SUBWAY.TXT	66	objectivehumans	Find out where the humans are being taken.	Find out where the humans are being taken.		pending	
dialogue:A2S3_NEON_SUBWAY.TXT:67:ost_boss_info	dialogue	A2S3_NEON_SUBWAY.TXT	67	ost_boss_info	Placeholder: Brute and Kestrel Arena.	Placeholder: Brute and Kestrel Arena.		pending	
dialogue:A2S3_NEON_SUBWAY.TXT:68:ost_dhampir_killed	dialogue	A2S3_NEON_SUBWAY.TXT	68	ost_dhampir_killed	You have spilled the blood of the Kestrel.	You have spilled the blood of the Kestrel.		pending	
dialogue:A2S3_NEON_SUBWAY.TXT:69:ost_door_ward	dialogue	A2S3_NEON_SUBWAY.TXT	69	ost_door_ward	A Dhampir ward is blocking the exit	A Dhampir ward is blocking the exit		pending	
dialogue:A2S3_NEON_SUBWAY.TXT:70:ost_explosives_need	dialogue	A2S3_NEON_SUBWAY.TXT	70	ost_explosives_need	You need to find explosives to proceed	You need to find explosives to proceed		pending	
dialogue:A2S3_NEON_SUBWAY.TXT:71:ost_explosives_obtained	dialogue	A2S3_NEON_SUBWAY.TXT	71	ost_explosives_obtained	You picked up some explosives	You picked up some explosives		pending	
dialogue:A2S3_NEON_SUBWAY.TXT:72:ost_explosives_used	dialogue	A2S3_NEON_SUBWAY.TXT	72	ost_explosives_used	You have placed the explosives	You have placed the explosives		pending	
dialogue:A2S3_NEON_SUBWAY.TXT:73:ost_goodie_obtained	dialogue	A2S3_NEON_SUBWAY.TXT	73	ost_goodie_obtained	You have picked up a goodie	You have picked up a goodie		pending	
dialogue:A2S3_NEON_SUBWAY.TXT:74:ost_plat2_sequence_civilian	dialogue	A2S3_NEON_SUBWAY.TXT	74	ost_plat2_sequence_civilian	Placeholder: Scripted sequence of human being carried away by kestrel from behind gate.	Placeholder: Scripted sequence of human being carried away by kestrel from behind gate.		pending	
dialogue:A2S3_NEON_SUBWAY.TXT:75:ost_plat2_sequence_gate	dialogue	A2S3_NEON_SUBWAY.TXT	75	ost_plat2_sequence_gate	Placeholder: Scripted sequence of screaming human on ground getting dragged away by brute behind gate.	Placeholder: Scripted sequence of screaming human on ground getting dragged away by brute behind gate.		pending	
dialogue:A2S3_NEON_SUBWAY.TXT:76:ost_vamprm	dialogue	A2S3_NEON_SUBWAY.TXT	76	ost_vamprm	You have found a secret Vampire Room	You have found a secret Vampire Room		pending	
dialogue:A2S5_NEON_DEMOSITE.TXT:1:fixme_a2s1_dhamp1.wav	dialogue	A2S5_NEON_DEMOSITE.TXT	1	fixme_a2s1_dhamp1.wav	Dhampir: Smug Insulting Challenge	Dhampir: Smug Insulting Challenge		pending	
dialogue:A2S5_NEON_DEMOSITE.TXT:2:fixme_a2s1_dhamp2.wav	dialogue	A2S5_NEON_DEMOSITE.TXT	2	fixme_a2s1_dhamp2.wav	Dhampir: semi-funny insult	Dhampir: semi-funny insult		pending	
dialogue:A2S5_NEON_DEMOSITE.TXT:3:fixme_a2s1_rayne1.wav	dialogue	A2S5_NEON_DEMOSITE.TXT	3	fixme_a2s1_rayne1.wav	Rayne: Snappy Comeback	Rayne: Snappy Comeback		pending	
dialogue:A2S5_NEON_DEMOSITE.TXT:4:fixme_a2s1_rayne2.wav	dialogue	A2S5_NEON_DEMOSITE.TXT	4	fixme_a2s1_rayne2.wav	Rayne: witty retort	Rayne: witty retort		pending	
dialogue:A2S5_NEON_DEMOSITE.TXT:5:missiondescription	dialogue	A2S5_NEON_DEMOSITE.TXT	5	missiondescription	Neon City Demolition Site	Neon City Demolition Site		pending	
dialogue:A2S5_NEON_DEMOSITE.TXT:6:objectivedhampir	dialogue	A2S5_NEON_DEMOSITE.TXT	6	objectivedhampir	Find and defeat the Dhampir	Find and defeat the Dhampir		pending	
dialogue:A2S5_NEON_DEMOSITE.TXT:7:objectivefindturnkey	dialogue	A2S5_NEON_DEMOSITE.TXT	7	objectivefindturnkey	Search an officer to find a basement turnkey.	Search an officer to find a basement turnkey.		pending	
dialogue:A2S5_NEON_DEMOSITE.TXT:8:objectivesearch	dialogue	A2S5_NEON_DEMOSITE.TXT	8	objectivesearch	Seek out targets in other areas.	Seek out targets in other areas.		pending	
dialogue:A2S5_NEON_DEMOSITE.TXT:9:objectivetosciencelab	dialogue	A2S5_NEON_DEMOSITE.TXT	9	objectivetosciencelab	Go to the Science Lab through the Basement.	Go to the Science Lab through the Basement.		pending	
dialogue:A2S5_NEON_DEMOSITE.TXT:10:ost_dhampir_killed	dialogue	A2S5_NEON_DEMOSITE.TXT	10	ost_dhampir_killed	You have killed the Dhampir	You have killed the Dhampir		pending	
dialogue:A2S5_NEON_DEMOSITE.TXT:11:ost_door_ward	dialogue	A2S5_NEON_DEMOSITE.TXT	11	ost_door_ward	A Dhampir ward is blocking the exit	A Dhampir ward is blocking the exit		pending	
dialogue:A2S5_NEON_DEMOSITE.TXT:12:ost_explosives_need	dialogue	A2S5_NEON_DEMOSITE.TXT	12	ost_explosives_need	You need to find explosives to proceed	You need to find explosives to proceed		pending	
dialogue:A2S5_NEON_DEMOSITE.TXT:13:ost_explosives_obtained	dialogue	A2S5_NEON_DEMOSITE.TXT	13	ost_explosives_obtained	You picked up some explosives	You picked up some explosives		pending	
dialogue:A2S5_NEON_DEMOSITE.TXT:14:ost_explosives_used	dialogue	A2S5_NEON_DEMOSITE.TXT	14	ost_explosives_used	You have placed the explosives	You have placed the explosives		pending	
dialogue:A2S5_NEON_DEMOSITE.TXT:15:ost_vamprm	dialogue	A2S5_NEON_DEMOSITE.TXT	15	ost_vamprm	You have found a secret Vampire Room	You have found a secret Vampire Room		pending	
dialogue:A2_MEATPACKING_1.TXT:1:a2_minion1_1.wav	dialogue	A2_MEATPACKING_1.TXT	1	a2_minion1_1.wav	Minion: Well, what do we got here? We almost missed this sweet thing.	MINION: Well, what do we got here? We almost missed this sweet thing.		pending	
dialogue:A2_MEATPACKING_1.TXT:2:a2_minion2_1.wav	dialogue	A2_MEATPACKING_1.TXT	2	a2_minion2_1.wav	Aw, didn't they tell you? District's closed, honey. Adult swim. Everybody outta the pool...	СЛУГА: А тебе не сказали, малышка, что мы закрылись на взрослую вечеринку!? Детишки - по домам!		pending	
dialogue:A2_MEATPACKING_1.TXT:3:a2_rayne_10.wav	dialogue	A2_MEATPACKING_1.TXT	3	a2_rayne_10.wav	Rayne: Hmm...no windows. But that big fan is set into an exterior wall.	РЕЙН: Так... Окон нет, зато вентилятор встроен во внешнюю стену.		pending	
dialogue:A2_MEATPACKING_1.TXT:4:a2_rayne_6.wav	dialogue	A2_MEATPACKING_1.TXT	4	a2_rayne_6.wav	Rayne: Dammit, Severin, I'm trapped in this dive. What the hell is going on out there?	РЕЙН: Черт! Северин, я застряла в этой дыре. А что снаружи?		pending	
dialogue:A2_MEATPACKING_1.TXT:5:a2_rayne_7.wav	dialogue	A2_MEATPACKING_1.TXT	5	a2_rayne_7.wav	Rayne: You boys should have let me finish my drink.	РЕЙН: Не надо было мешать мне выпить, ребята.		pending	
dialogue:A2_MEATPACKING_1.TXT:6:a2_rayne_9.wav	dialogue	A2_MEATPACKING_1.TXT	6	a2_rayne_9.wav	Rayne: Jesus. Trapped in a burning honkey-tonk. And the jukebox is downstairs. Somebody's gonna suffer for this.	РЕЙН: Боже! Заперта в горящем дешевом кабаке! И музыкальный аппарат внизу... Кто-то за это заплатит!		pending	
dialogue:A2_MEATPACKING_1.TXT:7:a2_severin_7.wav	dialogue	A2_MEATPACKING_1.TXT	7	a2_severin_7.wav	Severin: these thugs are coming out of the woodwork. Rayne, you're going to have to find another way out. And be careful...you may have company.	СЕВЕРИН: Эти уроды лезут из всех щелей. Рейн, тебе придется найти какой-то путь наружу. И осторожно... ты там не одна.		pending	
dialogue:A2_MEATPACKING_1.TXT:8:a2s1_rayne_10.wav	dialogue	A2_MEATPACKING_1.TXT	8	a2s1_rayne_10.wav	Rayne: Ah, hell no way I can get through that water. Guess I gotta go up...	РЕЙН: Дьявол, через эту воду мне не пробраться. Наверное, надо идти поверху...		pending	
dialogue:A2_MEATPACKING_1.TXT:9:a2s1_rayne_15.wav	dialogue	A2_MEATPACKING_1.TXT	9	a2s1_rayne_15.wav	Rayne: Wow. Still running, huh?	РЕЙН: О-о! Еще крутимся, да?		pending	
dialogue:A2_MEATPACKING_1.TXT:10:a2s1_rayne_19.wav	dialogue	A2_MEATPACKING_1.TXT	10	a2s1_rayne_19.wav	Rayne: And there ya go! That was one hell of a well-built fan!	РЕЙН: Ну наконец то! Это был чертовски прочный вентилятор!		pending	
dialogue:A2_MEATPACKING_1.TXT:11:missiondescription	dialogue	A2_MEATPACKING_1.TXT	11	missiondescription	The Meatpacking District: O'Leary's Cow	"Мясной завод - ""Корова О'Лири"""		pending	
dialogue:A2_MEATPACKING_1.TXT:12:objectivebarexit	dialogue	A2_MEATPACKING_1.TXT	12	objectivebarexit	Objective: Find an exit from the bar.	Найти способ выбраться из бара		pending	
dialogue:A2_MEATPACKING_1.TXT:14:ost_water_damage	dialogue	A2_MEATPACKING_1.TXT	14	ost_water_damage	Water will hurt (and eventually kill) Rayne.	Вода вредна для Рейн		pending	
dialogue:A2_MEATPACKING_2.TXT:1:a2_minion1_15.wav	dialogue	A2_MEATPACKING_2.TXT	1	a2_minion1_15.wav	Minion: C'mon! We're supposed to be on the lookout for that redhead bitch. Quit messing around. You keep pulling that lever you're gonna break it. Look, it's already smoking...	MINION: C'mon! We're supposed to be on the lookout for that redhead bitch. Quit messing around. You keep pulling that lever you're gonna break it. Look, it's already smoking...		pending	
dialogue:A2_MEATPACKING_2.TXT:2:a2_minion1_19.wav	dialogue	A2_MEATPACKING_2.TXT	2	a2_minion1_19.wav	Minion: Jesus Christ! Let's go! enough of this! We gotta get cross town!	СЛУГА: Боже мой! Нам пора! Пошли, хватит! Нам еще через весь город!		pending	
dialogue:A2_MEATPACKING_2.TXT:3:a2_minion2_4.wav	dialogue	A2_MEATPACKING_2.TXT	3	a2_minion2_4.wav	Minion: What the hell, just take her down!	СЛУГА: Что за... Просто убейте ее!		pending	
dialogue:A2_MEATPACKING_2.TXT:4:a2_rayne_11.wav	dialogue	A2_MEATPACKING_2.TXT	4	a2_rayne_11.wav	Rayne: Yeah, well I try.	РЕЙН: Ну да, я стараюсь.		pending	
dialogue:A2_MEATPACKING_2.TXT:5:a2_rayne_12.wav	dialogue	A2_MEATPACKING_2.TXT	5	a2_rayne_12.wav	Rayne: Sounds delicious...	РЕЙН: Звучит аппетитно...		pending	
dialogue:A2_MEATPACKING_2.TXT:6:a2_rayne_14.wav	dialogue	A2_MEATPACKING_2.TXT	6	a2_rayne_14.wav	Rayne: Looks like an entrance to Ray Ray's Meats. There's a truckload of idiots screwing around with an old garbage truck crusher. It looks like it's blocking the entrance.	"РЕЙН: Похоже, это вход в ""Мясопродукты Рэй Рэя"". Здесь толпа идиотов ковыряется со старым мусоровозом, который заблокировал вход."		pending	
dialogue:A2_MEATPACKING_2.TXT:7:a2_rayne_19.wav	dialogue	A2_MEATPACKING_2.TXT	7	a2_rayne_19.wav	Rayne: Still hiding behind your chumps?	РЕЙН: Прячешься за своими болванами?		pending	
dialogue:A2_MEATPACKING_2.TXT:8:a2_rayne_20.wav	dialogue	A2_MEATPACKING_2.TXT	8	a2_rayne_20.wav	Rayne: Get back here you coward! I'm not finished with you yet!	РЕЙН: Вернись, трусливая тварь! Я еще не закончила!		pending	
dialogue:A2_MEATPACKING_2.TXT:9:a2_rayne_22.wav	dialogue	A2_MEATPACKING_2.TXT	9	a2_rayne_22.wav	Rayne: They're on my turf and I'm not liking it.	РЕЙН: Они мозолят мне глаза. Меня это раздражает.		pending	
dialogue:A2_MEATPACKING_2.TXT:10:a2_rayne_24.wav	dialogue	A2_MEATPACKING_2.TXT	10	a2_rayne_24.wav	Rayne: You again...	РЕЙН: Это опять ты...		pending	
dialogue:A2_MEATPACKING_2.TXT:11:a2_severin_10.wav	dialogue	A2_MEATPACKING_2.TXT	11	a2_severin_10.wav	Severin: Just get over there and see what you can find out.	СЕВЕРИН: Доберись туда и разведай обстановку.		pending	
dialogue:A2_MEATPACKING_2.TXT:12:a2_severin_11.wav	dialogue	A2_MEATPACKING_2.TXT	12	a2_severin_11.wav	Severin: Well you're going to have to find a way past it.	СЕВЕРИН: Тебе придется решить эту проблему.		pending	
dialogue:A2_MEATPACKING_2.TXT:13:a2_severin_12.wav	dialogue	A2_MEATPACKING_2.TXT	13	a2_severin_12.wav	Severin: That's it. You can get to the main loading docks through the hallway. Watch your step.	СЕВЕРИН: Вот так. В погрузочный док можно пройти через этот коридор. Будь осторожна.		pending	
dialogue:A2_MEATPACKING_2.TXT:14:a2_severin_15.wav	dialogue	A2_MEATPACKING_2.TXT	14	a2_severin_15.wav	Severin: Rayne, it's not woth it....	СЕВЕРИН: Рейн, это того не стоит...		pending	
dialogue:A2_MEATPACKING_2.TXT:15:a2_severin_17.wav	dialogue	A2_MEATPACKING_2.TXT	15	a2_severin_17.wav	Severin: Keep following the rooftops and you should find an area with street access. Get down there before they disappear.	СЕВЕРИН: Иди по крышам, пока не найдешь спуск на улицу. Найди их, пока они не скрылись.		pending	
dialogue:A2_MEATPACKING_2.TXT:16:a2_severin_18.wav	dialogue	A2_MEATPACKING_2.TXT	16	a2_severin_18.wav	Severin: OK, Rayne. They're headed down the street to the crosstown tunnel.	СЕВЕРИН: Так, Рейн. Они идут по улице к туннелю.		pending	
dialogue:A2_MEATPACKING_2.TXT:17:a2_severin_8.wav	dialogue	A2_MEATPACKING_2.TXT	17	a2_severin_8.wav	Severin: Very creative, Rayne.	СЕВЕРИН: Творческий подход, Рейн.		pending	
dialogue:A2_MEATPACKING_2.TXT:18:a2_severin_9.wav	dialogue	A2_MEATPACKING_2.TXT	18	a2_severin_9.wav	Severin: We're picking up heavy activity at an old meatpacking plant called Ray Ray's Meats...	"СЕВЕРИН: Наблюдается активность в районе старого мясокомбината ""Мясопродукты Рэй Рэя""..."		pending	
dialogue:A2_MEATPACKING_2.TXT:19:a2s1_fminion1_10.wav	dialogue	A2_MEATPACKING_2.TXT	19	a2s1_fminion1_10.wav	Minion: Man, this place is a hellhole.	MINION: Man, this place is a hellhole.		pending	
dialogue:A2_MEATPACKING_2.TXT:20:a2s1_fminion1_11.wav	dialogue	A2_MEATPACKING_2.TXT	20	a2s1_fminion1_11.wav	Minion: Good God, what's that stench?	MINION: Good God, what's that stench?		pending	
dialogue:A2_MEATPACKING_2.TXT:21:a2s1_fminion1_12.wav	dialogue	A2_MEATPACKING_2.TXT	21	a2s1_fminion1_12.wav	Minion: Call the others back to Ray Ray's and we'll move these sorry bloodsacks out.	MINION: Call the others back to Ray Ray's and we'll move these sorry bloodsacks out.		pending	
dialogue:A2_MEATPACKING_2.TXT:22:a2s1_fminion1_16.wav	dialogue	A2_MEATPACKING_2.TXT	22	a2s1_fminion1_16.wav	Ha-ha! You just crashed the wrong party, lady!	Ha-ha! You just crashed the wrong party, lady!		pending	
dialogue:A2_MEATPACKING_2.TXT:23:a2s1_fminion1_17.wav	dialogue	A2_MEATPACKING_2.TXT	23	a2s1_fminion1_17.wav	Get her!	Get her!		pending	
dialogue:A2_MEATPACKING_2.TXT:24:a2s1_fminion1_18.wav	dialogue	A2_MEATPACKING_2.TXT	24	a2s1_fminion1_18.wav	Keep her from the Kestrel!	MINION: Keep her from the Kestrel!		pending	
dialogue:A2_MEATPACKING_2.TXT:25:a2s1_fminion1_22.wav	dialogue	A2_MEATPACKING_2.TXT	25	a2s1_fminion1_22.wav	Minion: That's it... Let's go! Pack it up and roll out! We've got to get cross town!	MINION: That's it... Let's go! Pack it up and roll out! We've got to get cross town!		pending	
dialogue:A2_MEATPACKING_2.TXT:26:a2s1_fminion1_24.wav	dialogue	A2_MEATPACKING_2.TXT	26	a2s1_fminion1_24.wav	Minion: What do we have here? Halloween's over sweetie.	MINION: What do we have here? Halloween's over sweetie.		pending	
dialogue:A2_MEATPACKING_2.TXT:27:a2s1_fminion1_25.wav	dialogue	A2_MEATPACKING_2.TXT	27	a2s1_fminion1_25.wav	Minion: Damn, I'm in love.	MINION: Damn, I'm in love.		pending	
dialogue:A2_MEATPACKING_2.TXT:28:a2s1_fminion1_26.wav	dialogue	A2_MEATPACKING_2.TXT	28	a2s1_fminion1_26.wav	Minion: Sweet Jesus! What the hell is that?	MINION: Sweet Jesus! What the hell is that?		pending	
dialogue:A2_MEATPACKING_2.TXT:29:a2s1_fminion1_8.wav	dialogue	A2_MEATPACKING_2.TXT	29	a2s1_fminion1_8.wav	Minion: Here's another one! C'mon, slackers! Kestrels say we miss even one a these bloodsacks and it's our asses!	MINION: Here's another one! C'mon, slackers! Kestrels say we miss even one a these bloodsacks and it's our asses!		pending	
dialogue:A2_MEATPACKING_2.TXT:30:a2s1_fminion1_9.wav	dialogue	A2_MEATPACKING_2.TXT	30	a2s1_fminion1_9.wav	Minion: Hey! What happened to the other guys?	MINION: Hey! What happened to the other guys?		pending	
dialogue:A2_MEATPACKING_2.TXT:31:a2s1_fminion2_11.wav	dialogue	A2_MEATPACKING_2.TXT	31	a2s1_fminion2_11.wav	Damn! This is gonna be a waste!	Damn! This is gonna be a waste!		pending	
dialogue:A2_MEATPACKING_2.TXT:32:a2s1_fminion2_12.wav	dialogue	A2_MEATPACKING_2.TXT	32	a2s1_fminion2_12.wav	Minion: Move it out! Get to the Station!	MINION: Move it out! Get to the Station!		pending	
dialogue:A2_MEATPACKING_2.TXT:33:a2s1_fminion2_6.wav	dialogue	A2_MEATPACKING_2.TXT	33	a2s1_fminion2_6.wav	Minion: You ain't lyin', but junkies and street-whores don't stay in 5-star hotels. We ain't gotta do this anymore after tomorrow anyway, so just shut up and grab 'em.	MINION: You ain't lyin', but junkies and street-whores don't stay in 5-star hotels. We ain't gotta do this anymore after tomorrow anyway, so just shut up and grab 'em.		pending	
dialogue:A2_MEATPACKING_2.TXT:34:a2s1_fminion2_7.wav	dialogue	A2_MEATPACKING_2.TXT	34	a2s1_fminion2_7.wav	Minion: Ugh. Okay, we're done. Let's get back to the trucks. Ain't nothin' left here.	MINION: Ugh. Okay, we're done. Let's get back to the trucks. Ain't nothin' left here.		pending	
dialogue:A2_MEATPACKING_2.TXT:35:a2s1_kestrel1_1.wav	dialogue	A2_MEATPACKING_2.TXT	35	a2s1_kestrel1_1.wav	Kestrel: Tsk. Too bad, pretty. Woulda been a pretty mess you made...	КЕСТРЕЛ: Очень жаль, красотка. Ты могла бы наделать много бед...		pending	
dialogue:A2_MEATPACKING_2.TXT:36:a2s1_kestrel1_11.wav	dialogue	A2_MEATPACKING_2.TXT	36	a2s1_kestrel1_11.wav	Kestrel: Oops! That for me! Gotta go now, Pretty. But we deal with you later, okay?	КЕСТРЕЛ: Упс! Красотка, мне пора. С тобой разберемся потом, окей?		pending	
dialogue:A2_MEATPACKING_2.TXT:37:a2s1_kestrel1_12.wav	dialogue	A2_MEATPACKING_2.TXT	37	a2s1_kestrel1_12.wav	Kestrel: Hello, pretty! You still beating on my boys?	КЕСТРЕЛ: Привет, красотка! Все еще лупишь моих ребят?		pending	
dialogue:A2_MEATPACKING_2.TXT:38:a2s1_kestrel1_2.wav	dialogue	A2_MEATPACKING_2.TXT	38	a2s1_kestrel1_2.wav	Kestrel: Hah! You talk big. You wanna talk big to my boys? I'll just watch.	КЕСТРЕЛ: Ха! Круто говоришь. Хочешь так поговорить с моими мальчиками? Я посмотрю.		pending	
dialogue:A2_MEATPACKING_2.TXT:39:a2s1_kestrel1_6.wav	dialogue	A2_MEATPACKING_2.TXT	39	a2s1_kestrel1_6.wav	Kestrel: Want to, but too much else to do!	КЕСТРЕЛ: Я могла бы, но у меня столько дел!		pending	
dialogue:A2_MEATPACKING_2.TXT:40:a2s1_kestrel1_7.wav	dialogue	A2_MEATPACKING_2.TXT	40	a2s1_kestrel1_7.wav	Kestrel: Yes. Good. You come get me.	KESTREL: Yes. Good. You come get me.		pending	
dialogue:A2_MEATPACKING_2.TXT:41:a2s1_kestrel1_8.wav	dialogue	A2_MEATPACKING_2.TXT	41	a2s1_kestrel1_8.wav	Kestrel: Watch the step! Hee hee! Tricky-tricky up here!	KESTREL: Watch the step! Hee hee! Tricky-tricky up here!		pending	
dialogue:A2_MEATPACKING_2.TXT:42:a2s1_kestrel1_9.wav	dialogue	A2_MEATPACKING_2.TXT	42	a2s1_kestrel1_9.wav	What can I say? They very loyal, my boys. And there so many of them.	KESTREL: What can I say? They very loyal, my boys. And there so many of them.		pending	
dialogue:A2_MEATPACKING_2.TXT:43:a2s1_rayne_22.wav	dialogue	A2_MEATPACKING_2.TXT	43	a2s1_rayne_22.wav	Rayne: Aw, why's it gotta be like that?	РЕЙН: Ах, ну почему всегда одно и тоже?		pending	
dialogue:A2_MEATPACKING_2.TXT:44:a2s1_rayne_23.wav	dialogue	A2_MEATPACKING_2.TXT	44	a2s1_rayne_23.wav	Rayne: They were beat. Knocked off early.	РЕЙН: Их перебили. Причем, давно.		pending	
dialogue:A2_MEATPACKING_2.TXT:45:a2s1_rayne_28.wav	dialogue	A2_MEATPACKING_2.TXT	45	a2s1_rayne_28.wav	Rayne: Well, that's a wash. Looks like I missed all the action.	РЕЙН: Какой облом. Похоже, я все пропустила.		pending	
dialogue:A2_MEATPACKING_2.TXT:46:a2s1_rayne_29.wav	dialogue	A2_MEATPACKING_2.TXT	46	a2s1_rayne_29.wav	Rayne: Yeah? Hold that thought. This mess is just getting started.	РЕЙН: Да? Не спеши, беды только начинаются.		pending	
dialogue:A2_MEATPACKING_2.TXT:47:a2s1_rayne_30.wav	dialogue	A2_MEATPACKING_2.TXT	47	a2s1_rayne_30.wav	Rayne: Hmmm... and it was a surprise party. You guys shouldn't have...	РЕЙН: Гмм... это была засада. Не стоило вам, ребята...		pending	
dialogue:A2_MEATPACKING_2.TXT:48:a2s1_rayne_32.wav	dialogue	A2_MEATPACKING_2.TXT	48	a2s1_rayne_32.wav	Rayne: What else you got? Why don't you come down here and try some yourself?	РЕЙН: И это все? Может, спустишься и попробуешь сама?		pending	
dialogue:A2_MEATPACKING_2.TXT:49:a2s1_rayne_33.wav	dialogue	A2_MEATPACKING_2.TXT	49	a2s1_rayne_33.wav	Rayne: Nothin' doing, Severin. I can take 'em all. I've never seen dhampir like this. I wanna add her to my collection.	РЕЙН: Пустяки, Северин. Я их сделаю. Таких дампиров я еще не видела. Хочу пополнить коллекцию.		pending	
dialogue:A2_MEATPACKING_2.TXT:50:a2s1_rayne_37.wav	dialogue	A2_MEATPACKING_2.TXT	50	a2s1_rayne_37.wav	Rayne: Urrgh! Almost had her!	РЕЙН: Ур-рх! Почти достала ее!		pending	
dialogue:A2_MEATPACKING_2.TXT:51:a2s1_rayne_38.wav	dialogue	A2_MEATPACKING_2.TXT	51	a2s1_rayne_38.wav	Rayne: Those Kestrels are the ones running the show.	РЕЙН: Здесь всем заправляют эти Кестрел.		pending	
dialogue:A2_MEATPACKING_2.TXT:52:a2s1_rayne_45.wav	dialogue	A2_MEATPACKING_2.TXT	52	a2s1_rayne_45.wav	Rayne: Severin. Okay, I get it. The bad guys are rounding up street people like sheep. Led by these Kestrel Dhampir. You got anything on file?	РЕЙН: Северин. Я поняла. Они сгоняют людей с улиц, как овец. Главные - дампиры Кестрел. Что у нас на них?		pending	
dialogue:A2_MEATPACKING_2.TXT:53:a2s1_rayne_46.wav	dialogue	A2_MEATPACKING_2.TXT	53	a2s1_rayne_46.wav	$,Rayne: Probably coulda guessed that one.	$,RAYNE: Probably coulda guessed that one.		pending	
dialogue:A2_MEATPACKING_2.TXT:54:a2s1_severin_17.wav	dialogue	A2_MEATPACKING_2.TXT	54	a2s1_severin_17.wav	Severin: No way. They couldn't have gotten out that fast. Rayne, I think you might ... .	СЕВЕРИН: Не надейся. Они не могли так быстро уйти. Рейн, я думаю, ты могла бы...		pending	
dialogue:A2_MEATPACKING_2.TXT:55:a2s1_severin_18.wav	dialogue	A2_MEATPACKING_2.TXT	55	a2s1_severin_18.wav	Severin: Rayne, don't go. You know a trap when you see one, right? Her men are hiding in the rooftops.	СЕВЕРИН: Рейн, не иди. Ты ведь видишь, что это ловушка? Ее люди прячутся на крыше.		pending	
dialogue:A2_MEATPACKING_2.TXT:56:a2s1_severin_19.wav	dialogue	A2_MEATPACKING_2.TXT	56	a2s1_severin_19.wav	Severin: You've done what you needed to do. Just find another way to the streets and let the dhampir go.	SEVERIN: You've done what you needed to do. Just find another way to the streets and let the dhampir go.		pending	
dialogue:A2_MEATPACKING_2.TXT:57:a2s1_severin_20.wav	dialogue	A2_MEATPACKING_2.TXT	57	a2s1_severin_20.wav	Severin: Let it go, Rayne.	СЕВЕРИН: Пора, Рейн.		pending	
dialogue:A2_MEATPACKING_2.TXT:58:a2s1_severin_21.wav	dialogue	A2_MEATPACKING_2.TXT	58	a2s1_severin_21.wav	Severin: Then you're bound to see them again. We've got a situation on the streets	СЕВЕРИН: Тогда ты еще встретишься с ними. У нас проблемы на улицах.		pending	
dialogue:A2_MEATPACKING_2.TXT:59:a2s1_severin_22.wav	dialogue	A2_MEATPACKING_2.TXT	59	a2s1_severin_22.wav	Severin: Police have arrived and they're getting massacred.	СЕВЕРИН: Прибыли полицейские и попали под ножи.		pending	
dialogue:A2_MEATPACKING_2.TXT:60:a2s1_severin_23.wav	dialogue	A2_MEATPACKING_2.TXT	60	a2s1_severin_23.wav	Severin: Goons are shutting down operations here and moving out.	СЕВЕРИН: Бандиты заканчивают дела здесь и уходят.		pending	
dialogue:A2_MEATPACKING_2.TXT:61:a2s1_severin_29.wav	dialogue	A2_MEATPACKING_2.TXT	61	a2s1_severin_29.wav	Severin: Yeah. Kestrel are an old-school strain from Eastern Asia. Looks like birds figure heavily into their ancestral line.	СЕВЕРИН: Та-ак. Кестрел - ветвь старой школы из Восточной Азии. Похоже в их линии много птиц.		pending	
dialogue:A2_MEATPACKING_2.TXT:62:a2s1_severin_30.wav	dialogue	A2_MEATPACKING_2.TXT	62	a2s1_severin_30.wav	Severin: Listen, I'm at the old Union Station up the road. It looks like they're corralling all of the civilians here.	СЕВЕРИН: Слушай, я на старом вокзале, чуть дальше. Они сгоняют людей сюда.		pending	
dialogue:A2_MEATPACKING_2.TXT:63:a2s1_severin_34.wav	dialogue	A2_MEATPACKING_2.TXT	63	a2s1_severin_34.wav	Severin: Careful in there, Rayne that old building is about to fall apart.	СЕВЕРИН: Осторожней, Рейн. Здание старое - вот-вот развалится.		pending	
dialogue:A2_MEATPACKING_2.TXT:64:missiondescription	dialogue	A2_MEATPACKING_2.TXT	64	missiondescription	The Meatpacking District: Alleys and Rooftops	Мясной завод - Переулки и крыши		pending	
dialogue:A2_MEATPACKING_2.TXT:65:objectivecrusher	dialogue	A2_MEATPACKING_2.TXT	65	objectivecrusher	Objective: Overload the garbage truck to proceed.	Перегрузить мусоровоз		pending	
dialogue:A2_MEATPACKING_2.TXT:66:objectivedhampy	dialogue	A2_MEATPACKING_2.TXT	66	objectivedhampy	Objective: Defeat the Dhampir.	Прикончить Кестрел		pending	
dialogue:A2_MEATPACKING_2.TXT:67:objectivedocks	dialogue	A2_MEATPACKING_2.TXT	67	objectivedocks	Objective: Get to Ray Ray's Meats loading docks.	"Пробраться на погрузочную площадку за ""Мясопродуктами Рей Рея"""		pending	
dialogue:A2_MEATPACKING_2.TXT:68:objectiverooftops	dialogue	A2_MEATPACKING_2.TXT	68	objectiverooftops	Objective: Track the Dhampir to the rooftops.	Проследовать по крышам вслед за Кестрел		pending	
dialogue:A2_MEATPACKING_2.TXT:69:objectivestreets	dialogue	A2_MEATPACKING_2.TXT	69	objectivestreets	Objective: Find a way down to street level.	Найти способ спуститься вниз		pending	
dialogue:A2_MEATPACKING_2.TXT:70:objectivetunnel	dialogue	A2_MEATPACKING_2.TXT	70	objectivetunnel	Objective: Track the minions to the crosstown tunnel.	Проследовать за слугами до канализационного коллектора		pending	
dialogue:A2_MEATPACKING_2.TXT:71:objectivewave	dialogue	A2_MEATPACKING_2.TXT	71	objectivewave	Objective: Defeat the Dhampir's minions.	Прикончить слуг Кестрел		pending	
dialogue:A2_MEATPACKING_2.TXT:72:ost_blocked	dialogue	A2_MEATPACKING_2.TXT	72	ost_blocked	You cannot go this way.	Сюда идти нельзя...		pending	
dialogue:A2_MEATPACKING_2.TXT:74:ost_tute_env1	dialogue	A2_MEATPACKING_2.TXT	74	ost_tute_env1	Destroy the wall supports to proceed.	Разрушь подпорки стены		pending	
dialogue:A2_MEATPACKING_2.TXT:75:ost_tute_env2	dialogue	A2_MEATPACKING_2.TXT	75	ost_tute_env2	Destroy the radio tower to proceed.	Уничтожь радио антенну		pending	
dialogue:A2_MEATPACKING_2.TXT:76:ost_tute_rail2	dialogue	A2_MEATPACKING_2.TXT	76	ost_tute_rail2	Hold @@bladeButtonName@@ to slash enemies.	@@bladeButtonName@@ Рубить врагов, съезжая по перилам		pending	
dialogue:A2_MEATPACKING_2.TXT:77:ost_tute_wall0	dialogue	A2_MEATPACKING_2.TXT	77	ost_tute_wall0	Approach the fence alcove to learn wall jumping.	Подойди под леса, чтобы научиться запрыгивать на стену		pending	
dialogue:A2_MEATPACKING_2.TXT:78:ost_tute_wall1	dialogue	A2_MEATPACKING_2.TXT	78	ost_tute_wall1	Wall Jump: @@jumpButtonName@@ towards fence.	@@jumpButtonName@@ Прыгнуть на леса и схватиться за них		pending	
dialogue:A2_MEATPACKING_2.TXT:79:ost_tute_wall2	dialogue	A2_MEATPACKING_2.TXT	79	ost_tute_wall2	Wall Jump: Press @@jumpButtonName@@ to wall jump.@@newline@@Release: Press down and @@jumpButtonName@@ to release.	@@jumpButtonName@@ Прыгнуть на противоположную сетку@@newline@@@@moveAxis@@ Затем @@jumpButtonName@@, чтобы спрыгнуть		pending	
dialogue:A2_MEATPACKING_2.TXT:80:upgrade_rapidshot	dialogue	A2_MEATPACKING_2.TXT	80	upgrade_rapidshot	@@weaponSelectUpButtonName@@ Blood Stream gun mode acquired	"@@weaponSelectUpButtonName@@ Получен режим оружия ""Поток крови"""		pending	
dialogue:A2_SERVICE_TUNNELS.TXT:1:ost_fixme_cantopenthatyet	dialogue	A2_SERVICE_TUNNELS.TXT	1	ost_fixme_cantopenthatyet	you cannot open that yet...	Сейчас открыть невозможно...		pending	
dialogue:A2_SERVICE_TUNNELS.TXT:2:ost_fixme_diebitch	dialogue	A2_SERVICE_TUNNELS.TXT	2	ost_fixme_diebitch	I hope you're ready to die bitch	I hope you're ready to die, bitch!		pending	
dialogue:A2_SEWER_1.TXT:1:a2s1_rayne_31.wav	dialogue	A2_SEWER_1.TXT	1	a2s1_rayne_31.wav	Rayne: Well, this is starting to get interesting...	RAYNE: Well, this is starting to get interesting...		pending	
dialogue:A2_SEWER_1.TXT:2:a2s3_ffminion110.wav	dialogue	A2_SEWER_1.TXT	2	a2s3_ffminion110.wav	Minion: Set the detonators and we'll haul ass.	СЛУГА: Ставь детонаторы и рвем когти.		pending	
dialogue:A2_SEWER_1.TXT:3:a2s3_ffminion111.wav	dialogue	A2_SEWER_1.TXT	3	a2s3_ffminion111.wav	Minion: What? Yeah, that's right. Oh Christ! Get back! you triggered the...	СЛУГА: Что? Точно. Боже! Назад! Ты включил взр...		pending	
dialogue:A2_SEWER_1.TXT:4:a2s3_ffminion113.wav	dialogue	A2_SEWER_1.TXT	4	a2s3_ffminion113.wav	One main pump is down. Get the charges ready...	One main pump is down. Get the charges ready...		pending	
dialogue:A2_SEWER_1.TXT:5:a2s3_ffminion114.wav	dialogue	A2_SEWER_1.TXT	5	a2s3_ffminion114.wav	Ah, hell--she's coming! Quick, blow the switch! Blow it now!	Черт побери. Кажется, у нас плохие новости...		pending	
dialogue:A2_SEWER_1.TXT:6:a2s3_ffminion115.wav	dialogue	A2_SEWER_1.TXT	6	a2s3_ffminion115.wav	Let's see you shut it down now, dhampir!	Посмотрим, как ты выключишь его теперь, дампир!		pending	
dialogue:A2_SEWER_1.TXT:7:a2s3_ffminion16.wav	dialogue	A2_SEWER_1.TXT	7	a2s3_ffminion16.wav	Sp_Waterfalls_M,Minion: *Sigh* Forget it. Just set the charges there and don't worry about the other catwalks.	СЛУГА: *Вздох* Забудь. Закладывай заряды здесь и не думай о других мостиках.		pending	
dialogue:A2_SEWER_1.TXT:8:a2s3_ffminion17.wav	dialogue	A2_SEWER_1.TXT	8	a2s3_ffminion17.wav	Minion: Safe? You jackass... you trying to blow us both up along with the catwalks?	СЛУГА: Случай? Идиот, ты подорвешь все мостики и нас с ними!		pending	
dialogue:A2_SEWER_1.TXT:9:a2s3_ffminion18.wav	dialogue	A2_SEWER_1.TXT	9	a2s3_ffminion18.wav	Minion: All the better that we get the hell outta here now, then.	СЛУГА: Тогда тем более стоит смываться отсюда.		pending	
dialogue:A2_SEWER_1.TXT:10:a2s3_ffminion19.wav	dialogue	A2_SEWER_1.TXT	10	a2s3_ffminion19.wav	Minion: Look, we collapse enough of these tunnels and no one can follow us down.	СЛУГА: Завалим побольше туннелей - никто за нами не пройдет.		pending	
dialogue:A2_SEWER_1.TXT:11:a2s3_ffminion2_1.wav	dialogue	A2_SEWER_1.TXT	11	a2s3_ffminion2_1.wav	Minion: Blow it! Blow it now!	СЛУГА: Подрывай, быстрее, ну!		pending	
dialogue:A2_SEWER_1.TXT:12:a2s3_fminion1_1.wav	dialogue	A2_SEWER_1.TXT	12	a2s3_fminion1_1.wav	Minion: You hear something?	СЛУГА: Ты слышала?		pending	
dialogue:A2_SEWER_1.TXT:13:a2s3_fminion1_10.wav	dialogue	A2_SEWER_1.TXT	13	a2s3_fminion1_10.wav	Minion: No way. Wow.	MINION: No way. Wow.		pending	
dialogue:A2_SEWER_1.TXT:14:a2s3_fminion1_11.wav	dialogue	A2_SEWER_1.TXT	14	a2s3_fminion1_11.wav	Minion: Really? Why'd he take out Minions?	MINION: Really? Why'd he take out Minions?		pending	
dialogue:A2_SEWER_1.TXT:15:a2s3_fminion1_12.wav	dialogue	A2_SEWER_1.TXT	15	a2s3_fminion1_12.wav	Jesus, how did she get down here? Didn't you blow the tunnel?	Jesus, how did she get down here? Didn't you blow the tunnel?		pending	
dialogue:A2_SEWER_1.TXT:16:a2s3_fminion1_13.wav	dialogue	A2_SEWER_1.TXT	16	a2s3_fminion1_13.wav	Get going. Tell the Kestrels we've got a live one back here. We'll raise the water and take care of her.	Быстрее. Скажите Кестрелам, что у нас здесь живая. Мы поднимем воду и уничтожим ее.		pending	
dialogue:A2_SEWER_1.TXT:17:a2s3_fminion1_14.wav	dialogue	A2_SEWER_1.TXT	17	a2s3_fminion1_14.wav	Just get your asses down there.	Тащите свои задницы на место.		pending	
dialogue:A2_SEWER_1.TXT:18:a2s3_fminion1_15.wav	dialogue	A2_SEWER_1.TXT	18	a2s3_fminion1_15.wav	Alright men... turn the pumps back on! Let it flow!	Ладно, парни... включайте насосы! Давайте воду!		pending	
dialogue:A2_SEWER_1.TXT:19:a2s3_fminion1_2.wav	dialogue	A2_SEWER_1.TXT	19	a2s3_fminion1_2.wav	"... And that's when we get ""the Dark Gift"""	"... И тогда мы получим ""Темный дар"""		pending	
dialogue:A2_SEWER_1.TXT:20:a2s3_fminion1_3.wav	dialogue	A2_SEWER_1.TXT	20	a2s3_fminion1_3.wav	I'm just saying, we bag that squad of rogue dhampir, and we get the goods.	Я же говорю, нам надо только сделать эту команду дампиров, и получим награду.		pending	
dialogue:A2_SEWER_1.TXT:21:a2s3_fminion1_4.wav	dialogue	A2_SEWER_1.TXT	21	a2s3_fminion1_4.wav	Shut up and keep your eyes peeled. We're all getting the dark gift after tomorrow.	"Заткнитесь и наблюдайте. Послезавтра мы все получим ""Темный дар""."		pending	
dialogue:A2_SEWER_1.TXT:22:a2s3_fminion1_5.wav	dialogue	A2_SEWER_1.TXT	22	a2s3_fminion1_5.wav	There she is! Open fire!	Вот она! Огонь!		pending	
dialogue:A2_SEWER_1.TXT:23:a2s3_fminion1_6.wav	dialogue	A2_SEWER_1.TXT	23	a2s3_fminion1_6.wav	You move down to the Principal Water Treatment plant. We'll hold her here.	Двигайтесь к водоочистному комплексу. Мы остановим ее там.		pending	
dialogue:A2_SEWER_1.TXT:24:a2s3_fminion1_7.wav	dialogue	A2_SEWER_1.TXT	24	a2s3_fminion1_7.wav	Ha ha! Follow us now, killer!	Попробуй теперь пройти, дрянь!		pending	
dialogue:A2_SEWER_1.TXT:25:a2s3_fminion1_8.wav	dialogue	A2_SEWER_1.TXT	25	a2s3_fminion1_8.wav	Minion: Hey, what do you know about those guys with the detonation packs?	MINION: Hey, what do you know about those guys with the detonation packs?		pending	
dialogue:A2_SEWER_1.TXT:26:a2s3_fminion1_9.wav	dialogue	A2_SEWER_1.TXT	26	a2s3_fminion1_9.wav	Minion: Man, no matter how dedicated you are, The Dark Gift ain't going to do you no good when you're scattered all over the sewers, is it?	MINION: Man, no matter how dedicated you are, The Dark Gift ain't going to do you no good when you're scattered all over the sewers, is it?		pending	
dialogue:A2_SEWER_1.TXT:27:a2s3_fminion2_1.wav	dialogue	A2_SEWER_1.TXT	27	a2s3_fminion2_1.wav	"What is it with you and the ""Dark Gift""? It doesn't work that way."	"Что ты плетешь про ""Темный дар""? Это все не так."		pending	
dialogue:A2_SEWER_1.TXT:28:a2s3_fminion2_10.wav	dialogue	A2_SEWER_1.TXT	28	a2s3_fminion2_10.wav	Minion: Are you sure that's enough C4? The renegade is supposed to jump like a kangaroo. Maybe a little more. Just to be safe.	СЛУГА: Уверена, что здесь хватит Си-4? Говорят, она прыгает, как кенгуру. Может, добавим? На всякий случай.		pending	
dialogue:A2_SEWER_1.TXT:29:a2s3_fminion2_11.wav	dialogue	A2_SEWER_1.TXT	29	a2s3_fminion2_11.wav	Minion: No... I just don't want to end up inside out like those poor bastards upstairs.	СЛУГА: Просто я не хочу оказаться выпотрошенным, как те бедолаги наверху.		pending	
dialogue:A2_SEWER_1.TXT:30:a2s3_fminion2_12.wav	dialogue	A2_SEWER_1.TXT	30	a2s3_fminion2_12.wav	Minion: She went through those guys like wet paper. And I knew some of those guys; they were serious hardasses.	СЛУГА: Она прошла сквозь них, как нож сквозь масло. А я знал некоторых - серьезные были пацаны.		pending	
dialogue:A2_SEWER_1.TXT:31:a2s3_fminion2_13.wav	dialogue	A2_SEWER_1.TXT	31	a2s3_fminion2_13.wav	Minion: Hey. Why's it flashing red? I thought red flash was a three second warning.	СЛУГА: Чего это мигает? Я думал, красная мигалка - трехсекундный сигнал.		pending	
dialogue:A2_SEWER_1.TXT:32:a2s3_fminion2_14.wav	dialogue	A2_SEWER_1.TXT	32	a2s3_fminion2_14.wav	Minion: The suicide squads? Those cats are committed. Zealots, you know?	MINION: The suicide squads? Those cats are committed. Zealots, you know?		pending	
dialogue:A2_SEWER_1.TXT:33:a2s3_fminion2_15.wav	dialogue	A2_SEWER_1.TXT	33	a2s3_fminion2_15.wav	Minion: Well,they believe that the mistress will put them back together again after they explode, and then turn them. Like it's the fast track to the Gift.	MINION: Well,they believe that the mistress will put them back together again after they explode, and then turn them. Like it's the fast track to the Gift.		pending	
dialogue:A2_SEWER_1.TXT:34:a2s3_fminion2_16.wav	dialogue	A2_SEWER_1.TXT	34	a2s3_fminion2_16.wav	Minion: And those charges pack a serious wallop, too. Had a buddy whose whole team got taken out by one--just one--of those Suicide bombers.	MINION: And those charges pack a serious wallop, too. Had a buddy whose whole team got taken out by one--just one--of those Suicide bombers.		pending	
dialogue:A2_SEWER_1.TXT:35:a2s3_fminion2_17.wav	dialogue	A2_SEWER_1.TXT	35	a2s3_fminion2_17.wav	Minion: Who knows? Accident, maybe? Those guys are seriously deranged.	MINION: Who knows? Accident, maybe? Those guys are seriously deranged.		pending	
dialogue:A2_SEWER_1.TXT:36:a2s3_fminion2_18.wav	dialogue	A2_SEWER_1.TXT	36	a2s3_fminion2_18.wav	Sure I did! Came down like a lead balloon!	Sure I did! Came down like a lead balloon!		pending	
dialogue:A2_SEWER_1.TXT:37:a2s3_fminion2_19.wav	dialogue	A2_SEWER_1.TXT	37	a2s3_fminion2_19.wav	Fine. But don't let the water go til we're through the tunnel. All the way through.	Отлично. Только не пускайте воду, пока мы не пройдем туннель. Весь туннель!		pending	
dialogue:A2_SEWER_1.TXT:38:a2s3_fminion2_2.wav	dialogue	A2_SEWER_1.TXT	38	a2s3_fminion2_2.wav	We're gonna get bit, swap some blood with the Mistress, and that's that. We live forever.	Нас укусят, потом мы обменяемся кровью с Хозяйкой. И после этого мы будем жить вечно.		pending	
dialogue:A2_SEWER_1.TXT:39:a2s3_fminion2_20.wav	dialogue	A2_SEWER_1.TXT	39	a2s3_fminion2_20.wav	Dammit. This looks like bad news...	Она идет! Взрывай выключатель!		pending	
dialogue:A2_SEWER_1.TXT:40:a2s3_fminion2_3.wav	dialogue	A2_SEWER_1.TXT	40	a2s3_fminion2_3.wav	Damn well better get the goods... after being stationed in this hellhole.	Награда - это хорошо... после того, как мы проторчали в этой дыре.		pending	
dialogue:A2_SEWER_1.TXT:41:a2s3_fminion2_4.wav	dialogue	A2_SEWER_1.TXT	41	a2s3_fminion2_4.wav	Slezz isn't turned vampire, you moron-she's full blood. And I heard she used to be hot some sort of vampire goddess.	Придурок, Слезз - не обращенная. Она - чистокровная. Я слышал, она даже была вроде вампирской богини.		pending	
dialogue:A2_SEWER_1.TXT:42:a2s3_fminion2_5.wav	dialogue	A2_SEWER_1.TXT	42	a2s3_fminion2_5.wav	She? That's no squad. There's only one of them?	Она? А где команда? Это только одна из них?		pending	
dialogue:A2_SEWER_1.TXT:43:a2s3_fminion3_1.wav	dialogue	A2_SEWER_1.TXT	43	a2s3_fminion3_1.wav	Hey, I don't know about you guys, but have you seen what happens to turned vampires? I don't think I want to end up like old Slezz.	Не знаю, ребята... Вы только что видели, что случилось с обращенными? Не хотелось бы стать чем-то вроде старухи Слезз.		pending	
dialogue:A2_SEWER_1.TXT:44:a2s3_fminion3_2.wav	dialogue	A2_SEWER_1.TXT	44	a2s3_fminion3_2.wav	She's horrible and mostly blind to boot. Man, I wouldn't wanna live forever like that.	Жутко выглядит и слепа, как крот. Не хотел бы я так жить вечно.		pending	
dialogue:A2_SEWER_1.TXT:45:a2s3_kestrel1_25.wav	dialogue	A2_SEWER_1.TXT	45	a2s3_kestrel1_25.wav	Kestrel: You meet these boys, Pretty? They the most loyal happy to give they all for the Mistress!	КЕСТРЕЛ: Уже встречалась с моими мальчиками, красотка? Преданные, готовы отдать хозяйке даже себя!		pending	
dialogue:A2_SEWER_1.TXT:46:a2s3_kestrel1_26.wav	dialogue	A2_SEWER_1.TXT	46	a2s3_kestrel1_26.wav	Kestrel: Once they give all, Mistress gonna put 'em back together better than ever. Right boys?	КЕСТРЕЛ: А потом хозяйка возродит их, еще лучше, чем были. Да, детки?		pending	
dialogue:A2_SEWER_1.TXT:47:a2s3_kestrel1_27.wav	dialogue	A2_SEWER_1.TXT	47	a2s3_kestrel1_27.wav	Kestrel: Oh, these boys don't talk, Pretty. No tongue. Cut out themself. These boys just do. Go, boys!	КЕСТРЕЛ: Они не говорят, красотка. Сами себе отрезали языки. Вот такие они. Вперед, мальчики!		pending	
dialogue:A2_SEWER_1.TXT:48:a2s3_kestrel1_28.wav	dialogue	A2_SEWER_1.TXT	48	a2s3_kestrel1_28.wav	Kestrel: My boys? Where they gone? Tsk tsk. Time to teach you respect, girl.	КЕСТРЕЛ: И где мои мальчики? Так-так. Пора поучить тебя манерам.		pending	
dialogue:A2_SEWER_1.TXT:49:a2s3_kestrel1_29.wav	dialogue	A2_SEWER_1.TXT	49	a2s3_kestrel1_29.wav	Kestrel: Oh, I'm gonna teach you this pretty can be cut off, too! You learn THAT fast, all right!	КЕСТРЕЛ: Я научу тебя, что и твою красоту можно изрезать! И это ты точно выучишь БЫСТРО!		pending	
dialogue:A2_SEWER_1.TXT:50:a2s3_rayne_1.wav	dialogue	A2_SEWER_1.TXT	50	a2s3_rayne_1.wav	Rayne: Damn, Severin. It's horrible down here.	РЕЙН: Черт, Северин. Здесь внизу отвратительно.		pending	
dialogue:A2_SEWER_1.TXT:51:a2s3_rayne_11.wav	dialogue	A2_SEWER_1.TXT	51	a2s3_rayne_11.wav	Rayne: Me either. They're covering their tracks with big automatics.	РЕЙН: Я тоже. Они стараются прикрыть свои следы.		pending	
dialogue:A2_SEWER_1.TXT:52:a2s3_rayne_14.wav	dialogue	A2_SEWER_1.TXT	52	a2s3_rayne_14.wav	Rayne: Ya think? Those gas tanks look like they could use some heavy artillery.	РЕЙН: Думаешь? Да эти баки такие толстые, что надо пушкой пробивать.		pending	
dialogue:A2_SEWER_1.TXT:53:a2s3_rayne_2.wav	dialogue	A2_SEWER_1.TXT	53	a2s3_rayne_2.wav	Rayne: Looks like they're smuggling their victims through here.	РЕЙН: Похоже, они гнали свои жертвы этим путем.		pending	
dialogue:A2_SEWER_1.TXT:54:a2s3_rayne_21.wav	dialogue	A2_SEWER_1.TXT	54	a2s3_rayne_21.wav	Rayne: Jeez, these guys are bomb-happy. They sealed off the tunnel.	РЕЙН: Эти ребята помешались на взрывчатке. Туннель завален.		pending	
dialogue:A2_SEWER_1.TXT:55:a2s3_rayne_22.wav	dialogue	A2_SEWER_1.TXT	55	a2s3_rayne_22.wav	Rayne: So what do I do now?	РЕЙН: И что теперь делать?		pending	
dialogue:A2_SEWER_1.TXT:56:a2s3_rayne_23.wav	dialogue	A2_SEWER_1.TXT	56	a2s3_rayne_23.wav	Rayne: I'm through!	РЕЙН: Я прошла.		pending	
dialogue:A2_SEWER_1.TXT:57:a2s3_rayne_24.wav	dialogue	A2_SEWER_1.TXT	57	a2s3_rayne_24.wav	Rayne: Here goes nothing.	РЕЙН: И ничегошеньки.		pending	
dialogue:A2_SEWER_1.TXT:58:a2s3_rayne_25.wav	dialogue	A2_SEWER_1.TXT	58	a2s3_rayne_25.wav	Rayne: Oh, this rocks!	РЕЙН: Неслабо!		pending	
dialogue:A2_SEWER_1.TXT:59:a2s3_rayne_26.wav	dialogue	A2_SEWER_1.TXT	59	a2s3_rayne_26.wav	Rayne: I'm at the bottom of a service tunnel.	РЕЙН: Я в конце служебного туннеля.		pending	
dialogue:A2_SEWER_1.TXT:60:a2s3_rayne_27.wav	dialogue	A2_SEWER_1.TXT	60	a2s3_rayne_27.wav	Rayne: Severin, closing on them, but the water's too high.	РЕЙН: Северин, я приближаюсь к ним, но воды слишком много.		pending	
dialogue:A2_SEWER_1.TXT:61:a2s3_rayne_28.wav	dialogue	A2_SEWER_1.TXT	61	a2s3_rayne_28.wav	Rayne: What are those... Det-packs? Oh my god-Suicide bombers!? How'd they trick you into that one, guys?	РЕЙН: Что это... взрывпакеты? Боже мой - камикадзе!? Чем же они вас соблазнили, ребята?		pending	
dialogue:A2_SEWER_1.TXT:62:a2s3_rayne_30.wav	dialogue	A2_SEWER_1.TXT	62	a2s3_rayne_30.wav	Rayne: Okay, Severin. There's the pump. What needs to happen to shut it down?	РЕЙН: Окей, Северин. Вот насос. Что сделать, чтобы его выключить?		pending	
dialogue:A2_SEWER_1.TXT:63:a2s3_rayne_31.wav	dialogue	A2_SEWER_1.TXT	63	a2s3_rayne_31.wav	Rayne: Yep. Got it.	РЕЙН: Вот. Нашла.		pending	
dialogue:A2_SEWER_1.TXT:64:a2s3_rayne_32.wav	dialogue	A2_SEWER_1.TXT	64	a2s3_rayne_32.wav	Rayne: Hmph. That wasn't so tough.	РЕЙН: Хмм. Это было просто.		pending	
dialogue:A2_SEWER_1.TXT:65:a2s3_rayne_33.wav	dialogue	A2_SEWER_1.TXT	65	a2s3_rayne_33.wav	Rayne: Fi-nally! Come on down and teach me some! I'm a fast learner.	РЕЙН: Ну, наконе-ец! Сделай одолжение, спускайся! Я быстро учусь!		pending	
dialogue:A2_SEWER_1.TXT:66:a2s3_rayne_34.wav	dialogue	A2_SEWER_1.TXT	66	a2s3_rayne_34.wav	Rayne: Guess those who can't do, teach. huh, Kestrel?	РЕЙН: Да, кто сам не умеет - идет в учителя. Так, Кестрел?		pending	
dialogue:A2_SEWER_1.TXT:67:a2s3_rayne_35.wav	dialogue	A2_SEWER_1.TXT	67	a2s3_rayne_35.wav	Rayne: Ah, nuts. Control panel's busted. Guess I'm gonna have to improvise... just need a few volunteers from the audience...	RAYNE: Ah, nuts. Control panel's busted. Guess I'm gonna have to improvise... just need a few volunteers from the audience...		pending	
dialogue:A2_SEWER_1.TXT:68:a2s3_rayne_37.wav	dialogue	A2_SEWER_1.TXT	68	a2s3_rayne_37.wav	Rayne: Meh. Switches and levers are so oldskool anyway.	РЕЙН: А, выключатели, рычаги... все это так старомодно.		pending	
dialogue:A2_SEWER_1.TXT:69:a2s3_rayne_5.wav	dialogue	A2_SEWER_1.TXT	69	a2s3_rayne_5.wav	Rayne: You heard that, huh? Beats me. Sounds big, though. And unhappy.	РЕЙН: Ты тоже слышал? Ума не приложу. Звучит, как что-то большое... и злое.		pending	
dialogue:A2_SEWER_1.TXT:70:a2s3_severin_1.wav	dialogue	A2_SEWER_1.TXT	70	a2s3_severin_1.wav	Severin: Yeah, well... it's a sewer.	СЕВЕРИН: Ну-у-у... Все же это канализация.		pending	
dialogue:A2_SEWER_1.TXT:71:a2s3_severin_10.wav	dialogue	A2_SEWER_1.TXT	71	a2s3_severin_10.wav	Severin: Hey, what the hell is that?	СЕВЕРИН: Черт, это еще что?		pending	
dialogue:A2_SEWER_1.TXT:72:a2s3_severin_18.wav	dialogue	A2_SEWER_1.TXT	72	a2s3_severin_18.wav	Severin: I didn't expect that kind of artillery down there.	СЕВЕРИН: Не ожидал там такой артиллерии.		pending	
dialogue:A2_SEWER_1.TXT:73:a2s3_severin_19.wav	dialogue	A2_SEWER_1.TXT	73	a2s3_severin_19.wav	Severin: You got some big guns? Can you use them to blast through?	СЕВЕРИН: У тебя есть что-нибудь крупнокалиберное? Можешь пробить себе путь?		pending	
dialogue:A2_SEWER_1.TXT:74:a2s3_severin_2.wav	dialogue	A2_SEWER_1.TXT	74	a2s3_severin_2.wav	Severin: Sort of a reverse underground railroad, then? Lets them move through the city while the sun's up.	СЕВЕРИН: Какая-то подземка, так? Позволяет им передвигаться по городу, пока светит солнце.		pending	
dialogue:A2_SEWER_1.TXT:75:a2s3_severin_23.wav	dialogue	A2_SEWER_1.TXT	75	a2s3_severin_23.wav	Severin: Let me see... yeah, looks like they cut off your only path down to the water treatment plant...	СЕВЕРИН: Ну-ка... Да, похоже, они отрезали тебе единственный путь к водоочистному комплексу...		pending	
dialogue:A2_SEWER_1.TXT:76:a2s3_severin_24.wav	dialogue	A2_SEWER_1.TXT	76	a2s3_severin_24.wav	Severin: What else? You're going to have to find another way down there.	СЕВЕРИН: Как что? Искать другой путь вниз.		pending	
dialogue:A2_SEWER_1.TXT:77:a2s3_severin_25.wav	dialogue	A2_SEWER_1.TXT	77	a2s3_severin_25.wav	Severin: Ok, I'm reading an access tunnel directly beneath you.	СЕВЕРИН: Приборы показывают вход в туннель прямо под тобой.		pending	
dialogue:A2_SEWER_1.TXT:78:a2s3_severin_26.wav	dialogue	A2_SEWER_1.TXT	78	a2s3_severin_26.wav	Severin: Use those big guns to blow open an entrance somehow.	СЕВЕРИН: Попробуй пробить вход с помощью больших пушек.		pending	
dialogue:A2_SEWER_1.TXT:79:a2s3_severin_29.wav	dialogue	A2_SEWER_1.TXT	79	a2s3_severin_29.wav	Severin: See a service tunnel running down there? That'll lead you directly to the water treatment plant.	СЕВЕРИН: Видишь служебный туннель, идущий вниз? По нему доберешься до водоочистных сооружений.		pending	
dialogue:A2_SEWER_1.TXT:80:a2s3_severin_30.wav	dialogue	A2_SEWER_1.TXT	80	a2s3_severin_30.wav	Severin: Okay. Looks like you're entering a section of the old water treatment plant. Stay sharp.	СЕВЕРИН: Так. Похоже, ты входишь в секцию старого комплекса. Будь внимательна.		pending	
dialogue:A2_SEWER_1.TXT:81:a2s3_severin_31.wav	dialogue	A2_SEWER_1.TXT	81	a2s3_severin_31.wav	Severin: You should be near the pump rooms. Find a way to lower the water in the main pool.	СЕВЕРИН: Рядом с тобой должна быть насосная. Попробуй снизить уровень воды.		pending	
dialogue:A2_SEWER_1.TXT:82:a2s3_severin_32.wav	dialogue	A2_SEWER_1.TXT	82	a2s3_severin_32.wav	Severin: You see a door anywhere nearby? It should lead straight to the West waterpump room. That pump's gonna need to be shut down.	СЕВЕРИН: Где-нибудь рядом видна дверь? Она должна вести прямо к западной насосной. Эти насосы необходимо отключить.		pending	
dialogue:A2_SEWER_1.TXT:83:a2s3_severin_33.wav	dialogue	A2_SEWER_1.TXT	83	a2s3_severin_33.wav	Severin: I don't know. I'm not there. Is there a lever or switch somewhere?	СЕВЕРИН: Не знаю. Я же его не вижу. Там есть рычаг или выключатель?		pending	
dialogue:A2_SEWER_1.TXT:84:a2s3_severin_34.wav	dialogue	A2_SEWER_1.TXT	84	a2s3_severin_34.wav	Severin: Great. That'll shut down Pump One. One more to go.	СЕВЕРИН: Отлично. Первый отключен, остался еще один.		pending	
dialogue:A2_SEWER_1.TXT:85:a2s3_severin_35.wav	dialogue	A2_SEWER_1.TXT	85	a2s3_severin_35.wav	Severin: Hey. Schoolgirl. The East Waterpump chamber is open. Maybe during recess you can go up there and shut down the pump?	СЕВЕРИН: Эй, школьница. Восточная насосная открыта. Может, по пути вниз зайдешь, и отключишь насосы?		pending	
dialogue:A2_SEWER_1.TXT:86:a2s3_severin_36.wav	dialogue	A2_SEWER_1.TXT	86	a2s3_severin_36.wav	Severin: Well, that's certainly one way of shutting down the pump...	СЕВЕРИН: Хороший способ выключить насос...		pending	
dialogue:A2_SEWER_1.TXT:87:a2s3_severin_37.wav	dialogue	A2_SEWER_1.TXT	87	a2s3_severin_37.wav	Severin: Alright, the water level is dropping. Low enough, anyway. The primary water treatment facility is just at the other side of the access tunnel..	СЕВЕРИН: Ладно. Уровень воды падает. И уже достаточно упал. Главный водоочистительный агрегат на другом конце служебного туннеля.		pending	
dialogue:A2_SEWER_1.TXT:89:a2s3_slezz5.wav	dialogue	A2_SEWER_1.TXT	89	a2s3_slezz5.wav	I smell new FLESH!!!	Я чую ПЛОТЬ!!!		pending	
dialogue:A2_SEWER_1.TXT:90:a5s3_mcivilian_1.wav	dialogue	A2_SEWER_1.TXT	90	a5s3_mcivilian_1.wav	Civilian: Where are you taking us?	ГРАЖДАНСКИЙ: Куда... куда, куда вы нас ведете?		pending	
dialogue:A2_SEWER_1.TXT:91:a5s3_mcivilian_2.wav	dialogue	A2_SEWER_1.TXT	91	a5s3_mcivilian_2.wav	Civilian: Please stop! Why are you doing this?	ГРАЖДАНСКИЙ: Пожалуйста, не надо! Зачем... зачем вы это делаете?		pending	
dialogue:A2_SEWER_1.TXT:92:a5s3_mcivilian_4.wav	dialogue	A2_SEWER_1.TXT	92	a5s3_mcivilian_4.wav	No! No! I won't come! I'd rather die!	No! No! I won't come! I'd rather die!		pending	
dialogue:A2_SEWER_1.TXT:93:a5s3_minion1_1.wav	dialogue	A2_SEWER_1.TXT	93	a5s3_minion1_1.wav	Minion: Let's keep it moving people.	СЛУГА: Народ, не останавливаться!		pending	
dialogue:A2_SEWER_1.TXT:94:a5s3_minion2_1.wav	dialogue	A2_SEWER_1.TXT	94	a5s3_minion2_1.wav	Minion: You'll find out soon enough, Lady	MINION: You'll find out soon enough, Lady		pending	
dialogue:A2_SEWER_1.TXT:95:a5s3_minion2_2.wav	dialogue	A2_SEWER_1.TXT	95	a5s3_minion2_2.wav	Minion: Come on! Move! Move! Move!	СЛУГА: Вперед! Топаем, топаем!		pending	
dialogue:A2_SEWER_1.TXT:96:a5s3_minion2_3.wav	dialogue	A2_SEWER_1.TXT	96	a5s3_minion2_3.wav	You got it, pops.	You got it, pops.		pending	
dialogue:A2_SEWER_1.TXT:97:a5s3_rayne_0.wav	dialogue	A2_SEWER_1.TXT	97	a5s3_rayne_0.wav	Rayne: Don't make me improvise, pal. You wouldn't like me when I improvise.	РЕЙН: Не заставляй меня импровизировать. Тебе это не понравится.		pending	
dialogue:A2_SEWER_1.TXT:98:fpunk_alert_c_15.wav	dialogue	A2_SEWER_1.TXT	98	fpunk_alert_c_15.wav	Minion: Here's one!	MINION: Here's one!		pending	
dialogue:A2_SEWER_1.TXT:99:hint_gun_mount	dialogue	A2_SEWER_1.TXT	99	hint_gun_mount	Fire@@shootButtonName@@@@newline@@Dismount @@bladeButtonName@@	@@shootButtonName@@ Стрелять@@newline@@@@bladeButtonName@@ Убрать оружие		pending	
dialogue:A2_SEWER_1.TXT:100:hint_gun_near	dialogue	A2_SEWER_1.TXT	100	hint_gun_near	@@bladeButtonName@@ to use machine gun nest.	@@bladeButtonName@@ Использовать пулемет		pending	
dialogue:A2_SEWER_1.TXT:101:hint_wallsmash	dialogue	A2_SEWER_1.TXT	101	hint_wallsmash	Use Aura Vision (@@auraPowersButtonName@@) to find acrobatic elements such as wall jumps.	@@auraPowersButtonName@@ Зрение вампира помогает увидеть опоры для акробатики		pending	
dialogue:A2_SEWER_1.TXT:102:missiondescription	dialogue	A2_SEWER_1.TXT	102	missiondescription	The Sewers: Access Tunnels	Канализация: Коллектор		pending	
dialogue:A2_SEWER_1.TXT:103:objective_h20_main	dialogue	A2_SEWER_1.TXT	103	objective_h20_main	Objective: Lower the water in the main room.	Спустить воду в главном резервуаре		pending	
dialogue:A2_SEWER_1.TXT:104:objective_h2o_main_dhampir	dialogue	A2_SEWER_1.TXT	104	objective_h2o_main_dhampir	Objective: Defeat the Kestrel.	Прикончить Кестрел		pending	
dialogue:A2_SEWER_1.TXT:105:objective_h2o_main_wave	dialogue	A2_SEWER_1.TXT	105	objective_h2o_main_wave	Objective: Defeat the Kestrel suicide minions.	Прикончить самоубийц Кестрел		pending	
dialogue:A2_SEWER_1.TXT:106:objective_pumpa	dialogue	A2_SEWER_1.TXT	106	objective_pumpa	Objective: Shut down the west waterpump.	Отключить западный насос		pending	
dialogue:A2_SEWER_1.TXT:107:objective_pumpb	dialogue	A2_SEWER_1.TXT	107	objective_pumpb	Objective: Shut down the east waterpump.	Отключить восточный насос		pending	
dialogue:A2_SEWER_1.TXT:108:objective_track_minions	dialogue	A2_SEWER_1.TXT	108	objective_track_minions	Objective: Track the minions on their smuggling route.	Проследовать контрабандным путем вслед за слугами		pending	
dialogue:A2_SEWER_1.TXT:109:objective_wall_smash	dialogue	A2_SEWER_1.TXT	109	objective_wall_smash	Objective: Destroy the waterfall barrier.	Уничтожить водную преграду		pending	
dialogue:A2_SEWER_1.TXT:110:objective_water_treatment	dialogue	A2_SEWER_1.TXT	110	objective_water_treatment	Objective: Find an alternate route to the water treatment facility.	Найти другой путь на станцию очистки воды		pending	
dialogue:A2_SEWER_1.TXT:112:upgrade_scattershot	dialogue	A2_SEWER_1.TXT	112	upgrade_scattershot	@@weaponSelectUpButtonName@@ Blood Spray gun mode acquired	"@@weaponSelectUpButtonName@@ Получен режим оружия ""Брызги крови"""		pending	
dialogue:A2_SEWER_2.TXT:1:a2s3_ffminion11.wav	dialogue	A2_SEWER_2.TXT	1	a2s3_ffminion11.wav	Minion: Psst! Quiet... I hear someone coming.	СЛУГА: Тссс! Тихо... Я что-то слышала.		pending	
dialogue:A2_SEWER_2.TXT:2:a2s3_ffminion118.wav	dialogue	A2_SEWER_2.TXT	2	a2s3_ffminion118.wav	Ahhhh! I can't swim! Someone pull me out of here!	MINION: Ahhhh! I can't swim! Someone pull me out of here!		pending	
dialogue:A2_SEWER_2.TXT:3:a2s3_ffminion119.wav	dialogue	A2_SEWER_2.TXT	3	a2s3_ffminion119.wav	Arrrgh! This water burns! Help! Heelllppp!	MINION: Arrrgh! This water burns! Help! Heelllppp!		pending	
dialogue:A2_SEWER_2.TXT:4:a2s3_ffminion12.wav	dialogue	A2_SEWER_2.TXT	4	a2s3_ffminion12.wav	Minion: I know how to load it... just shut up.	СЛУГА: Я знаю, что делать... просто заткнись.		pending	
dialogue:A2_SEWER_2.TXT:5:a2s3_ffminion120.wav	dialogue	A2_SEWER_2.TXT	5	a2s3_ffminion120.wav	No! No! Naaaaaaaahhhh!!!	MINION: No! No! Naaaaaaaahhhh!!!		pending	
dialogue:A2_SEWER_2.TXT:6:a2s3_ffminion121.wav	dialogue	A2_SEWER_2.TXT	6	a2s3_ffminion121.wav	Oh my god! Turn it off! It's pulling me under!!!	MINION: Oh my god! Turn it off! It's pulling me under!!!		pending	
dialogue:A2_SEWER_2.TXT:7:a2s3_ffminion13.wav	dialogue	A2_SEWER_2.TXT	7	a2s3_ffminion13.wav	Minion: Oh yeah? Rats in silver-steel stiletto heels?	СЛУГА: Да-а-а? Крыса с серебряными шпильками?		pending	
dialogue:A2_SEWER_2.TXT:8:a2s3_ffminion14.wav	dialogue	A2_SEWER_2.TXT	8	a2s3_ffminion14.wav	Minion: Jeez-us, would you two SHUT THE HELL UP? You keep talking and we're all dead... just aim the gun and wait.	СЛУГА: Боже! Вы двое, ЗАТКНИТЕСЬ НА ХРЕН! Будете болтать - мы трупы. Просто молчите и ждите.		pending	
dialogue:A2_SEWER_2.TXT:9:a2s3_ffminion15.wav	dialogue	A2_SEWER_2.TXT	9	a2s3_ffminion15.wav	Minion: Oh my god!	СЛУГА: О, Бог мой!		pending	
dialogue:A2_SEWER_2.TXT:10:a2s3_fminion1_5.wav	dialogue	A2_SEWER_2.TXT	10	a2s3_fminion1_5.wav	There she is! Open fire!	Вот она! Огонь!		pending	
dialogue:A2_SEWER_2.TXT:11:a2s3_fminion2_6.wav	dialogue	A2_SEWER_2.TXT	11	a2s3_fminion2_6.wav	Minion: Get it ready... load up the heat.	СЛУГА: Готовь... заряжай эту хрень.		pending	
dialogue:A2_SEWER_2.TXT:12:a2s3_fminion2_7.wav	dialogue	A2_SEWER_2.TXT	12	a2s3_fminion2_7.wav	Minion: I don't hear nothin... maybe it was rats...	СЛУГА: Я ни хрена не слышал... может, крысы...		pending	
dialogue:A2_SEWER_2.TXT:13:a2s3_fminion2_8.wav	dialogue	A2_SEWER_2.TXT	13	a2s3_fminion2_8.wav	Minion: Whoa--stiletto heels?	СЛУГА: Чево-о? Шпильки?		pending	
dialogue:A2_SEWER_2.TXT:14:a2s3_fminion2_9.wav	dialogue	A2_SEWER_2.TXT	14	a2s3_fminion2_9.wav	Minion: Uh-huh. That's what the Shepherd group in Union Station called in, right before she slashed 'em into leaky cold cuts. Check it out she's got these two blades, huge-ass silver bla... .	СЛУГА: Угу. Как раз это успели сообщить ребята Шепарда с вокзала. А потом она их на гуляш покрошила. Говорят, у нее такие два клинка, два чертовых огромных серебряных клинка!		pending	
dialogue:A2_SEWER_2.TXT:15:a2s3_fminion3_3.wav	dialogue	A2_SEWER_2.TXT	15	a2s3_fminion3_3.wav	Minion: Hey, ya know, I heard that rogue dhampir's really something...	СЛУГА: То-то! Я слышал, эта дампирша - еще та штучка...		pending	
dialogue:A2_SEWER_2.TXT:16:a2s3_fminion3_4.wav	dialogue	A2_SEWER_2.TXT	16	a2s3_fminion3_4.wav	Minion: She wears stiletto heels? Really?	СЛУГА: Нет, она правда ходит на шпильках?		pending	
dialogue:A2_SEWER_2.TXT:17:a2s3_rayne_15.wav	dialogue	A2_SEWER_2.TXT	17	a2s3_rayne_15.wav	Rayne: Let's tip the odds, shall we, boys?	РЕЙН: Ну что, ребята, подравняем баланс?		pending	
dialogue:A2_SEWER_2.TXT:18:a2s3_rayne_16.wav	dialogue	A2_SEWER_2.TXT	18	a2s3_rayne_16.wav	Rayne: Nothing like hot lead to brighten up my day.	РЕЙН: Да, горячий свинец освежит мое мировосприятие!		pending	
dialogue:A2_SEWER_2.TXT:19:a2s3_rayne_3.wav	dialogue	A2_SEWER_2.TXT	19	a2s3_rayne_3.wav	Rayne: A little damp for me, but it's not too hard to keep up with our friends.	РЕЙН: Сыровато на мой вкус, но это не мешает мне держаться недалеко от наших друзей.		pending	
dialogue:A2_SEWER_2.TXT:20:a2s3_rayne_38.wav	dialogue	A2_SEWER_2.TXT	20	a2s3_rayne_38.wav	Rayne: Something tells me this catwalk isn't entirely stabl... .ahhhhhhh!	РЕЙН: У меня такое предчувствие, что эти мостики совсем не... А-а-а-а!		pending	
dialogue:A2_SEWER_2.TXT:21:a2s3_rayne_39.wav	dialogue	A2_SEWER_2.TXT	21	a2s3_rayne_39.wav	Rayne: Huh. Whaddya know?	РЕЙН: Ха. Ничего себе!		pending	
dialogue:A2_SEWER_2.TXT:22:a2s3_rayne_4.wav	dialogue	A2_SEWER_2.TXT	22	a2s3_rayne_4.wav	Rayne: Not yet, but they're pretty serious about getting there. Moving due East.	РЕЙН: Пока нет, но они настроены весьма серьезно. Идут на восток.		pending	
dialogue:A2_SEWER_2.TXT:23:a2s3_rayne_40.wav	dialogue	A2_SEWER_2.TXT	23	a2s3_rayne_40.wav	Rayne: Cool. The wooden ones float. Finding that out was worth a fall. Definitely come in handy...	РЕЙН: Клево. Деревяшки плавают. Стоило упасть, чтобы это выяснить. Как кстати...		pending	
dialogue:A2_SEWER_2.TXT:24:a2s3_rayne_41.wav	dialogue	A2_SEWER_2.TXT	24	a2s3_rayne_41.wav	Rayne: Blocked. Severin, I've hit a dead end. Little help?	РЕЙН: Блокировано. Северин, я в тупике. Поможешь?		pending	
dialogue:A2_SEWER_2.TXT:25:a2s3_rayne_42.wav	dialogue	A2_SEWER_2.TXT	25	a2s3_rayne_42.wav	Rayne: Never mind. Cavalry just arrived. They just don't know it yet.	РЕЙН: Ничего, кавалерия уже здесь.		pending	
dialogue:A2_SEWER_2.TXT:26:a2s3_rayne_43.wav	dialogue	A2_SEWER_2.TXT	26	a2s3_rayne_43.wav	Rayne: I didn't. You think that's where they're heading?	РЕЙН: Не знала. Думаешь, они идут туда?		pending	
dialogue:A2_SEWER_2.TXT:27:a2s3_rayne_44.wav	dialogue	A2_SEWER_2.TXT	27	a2s3_rayne_44.wav	Rayne: Makes sense. If I was trying to drive a herd of kidnapped people out of the Meatpacking District without anybody knowing it, I'd definitely try to get 'em on cars.	РЕЙН: Разумно. Если бы я хотела в тайне отправить заложников из мясокомбината, я бы обязательно использовала метро.		pending	
dialogue:A2_SEWER_2.TXT:28:a2s3_rayne_45.wav	dialogue	A2_SEWER_2.TXT	28	a2s3_rayne_45.wav	Rayne: And the subway doesn't run through the District, so through the sewers might be the only way...	РЕЙН: А если метро не проходит через тот район, единственный путь - через канализацию...		pending	
dialogue:A2_SEWER_2.TXT:29:a2s3_rayne_46.wav	dialogue	A2_SEWER_2.TXT	29	a2s3_rayne_46.wav	Rayne: Hey! The suicide guys clear the filter! I'm trying to clog it!	РЕЙН: Эти самоубийцы освободили фильтр! Попробую забить его!		pending	
dialogue:A2_SEWER_2.TXT:30:a2s3_rayne_47.wav	dialogue	A2_SEWER_2.TXT	30	a2s3_rayne_47.wav	Rayne: Heck, I'm always ready for that.	РЕЙН: Да я всегда готова.		pending	
dialogue:A2_SEWER_2.TXT:31:a2s3_rayne_48.wav	dialogue	A2_SEWER_2.TXT	31	a2s3_rayne_48.wav	Rayne: Jesus. Severin, that... voice... I don't know how much closer I wanna get to it. Something is shaking the walls like crazy. No other way through, huh?	РЕЙН: Господи! Северин, этот... голос... Что-то не хочется мне к нему идти. Даже стены трясутся. А другого пути нет, а?		pending	
dialogue:A2_SEWER_2.TXT:32:a2s3_rayne_49.wav	dialogue	A2_SEWER_2.TXT	32	a2s3_rayne_49.wav	Rayne: Okay, that's valid. I am sort of a badass, huh?	RAYNE: Okay, that's valid. I am sort of a badass, huh?		pending	
dialogue:A2_SEWER_2.TXT:33:a2s3_severin_3.wav	dialogue	A2_SEWER_2.TXT	33	a2s3_severin_3.wav	Severin: It's getting rough up here, Rayne. Minions are taking the streets, and the cops can't hold their own. Whatever the Cult is doing, they're going for broke. They've blown any cover they ever had.	СЕВЕРИН: Рейн, здесь становится жарко. Эти ребята вышли на улицы. Копы не могут ничего сделать. Не знаю, что задумал Культ, но они пошли ва-банк. Они больше не скрываются.		pending	
dialogue:A2_SEWER_2.TXT:34:a2s3_severin_38.wav	dialogue	A2_SEWER_2.TXT	34	a2s3_severin_38.wav	Severin: Better put it in gear, Rayne... I'm seeing the pumps as totally backed up, and high tide is coming in fast.	СЕВЕРИН: Поторопись, Рейн... Все насосы надежно дублированы, вода прибывает очень быстро.		pending	
dialogue:A2_SEWER_2.TXT:35:a2s3_severin_39.wav	dialogue	A2_SEWER_2.TXT	35	a2s3_severin_39.wav	Severin: You need to do everything in your power to move faster.	СЕВЕРИН: Постарайся двигаться как можно быстрее.		pending	
dialogue:A2_SEWER_2.TXT:36:a2s3_severin_40.wav	dialogue	A2_SEWER_2.TXT	36	a2s3_severin_40.wav	Severin: No passageway out, but that's an older part of the system you're in. The structures may not be entirely stable. Still, you'd need explosives to... ,	СЕВЕРИН: Прохода нет, но это старая часть системы. Конструкции могут быть изношены. Тем не менее, нужна взрывчатка, чтобы...		pending	
dialogue:A2_SEWER_2.TXT:37:a2s3_severin_41.wav	dialogue	A2_SEWER_2.TXT	37	a2s3_severin_41.wav	Severin: I'm reading another access tunnel across the water.	СЕВЕРИН: Вижу еще один служебный туннель за водой.		pending	
dialogue:A2_SEWER_2.TXT:38:a2s3_severin_42.wav	dialogue	A2_SEWER_2.TXT	38	a2s3_severin_42.wav	Severin: Use the big guns. Figure out a way to to open that floor.	СЕВЕРИН: Используй тяжелое оружие. Придумай, как вскрыть пол.		pending	
dialogue:A2_SEWER_2.TXT:39:a2s3_severin_43.wav	dialogue	A2_SEWER_2.TXT	39	a2s3_severin_43.wav	Severin: Great. Get down that access tunnel.	СЕВЕРИН: Отлично. Спускайся по служебному туннелю.		pending	
dialogue:A2_SEWER_2.TXT:40:a2s3_severin_44.wav	dialogue	A2_SEWER_2.TXT	40	a2s3_severin_44.wav	Severin: It leads to another water treatment substation.	СЕВЕРИН: Он ведет к другой подстанции обработки воды.		pending	
dialogue:A2_SEWER_2.TXT:41:a2s3_severin_45.wav	dialogue	A2_SEWER_2.TXT	41	a2s3_severin_45.wav	Severin: Huh. Hey Rayne, I didn't consider this until now, but did you know the Subway system runs near here?	СЕВЕРИН: Гм. Слушай, я раньше не подумал, но ты знаешь, что рядом проходят туннели метро?		pending	
dialogue:A2_SEWER_2.TXT:42:a2s3_severin_46.wav	dialogue	A2_SEWER_2.TXT	42	a2s3_severin_46.wav	Severin: Yeah, maybe. What if they've broken into the rail system through the sewers?	СЕВЕРИН: Возможно. Что, если они пробились туда через канализацию?		pending	
dialogue:A2_SEWER_2.TXT:43:a2s3_severin_47.wav	dialogue	A2_SEWER_2.TXT	43	a2s3_severin_47.wav	Severin: ... yep. Especially if sunlight makes you extremely uncomfortable.	СЕВЕРИН: ...точно. Особенно, если солнечный свет тебе противопоказан.		pending	
dialogue:A2_SEWER_2.TXT:44:a2s3_severin_48.wav	dialogue	A2_SEWER_2.TXT	44	a2s3_severin_48.wav	Severin: Find a way across that sewage tank and get into the access tunnels on the other side.	СЕВЕРИН: Найди путь через этот отстойник и доберись до туннелей на той стороне.		pending	
dialogue:A2_SEWER_2.TXT:45:a2s3_severin_49.wav	dialogue	A2_SEWER_2.TXT	45	a2s3_severin_49.wav	Severin: I'm reading a massive room there. Must be the main water treatment facility.	СЕВЕРИН: Я вижу там огромную комнату. Наверное, это главное сооружение водоканала.		pending	
dialogue:A2_SEWER_2.TXT:46:a2s3_severin_50.wav	dialogue	A2_SEWER_2.TXT	46	a2s3_severin_50.wav	Severin: There's likely to be subway access from that room.	SEVERIN: There's likely to be subway access from that room.		pending	
dialogue:A2_SEWER_2.TXT:47:a2s3_severin_51.wav	dialogue	A2_SEWER_2.TXT	47	a2s3_severin_51.wav	Severin: Then throw in the non-exploding variety... ?	СЕВЕРИН: Набросай чего-нибудь невзрывающегося...?		pending	
dialogue:A2_SEWER_2.TXT:48:a2s3_severin_52.wav	dialogue	A2_SEWER_2.TXT	48	a2s3_severin_52.wav	Severin: There should be an access tunnel through the next room. If they HAVE broken into the subway system, it'll be through there.	СЕВЕРИН: Так. В следующей комнате должен быть туннель. Если они добрались до метро, он должен вести туда.		pending	
dialogue:A2_SEWER_2.TXT:49:a2s3_severin_53.wav	dialogue	A2_SEWER_2.TXT	49	a2s3_severin_53.wav	"Severin: If not, get ready to say ""hi"" to a whole city's supply of homeless, junkies, and prostitutes."	СЕВЕРИН: Если нет, готовься приветствовать весь городской запас бомжей, наркош и проституток.		pending	
dialogue:A2_SEWER_2.TXT:50:a2s3_severin_55.wav	dialogue	A2_SEWER_2.TXT	50	a2s3_severin_55.wav	Severin: Nah. Just keep going that way. What can hurt you?	SEVERIN: Nah. Just keep going that way. What can hurt you?		pending	
dialogue:A2_SEWER_2.TXT:51:a2s3_severin_56.wav	dialogue	A2_SEWER_2.TXT	51	a2s3_severin_56.wav	Severin: Of course you are.	SEVERIN: Of course you are.		pending	
dialogue:A2_SEWER_2.TXT:52:a2s3_severin_6.wav	dialogue	A2_SEWER_2.TXT	52	a2s3_severin_6.wav	Severin: World will know for sure vampires are real by morning--which is taking its bleedin' time getting here, by the way... How's it going down in your pit?	СЕВЕРИН: К утру у людей не останется сомнений, что вампиры существуют. Кстати, утро здесь что-то не торопится... Как дела у тебя?		pending	
dialogue:A2_SEWER_2.TXT:53:a2s3_severin_7.wav	dialogue	A2_SEWER_2.TXT	53	a2s3_severin_7.wav	Severin: Good. Can you tell where they're going?	СЕВЕРИН: Так. Ты поняла, куда они направляются?		pending	
dialogue:A2_SEWER_2.TXT:54:a2s3_severin_8.wav	dialogue	A2_SEWER_2.TXT	54	a2s3_severin_8.wav	Severin: Hmm. Lot of heavy Industrial setups that way. I'll do some checking. Let me know something when you know something.	СЕВЕРИН: Гмм. Там промышленный район. Я проверю. Будет что-то новое - сообщи.		pending	
dialogue:A2_SEWER_2.TXT:55:a2s3_severin_9.wav	dialogue	A2_SEWER_2.TXT	55	a2s3_severin_9.wav	Severin: And please don't make me come down there...	СЕВЕРИН: Только, ради Бога, не зови меня вниз...		pending	
dialogue:A2_SEWER_2.TXT:57:a5s3_fcivilian_1.wav	dialogue	A2_SEWER_2.TXT	57	a5s3_fcivilian_1.wav	We escaped! Quick. Open the door....	ЖЕНЩИНА: Мы спаслись! Быстрее, откройте дверь...		pending	
dialogue:A2_SEWER_2.TXT:58:a5s3_fcivilian_2.wav	dialogue	A2_SEWER_2.TXT	58	a5s3_fcivilian_2.wav	Hurry! It's coming!	ЖЕНЩИНА: Быстрее! Оно идет!		pending	
dialogue:A2_SEWER_2.TXT:59:a5s3_fcivilian_3.wav	dialogue	A2_SEWER_2.TXT	59	a5s3_fcivilian_3.wav	Hurry up! Get us out of heeeere…ARRRGGGHHHHHH!	ЖЕНЩИНА: Быстрее! Вытащи нас отсюда!		pending	
dialogue:A2_SEWER_2.TXT:60:a5s3_mcivilian_3.wav	dialogue	A2_SEWER_2.TXT	60	a5s3_mcivilian_3.wav	I can't...there's some kind of magnetic lock…	МУЖЧИНА: Не могу... здесь какой-то магнитный замок.		pending	
dialogue:A2_SEWER_2.TXT:62:hint_speed	dialogue	A2_SEWER_2.TXT	62	hint_speed	Use Speed Powers @@speedPowersButtonName@@ or double jumps to outrun hazards.	@@speedPowersButtonName@@ Контроль над временем дает Рейн возможность лучше просчитать свои действия		pending	
dialogue:A2_SEWER_2.TXT:63:missiondescription	dialogue	A2_SEWER_2.TXT	63	missiondescription	The Sewers: Smuggling Route	Канализация: Контрабандный путь		pending	
dialogue:A2_SEWER_2.TXT:64:objective_alternate_route	dialogue	A2_SEWER_2.TXT	64	objective_alternate_route	Objective: Find an alternate route to track the punks.	Найти другой путь через канализацию		pending	
dialogue:A2_SEWER_2.TXT:65:objective_bomber_wall	dialogue	A2_SEWER_2.TXT	65	objective_bomber_wall	Objective: Destroy the weakened wall.	Разрушить ветхую стену		pending	
dialogue:A2_SEWER_2.TXT:66:objective_kill_filter	dialogue	A2_SEWER_2.TXT	66	objective_kill_filter	Objective: Find a way across the sewage pool.	Перебраться через отстойник		pending	
dialogue:A2_SEWER_2.TXT:67:objective_track_minions	dialogue	A2_SEWER_2.TXT	67	objective_track_minions	Objective: Track the minions on their smuggling route.	Проследовать контрабандным путем вслед за слугами		pending	
dialogue:A2_SEWER_SLEZZARENA.TXT:1:a2s3_slezz13.wav	dialogue	A2_SEWER_SLEZZARENA.TXT	1	a2s3_slezz13.wav	Lord Kagan? My love, have you returned? Have you brought the children?	СЛЕЗЗ: Лорд Кейган? Любовь моя, ты вернулся? Ты привел детей?		pending	
dialogue:A2_SEWER_SLEZZARENA.TXT:2:a2s3_slezz14.wav	dialogue	A2_SEWER_SLEZZARENA.TXT	2	a2s3_slezz14.wav	No. Your blood smells of him, but you are not him. Where are my children?	СЛЕЗЗ: Нет. Твоя кровь пахнет как его, но ты не он. Где мои дети?		pending	
dialogue:A2_SEWER_SLEZZARENA.TXT:3:a2s3_slezz15.wav	dialogue	A2_SEWER_SLEZZARENA.TXT	3	a2s3_slezz15.wav	Brother Xerx took them. Promised to return them to Slezz. Where ARE they?	СЛЕЗЗ: Брат Зеркс забрал их. Обещал вернуть их Слезз. ГДЕ они?		pending	
dialogue:A2_SEWER_SLEZZARENA.TXT:4:a2s3_slezz16.wav	dialogue	A2_SEWER_SLEZZARENA.TXT	4	a2s3_slezz16.wav	Lying. You're lying. I can smell it. Return my CHILDREN!!!	СЛЕЗЗ: Ты лжешь. Я чую. Верни мне моих детей!		pending	
dialogue:A2_SEWER_SLEZZARENA.TXT:5:a2s3_slezz17.wav	dialogue	A2_SEWER_SLEZZARENA.TXT	5	a2s3_slezz17.wav	Come closer, Kagan-Not-Kagan. I'm starving.	СЛЕЗЗ: Подойди ближе, Кейган-не-Кейган. Я голодна.		pending	
dialogue:A2_SEWER_SLEZZARENA.TXT:6:a2s3_slezz18.wav	dialogue	A2_SEWER_SLEZZARENA.TXT	6	a2s3_slezz18.wav	Roarrrr!!	СЛЕЗЗ: Р-а-р-р-р!		pending	
dialogue:A2_SEWER_SLEZZARENA.TXT:7:a2s3_slezz19.wav	dialogue	A2_SEWER_SLEZZARENA.TXT	7	a2s3_slezz19.wav	Servants!! ATTEND ME!!!	СЛЕЗЗ: Слуги! КО МНЕ!		pending	
dialogue:A2_SEWER_SLEZZARENA.TXT:8:a2s3_slezz20.wav	dialogue	A2_SEWER_SLEZZARENA.TXT	8	a2s3_slezz20.wav	Offer youselves to me!!!	SLEZZ: Offer youselves to me!!!		pending	
dialogue:A2_SEWER_SLEZZARENA.TXT:9:a2s3_slezz21.wav	dialogue	A2_SEWER_SLEZZARENA.TXT	9	a2s3_slezz21.wav	Come here, WORMS!!!	SLEZZ: Come here, WORMS!!!		pending	
dialogue:A2_SEWER_SLEZZARENA.TXT:10:a2s3_slezz22.wav	dialogue	A2_SEWER_SLEZZARENA.TXT	10	a2s3_slezz22.wav	Share the fate of all liars!!!	SLEZZ: Share the fate of all liars!!!		pending	
dialogue:A2_SEWER_SLEZZARENA.TXT:11:a2s3_slezz23.wav	dialogue	A2_SEWER_SLEZZARENA.TXT	11	a2s3_slezz23.wav	Have you any IDEA who I am??!!!	SLEZZ: Have you any IDEA who I am??!!!		pending	
dialogue:A2_SEWER_SLEZZARENA.TXT:12:a2s3_slezz24.wav	dialogue	A2_SEWER_SLEZZARENA.TXT	12	a2s3_slezz24.wav	Urggh! I am undone!!!	СЛЕЗЗ: У-арх! Я гибну!		pending	
dialogue:A2_SEWER_SLEZZARENA.TXT:13:a2s3_slezz25.wav	dialogue	A2_SEWER_SLEZZARENA.TXT	13	a2s3_slezz25.wav	Dare you defile my most cherished sanctum?!!!	SLEZZ: Dare you defile my most cherished sanctum?!!!		pending	
dialogue:A2_SEWER_SLEZZARENA.TXT:14:a2s3_slezz26.wav	dialogue	A2_SEWER_SLEZZARENA.TXT	14	a2s3_slezz26.wav	Dare to close the distance between us, little beast!!!	SLEZZ: Dare to close the distance between us, little beast!!!		pending	
dialogue:A2_SEWER_SLEZZARENA.TXT:15:a2s3_slezz27.wav	dialogue	A2_SEWER_SLEZZARENA.TXT	15	a2s3_slezz27.wav	Unh? What are you doing in there??!!!	SLEZZ: Unh? What are you doing in there??!!!		pending	
dialogue:A2_SEWER_SLEZZARENA.TXT:16:a2s3_slezz28.wav	dialogue	A2_SEWER_SLEZZARENA.TXT	16	a2s3_slezz28.wav	Vile creature!! That is the sacred birthplace of thousands! REMOVE yourself!!	SLEZZ: Vile creature!! That is the sacred birthplace of thousands! REMOVE yourself!!		pending	
dialogue:A2_SEWER_SLEZZARENA.TXT:17:a2s3_slezz29.wav	dialogue	A2_SEWER_SLEZZARENA.TXT	17	a2s3_slezz29.wav	Dare NOT to destroy the young!! They sleep in peace, even as their mother perishes!!	SLEZZ: Dare NOT to destroy the young!! They sleep in peace, even as their mother perishes!!		pending	
dialogue:A2_SEWER_SLEZZARENA.TXT:18:a2s3_slezz30.wav	dialogue	A2_SEWER_SLEZZARENA.TXT	18	a2s3_slezz30.wav	Do you even know what you're DOING in there!!? OOHHH!! The PAIN! I am DEFILED!!!!	СЛЕЗЗ: Ты понимаешь, что ДЕЛАЕШЬ!!? О-о-о!!! Какая БОЛЬ! Я осквернена!!!		pending	
dialogue:A2_SEWER_SLEZZARENA.TXT:20:a2s4_rayne_1.wav	dialogue	A2_SEWER_SLEZZARENA.TXT	20	a2s4_rayne_1.wav	Oh, god.	РЕЙН: О, Боже!		pending	
dialogue:A2_SEWER_SLEZZARENA.TXT:21:a2s4_rayne_10.wav	dialogue	A2_SEWER_SLEZZARENA.TXT	21	a2s4_rayne_10.wav	What do you need tough skin for? I can't get anywhere near you...	RAYNE: What do you need tough skin for? I can't get anywhere near you...		pending	
dialogue:A2_SEWER_SLEZZARENA.TXT:22:a2s4_rayne_11.wav	dialogue	A2_SEWER_SLEZZARENA.TXT	22	a2s4_rayne_11.wav	Boy, for somebody who's blind, she's got a wicked aim. Maybe she'd like a taste of her own medicine?	РЕЙН: Вот дела, для слепой твари, она неплохо попадает. Может, ей понравится ее собственные штучки?		pending	
dialogue:A2_SEWER_SLEZZARENA.TXT:23:a2s4_rayne_12.wav	dialogue	A2_SEWER_SLEZZARENA.TXT	23	a2s4_rayne_12.wav	That's it. How ya like them apples, ya ol' Shakab?!	РЕЙН: Вот так! Как тебе угощение, суккуб?		pending	
dialogue:A2_SEWER_SLEZZARENA.TXT:24:a2s4_rayne_13.wav	dialogue	A2_SEWER_SLEZZARENA.TXT	24	a2s4_rayne_13.wav	"Yeah, okay-wait, whaddya mean ""get inside?"" You want me to go in there?"	"RAYNE: Yeah, okay-wait, whaddya mean ""get inside?"" You want me to go in there?"		pending	
dialogue:A2_SEWER_SLEZZARENA.TXT:25:a2s4_rayne_14.wav	dialogue	A2_SEWER_SLEZZARENA.TXT	25	a2s4_rayne_14.wav	Hold on a minute. I'm trying to decide whether finishing the mission of vengeance I began sixty years ago is worth this.	RAYNE: Hold on a minute. I'm trying to decide whether finishing the mission of vengeance I began sixty years ago is worth this.		pending	
dialogue:A2_SEWER_SLEZZARENA.TXT:26:a2s4_rayne_15.wav	dialogue	A2_SEWER_SLEZZARENA.TXT	26	a2s4_rayne_15.wav	I'm thinking!	RAYNE: I'm thinking!		pending	
dialogue:A2_SEWER_SLEZZARENA.TXT:27:a2s4_rayne_16.wav	dialogue	A2_SEWER_SLEZZARENA.TXT	27	a2s4_rayne_16.wav	Oh my god oh my god oh my god	RAYNE: Oh my god oh my god oh my god		pending	
dialogue:A2_SEWER_SLEZZARENA.TXT:28:a2s4_rayne_17.wav	dialogue	A2_SEWER_SLEZZARENA.TXT	28	a2s4_rayne_17.wav	That's not what you heard Rayne it was something else she said something completely different from what you thought you heard--	RAYNE: That's not what you heard Rayne it was something else she said something completely different from what you thought you heard--		pending	
dialogue:A2_SEWER_SLEZZARENA.TXT:29:a2s4_rayne_18.wav	dialogue	A2_SEWER_SLEZZARENA.TXT	29	a2s4_rayne_18.wav	Stop-talking oh god please for the love of all that's decent stop talking!!	RAYNE: Stop-talking oh god please for the love of all that's decent stop talking!!		pending	
dialogue:A2_SEWER_SLEZZARENA.TXT:30:a2s4_rayne_19.wav	dialogue	A2_SEWER_SLEZZARENA.TXT	30	a2s4_rayne_19.wav	Ugh.	RAYNE: Ugh.		pending	
dialogue:A2_SEWER_SLEZZARENA.TXT:31:a2s4_rayne_2.wav	dialogue	A2_SEWER_SLEZZARENA.TXT	31	a2s4_rayne_2.wav	He's long dead, lady.	РЕЙН: Его давно нет, леди.		pending	
dialogue:A2_SEWER_SLEZZARENA.TXT:32:a2s4_rayne_20.wav	dialogue	A2_SEWER_SLEZZARENA.TXT	32	a2s4_rayne_20.wav	Christ, that was unpleasant...	RAYNE: Christ, that was unpleasant...		pending	
dialogue:A2_SEWER_SLEZZARENA.TXT:33:a2s4_rayne_21.wav	dialogue	A2_SEWER_SLEZZARENA.TXT	33	a2s4_rayne_21.wav	I have bowel in my hair...	РЕЙН: Да у меня все волосы в кишках!...		pending	
dialogue:A2_SEWER_SLEZZARENA.TXT:35:a2s4_rayne_23.wav	dialogue	A2_SEWER_SLEZZARENA.TXT	35	a2s4_rayne_23.wav	I think I might need a minute alone...	РЕЙН: Погоди. Мне надо побыть одной...		pending	
dialogue:A2_SEWER_SLEZZARENA.TXT:36:a2s4_rayne_3.wav	dialogue	A2_SEWER_SLEZZARENA.TXT	36	a2s4_rayne_3.wav	I don't know your children. Who are you?	РЕЙН: Я не знаю о твоих детях. А кто ты?		pending	
dialogue:A2_SEWER_SLEZZARENA.TXT:37:a2s4_rayne_4.wav	dialogue	A2_SEWER_SLEZZARENA.TXT	37	a2s4_rayne_4.wav	"Don't know any ""Xerx"", either."	РЕЙН: И ни какого Зеркса, тоже.		pending	
dialogue:A2_SEWER_SLEZZARENA.TXT:38:a2s4_rayne_5.wav	dialogue	A2_SEWER_SLEZZARENA.TXT	38	a2s4_rayne_5.wav	"Severin, you got that? Anything on a ""Slezz?"""	РЕЙН: Северин, ты слышал? Есть что-нибудь о Слезз?		pending	
dialogue:A2_SEWER_SLEZZARENA.TXT:39:a2s4_rayne_6.wav	dialogue	A2_SEWER_SLEZZARENA.TXT	39	a2s4_rayne_6.wav	She's family, right? I'm gonna have to fight her. She doesn't look especially nimble. Shouldn't be too tough.	РЕЙН: О, тоже семья, угадала?		pending	
dialogue:A2_SEWER_SLEZZARENA.TXT:40:a2s4_rayne_7.wav	dialogue	A2_SEWER_SLEZZARENA.TXT	40	a2s4_rayne_7.wav	Winged Shakab. Huh. I don't know that one...	РЕЙН: Крылатый суккуб... Нет, ничего не знаю...		pending	
dialogue:A2_SEWER_SLEZZARENA.TXT:41:a2s4_rayne_8.wav	dialogue	A2_SEWER_SLEZZARENA.TXT	41	a2s4_rayne_8.wav	So... something more... concussive, maybe?	РЕЙН: Тогда... что-нибудь... более ударное?		pending	
dialogue:A2_SEWER_SLEZZARENA.TXT:42:a2s4_rayne_9.wav	dialogue	A2_SEWER_SLEZZARENA.TXT	42	a2s4_rayne_9.wav	Dammit. I'm trying to...	RAYNE: Dammit. I'm trying to...		pending	
dialogue:A2_SEWER_SLEZZARENA.TXT:43:a2s4_severin_1.wav	dialogue	A2_SEWER_SLEZZARENA.TXT	43	a2s4_severin_1.wav	Uh, some bad news, Rayne.	СЕВЕРИН: Плохие новости, Рейн.		pending	
dialogue:A2_SEWER_SLEZZARENA.TXT:44:a2s4_severin_10.wav	dialogue	A2_SEWER_SLEZZARENA.TXT	44	a2s4_severin_10.wav	Hurry Rayne!	Не найдено!		pending	
dialogue:A2_SEWER_SLEZZARENA.TXT:45:a2s4_severin_11.wav	dialogue	A2_SEWER_SLEZZARENA.TXT	45	a2s4_severin_11.wav	Excellent! See, that wasn't so tough for you, was it? You old rogue dhampir, you. Now, do you see a way to get to the upper level?	СЕВЕРИН: Отлично! Видишь, не так уж и трудно! Ты просто чудо, честное слово! А теперь можешь найти путь на верхний ярус?		pending	
dialogue:A2_SEWER_SLEZZARENA.TXT:46:a2s4_severin_12.wav	dialogue	A2_SEWER_SLEZZARENA.TXT	46	a2s4_severin_12.wav	Rayne? Climb up to the upper level...	СЕВЕРИН: Рейн!? Поднимись на второй ярус...		pending	
dialogue:A2_SEWER_SLEZZARENA.TXT:47:a2s4_severin_13.wav	dialogue	A2_SEWER_SLEZZARENA.TXT	47	a2s4_severin_13.wav	Is there a tunnel? That's how they're getting to the subway...	СЕВЕРИН: Там есть туннель? По нему они выбирались в метро...		pending	
dialogue:A2_SEWER_SLEZZARENA.TXT:48:a2s4_severin_14.wav	dialogue	A2_SEWER_SLEZZARENA.TXT	48	a2s4_severin_14.wav	Get to the subways, Rayne!	SEVERIN: Get to the subways, Rayne!		pending	
dialogue:A2_SEWER_SLEZZARENA.TXT:49:a2s4_severin_2.wav	dialogue	A2_SEWER_SLEZZARENA.TXT	49	a2s4_severin_2.wav	Yeah, she's on the Kagan family tree... prodigious baby machine, looks like.	СЕВЕРИН: Да, она из этой семейки... похоже, настоящая машина по производству детей.		pending	
dialogue:A2_SEWER_SLEZZARENA.TXT:50:a2s4_severin_3.wav	dialogue	A2_SEWER_SLEZZARENA.TXT	50	a2s4_severin_3.wav	"Past that, Brimstone reference on ""Slezz"" is obscure, but suggests she's Babylonian Winged Shakab. A really old one. And you know what that means..."	СЕВЕРИН: Остальное неясно. В Бримстоуне предполагают, что она - вавилонский крылатый суккуб. Очень древняя. Понимаешь, что это значит...?		pending	
dialogue:A2_SEWER_SLEZZARENA.TXT:51:a2s4_severin_4.wav	dialogue	A2_SEWER_SLEZZARENA.TXT	51	a2s4_severin_4.wav	Okay. Shakab are born vampires that can only be killed by destroying the heart. Their skin is very, very tough, and impervious to blade attack.	СЕВЕРИН: Суккубы - рожденные вампирами. Убить их можно, только уничтожив их сердце. Кожа очень прочная, клинку не поддается.		pending	
dialogue:A2_SEWER_SLEZZARENA.TXT:52:a2s4_severin_5.wav	dialogue	A2_SEWER_SLEZZARENA.TXT	52	a2s4_severin_5.wav	Sure. Maybe. See what you can do.	СЕВЕРИН: Верно. Посмотри, что можно придумать.		pending	
dialogue:A2_SEWER_SLEZZARENA.TXT:53:a2s4_severin_6.wav	dialogue	A2_SEWER_SLEZZARENA.TXT	53	a2s4_severin_6.wav	Sounds like the wings have stopped. She's vulnerable Rayne. Get inside and cut out the heart.	СЕВЕРИН: Кажется, крылья больше не работают. Она уязвима, Рейн. Проберись внутрь и вырежи сердце.		pending	
dialogue:A2_SEWER_SLEZZARENA.TXT:54:a2s4_severin_7.wav	dialogue	A2_SEWER_SLEZZARENA.TXT	54	a2s4_severin_7.wav	It's the only way. You gotta get up close and personal with the heart. Sorry--Rayne?	SEVERIN: It's the only way. You gotta get up close and personal with the heart. Sorry--Rayne?		pending	
dialogue:A2_SEWER_SLEZZARENA.TXT:55:a2s4_severin_8.wav	dialogue	A2_SEWER_SLEZZARENA.TXT	55	a2s4_severin_8.wav	... and?	SEVERIN: ... and?		pending	
dialogue:A2_SEWER_SLEZZARENA.TXT:56:a2s4_severin_9.wav	dialogue	A2_SEWER_SLEZZARENA.TXT	56	a2s4_severin_9.wav	Use your harpoon to bring down the heart. Quickly, Rayne. Before she regains consiousness.	SEVERIN: Use your harpoon to bring down the heart. Quickly, Rayne. Before she regains consiousness.		pending	
dialogue:A2_SEWER_SLEZZARENA.TXT:57:missiondescription	dialogue	A2_SEWER_SLEZZARENA.TXT	57	missiondescription	Sewers - Slezz	Канализация: Слезз		pending	
dialogue:A2_SEWER_SLEZZARENA.TXT:58:objectivekill	dialogue	A2_SEWER_SLEZZARENA.TXT	58	objectivekill		Прикончить Слезз		pending	no matching English row; translate from Russian
dialogue:A2_SEWER_SLEZZARENA.TXT:59:powerup	dialogue	A2_SEWER_SLEZZARENA.TXT	59	powerup	@@ragePowersButtonName@@ @@ragePowersButtonName@@ Blood fury acquired.	"@@ragePowersButtonName@@ , @@ragePowersButtonName@@ Получена способность ""Кровавая ярость"""		pending	
dialogue:A2_SEWER_SLEZZARENA.TXT:60:severinhint2	dialogue	A2_SEWER_SLEZZARENA.TXT	60	severinhint2	Rayne, harpoon those bombers out of the air and toss them back at her!	СЕВЕРИН: Выдергивай этих парней гарпуном и бросай к ней вместе с их бомбами.		pending	
dialogue:A2_SUBWAY.TXT:1:ost_bay_kestrel2	dialogue	A2_SUBWAY.TXT	1	ost_bay_kestrel2	Look who’s come in time for dinner	Look who’s come in time for dinner		pending	
dialogue:A2_SUBWAY.TXT:2:ost_bay_kestrel3	dialogue	A2_SUBWAY.TXT	2	ost_bay_kestrel3	Mmmm and this one looks delicious	Mmmm and this one looks delicious		pending	
dialogue:A2_SUBWAY.TXT:3:ost_bay_kestrel4	dialogue	A2_SUBWAY.TXT	3	ost_bay_kestrel4	I told you this pretty would be more fun than the others	I told you this pretty would be more fun than the others		pending	
dialogue:A2_SUBWAY.TXT:4:ost_bay_rayne	dialogue	A2_SUBWAY.TXT	4	ost_bay_rayne	Sorry ladies, but I’ve made other dinner plans.	Пардон, леди, но у меня другие планы на обед.		pending	
dialogue:A2_SUBWAY.TXT:5:ost_construction_kestreldead	dialogue	A2_SUBWAY.TXT	5	ost_construction_kestreldead	Can it, the Kestrel wants her dead.	Не найдено!		pending	
dialogue:A2_SUBWAY.TXT:6:ost_construction_kestrelhowcould	dialogue	A2_SUBWAY.TXT	6	ost_construction_kestrelhowcould	Those moron Brutes are good for nothing but manual labor.  How could they let you advance so far?	Those moron Brutes are good for nothing but manual labor.  How could they let you advance so far?		pending	
dialogue:A2_SUBWAY.TXT:7:ost_construction_kestrelnumbers	dialogue	A2_SUBWAY.TXT	7	ost_construction_kestrelnumbers	Strength in numbers I suppose.	Strength in numbers I suppose.		pending	
dialogue:A2_SUBWAY.TXT:8:ost_construction_kestrelrun	dialogue	A2_SUBWAY.TXT	8	ost_construction_kestrelrun	She appears to be tougher than she looks.  No worries, I’ll deal with her in time.	She appears to be tougher than she looks.  No worries, I’ll deal with her in time.		pending	
dialogue:A2_SUBWAY.TXT:9:ost_construction_play	dialogue	A2_SUBWAY.TXT	9	ost_construction_play	She's here? Think she wants to play with us?	Не найдено!		pending	
dialogue:A2_SUBWAY.TXT:10:ost_construction_pretty	dialogue	A2_SUBWAY.TXT	10	ost_construction_pretty	Ey looks its tha Kestrel's pretty	Не найдено!		pending	
dialogue:A2_SUBWAY.TXT:11:ost_construction_rayneslit	dialogue	A2_SUBWAY.TXT	11	ost_construction_rayneslit	Tell you what.. you bitches just slit your own throats now, and I’ll go easy on you.	Не найдено!		pending	
dialogue:A2_SUBWAY.TXT:12:ost_construction_raynesturdy	dialogue	A2_SUBWAY.TXT	12	ost_construction_raynesturdy	Seems sturdy enough.  Lets go for a ride.	Не найдено!		pending	
dialogue:A2_SUBWAY.TXT:13:ost_construction_raynesweat	dialogue	A2_SUBWAY.TXT	13	ost_construction_raynesweat	Don’t be so hard on them, I almost broke a sweat.	Ты слишком жестко их бьешь. Я сама чуть не вспотела.		pending	
dialogue:A2_SUBWAY.TXT:14:ost_firststation_getin0	dialogue	A2_SUBWAY.TXT	14	ost_firststation_getin0	Get the fuck in the car! Now!	Get the fuck in the car! Now!		pending	
dialogue:A2_SUBWAY.TXT:15:ost_firststation_getin1	dialogue	A2_SUBWAY.TXT	15	ost_firststation_getin1	Move it! Rapido, Schnell, Magnez-vou!	Move it! Rapido, Schnell, Magnez-vou!		pending	
dialogue:A2_SUBWAY.TXT:16:ost_firststation_holding	dialogue	A2_SUBWAY.TXT	16	ost_firststation_holding	Holding	Holding		pending	
dialogue:A2_SUBWAY.TXT:17:ost_firststation_letsgo	dialogue	A2_SUBWAY.TXT	17	ost_firststation_letsgo	Keep'em moving.  Next stop, Wetworks.	Keep'em moving.  Next stop, Wetworks.		pending	
dialogue:A2_SUBWAY.TXT:18:ost_firststation_stopher	dialogue	A2_SUBWAY.TXT	18	ost_firststation_stopher	Where'd she come from? Hold the train and box her in	Where'd she come from? Hold the train and box her in		pending	
dialogue:A2_SUBWAY.TXT:19:ost_head_coming	dialogue	A2_SUBWAY.TXT	19	ost_head_coming	She's coming this way.  Kill the power so she can't reroute to the train bay.	Она движется сюда. Вырубите ток, чтобы она не смогла свернуть в депо.		pending	
dialogue:A2_SUBWAY.TXT:20:ost_pen_calm	dialogue	A2_SUBWAY.TXT	20	ost_pen_calm	Calm down, another shipment should be in soon and you can have one off of that.	Успокойся, скоро поступит новая партия, можешь найти кого-нибудь там.		pending	
dialogue:A2_SUBWAY.TXT:21:ost_pen_complains	dialogue	A2_SUBWAY.TXT	21	ost_pen_complains	I swear if he complains about his stomach one more time, I'm pushing him in front of the next train.	Клянусь, если он еще раз пожалуется на желудок, я запихну его под следующий поезд.		pending	
dialogue:A2_SUBWAY.TXT:22:ost_pen_eats	dialogue	A2_SUBWAY.TXT	22	ost_pen_eats	Ladies not comes back with foods.. me needs to eat	Не найдено!		pending	
dialogue:A2_SUBWAY.TXT:23:ost_pen_eatyou	dialogue	A2_SUBWAY.TXT	23	ost_pen_eatyou	Train not hurt me, but I not get food soon... I eat you	Плевать на поезд, а не дадите пожрать... сожру вас.		pending	
dialogue:A2_SUBWAY.TXT:24:ost_pen_hear	dialogue	A2_SUBWAY.TXT	24	ost_pen_hear	I said calm down, I can hear your next meal coming	Я же сказал, успокойся. Я уже слышу - твоя еда уже едет.		pending	
dialogue:A2_SUBWAY.TXT:25:ost_pen_save	dialogue	A2_SUBWAY.TXT	25	ost_pen_save	Save some for me boys	Парни, мне оставьте.		pending	
dialogue:A2_SUBWAY.TXT:26:ost_pen_wait	dialogue	A2_SUBWAY.TXT	26	ost_pen_wait	Wait time is over!	Ожидание кончилось!		pending	
dialogue:A2_SUBWAY1.TXT:1:2s5_rayne_1.wav	dialogue	A2_SUBWAY1.TXT	1	2s5_rayne_1.wav	This is almost worse than the sewers.	This is almost worse than the sewers.		pending	
dialogue:A2_SUBWAY1.TXT:2:a2s5_brute_1.wav	dialogue	A2_SUBWAY1.TXT	2	a2s5_brute_1.wav	There is the Kestrel's pretty.	There is the Kestrel's pretty.		pending	
dialogue:A2_SUBWAY1.TXT:3:a2s5_brute_2.wav	dialogue	A2_SUBWAY1.TXT	3	a2s5_brute_2.wav	Going to eat her.	Going to eat her.		pending	
dialogue:A2_SUBWAY1.TXT:4:a2s5_brute_3.wav	dialogue	A2_SUBWAY1.TXT	4	a2s5_brute_3.wav	Butter my bread with her BONES!!	Butter my bread with her BONES!!		pending	
dialogue:A2_SUBWAY1.TXT:5:a2s5_fminion1_1.wav	dialogue	A2_SUBWAY1.TXT	5	a2s5_fminion1_1.wav	Let's go, bloodsacks. In the cars! Now!	Вперед, бурдюки с кровью. По вагонам! Быстро!		pending	
dialogue:A2_SUBWAY1.TXT:6:a2s5_fminion1_2.wav	dialogue	A2_SUBWAY1.TXT	6	a2s5_fminion1_2.wav	Where'd she come from? Hold the train and cut her off!	Откуда она появилась? Задержите поезд, уничтожьте ее!		pending	
dialogue:A2_SUBWAY1.TXT:7:a2s5_fminion1_3.wav	dialogue	A2_SUBWAY1.TXT	7	a2s5_fminion1_3.wav	Keep'em moving. Mistress is waiting.	Keep'em moving. Mistress is waiting.		pending	
dialogue:A2_SUBWAY1.TXT:8:a2s5_fminion1_4.wav	dialogue	A2_SUBWAY1.TXT	8	a2s5_fminion1_4.wav	He wants to play with you.	He wants to play with you.		pending	
dialogue:A2_SUBWAY1.TXT:9:a2s5_fminion1_5.wav	dialogue	A2_SUBWAY1.TXT	9	a2s5_fminion1_5.wav	So. Let's play.	So. Let's play.		pending	
dialogue:A2_SUBWAY1.TXT:10:a2s5_fminion1_6.wav	dialogue	A2_SUBWAY1.TXT	10	a2s5_fminion1_6.wav	He's hungry. You look good.	He's hungry. You look good.		pending	
dialogue:A2_SUBWAY1.TXT:11:a2s5_fminion1_7.wav	dialogue	A2_SUBWAY1.TXT	11	a2s5_fminion1_7.wav	He said-	He said-		pending	
dialogue:A2_SUBWAY1.TXT:12:a2s5_fminion1_8.wav	dialogue	A2_SUBWAY1.TXT	12	a2s5_fminion1_8.wav	Well. I thought it was pretty damn scary...	Well. I thought it was pretty damn scary...		pending	
dialogue:A2_SUBWAY1.TXT:13:a2s5_fminion2_1.wav	dialogue	A2_SUBWAY1.TXT	13	a2s5_fminion2_1.wav	Move it! No shoving! Plenty room for everybody!	Двигай! Не толкаться! Места всем хватит!		pending	
dialogue:A2_SUBWAY1.TXT:14:a2s5_fminion3_1.wav	dialogue	A2_SUBWAY1.TXT	14	a2s5_fminion3_1.wav	Move 'em out. Next stop, Wetworks.	Отправляй. Следующая станция - Ветворкс.		pending	
dialogue:A2_SUBWAY1.TXT:15:a2s5_rayne_10.wav	dialogue	A2_SUBWAY1.TXT	15	a2s5_rayne_10.wav	Oh. Playtime's over, then?	Oh. Playtime's over, then?		pending	
dialogue:A2_SUBWAY1.TXT:16:a2s5_rayne_11.wav	dialogue	A2_SUBWAY1.TXT	16	a2s5_rayne_11.wav	Yeah-yeah, I get it. Something really scary and threatening, right?	Yeah-yeah, I get it. Something really scary and threatening, right?		pending	
dialogue:A2_SUBWAY1.TXT:17:a2s5_rayne_12.wav	dialogue	A2_SUBWAY1.TXT	17	a2s5_rayne_12.wav	Seems sturdy enough and it sure beats walking.	Seems sturdy enough and it sure beats walking.		pending	
dialogue:A2_SUBWAY1.TXT:18:a2s5_rayne_2.wav	dialogue	A2_SUBWAY1.TXT	18	a2s5_rayne_2.wav	I like them just fine...	Я-то их люблю...		pending	
dialogue:A2_SUBWAY1.TXT:19:a2s5_rayne_3.wav	dialogue	A2_SUBWAY1.TXT	19	a2s5_rayne_3.wav	But they seem to have serious problem with me..	Они меня, похоже, не очень любят...		pending	
dialogue:A2_SUBWAY1.TXT:20:a2s5_rayne_4.wav	dialogue	A2_SUBWAY1.TXT	20	a2s5_rayne_4.wav	I'm boxed in here. Window's too thick to break. My loss.	Я здесь взаперти. Окна не разбиваются.		pending	
dialogue:A2_SUBWAY1.TXT:21:a2s5_rayne_5.wav	dialogue	A2_SUBWAY1.TXT	21	a2s5_rayne_5.wav	Gonna have to find another way in.	Надо искать другой способ попасть внутрь.		pending	
dialogue:A2_SUBWAY1.TXT:22:a2s5_rayne_6.wav	dialogue	A2_SUBWAY1.TXT	22	a2s5_rayne_6.wav	All right. Let's find out where the Candyland Express is headed.	All right. Let's find out where the Candyland Express is headed.		pending	
dialogue:A2_SUBWAY1.TXT:23:a2s5_rayne_7.wav	dialogue	A2_SUBWAY1.TXT	23	a2s5_rayne_7.wav	What'd it say?	What'd it say?		pending	
dialogue:A2_SUBWAY1.TXT:24:a2s5_rayne_8.wav	dialogue	A2_SUBWAY1.TXT	24	a2s5_rayne_8.wav	Probably could guessed that on my own.	Probably could guessed that on my own.		pending	
dialogue:A2_SUBWAY1.TXT:25:a2s5_rayne_9.wav	dialogue	A2_SUBWAY1.TXT	25	a2s5_rayne_9.wav	What was that?	What was that?		pending	
dialogue:A2_SUBWAY1.TXT:26:a2s5_severin_1.wav	dialogue	A2_SUBWAY1.TXT	26	a2s5_severin_1.wav	What's the matter? You don't like trains?	Что случилось? Поезда не любишь?		pending	
dialogue:A2_SUBWAY1.TXT:27:a2s5_severin_2.wav	dialogue	A2_SUBWAY1.TXT	27	a2s5_severin_2.wav	Hm. The minions need fresh air down there, even if the turned vampires don't. There's probably another vent shaft somewhere above it.	Гм. Обращенным вампирам свежий воздух ни к чему. А вот слугам он нужен. Выше должна быть другая вентиляционная шахта.		pending	
dialogue:A2_SUBWAY1.TXT:28:a2s5_severin_3.wav	dialogue	A2_SUBWAY1.TXT	28	a2s5_severin_3.wav	There's probably another vent shaft somewhere above it.	There's probably another vent shaft somewhere above it.		pending	
dialogue:A2_SUBWAY1.TXT:29:missiondescription	dialogue	A2_SUBWAY1.TXT	29	missiondescription	Construction Platform	Construction Platform		pending	
dialogue:A2_SUBWAY1.TXT:30:objectivebrutekill	dialogue	A2_SUBWAY1.TXT	30	objectivebrutekill	Destroy the Brute	Destroy the Brute		pending	
dialogue:A2_SUBWAY1.TXT:31:objectivecontrolpanel	dialogue	A2_SUBWAY1.TXT	31	objectivecontrolpanel	Enter the control room to restart the blocking train	Enter the control room to restart the blocking train		pending	
dialogue:A2_SUBWAY1.TXT:32:objectiveproceedfirststation	dialogue	A2_SUBWAY1.TXT	32	objectiveproceedfirststation	Proceed through tunnels to the first station	Proceed through tunnels to the first station		pending	
dialogue:A2_SUBWAY1.TXT:33:objectivetrainride	dialogue	A2_SUBWAY1.TXT	33	objectivetrainride	Take the platform train to the next doorway	Take the platform train to the next doorway		pending	
dialogue:A2_SUBWAY1.TXT:34:ost_objective_brutekill	dialogue	A2_SUBWAY1.TXT	34	ost_objective_brutekill	Destroy the Brute	Уничтожь Громилу		pending	
dialogue:A2_SUBWAY1.TXT:35:ost_objective_controlpanel	dialogue	A2_SUBWAY1.TXT	35	ost_objective_controlpanel	Enter the control room to restart the blocking train	Привести в движение поезд из комнаты диспетчера		pending	
dialogue:A2_SUBWAY1.TXT:36:ost_objective_proceedfirststation	dialogue	A2_SUBWAY1.TXT	36	ost_objective_proceedfirststation	Proceed through tunnels to the first station	Двигайтесь по туннелям к первой станции		pending	
dialogue:A2_SUBWAY1.TXT:37:ost_objective_trainride	dialogue	A2_SUBWAY1.TXT	37	ost_objective_trainride	Take the platform train to the next doorway	Подведите поезд к следующей двери		pending	
dialogue:A2_SUBWAY2.TXT:1:missiondescription	dialogue	A2_SUBWAY2.TXT	1	missiondescription	Generator Room	Generator Room		pending	
dialogue:A2_SUBWAY2.TXT:2:ost_bay_kestral2	dialogue	A2_SUBWAY2.TXT	2	ost_bay_kestral2	Look who’s come in time for dinner	Посмотрите, кто подошел к обеду!		pending	
dialogue:A2_SUBWAY2.TXT:3:ost_bay_kestral3	dialogue	A2_SUBWAY2.TXT	3	ost_bay_kestral3	Mmmm and this one looks delicious	Мммм, выглядит очень аппетитно		pending	
dialogue:A2_SUBWAY2.TXT:4:ost_bay_kestral4	dialogue	A2_SUBWAY2.TXT	4	ost_bay_kestral4	I told you this pretty would be more fun than the others	Говорила вам, что с этой красоткой будет интересней, чем с другими		pending	
dialogue:A2_SUBWAY2.TXT:5:ost_bay_rayne	dialogue	A2_SUBWAY2.TXT	5	ost_bay_rayne	Sorry ladies, but I’ve made other dinner plans.	Пардон, леди, но у меня другие планы на обед.		pending	
dialogue:A2_SUBWAY2.TXT:6:ost_construction_kestrelhowcould	dialogue	A2_SUBWAY2.TXT	6	ost_construction_kestrelhowcould	Those moron Brutes are good for nothing but manual labor.  How could they let you advance so far?	Those moron Brutes are good for nothing but manual labor.  How could they let you advance so far?		pending	
dialogue:A2_SUBWAY2.TXT:7:ost_construction_kestrelnumbers	dialogue	A2_SUBWAY2.TXT	7	ost_construction_kestrelnumbers	Strength in numbers I suppose.	Strength in numbers I suppose.		pending	
dialogue:A2_SUBWAY2.TXT:8:ost_construction_kestrelrun	dialogue	A2_SUBWAY2.TXT	8	ost_construction_kestrelrun	She appears to be tougher than she looks.  No worries, I’ll deal with her in time.ost_Pen_Eats,,Ladies not comes back with foods.. me needs to eat	She appears to be tougher than she looks.  No worries, I’ll deal with her in time.ost_Pen_Eats,,Ladies not comes back with foods.. me needs to eat		pending	
dialogue:A2_SUBWAY2.TXT:9:ost_construction_raynesweat	dialogue	A2_SUBWAY2.TXT	9	ost_construction_raynesweat	Don’t be so hard on them, I almost broke a sweat.	Ты слишком жестко их бьешь. Я сама чуть не вспотела.		pending	
dialogue:A2_SUBWAY2.TXT:10:ost_gen_sev_toss	dialogue	A2_SUBWAY2.TXT	10	ost_gen_sev_toss	Wires = Damaged, throw bodies too fix!!!11!	Wires = Damaged, throw bodies too fix!!!11!		pending	
dialogue:A2_SUBWAY2.TXT:11:ost_head_coming	dialogue	A2_SUBWAY2.TXT	11	ost_head_coming	She's coming this way.  Kill the power so she can't reroute to the train bay.	Она движется сюда. Вырубите ток, чтобы она не смогла свернуть в депо.		pending	
dialogue:A2_SUBWAY2.TXT:12:ost_pen_calm	dialogue	A2_SUBWAY2.TXT	12	ost_pen_calm	Calm down, another shipment should be in soon and you can have one off of that.	Успокойся, скоро поступит новая партия, можешь найти кого-нибудь там.		pending	
dialogue:A2_SUBWAY2.TXT:13:ost_pen_complains	dialogue	A2_SUBWAY2.TXT	13	ost_pen_complains	I swear if he complains about his stomach one more time, I'm pushing him in front of the next train.	Клянусь, если он еще раз пожалуется на желудок, я запихну его под следующий поезд.		pending	
dialogue:A2_SUBWAY2.TXT:14:ost_pen_eatyou	dialogue	A2_SUBWAY2.TXT	14	ost_pen_eatyou	Train not hurt me, but I not get food soon... I eat you	Плевать на поезд, а не дадите пожрать... сожру вас.		pending	
dialogue:A2_SUBWAY2.TXT:15:ost_pen_hear	dialogue	A2_SUBWAY2.TXT	15	ost_pen_hear	I said calm down, I can hear your next meal coming	Я же сказал, успокойся. Я уже слышу - твоя еда уже едет.		pending	
dialogue:A2_SUBWAY2.TXT:16:ost_pen_save	dialogue	A2_SUBWAY2.TXT	16	ost_pen_save	Save some for me boys	Парни, мне оставьте.		pending	
dialogue:A2_SUBWAY2.TXT:17:ost_pen_wait	dialogue	A2_SUBWAY2.TXT	17	ost_pen_wait	Wait time is over!	Ожидание кончилось!		pending	
dialogue:A2_UNIONSTATION.TXT:1:missiondescription	dialogue	A2_UNIONSTATION.TXT	1	missiondescription	Union Station Nightclub	Вокзал: Дискотека		pending	
dialogue:A2_UNIONSTATION.TXT:2:objectivebarexit	dialogue	A2_UNIONSTATION.TXT	2	objectivebarexit	Find an exit from the bar	Найти выход из бара		pending	
dialogue:A2_UNIONSTATION.TXT:3:objectivedocks	dialogue	A2_UNIONSTATION.TXT	3	objectivedocks	Get to Ray Ray's Meats loading docks	"Пробраться на погрузочную площадку ""Мясопродуктов Рей Рея"""		pending	
dialogue:A2_UNIONSTATION.TXT:4:objectiverooftops	dialogue	A2_UNIONSTATION.TXT	4	objectiverooftops	Track the Dhampir to the rooftops	Проследовать за дампиром на крышу		pending	
dialogue:A2_UNIONSTATION.TXT:5:objectivestreets	dialogue	A2_UNIONSTATION.TXT	5	objectivestreets	Find a way down to street level	Найти способ спуститься вниз		pending	
dialogue:A2_UNIONSTATION.TXT:6:objectivetunnel	dialogue	A2_UNIONSTATION.TXT	6	objectivetunnel	Follow the minion's truck	Проследовать за грузовиком слуг		pending	
dialogue:A2_UNIONSTATION.TXT:7:ost_fixme_cantopenthatyet	dialogue	A2_UNIONSTATION.TXT	7	ost_fixme_cantopenthatyet	you cannot open that yet...	Сейчас открыть невозможно...		pending	
dialogue:A2_UNIONSTATION.TXT:8:ost_fixme_desc_explosion1	dialogue	A2_UNIONSTATION.TXT	8	ost_fixme_desc_explosion1	Kestrel activates the demolition charges and destroy the tunnel	Kestrel activates the demolition charges and destroy the tunnel		pending	
dialogue:A2_UNIONSTATION.TXT:9:ost_fixme_desc_explosion2	dialogue	A2_UNIONSTATION.TXT	9	ost_fixme_desc_explosion2	Explosions race toward Rayne	Explosions race toward Rayne		pending	
dialogue:A2_UNIONSTATION.TXT:10:ost_fixme_desc_streets1	dialogue	A2_UNIONSTATION.TXT	10	ost_fixme_desc_streets1	Severin radio chat: The punks are falling back to the old Union Station building	Severin radio chat: The punks are falling back to the old Union Station building		pending	
dialogue:A2_UNIONSTATION.TXT:11:ost_fixme_desc_streets2	dialogue	A2_UNIONSTATION.TXT	11	ost_fixme_desc_streets2	Watching Thugs prepare defensive barricades, nearly completed	Watching Thugs prepare defensive barricades, nearly completed		pending	
dialogue:A2_UNIONSTATION.TXT:12:ost_fixme_desc_streets3	dialogue	A2_UNIONSTATION.TXT	12	ost_fixme_desc_streets3	Thugs use cover to pepper Rayne with small arms fire	Thugs use cover to pepper Rayne with small arms fire		pending	
dialogue:A2_UNIONSTATION.TXT:13:ost_fixme_desc_trainbay1	dialogue	A2_UNIONSTATION.TXT	13	ost_fixme_desc_trainbay1	Showdown Between Rayne and Kestrel & Her Men.	Showdown Between Rayne and Kestrel & Her Men.		pending	
dialogue:A2_UNIONSTATION.TXT:14:ost_fixme_desc_warppointson	dialogue	A2_UNIONSTATION.TXT	14	ost_fixme_desc_warppointson	Warp Cheat Activated	Warp Cheat Activated		pending	
dialogue:A2_UNIONSTATION.TXT:15:ost_fixme_discussion_mooks1	dialogue	A2_UNIONSTATION.TXT	15	ost_fixme_discussion_mooks1	Minions discuss their shooting prowess	Minions discuss their shooting prowess		pending	
dialogue:A2_UNIONSTATION.TXT:16:ost_fixme_discussion_mooks2	dialogue	A2_UNIONSTATION.TXT	16	ost_fixme_discussion_mooks2	Minions discussing burning Rayne out of the vents with their new flamethrowers	Слуги обсуждают, как взорвать Рейн в вентиляционных шахтах гранатами		pending	
dialogue:A2_UNIONSTATION.TXT:17:ost_fixme_discussion_mooks3	dialogue	A2_UNIONSTATION.TXT	17	ost_fixme_discussion_mooks3	Minions spot Rayne and begin firing their Flamethrowers into the vents	Minions spot Rayne and begin firing their Flamethrowers into the vents		pending	
dialogue:A2_UNIONSTATION.TXT:18:ost_fixme_discussion_severenrayne1	dialogue	A2_UNIONSTATION.TXT	18	ost_fixme_discussion_severenrayne1	Severen saves Rayne from the explosions and briefs her on what is happening in the club	Severen saves Rayne from the explosions and briefs her on what is happening in the club		pending	
dialogue:A2_UNIONSTATION.TXT:19:ost_fixme_kestrelflee	dialogue	A2_UNIONSTATION.TXT	19	ost_fixme_kestrelflee	Kestrel flees, setting off explosive charges to slow down Rayne	Kestrel flees, setting off explosive charges to slow down Rayne		pending	
dialogue:A2_UNIONSTATION.TXT:20:ost_fixme_level_change	dialogue	A2_UNIONSTATION.TXT	20	ost_fixme_level_change	Move forward to exit	Move forward to exit		pending	
dialogue:A2_UNIONSTATION.TXT:21:ost_fixme_rayneseestheexplosions	dialogue	A2_UNIONSTATION.TXT	21	ost_fixme_rayneseestheexplosions	Rayne sees the explosions racing toward her, turns and runs	Rayne sees the explosions racing toward her, turns and runs		pending	
dialogue:A2_UNIONSTATION.TXT:22:ost_fixme_raynespotsseverenandmakesabreakforhim	dialogue	A2_UNIONSTATION.TXT	22	ost_fixme_raynespotsseverenandmakesabreakforhim	Rayne sees Severen open an access door and runs toward him	Rayne sees Severen open an access door and runs toward him		pending	
dialogue:A2_UNIONSTATION.TXT:23:ost_fixme_temp_cine	dialogue	A2_UNIONSTATION.TXT	23	ost_fixme_temp_cine	Temporary Cinematic	Temporary Cinematic		pending	
dialogue:A2_UNIONSTATION.TXT:24:ost_fixme_temp_demo	dialogue	A2_UNIONSTATION.TXT	24	ost_fixme_temp_demo	Warp triggers enabled	Warp triggers enabled		pending	
dialogue:A2_UNIONSTATION.TXT:25:ost_tunnel_backtrack	dialogue	A2_UNIONSTATION.TXT	25	ost_tunnel_backtrack	There is nothing back there worth investigating	Не найдено!		pending	
dialogue:A2_UNIONSTATION_PART1.TXT:1:a2s2_ephemera_10.wav	dialogue	A2_UNIONSTATION_PART1.TXT	1	a2s2_ephemera_10.wav	How could you... ?!	EPHEMERA: How could you... ?!		pending	
dialogue:A2_UNIONSTATION_PART1.TXT:2:a2s2_ephemera_11.wav	dialogue	A2_UNIONSTATION_PART1.TXT	2	a2s2_ephemera_11.wav	We chose a bad place to fight, little assassin.	ЭФЕМЕРА: Это не совсем то место, маленькая убийца.		pending	
dialogue:A2_UNIONSTATION_PART1.TXT:3:a2s2_ephemera_12.wav	dialogue	A2_UNIONSTATION_PART1.TXT	3	a2s2_ephemera_12.wav	You're more... interesting than I thought. We'll meet again?	ЭФЕМЕРА: А ты... интересней, чем я думала. Мы еще встретимся?		pending	
dialogue:A2_UNIONSTATION_PART1.TXT:4:a2s2_ephemera_7.wav	dialogue	A2_UNIONSTATION_PART1.TXT	4	a2s2_ephemera_7.wav	Dhampir? I knew we had an intruder, but I thought you'd at least be fullblood...	ЭФЕМЕРА: Дампир? Я слышала о чужаке, но думала, что ты хотя бы чистокровная...		pending	
dialogue:A2_UNIONSTATION_PART1.TXT:5:a2s2_ephemera_8.wav	dialogue	A2_UNIONSTATION_PART1.TXT	5	a2s2_ephemera_8.wav	You're the one that took dear brother Zerenzki from us?	ЭФЕМЕРА: Так ты та, кто лишил нас Зерински, дорогого брата?		pending	
dialogue:A2_UNIONSTATION_PART1.TXT:6:a2s2_ephemera_9.wav	dialogue	A2_UNIONSTATION_PART1.TXT	6	a2s2_ephemera_9.wav	Interesting. And what did you hope to prove?	ЭФЕМЕРА: Интересно. И что же ты хочешь доказать?		pending	
dialogue:A2_UNIONSTATION_PART1.TXT:7:a2s2_fminion1_1.wav	dialogue	A2_UNIONSTATION_PART1.TXT	7	a2s2_fminion1_1.wav	Who's there? Come back. Anybody... ?	MINION: Who's there? Come back. Anybody... ?		pending	
dialogue:A2_UNIONSTATION_PART1.TXT:8:a2s2_fminion1_10.wav	dialogue	A2_UNIONSTATION_PART1.TXT	8	a2s2_fminion1_10.wav	Listen, bar the door. I ain't going out there until we get some back-up down here.	MINION: Listen, bar the door. I ain't going out there until we get some back-up down here.		pending	
dialogue:A2_UNIONSTATION_PART1.TXT:9:a2s2_fminion1_11.wav	dialogue	A2_UNIONSTATION_PART1.TXT	9	a2s2_fminion1_11.wav	Hear that. Once you're turned you can see in the dark, you can smell shit from like a mile away, and you're strong as a bull.	MINION: Hear that. Once you're turned you can see in the dark, you can smell shit from like a mile away, and you're strong as a bull.		pending	
dialogue:A2_UNIONSTATION_PART1.TXT:10:a2s2_fminion1_12.wav	dialogue	A2_UNIONSTATION_PART1.TXT	10	a2s2_fminion1_12.wav	But I heard there's no telling how you're gonna turn out when the Mistress gives you the gift.	MINION: But I heard there's no telling how you're gonna turn out when the Mistress gives you the gift.		pending	
dialogue:A2_UNIONSTATION_PART1.TXT:11:a2s2_fminion1_13.wav	dialogue	A2_UNIONSTATION_PART1.TXT	11	a2s2_fminion1_13.wav	Huh. Guess I'll never get turned then.	MINION: Huh. Guess I'll never get turned then.		pending	
dialogue:A2_UNIONSTATION_PART1.TXT:12:a2s2_fminion1_14.wav	dialogue	A2_UNIONSTATION_PART1.TXT	12	a2s2_fminion1_14.wav	Hear that...	MINION: Hear that...		pending	
dialogue:A2_UNIONSTATION_PART1.TXT:13:a2s2_fminion1_15.wav	dialogue	A2_UNIONSTATION_PART1.TXT	13	a2s2_fminion1_15.wav	She's in the vents!	MINION: She's in the vents!		pending	
dialogue:A2_UNIONSTATION_PART1.TXT:14:a2s2_fminion1_16.wav	dialogue	A2_UNIONSTATION_PART1.TXT	14	a2s2_fminion1_16.wav	There's a stray bloodbag...	MINION: There's a stray bloodbag...		pending	
dialogue:A2_UNIONSTATION_PART1.TXT:15:a2s2_fminion1_17.wav	dialogue	A2_UNIONSTATION_PART1.TXT	15	a2s2_fminion1_17.wav	Naw, don't bother we got enough to fill the order. Just go ahead and drop her.	MINION: Naw, don't bother we got enough to fill the order. Just go ahead and drop her.		pending	
dialogue:A2_UNIONSTATION_PART1.TXT:16:a2s2_fminion1_18.wav	dialogue	A2_UNIONSTATION_PART1.TXT	16	a2s2_fminion1_18.wav	Pin her down!!	MINION: Pin her down!!		pending	
dialogue:A2_UNIONSTATION_PART1.TXT:17:a2s2_fminion1_19.wav	dialogue	A2_UNIONSTATION_PART1.TXT	17	a2s2_fminion1_19.wav	Just don't let her get any closer! We got help coming!	MINION: Just don't let her get any closer! We got help coming!		pending	
dialogue:A2_UNIONSTATION_PART1.TXT:18:a2s2_fminion1_2.wav	dialogue	A2_UNIONSTATION_PART1.TXT	18	a2s2_fminion1_2.wav	But... maybe the tunnel's just creating too much interference to hear them?	MINION: MINION: But... maybe the tunnel's just creating too much interference to hear them?		pending	
dialogue:A2_UNIONSTATION_PART1.TXT:19:a2s2_fminion1_20.wav	dialogue	A2_UNIONSTATION_PART1.TXT	19	a2s2_fminion1_20.wav	Huh. That was a pretty frantic call for one little girl.	СЛУГА: Столько шума и суеты из-за одной девчонки.		pending	
dialogue:A2_UNIONSTATION_PART1.TXT:20:a2s2_fminion1_21.wav	dialogue	A2_UNIONSTATION_PART1.TXT	20	a2s2_fminion1_21.wav	Faster we lock this section down the faster we can get the hell outta here.	СЛУГА: Чем быстрее мы перекроем эту хрень, тем быстрее смоемся отсюда.		pending	
dialogue:A2_UNIONSTATION_PART1.TXT:21:a2s2_fminion1_22.wav	dialogue	A2_UNIONSTATION_PART1.TXT	21	a2s2_fminion1_22.wav	Another one? Damn, man, you've torn through, like, 400 rounds tonight...	MINION: Another one? Damn, man, you've torn through, like, 400 rounds tonight...		pending	
dialogue:A2_UNIONSTATION_PART1.TXT:22:a2s2_fminion1_23.wav	dialogue	A2_UNIONSTATION_PART1.TXT	22	a2s2_fminion1_23.wav	What??	СЛУГА: Что?		pending	
dialogue:A2_UNIONSTATION_PART1.TXT:23:a2s2_fminion1_24.wav	dialogue	A2_UNIONSTATION_PART1.TXT	23	a2s2_fminion1_24.wav	We're getting' our asses handed to us here.	СЛУГА: Вот тут нам задницы и поотрывают!		pending	
dialogue:A2_UNIONSTATION_PART1.TXT:24:a2s2_fminion1_3.wav	dialogue	A2_UNIONSTATION_PART1.TXT	24	a2s2_fminion1_3.wav	Don't screw around hit her hard and fast!	MINION: Don't screw around hit her hard and fast!		pending	
dialogue:A2_UNIONSTATION_PART1.TXT:25:a2s2_fminion1_4.wav	dialogue	A2_UNIONSTATION_PART1.TXT	25	a2s2_fminion1_4.wav	Just don't let her get into the god-damn ventilation system!	MINION: Just don't let her get into the god-damn ventilation system!		pending	
dialogue:A2_UNIONSTATION_PART1.TXT:26:a2s2_fminion1_5.wav	dialogue	A2_UNIONSTATION_PART1.TXT	26	a2s2_fminion1_5.wav	Here, crackhead-crackhead...	MINION: Here, crackhead-crackhead...		pending	
dialogue:A2_UNIONSTATION_PART1.TXT:27:a2s2_fminion1_6.wav	dialogue	A2_UNIONSTATION_PART1.TXT	27	a2s2_fminion1_6.wav	We did. But some of that first group didn't hold up so well in transit. We're just supposed to top off the shipment.	MINION: We did. But some of that first group didn't hold up so well in transit. We're just supposed to top off the shipment.		pending	
dialogue:A2_UNIONSTATION_PART1.TXT:28:a2s2_fminion1_7.wav	dialogue	A2_UNIONSTATION_PART1.TXT	28	a2s2_fminion1_7.wav	Good question... see, I think it's because bums got no homes. So when it gets cold outside, they get cold too. So maybe they use the fires to stay warm...	MINION: Good question... see, I think it's because bums got no homes. So when it gets cold outside, they get cold too. So maybe they use the fires to stay warm...		pending	
dialogue:A2_UNIONSTATION_PART1.TXT:29:a2s2_fminion1_8.wav	dialogue	A2_UNIONSTATION_PART1.TXT	29	a2s2_fminion1_8.wav	You hear anything?	MINION: You hear anything?		pending	
dialogue:A2_UNIONSTATION_PART1.TXT:30:a2s2_fminion1_9.wav	dialogue	A2_UNIONSTATION_PART1.TXT	30	a2s2_fminion1_9.wav	No way!	MINION: No way!		pending	
dialogue:A2_UNIONSTATION_PART1.TXT:31:a2s2_fminion2_1.wav	dialogue	A2_UNIONSTATION_PART1.TXT	31	a2s2_fminion2_1.wav	Ulp! She-she took out a Kestrel...	MINION: Ulp! She-she took out a Kestrel...		pending	
dialogue:A2_UNIONSTATION_PART1.TXT:32:a2s2_fminion2_10.wav	dialogue	A2_UNIONSTATION_PART1.TXT	32	a2s2_fminion2_10.wav	Who is that??	MINION: Who is that??		pending	
dialogue:A2_UNIONSTATION_PART1.TXT:33:a2s2_fminion2_11.wav	dialogue	A2_UNIONSTATION_PART1.TXT	33	a2s2_fminion2_11.wav	Yeah, but she moves like Kestrel.	MINION: Yeah, but she moves like Kestrel.		pending	
dialogue:A2_UNIONSTATION_PART1.TXT:34:a2s2_fminion2_12.wav	dialogue	A2_UNIONSTATION_PART1.TXT	34	a2s2_fminion2_12.wav	Maybe. But the long guns ain't shootin'. Be careful.	СЛУГА: Может быть. Но пушки молчат. Будьте осторожны.		pending	
dialogue:A2_UNIONSTATION_PART1.TXT:35:a2s2_fminion2_13.wav	dialogue	A2_UNIONSTATION_PART1.TXT	35	a2s2_fminion2_13.wav	Oh my God-what's going on here?!	СЛУГА: Боже! Че там творится?		pending	
dialogue:A2_UNIONSTATION_PART1.TXT:36:a2s2_fminion2_14.wav	dialogue	A2_UNIONSTATION_PART1.TXT	36	a2s2_fminion2_14.wav	All right, pass me another belt.	MINION: All right, pass me another belt.		pending	
dialogue:A2_UNIONSTATION_PART1.TXT:37:a2s2_fminion2_15.wav	dialogue	A2_UNIONSTATION_PART1.TXT	37	a2s2_fminion2_15.wav	Yeah, and I'm just starting. Been waiting for this for years. I'm taking apart anything that moves.	MINION: Yeah, and I'm just starting. Been waiting for this for years. I'm taking apart anything that moves.		pending	
dialogue:A2_UNIONSTATION_PART1.TXT:38:a2s2_fminion2_16.wav	dialogue	A2_UNIONSTATION_PART1.TXT	38	a2s2_fminion2_16.wav	... Including that monster dhampir everybody's crying about. I get her in my sights, and we're gonna see some crying.	MINION: ... Including that monster dhampir everybody's crying about. I get her in my sights, and we're gonna see some crying.		pending	
dialogue:A2_UNIONSTATION_PART1.TXT:39:a2s2_fminion2_17.wav	dialogue	A2_UNIONSTATION_PART1.TXT	39	a2s2_fminion2_17.wav	Retreat! Drop the exit! Do it now!	СЛУГА: Отходим! Опускайте лестницу! Быстрее!		pending	
dialogue:A2_UNIONSTATION_PART1.TXT:40:a2s2_fminion2_2.wav	dialogue	A2_UNIONSTATION_PART1.TXT	40	a2s2_fminion2_2.wav	Hey. Thought we filled the order already?	MINION: Hey. Thought we filled the order already?		pending	
dialogue:A2_UNIONSTATION_PART1.TXT:41:a2s2_fminion2_3.wav	dialogue	A2_UNIONSTATION_PART1.TXT	41	a2s2_fminion2_3.wav	Heh. What is it about bums and barrel fires?	MINION: Heh. What is it about bums and barrel fires?		pending	
dialogue:A2_UNIONSTATION_PART1.TXT:42:a2s2_fminion2_4.wav	dialogue	A2_UNIONSTATION_PART1.TXT	42	a2s2_fminion2_4.wav	Thought I did, but not anymore. Maybe its gone.	MINION: Thought I did, but not anymore. Maybe its gone.		pending	
dialogue:A2_UNIONSTATION_PART1.TXT:43:a2s2_fminion2_5.wav	dialogue	A2_UNIONSTATION_PART1.TXT	43	a2s2_fminion2_5.wav	Yah, forget it. I ain't carryin' anything heavy enough to stop that monster-definitely not this Mac 10.	MINION: Yah, forget it. I ain't carryin' anything heavy enough to stop that monster-definitely not this Mac 10.		pending	
dialogue:A2_UNIONSTATION_PART1.TXT:44:a2s2_fminion2_6.wav	dialogue	A2_UNIONSTATION_PART1.TXT	44	a2s2_fminion2_6.wav	That's the truth! You ever see those turned vampires over at the plant? Holy Jeez, those guys are enormous!	MINION: That's the truth! You ever see those turned vampires over at the plant? Holy Jeez, those guys are enormous!		pending	
dialogue:A2_UNIONSTATION_PART1.TXT:45:a2s2_fminion2_7.wav	dialogue	A2_UNIONSTATION_PART1.TXT	45	a2s2_fminion2_7.wav	Yeah, that's two of us. My life for the Mistress, but I'll feel a whole lot more loyal when reinforcements show up.	MINION: Yeah, that's two of us. My life for the Mistress, but I'll feel a whole lot more loyal when reinforcements show up.		pending	
dialogue:A2_UNIONSTATION_PART1.TXT:46:a2s2_fminion2_8.wav	dialogue	A2_UNIONSTATION_PART1.TXT	46	a2s2_fminion2_8.wav	Blow her out! Fire in the hole!	MINION: Blow her out! Fire in the hole!		pending	
dialogue:A2_UNIONSTATION_PART1.TXT:47:a2s2_fminion2_9.wav	dialogue	A2_UNIONSTATION_PART1.TXT	47	a2s2_fminion2_9.wav	Ugh. Hold on-I'll get her.	MINION: Ugh. Hold on-I'll get her.		pending	
dialogue:A2_UNIONSTATION_PART1.TXT:48:a2s2_fminion3_1.wav	dialogue	A2_UNIONSTATION_PART1.TXT	48	a2s2_fminion3_1.wav	What!? I thought only the Masters could do that?!	MINION: What!? I thought only the Masters could do that?!		pending	
dialogue:A2_UNIONSTATION_PART1.TXT:49:a2s2_fminion3_2.wav	dialogue	A2_UNIONSTATION_PART1.TXT	49	a2s2_fminion3_2.wav	We should go out and check.	MINION: We should go out and check.		pending	
dialogue:A2_UNIONSTATION_PART1.TXT:50:a2s2_fminion3_3.wav	dialogue	A2_UNIONSTATION_PART1.TXT	50	a2s2_fminion3_3.wav	He's right. Man, I'm tired of sucking hind tit to dhampir. I can't wait to get turned.	MINION: He's right. Man, I'm tired of sucking hind tit to dhampir. I can't wait to get turned.		pending	
dialogue:A2_UNIONSTATION_PART1.TXT:51:a2s2_fminion3_4.wav	dialogue	A2_UNIONSTATION_PART1.TXT	51	a2s2_fminion3_4.wav	Well, I'll tell you for sure-ain't none of us gonna get turned if we don't impress the Mistress. And that means going out there.	MINION: Well, I'll tell you for sure-ain't none of us gonna get turned if we don't impress the Mistress. And that means going out there.		pending	
dialogue:A2_UNIONSTATION_PART1.TXT:52:a2s2_fminion3_5.wav	dialogue	A2_UNIONSTATION_PART1.TXT	52	a2s2_fminion3_5.wav	What was that?!?	MINION: What was that?!?		pending	
dialogue:A2_UNIONSTATION_PART1.TXT:53:a2s2_fminion3_6.wav	dialogue	A2_UNIONSTATION_PART1.TXT	53	a2s2_fminion3_6.wav	You wanna go down and ask her? All I know is she ain't Minion and she ain't Kestrel!	MINION: You wanna go down and ask her? All I know is she ain't Minion and she ain't Kestrel!		pending	
dialogue:A2_UNIONSTATION_PART1.TXT:54:a2s2_fminion3_7.wav	dialogue	A2_UNIONSTATION_PART1.TXT	54	a2s2_fminion3_7.wav	There more of you around, lady?	СЛУГА: Леди, а вас таких много?		pending	
dialogue:A2_UNIONSTATION_PART1.TXT:55:a2s2_fminion3_8.wav	dialogue	A2_UNIONSTATION_PART1.TXT	55	a2s2_fminion3_8.wav	But be careful! None of that up there looks too solid.	СЛУГА: Эй, осторожней! Там все такое хлипкое.		pending	
dialogue:A2_UNIONSTATION_PART1.TXT:56:a2s2_kestrel1_15.wav	dialogue	A2_UNIONSTATION_PART1.TXT	56	a2s2_kestrel1_15.wav	Nobody left! Bring tunnel down!	KESTREL: Nobody left! Bring tunnel down!		pending	
dialogue:A2_UNIONSTATION_PART1.TXT:57:a2s2_kestrel1_16.wav	dialogue	A2_UNIONSTATION_PART1.TXT	57	a2s2_kestrel1_16.wav	Stupid-stupid! No question!! Just DO! Never mind I do instead!	KESTREL: Stupid-stupid! No question!! Just DO! Never mind I do instead!		pending	
dialogue:A2_UNIONSTATION_PART1.TXT:58:a2s2_kestrel1_17.wav	dialogue	A2_UNIONSTATION_PART1.TXT	58	a2s2_kestrel1_17.wav	You still in play, Pretty? Thought maybe you got left behind in the noise...	КЕСТРЕЛ: Ты еще здесь, красотка? Думала, мы потеряли тебя в этом шуме...		pending	
dialogue:A2_UNIONSTATION_PART1.TXT:59:a2s2_kestrel1_18.wav	dialogue	A2_UNIONSTATION_PART1.TXT	59	a2s2_kestrel1_18.wav	Oh, you see. We like a big bang. Like a big surprise, too!	КЕСТРЕЛ: О, мы любим пошуметь. А еще будет большой сюрприз!		pending	
dialogue:A2_UNIONSTATION_PART1.TXT:60:a2s2_kestrel1_19.wav	dialogue	A2_UNIONSTATION_PART1.TXT	60	a2s2_kestrel1_19.wav	Tch. OK. You too tough, then. Stay tough, Pretty...	КЕСТРЕЛ: О, какая ты крутая. Не растеряй крутизну, красотка...		pending	
dialogue:A2_UNIONSTATION_PART1.TXT:61:a2s2_kestrel1_20.wav	dialogue	A2_UNIONSTATION_PART1.TXT	61	a2s2_kestrel1_20.wav	Finish round-up. Meet Shepherds at Club...	КЕСТРЕЛ: Заканчивает сгонять стадо. Встреча в Клубе...		pending	
dialogue:A2_UNIONSTATION_PART1.TXT:62:a2s2_kestrel1_21.wav	dialogue	A2_UNIONSTATION_PART1.TXT	62	a2s2_kestrel1_21.wav	He-heee! It gonna rain, Pretty!!	KESTREL: He-heee! It gonna rain, Pretty!!		pending	
dialogue:A2_UNIONSTATION_PART1.TXT:63:a2s2_kestrel1_22.wav	dialogue	A2_UNIONSTATION_PART1.TXT	63	a2s2_kestrel1_22.wav	Was just leaving! To a better world, Pretty!	КЕСТРЕЛ: А я уже уходила! В лучший мир, красотка!		pending	
dialogue:A2_UNIONSTATION_PART1.TXT:64:a2s2_kestrel1_23.wav	dialogue	A2_UNIONSTATION_PART1.TXT	64	a2s2_kestrel1_23.wav	Not so tough. Huh, pretty?	KESTREL: Not so tough. Huh, pretty?		pending	
dialogue:A2_UNIONSTATION_PART1.TXT:65:a2s2_kestrel1_24.wav	dialogue	A2_UNIONSTATION_PART1.TXT	65	a2s2_kestrel1_24.wav		KESTREL:		blank	English display is empty; clear RU-only speaker prefix
dialogue:A2_UNIONSTATION_PART1.TXT:66:a2s2_kestrel2_3.wav	dialogue	A2_UNIONSTATION_PART1.TXT	66	a2s2_kestrel2_3.wav	HA! True-true! We very loud tonight! Don't care! World needs be scared. We taking over! We coming out!	КЕСТРЕЛ: Ха! Да-да! Мы много шумим этой ночью. Так и надо! Пора миру вздрогнуть. Мы идем! Наше время!		pending	
dialogue:A2_UNIONSTATION_PART1.TXT:67:a2s2_kestrel2_4.wav	dialogue	A2_UNIONSTATION_PART1.TXT	67	a2s2_kestrel2_4.wav	True-true! You big surprise, Pretty-play so rough. You wanna play our side, maybe?	КЕСТРЕЛ: Да-да! Ты тоже сюрприз, красотка. Такая жесткая. Может, сыграешь на нашей стороне?		pending	
dialogue:A2_UNIONSTATION_PART1.TXT:68:a2s2_kestrel2_5.wav	dialogue	A2_UNIONSTATION_PART1.TXT	68	a2s2_kestrel2_5.wav	Raawwwk!! Come on, Loestrum! Still got work to do! Finish pretty AFTER!!	КЕСТРЕЛ: Ра-а-а-ук! Лострум! У нас еще много дел! Кончим красотку ПОЗЖЕ!		pending	
dialogue:A2_UNIONSTATION_PART1.TXT:69:a2s2_kestrel2_6.wav	dialogue	A2_UNIONSTATION_PART1.TXT	69	a2s2_kestrel2_6.wav	Huh-uh. This road closed! But maybe you find another way, huh?	KESTREL: Huh-uh. This road closed! But maybe you find another way, huh?		pending	
dialogue:A2_UNIONSTATION_PART1.TXT:70:a2s2_rayne_1.wav	dialogue	A2_UNIONSTATION_PART1.TXT	70	a2s2_rayne_1.wav	What's going on here? Somebody must really have it in for tunnels.	RAYNE: What's going on here? Somebody must really have it in for tunnels.		pending	
dialogue:A2_UNIONSTATION_PART1.TXT:71:a2s2_rayne_10.wav	dialogue	A2_UNIONSTATION_PART1.TXT	71	a2s2_rayne_10.wav	Yeah... sorry, ladies. I'm hanging onto my indie status. Free agency's where it's at.	РЕЙН: Не-а, девочки. Мне нравится моя независимость. Сама себе хозяйка.		pending	
dialogue:A2_UNIONSTATION_PART1.TXT:72:a2s2_rayne_11.wav	dialogue	A2_UNIONSTATION_PART1.TXT	72	a2s2_rayne_11.wav	Nice try, Kestrel. But it's the end of the line. Where's the other one?	РЕЙН: Неплохая попытка, Кестрел. Но провальная. Где же вторая?		pending	
dialogue:A2_UNIONSTATION_PART1.TXT:73:a2s2_rayne_12.wav	dialogue	A2_UNIONSTATION_PART1.TXT	73	a2s2_rayne_12.wav	Not so fast, Kestrel. I'm right behind you.	RAYNE: Not so fast, Kestrel. I'm right behind you.		pending	
dialogue:A2_UNIONSTATION_PART1.TXT:74:a2s2_rayne_13.wav	dialogue	A2_UNIONSTATION_PART1.TXT	74	a2s2_rayne_13.wav	That's what ya call an urban myth. Chumps.	РЕЙН: Вот вам и городской миф. Просто дуболомы.		pending	
dialogue:A2_UNIONSTATION_PART1.TXT:75:a2s2_rayne_14.wav	dialogue	A2_UNIONSTATION_PART1.TXT	75	a2s2_rayne_14.wav	Hi! I'm not interrupting, am I?	РЕЙН: Привет! Надеюсь, я не помешала?		pending	
dialogue:A2_UNIONSTATION_PART1.TXT:76:a2s2_rayne_15.wav	dialogue	A2_UNIONSTATION_PART1.TXT	76	a2s2_rayne_15.wav	Yeah, well. I'm gonna send you to a different one anyway.	РЕЙН: Я-то точно отправлю тебя в другой мир.		pending	
dialogue:A2_UNIONSTATION_PART1.TXT:77:a2s2_rayne_16.wav	dialogue	A2_UNIONSTATION_PART1.TXT	77	a2s2_rayne_16.wav	Whoa. These are kinda shakey.	РЕЙН: Ох, все такое шаткое.		pending	
dialogue:A2_UNIONSTATION_PART1.TXT:78:a2s2_rayne_17.wav	dialogue	A2_UNIONSTATION_PART1.TXT	78	a2s2_rayne_17.wav	Hey! You kids be careful up here. You're gonna catch your deaths!	РЕЙН: Эй, детишки! Осторожней наверху, не сверните шеи!		pending	
dialogue:A2_UNIONSTATION_PART1.TXT:79:a2s2_rayne_18.wav	dialogue	A2_UNIONSTATION_PART1.TXT	79	a2s2_rayne_18.wav	Looks like they've mopped up here, too. But...	RAYNE: Looks like they've mopped up here, too. But...		pending	
dialogue:A2_UNIONSTATION_PART1.TXT:80:a2s2_rayne_19.wav	dialogue	A2_UNIONSTATION_PART1.TXT	80	a2s2_rayne_19.wav	Somebody's staying up late.	RAYNE: Somebody's staying up late.		pending	
dialogue:A2_UNIONSTATION_PART1.TXT:81:a2s2_rayne_2.wav	dialogue	A2_UNIONSTATION_PART1.TXT	81	a2s2_rayne_2.wav	Oh yeah. That figures...	RAYNE: Oh yeah. That figures...		pending	
dialogue:A2_UNIONSTATION_PART1.TXT:82:a2s2_rayne_20.wav	dialogue	A2_UNIONSTATION_PART1.TXT	82	a2s2_rayne_20.wav	C'mon, guys-I'm supposed to be on the guest list...	RAYNE: C'mon, guys-I'm supposed to be on the guest list...		pending	
dialogue:A2_UNIONSTATION_PART1.TXT:83:a2s2_rayne_21.wav	dialogue	A2_UNIONSTATION_PART1.TXT	83	a2s2_rayne_21.wav	This joint must be slammin' it's really hard to get into.	RAYNE: This joint must be slammin' it's really hard to get into.		pending	
dialogue:A2_UNIONSTATION_PART1.TXT:84:a2s2_rayne_22.wav	dialogue	A2_UNIONSTATION_PART1.TXT	84	a2s2_rayne_22.wav	Some say it's the sound of children laughing, but I gotta tell you-shattering glass gets me right here every time...	RAYNE: Some say it's the sound of children laughing, but I gotta tell you-shattering glass gets me right here every time...		pending	
dialogue:A2_UNIONSTATION_PART1.TXT:85:a2s2_rayne_23.wav	dialogue	A2_UNIONSTATION_PART1.TXT	85	a2s2_rayne_23.wav	Aw. Two more pins and I woulda got a free ball.	RAYNE: Aw. Two more pins and I woulda got a free ball.		pending	
dialogue:A2_UNIONSTATION_PART1.TXT:86:a2s2_rayne_24.wav	dialogue	A2_UNIONSTATION_PART1.TXT	86	a2s2_rayne_24.wav	Nah. Just me.	РЕЙН: Не-а. Я одна.		pending	
dialogue:A2_UNIONSTATION_PART1.TXT:87:a2s2_rayne_25.wav	dialogue	A2_UNIONSTATION_PART1.TXT	87	a2s2_rayne_25.wav	You know, I was just thinking the same thing...	RAYNE: You know, I was just thinking the same thing...		pending	
dialogue:A2_UNIONSTATION_PART1.TXT:88:a2s2_rayne_26.wav	dialogue	A2_UNIONSTATION_PART1.TXT	88	a2s2_rayne_26.wav	I see that. What's between me and them?	РЕЙН: Я вижу. Что между ними и мной?		pending	
dialogue:A2_UNIONSTATION_PART1.TXT:89:a2s2_rayne_27.wav	dialogue	A2_UNIONSTATION_PART1.TXT	89	a2s2_rayne_27.wav	All that noise is gonna make you deaf.	РЕЙН: Так шумно - оглохнуть можно.		pending	
dialogue:A2_UNIONSTATION_PART1.TXT:90:a2s2_rayne_28.wav	dialogue	A2_UNIONSTATION_PART1.TXT	90	a2s2_rayne_28.wav	Uh-Huh. Give you a headache, too	РЕЙН: Ага! Еще и голова разболится.		pending	
dialogue:A2_UNIONSTATION_PART1.TXT:91:a2s2_rayne_29.wav	dialogue	A2_UNIONSTATION_PART1.TXT	91	a2s2_rayne_29.wav	"... and the part of ""straight man"" was played this evening by unnamed Minion three hundred forty seven."	"RAYNE: ... and the part of ""straight man"" was played this evening by unnamed Minion three hundred forty seven."		pending	
dialogue:A2_UNIONSTATION_PART1.TXT:92:a2s2_rayne_3.wav	dialogue	A2_UNIONSTATION_PART1.TXT	92	a2s2_rayne_3.wav	Aw, man...	RAYNE: Aw, man...		pending	
dialogue:A2_UNIONSTATION_PART1.TXT:93:a2s2_rayne_30.wav	dialogue	A2_UNIONSTATION_PART1.TXT	93	a2s2_rayne_30.wav	... I'll be here all week, folks. Every show is different.	РЕЙН: ...Я задержусь на недельку, ребята. Каждый вечер - новое шоу.		pending	
dialogue:A2_UNIONSTATION_PART1.TXT:94:a2s2_rayne_31.wav	dialogue	A2_UNIONSTATION_PART1.TXT	94	a2s2_rayne_31.wav	Wow. Somebody's got a taste for really pointy art.	RAYNE: Wow. Somebody's got a taste for really pointy art.		pending	
dialogue:A2_UNIONSTATION_PART1.TXT:95:a2s2_rayne_32.wav	dialogue	A2_UNIONSTATION_PART1.TXT	95	a2s2_rayne_32.wav	Severin, I ever tell you about the butterfly collection I had as a kid?	РЕЙН: Северин, я рассказывала тебе о моей коллекции бабочек?		pending	
dialogue:A2_UNIONSTATION_PART1.TXT:96:a2s2_rayne_33.wav	dialogue	A2_UNIONSTATION_PART1.TXT	96	a2s2_rayne_33.wav	I couldn't stand to hurt them-even the dead ones-so I taped them down instead of impaling them on pins.	РЕЙН: Мне было очень жалко их, даже мертвых. И я не прокалывала их булавками, а приклеивала.		pending	
dialogue:A2_UNIONSTATION_PART1.TXT:97:a2s2_rayne_34.wav	dialogue	A2_UNIONSTATION_PART1.TXT	97	a2s2_rayne_34.wav	Oh, no reason. Times change, huh?	РЕЙН: Просто так. Времена меняются, да?		pending	
dialogue:A2_UNIONSTATION_PART1.TXT:98:a2s2_rayne_35.wav	dialogue	A2_UNIONSTATION_PART1.TXT	98	a2s2_rayne_35.wav	Severin, you fish much?	RAYNE: Severin, you fish much?		pending	
dialogue:A2_UNIONSTATION_PART1.TXT:99:a2s2_rayne_36.wav	dialogue	A2_UNIONSTATION_PART1.TXT	99	a2s2_rayne_36.wav	No reason really. Just thinking about putting worms on hooks.	RAYNE: No reason really. Just thinking about putting worms on hooks.		pending	
dialogue:A2_UNIONSTATION_PART1.TXT:100:a2s2_rayne_37.wav	dialogue	A2_UNIONSTATION_PART1.TXT	100	a2s2_rayne_37.wav	Fantastic. Exactly what I was looking for.	RAYNE: Fantastic. Exactly what I was looking for.		pending	
dialogue:A2_UNIONSTATION_PART1.TXT:101:a2s2_rayne_38.wav	dialogue	A2_UNIONSTATION_PART1.TXT	101	a2s2_rayne_38.wav	I guess. Not really what I expected, though. There's nobody here.	RAYNE: I guess. Not really what I expected, though. There's nobody here.		pending	
dialogue:A2_UNIONSTATION_PART1.TXT:102:a2s2_rayne_39.wav	dialogue	A2_UNIONSTATION_PART1.TXT	102	a2s2_rayne_39.wav	Aw, dammit somebody sprang a bloodfield on me. I'm trapped on the dancefloor with a Kestrel safe in the booth. And here comes the goon squad.	РЕЙН: Черт! Кто-то растянул кровавый занавес. Я в ловушке на танцполе, а Кестрел сидит в кабинке. А вот и зондеркоманда.		pending	
dialogue:A2_UNIONSTATION_PART1.TXT:103:a2s2_rayne_4.wav	dialogue	A2_UNIONSTATION_PART1.TXT	103	a2s2_rayne_4.wav	Yeah. That's about par for tonight.	RAYNE: Yeah. That's about par for tonight.		pending	
dialogue:A2_UNIONSTATION_PART1.TXT:104:a2s2_rayne_40.wav	dialogue	A2_UNIONSTATION_PART1.TXT	104	a2s2_rayne_40.wav	Hm. Can't get to her directly ... it's not all bad... I kinda like this song.	РЕЙН: Гм. Напрямую к ней не добраться... но не все так плохо... А песенка вроде ничего.		pending	
dialogue:A2_UNIONSTATION_PART1.TXT:105:a2s2_rayne_41.wav	dialogue	A2_UNIONSTATION_PART1.TXT	105	a2s2_rayne_41.wav	Yeah! Bringin' down the house! What else can I use in here?	РЕЙН: Ага! Зажжем вечеринку!		pending	
dialogue:A2_UNIONSTATION_PART1.TXT:106:a2s2_rayne_42.wav	dialogue	A2_UNIONSTATION_PART1.TXT	106	a2s2_rayne_42.wav	Hm. Now how am I supposed to get over there... ?	РЕЙН: Гм. Ну, и как мне туда перебраться?		pending	
dialogue:A2_UNIONSTATION_PART1.TXT:107:a2s2_rayne_43.wav	dialogue	A2_UNIONSTATION_PART1.TXT	107	a2s2_rayne_43.wav	Once again my favorite sound. Ooh! It tickles me!	RAYNE: Once again my favorite sound. Ooh! It tickles me!		pending	
dialogue:A2_UNIONSTATION_PART1.TXT:108:a2s2_rayne_44.wav	dialogue	A2_UNIONSTATION_PART1.TXT	108	a2s2_rayne_44.wav	Aw, why's it gotta be like that? You're Ephemera, right?	РЕЙН: Ладно, не надо лицемерить. Ты Эфемера, верно?		pending	
dialogue:A2_UNIONSTATION_PART1.TXT:109:a2s2_rayne_45.wav	dialogue	A2_UNIONSTATION_PART1.TXT	109	a2s2_rayne_45.wav	You're Ephemera, right?	RAYNE: You're Ephemera, right?		pending	
dialogue:A2_UNIONSTATION_PART1.TXT:110:a2s2_rayne_46.wav	dialogue	A2_UNIONSTATION_PART1.TXT	110	a2s2_rayne_46.wav	Guilty. And a bunch of your old-world siblings, too.	РЕЙН: Да, моя вина. А еще кучи родни в старом свете.		pending	
dialogue:A2_UNIONSTATION_PART1.TXT:111:a2s2_rayne_47.wav	dialogue	A2_UNIONSTATION_PART1.TXT	111	a2s2_rayne_47.wav	I'm settling a family score. Yours for mine...	РЕЙН: Просто разбираюсь с долгами. Вашей семьи перед моей...		pending	
dialogue:A2_UNIONSTATION_PART1.TXT:112:a2s2_rayne_48.wav	dialogue	A2_UNIONSTATION_PART1.TXT	112	a2s2_rayne_48.wav	Man. These gear movements are a serious hassle.	РЕЙН: Все эти шестеренки выглядят серьезно.		pending	
dialogue:A2_UNIONSTATION_PART1.TXT:113:a2s2_rayne_49.wav	dialogue	A2_UNIONSTATION_PART1.TXT	113	a2s2_rayne_49.wav	Okay. You'll let me know if anything interesting is coming my way, right?	РЕЙН: Ладно. Скажешь, если ко мне будет двигаться что-то интересное?		pending	
dialogue:A2_UNIONSTATION_PART1.TXT:114:a2s2_rayne_5.wav	dialogue	A2_UNIONSTATION_PART1.TXT	114	a2s2_rayne_5.wav	Jeez. Nervous types, huh? You know where they went?	RAYNE: Jeez. Nervous types, huh? You know where they went?		pending	
dialogue:A2_UNIONSTATION_PART1.TXT:115:a2s2_rayne_50.wav	dialogue	A2_UNIONSTATION_PART1.TXT	115	a2s2_rayne_50.wav	Aw, c'mon, Ephemera. No such thing as a bad place to fight.	РЕЙН: Да брось! Для хорошей драки не бывает неподходящих мест.		pending	
dialogue:A2_UNIONSTATION_PART1.TXT:116:a2s2_rayne_51.wav	dialogue	A2_UNIONSTATION_PART1.TXT	116	a2s2_rayne_51.wav		RAYNE:		blank	English display is empty; clear RU-only speaker prefix
dialogue:A2_UNIONSTATION_PART1.TXT:117:a2s2_rayne_52.wav	dialogue	A2_UNIONSTATION_PART1.TXT	117	a2s2_rayne_52.wav	Under the clock... under the station...	RAYNE: Under the clock... under the station...		pending	
dialogue:A2_UNIONSTATION_PART1.TXT:118:a2s2_rayne_53.wav	dialogue	A2_UNIONSTATION_PART1.TXT	118	a2s2_rayne_53.wav	Can you tell the little bastard inside my skull to turn off his jackhammer?	RAYNE: Can you tell the little bastard inside my skull to turn off his jackhammer?		pending	
dialogue:A2_UNIONSTATION_PART1.TXT:119:a2s2_rayne_54.wav	dialogue	A2_UNIONSTATION_PART1.TXT	119	a2s2_rayne_54.wav	I thought you were gonna be here?	RAYNE: I thought you were gonna be here?		pending	
dialogue:A2_UNIONSTATION_PART1.TXT:120:a2s2_rayne_55.wav	dialogue	A2_UNIONSTATION_PART1.TXT	120	a2s2_rayne_55.wav	Oh, no...	RAYNE: Oh, no...		pending	
dialogue:A2_UNIONSTATION_PART1.TXT:121:a2s2_rayne_56.wav	dialogue	A2_UNIONSTATION_PART1.TXT	121	a2s2_rayne_56.wav	Never seen vampires act out so obviously nabbing citizens, fighting the cops...	RAYNE: Never seen vampires act out so obviously nabbing citizens, fighting the cops...		pending	
dialogue:A2_UNIONSTATION_PART1.TXT:122:a2s2_rayne_57.wav	dialogue	A2_UNIONSTATION_PART1.TXT	122	a2s2_rayne_57.wav	... whatever this is, it's gonna be bad.	RAYNE: ... whatever this is, it's gonna be bad.		pending	
dialogue:A2_UNIONSTATION_PART1.TXT:123:a2s2_rayne_58.wav	dialogue	A2_UNIONSTATION_PART1.TXT	123	a2s2_rayne_58.wav	Yeah. Whatever. Listen, Severin, I'm not really wearing the white hat, here.	RAYNE: Yeah. Whatever. Listen, Severin, I'm not really wearing the white hat, here.		pending	
dialogue:A2_UNIONSTATION_PART1.TXT:124:a2s2_rayne_59.wav	dialogue	A2_UNIONSTATION_PART1.TXT	124	a2s2_rayne_59.wav	My only goal is to kill off the Cult. It's too bad about the victims, but that's not my fight.	RAYNE: My only goal is to kill off the Cult. It's too bad about the victims, but that's not my fight.		pending	
dialogue:A2_UNIONSTATION_PART1.TXT:125:a2s2_rayne_6.wav	dialogue	A2_UNIONSTATION_PART1.TXT	125	a2s2_rayne_6.wav	By name. Bondage theme, right? Caters to the wicked and fabulous? Shut down by the god-fearing mayor and his crew last year?	RAYNE: By name. Bondage theme, right? Caters to the wicked and fabulous? Shut down by the god-fearing mayor and his crew last year?		pending	
dialogue:A2_UNIONSTATION_PART1.TXT:126:a2s2_rayne_60.wav	dialogue	A2_UNIONSTATION_PART1.TXT	126	a2s2_rayne_60.wav	Severin... Kagan didn't just kill my mother, or rape her, or drive her insane...	RAYNE: Severin... Kagan didn't just kill my mother, or rape her, or drive her insane...		pending	
dialogue:A2_UNIONSTATION_PART1.TXT:127:a2s2_rayne_61.wav	dialogue	A2_UNIONSTATION_PART1.TXT	127	a2s2_rayne_61.wav	He also murdered her entire family.	RAYNE: He also murdered her entire family.		pending	
dialogue:A2_UNIONSTATION_PART1.TXT:128:a2s2_rayne_62.wav	dialogue	A2_UNIONSTATION_PART1.TXT	128	a2s2_rayne_62.wav	He wiped out an entire family so that I'd have no one to turn to but him.	RAYNE: He wiped out an entire family so that I'd have no one to turn to but him.		pending	
dialogue:A2_UNIONSTATION_PART1.TXT:129:a2s2_rayne_63.wav	dialogue	A2_UNIONSTATION_PART1.TXT	129	a2s2_rayne_63.wav	It wan't even cruelty--just his policy. For all the dhampir he created.	RAYNE: It wan't even cruelty--just his policy. For all the dhampir he created.		pending	
dialogue:A2_UNIONSTATION_PART1.TXT:130:a2s2_rayne_64.wav	dialogue	A2_UNIONSTATION_PART1.TXT	130	a2s2_rayne_64.wav	Professor Tremayne and Brimstone got to me before Kagan did.	RAYNE: Professor Tremayne and Brimstone got to me before Kagan did.		pending	
dialogue:A2_UNIONSTATION_PART1.TXT:131:a2s2_rayne_65.wav	dialogue	A2_UNIONSTATION_PART1.TXT	131	a2s2_rayne_65.wav	If they hadn't, I'd probably have turned out just like the rest of his children.	RAYNE: If they hadn't, I'd probably have turned out just like the rest of his children.		pending	
dialogue:A2_UNIONSTATION_PART1.TXT:132:a2s2_rayne_66.wav	dialogue	A2_UNIONSTATION_PART1.TXT	132	a2s2_rayne_66.wav	Jesus. I hope not.	RAYNE: Jesus. I hope not.		pending	
dialogue:A2_UNIONSTATION_PART1.TXT:133:a2s2_rayne_7.wav	dialogue	A2_UNIONSTATION_PART1.TXT	133	a2s2_rayne_7.wav	Ah. Zerenzki? Sounds like another party I get to crash. Too bad my dress got ruined.	RAYNE: Ah. Zerenzki? Sounds like another party I get to crash. Too bad my dress got ruined.		pending	
dialogue:A2_UNIONSTATION_PART1.TXT:134:a2s2_rayne_8.wav	dialogue	A2_UNIONSTATION_PART1.TXT	134	a2s2_rayne_8.wav	Aren't you being a little obvious?	RAYNE: Aren't you being a little obvious?		pending	
dialogue:A2_UNIONSTATION_PART1.TXT:135:a2s2_rayne_9.wav	dialogue	A2_UNIONSTATION_PART1.TXT	135	a2s2_rayne_9.wav	Okay. Until sunrise, anyway, right?	РЕЙН: Да-да, но только до рассвета, разве не так?		pending	
dialogue:A2_UNIONSTATION_PART1.TXT:136:a2s2_severin_1.wav	dialogue	A2_UNIONSTATION_PART1.TXT	136	a2s2_severin_1.wav	Rayne!	SEVERIN: Rayne!		pending	
dialogue:A2_UNIONSTATION_PART1.TXT:137:a2s2_severin_10.wav	dialogue	A2_UNIONSTATION_PART1.TXT	137	a2s2_severin_10.wav	Why, the fabulous Club Strages.	СЕВЕРИН: Как же! Знаменитый Клуб Стрейджес.		pending	
dialogue:A2_UNIONSTATION_PART1.TXT:138:a2s2_severin_11.wav	dialogue	A2_UNIONSTATION_PART1.TXT	138	a2s2_severin_11.wav	Huh. That's interesting. What makes you bring that up?	СЕВЕРИН: Хм, интересно. А почему ты это вспомнила?		pending	
dialogue:A2_UNIONSTATION_PART1.TXT:139:a2s2_severin_12.wav	dialogue	A2_UNIONSTATION_PART1.TXT	139	a2s2_severin_12.wav	I'd say so.	СЕВЕРИН: Думаю, да.		pending	
dialogue:A2_UNIONSTATION_PART1.TXT:140:a2s2_severin_13.wav	dialogue	A2_UNIONSTATION_PART1.TXT	140	a2s2_severin_13.wav	Hm? No, not really. Why do you ask?	SEVERIN: Hm? No, not really. Why do you ask?		pending	
dialogue:A2_UNIONSTATION_PART1.TXT:141:a2s2_severin_14.wav	dialogue	A2_UNIONSTATION_PART1.TXT	141	a2s2_severin_14.wav	Yes. I may need to insist on radio silence...	SEVERIN: Yes. I may need to insist on radio silence...		pending	
dialogue:A2_UNIONSTATION_PART1.TXT:142:a2s2_severin_15.wav	dialogue	A2_UNIONSTATION_PART1.TXT	142	a2s2_severin_15.wav	That's loud. Sounds like you've found the club proper.	СЕВЕРИН: Ммм... Как громко. Похоже, ты уже в самом клубе.		pending	
dialogue:A2_UNIONSTATION_PART1.TXT:143:a2s2_severin_16.wav	dialogue	A2_UNIONSTATION_PART1.TXT	143	a2s2_severin_16.wav	Minions can't work a Bloodfield only dhampir. The Kestrel must be the one you've gotta take out to dissipate the field.	СЕВЕРИН: Слуги не могут управлять полем - только дампир. Чтобы снять поле тебе надо добраться до Кестрел.		pending	
dialogue:A2_UNIONSTATION_PART1.TXT:144:a2s2_severin_17.wav	dialogue	A2_UNIONSTATION_PART1.TXT	144	a2s2_severin_17.wav	Yeah. I can see you from where I'm standing. Be careful those gears look extremely heavy.	СЕВЕРИН: Да. Я тебя отсюда вижу. Будь осторожна. Все эти железяки очень тяжелые.		pending	
dialogue:A2_UNIONSTATION_PART1.TXT:145:a2s2_severin_18.wav	dialogue	A2_UNIONSTATION_PART1.TXT	145	a2s2_severin_18.wav	Definitely. I'll meet you at the bottom when you're finished.	СЕВЕРИН: Обязательно. Как закончишь, встретимся внизу.		pending	
dialogue:A2_UNIONSTATION_PART1.TXT:146:a2s2_severin_19.wav	dialogue	A2_UNIONSTATION_PART1.TXT	146	a2s2_severin_19.wav	Rayne? That was... Ephemera, wasn't it?	SEVERIN: Rayne? That was... Ephemera, wasn't it?		pending	
dialogue:A2_UNIONSTATION_PART1.TXT:147:a2s2_severin_2.wav	dialogue	A2_UNIONSTATION_PART1.TXT	147	a2s2_severin_2.wav	"Got a good idea. You know ""Club Strages""?"	"SEVERIN: Got a good idea. You know ""Club Strages""?"		pending	
dialogue:A2_UNIONSTATION_PART1.TXT:148:a2s2_severin_20.wav	dialogue	A2_UNIONSTATION_PART1.TXT	148	a2s2_severin_20.wav	That looked rough. Where'd you end up?	SEVERIN: That looked rough. Where'd you end up?		pending	
dialogue:A2_UNIONSTATION_PART1.TXT:149:a2s2_severin_21.wav	dialogue	A2_UNIONSTATION_PART1.TXT	149	a2s2_severin_21.wav	I was there. But I had to... leave?	SEVERIN: I was there. But I had to... leave?		pending	
dialogue:A2_UNIONSTATION_PART1.TXT:150:a2s2_severin_22.wav	dialogue	A2_UNIONSTATION_PART1.TXT	150	a2s2_severin_22.wav	Yeah, they're going public in a big way. Like they don't care who knows...	SEVERIN: Yeah, they're going public in a big way. Like they don't care who knows...		pending	
dialogue:A2_UNIONSTATION_PART1.TXT:151:a2s2_severin_23.wav	dialogue	A2_UNIONSTATION_PART1.TXT	151	a2s2_severin_23.wav	Agreed. Ephemera got away, but the Kestrels went down into the sewers. Track 'em and I bet you can still save the kidnapped victims.	SEVERIN: Agreed. Ephemera got away, but the Kestrels went down into the sewers. Track 'em and I bet you can still save the kidnapped victims.		pending	
dialogue:A2_UNIONSTATION_PART1.TXT:152:a2s2_severin_24.wav	dialogue	A2_UNIONSTATION_PART1.TXT	152	a2s2_severin_24.wav	I... know Kagan killed your mother. But you killed him. He's been dead a long time.	SEVERIN: I... know Kagan killed your mother. But you killed him. He's been dead a long time.		pending	
dialogue:A2_UNIONSTATION_PART1.TXT:153:a2s2_severin_25.wav	dialogue	A2_UNIONSTATION_PART1.TXT	153	a2s2_severin_25.wav	Look, you saved me from a very long, very bad existence. Ephemera wouldn't have treated me kindly.	SEVERIN: Look, you saved me from a very long, very bad existence. Ephemera wouldn't have treated me kindly.		pending	
dialogue:A2_UNIONSTATION_PART1.TXT:154:a2s2_severin_26.wav	dialogue	A2_UNIONSTATION_PART1.TXT	154	a2s2_severin_26.wav	So I'm with you all the way on this. Even if you can't tell me why you're doing it.	SEVERIN: So I'm with you all the way on this. Even if you can't tell me why you're doing it.		pending	
dialogue:A2_UNIONSTATION_PART1.TXT:155:a2s2_severin_27.wav	dialogue	A2_UNIONSTATION_PART1.TXT	155	a2s2_severin_27.wav	I'm sorry. I had no idea...	SEVERIN: I'm sorry. I had no idea...		pending	
dialogue:A2_UNIONSTATION_PART1.TXT:156:a2s2_severin_28.wav	dialogue	A2_UNIONSTATION_PART1.TXT	156	a2s2_severin_28.wav	You think you would've turned out like Kestrels?	SEVERIN: You think you would've turned out like Kestrels?		pending	
dialogue:A2_UNIONSTATION_PART1.TXT:157:a2s2_severin_3.wav	dialogue	A2_UNIONSTATION_PART1.TXT	157	a2s2_severin_3.wav	Uh... uh-huh. Anyway, it reopened on the QT in a renovated section of the old Union Station... your pals have been converging there from all over the District.	SEVERIN: Uh... uh-huh. Anyway, it reopened on the QT in a renovated section of the old Union Station... your pals have been converging there from all over the District.		pending	
dialogue:A2_UNIONSTATION_PART1.TXT:158:a2s2_severin_4.wav	dialogue	A2_UNIONSTATION_PART1.TXT	158	a2s2_severin_4.wav	And they aren't coming out. Guess who owns it? Until recently, that is?	SEVERIN: And they aren't coming out. Guess who owns it? Until recently, that is?		pending	
dialogue:A2_UNIONSTATION_PART1.TXT:159:a2s2_severin_5.wav	dialogue	A2_UNIONSTATION_PART1.TXT	159	a2s2_severin_5.wav	Rayne. It's a bondage joint. What you've got on will do just fine.	SEVERIN: Rayne. It's a bondage joint. What you've got on will do just fine.		pending	
dialogue:A2_UNIONSTATION_PART1.TXT:160:a2s2_severin_6.wav	dialogue	A2_UNIONSTATION_PART1.TXT	160	a2s2_severin_6.wav	Lot of flammables around, Rayne. Use whatever you can to thin this herd.	SEVERIN: Lot of flammables around, Rayne. Use whatever you can to thin this herd.		pending	
dialogue:A2_UNIONSTATION_PART1.TXT:161:a2s2_severin_7.wav	dialogue	A2_UNIONSTATION_PART1.TXT	161	a2s2_severin_7.wav	Billboards might come in handy, too.	SEVERIN: Billboards might come in handy, too.		pending	
dialogue:A2_UNIONSTATION_PART1.TXT:162:a2s2_severin_8.wav	dialogue	A2_UNIONSTATION_PART1.TXT	162	a2s2_severin_8.wav	Hey, I passed through there a minute ago. The structure's unstable. The supports don't look like they'd stand up to much punishment.	SEVERIN: Hey, I passed through there a minute ago. The structure's unstable. The supports don't look like they'd stand up to much punishment.		pending	
dialogue:A2_UNIONSTATION_PART1.TXT:163:a2s2_severin_9.wav	dialogue	A2_UNIONSTATION_PART1.TXT	163	a2s2_severin_9.wav	Your quarry are taking the high road...	СЕВЕРИН: Они уходят...		pending	
dialogue:A2_UNIONSTATION_PART1.TXT:164:missiondescription	dialogue	A2_UNIONSTATION_PART1.TXT	164	missiondescription	Abandoned Station Train Bay	Вокзал: Платформа		pending	
dialogue:A2_UNIONSTATION_PART1.TXT:165:objectivecatwalks	dialogue	A2_UNIONSTATION_PART1.TXT	165	objectivecatwalks	Find a way up to the Catwalks over the Train Bay	Найти путь на мостики над платформой		pending	
dialogue:A2_UNIONSTATION_PART1.TXT:166:objectivecatwalks2	dialogue	A2_UNIONSTATION_PART1.TXT	166	objectivecatwalks2	Find a way across the Catwalks and over the Train Bay	Пробраться по мостикам над платформой		pending	
dialogue:A2_UNIONSTATION_PART1.TXT:167:objectivekestrelchase	dialogue	A2_UNIONSTATION_PART1.TXT	167	objectivekestrelchase	Follow the Kestrel	Проследовать за Кестрел		pending	
dialogue:A2_UNIONSTATION_PART1.TXT:168:objectivekestrelfight	dialogue	A2_UNIONSTATION_PART1.TXT	168	objectivekestrelfight	Defeat the Kestrel	Прикончить Кестрел		pending	
dialogue:A2_UNIONSTATION_PART1.TXT:169:objectivekestrelinterrogate	dialogue	A2_UNIONSTATION_PART1.TXT	169	objectivekestrelinterrogate	Catch the Kestrel and interrogate her	Найти раненную Кестрел		pending	
dialogue:A2_UNIONSTATION_PART1.TXT:170:objectivewayin	dialogue	A2_UNIONSTATION_PART1.TXT	170	objectivewayin	Locate the Abandoned Train Bay	Найти заброшенную платформу		pending	
dialogue:A2_UNIONSTATION_PART1.TXT:171:ost_fixme_cantopenthatyet	dialogue	A2_UNIONSTATION_PART1.TXT	171	ost_fixme_cantopenthatyet	you cannot open that yet...	Сейчас открыть невозможно...		pending	
dialogue:A2_UNIONSTATION_PART1.TXT:172:ost_fixme_desc_explosion1	dialogue	A2_UNIONSTATION_PART1.TXT	172	ost_fixme_desc_explosion1	Kestrel activates the demolition charges and destroy the tunnel	Kestrel activates the demolition charges and destroy the tunnel		pending	
dialogue:A2_UNIONSTATION_PART1.TXT:173:ost_fixme_desc_explosion2	dialogue	A2_UNIONSTATION_PART1.TXT	173	ost_fixme_desc_explosion2	Explosions race toward Rayne	Explosions race toward Rayne		pending	
dialogue:A2_UNIONSTATION_PART1.TXT:174:ost_fixme_desc_streets1	dialogue	A2_UNIONSTATION_PART1.TXT	174	ost_fixme_desc_streets1	Severin radio chat: The punks are falling back to the old Union Station building	SEVERIN: The minions are falling back to the old Union Station building		pending	
dialogue:A2_UNIONSTATION_PART1.TXT:175:ost_fixme_desc_streets2	dialogue	A2_UNIONSTATION_PART1.TXT	175	ost_fixme_desc_streets2	Watching Thugs prepare defensive barricades, nearly completed	Watching Thugs prepare defensive barricades, nearly completed		pending	
dialogue:A2_UNIONSTATION_PART1.TXT:176:ost_fixme_desc_streets3	dialogue	A2_UNIONSTATION_PART1.TXT	176	ost_fixme_desc_streets3	Thugs use cover to pepper Rayne with small arms fire	Thugs use cover to pepper Rayne with small arms fire		pending	
dialogue:A2_UNIONSTATION_PART1.TXT:177:ost_fixme_desc_trainbay1	dialogue	A2_UNIONSTATION_PART1.TXT	177	ost_fixme_desc_trainbay1	Showdown Between Rayne and Kestrel & Her Men.	Showdown Between Rayne and Kestrel & Her Men.		pending	
dialogue:A2_UNIONSTATION_PART1.TXT:178:ost_fixme_desc_warppointson	dialogue	A2_UNIONSTATION_PART1.TXT	178	ost_fixme_desc_warppointson	Warp Cheat Activated	Warp Cheat Activated		pending	
dialogue:A2_UNIONSTATION_PART1.TXT:179:ost_fixme_discussion_mooks1	dialogue	A2_UNIONSTATION_PART1.TXT	179	ost_fixme_discussion_mooks1	Minions discuss their shooting prowess	Minions discuss their shooting prowess		pending	
dialogue:A2_UNIONSTATION_PART1.TXT:180:ost_fixme_discussion_mooks2	dialogue	A2_UNIONSTATION_PART1.TXT	180	ost_fixme_discussion_mooks2	Minions discussing blowing Rayne out of the vents with their grenades	Слуги обсуждают, как взорвать Рейн в вентиляционных шахтах гранатами		pending	
dialogue:A2_UNIONSTATION_PART1.TXT:181:ost_fixme_discussion_mooks3	dialogue	A2_UNIONSTATION_PART1.TXT	181	ost_fixme_discussion_mooks3	Minions spot Rayne and begin firing their Flamethrowers into the vents	Minions spot Rayne and begin firing their Flamethrowers into the vents		pending	
dialogue:A2_UNIONSTATION_PART1.TXT:182:ost_fixme_discussion_severenrayne1	dialogue	A2_UNIONSTATION_PART1.TXT	182	ost_fixme_discussion_severenrayne1	Severen saves Rayne from the explosions and briefs her on what is happening in the club	Severen saves Rayne from the explosions and briefs her on what is happening in the club		pending	
dialogue:A2_UNIONSTATION_PART1.TXT:183:ost_fixme_kestrelcall	dialogue	A2_UNIONSTATION_PART1.TXT	183	ost_fixme_kestrelcall	Sister? ... Sister? She's killed sister, must report back.	Sister? ... Sister? She's killed sister, must report back.		pending	
dialogue:A2_UNIONSTATION_PART1.TXT:184:ost_fixme_kestrelflee	dialogue	A2_UNIONSTATION_PART1.TXT	184	ost_fixme_kestrelflee	Kestrel flees, setting off explosive charges to slow down Rayne	Kestrel flees, setting off explosive charges to slow down Rayne		pending	
dialogue:A2_UNIONSTATION_PART1.TXT:185:ost_fixme_level_change	dialogue	A2_UNIONSTATION_PART1.TXT	185	ost_fixme_level_change	Move forward to exit	Move forward to exit		pending	
dialogue:A2_UNIONSTATION_PART1.TXT:186:ost_fixme_rayneseestheexplosions	dialogue	A2_UNIONSTATION_PART1.TXT	186	ost_fixme_rayneseestheexplosions	Rayne sees the explosions racing toward her, turns and runs	Rayne sees the explosions racing toward her, turns and runs		pending	
dialogue:A2_UNIONSTATION_PART1.TXT:187:ost_fixme_raynespotsseverenandmakesabreakforhim	dialogue	A2_UNIONSTATION_PART1.TXT	187	ost_fixme_raynespotsseverenandmakesabreakforhim	Rayne sees Severen open an access door and runs toward him	Rayne sees Severen open an access door and runs toward him		pending	
dialogue:A2_UNIONSTATION_PART1.TXT:188:ost_fixme_temp_cine	dialogue	A2_UNIONSTATION_PART1.TXT	188	ost_fixme_temp_cine	Temporary Cinematic	Temporary Cinematic		pending	
dialogue:A2_UNIONSTATION_PART1.TXT:189:ost_fixme_temp_demo	dialogue	A2_UNIONSTATION_PART1.TXT	189	ost_fixme_temp_demo	Warp triggers enabled	Warp triggers enabled		pending	
dialogue:A2_UNIONSTATION_PART1.TXT:190:ost_objective_catwalks	dialogue	A2_UNIONSTATION_PART1.TXT	190	ost_objective_catwalks	Find a way up to the Catwalks over the Train Bay	Find a way up to the catwalks over the train bay		pending	
dialogue:A2_UNIONSTATION_PART1.TXT:191:ost_objective_catwalks2	dialogue	A2_UNIONSTATION_PART1.TXT	191	ost_objective_catwalks2	Find a way across the Catwalks and over the Train Bay	Cross the catwalks over the train bay		pending	
dialogue:A2_UNIONSTATION_PART1.TXT:192:ost_objective_kestrelchase	dialogue	A2_UNIONSTATION_PART1.TXT	192	ost_objective_kestrelchase	Follow the Kestrel	Follow the Kestrel		pending	
dialogue:A2_UNIONSTATION_PART1.TXT:193:ost_objective_kestrelfight	dialogue	A2_UNIONSTATION_PART1.TXT	193	ost_objective_kestrelfight	Defeat the Kestrel	Defeat the Kestrel		pending	
dialogue:A2_UNIONSTATION_PART1.TXT:194:ost_objective_kestrelinterrogate	dialogue	A2_UNIONSTATION_PART1.TXT	194	ost_objective_kestrelinterrogate	Catch the Kestrel and interrogate her	Find the wounded Kestrel		pending	
dialogue:A2_UNIONSTATION_PART1.TXT:195:ost_objective_wayin	dialogue	A2_UNIONSTATION_PART1.TXT	195	ost_objective_wayin	Locate the Abandoned Train Bay	Locate the abandoned train bay		pending	
dialogue:A2_UNIONSTATION_PART1.TXT:196:powerup	dialogue	A2_UNIONSTATION_PART1.TXT	196	powerup	@@MoveAxis@@ (Circle) , @@bladebuttonName@@ Silver Circlet acquired	"@@MoveAxis@@ (circle) , @@bladebuttonName@@ Получен прием ""Серебряный круг"""		pending	
dialogue:A2_UNIONSTATION_PART1A.TXT:1:missiondescription	dialogue	A2_UNIONSTATION_PART1A.TXT	1	missiondescription	Union Station Nightclub	Вокзал: Дискотека		pending	
dialogue:A2_UNIONSTATION_PART1A.TXT:2:objectivecatwalks	dialogue	A2_UNIONSTATION_PART1A.TXT	2	objectivecatwalks	Find a way up to the Catwalks over the Train Bay	Пробраться на мостики над платформой		pending	
dialogue:A2_UNIONSTATION_PART1A.TXT:3:objectivecatwalks2	dialogue	A2_UNIONSTATION_PART1A.TXT	3	objectivecatwalks2	Find across the Catwalks over the Train Bay	Пробраться по мостикам над платформой		pending	
dialogue:A2_UNIONSTATION_PART1A.TXT:4:objectivekestrelfight	dialogue	A2_UNIONSTATION_PART1A.TXT	4	objectivekestrelfight	Defeat the Kestrel	Прикончить Кестрел		pending	
dialogue:A2_UNIONSTATION_PART1A.TXT:5:objectivewayin	dialogue	A2_UNIONSTATION_PART1A.TXT	5	objectivewayin	Find a way into Club Strages	Пробраться в клуб		pending	
dialogue:A2_UNIONSTATION_PART1A.TXT:6:ost_fixme_cantopenthatyet	dialogue	A2_UNIONSTATION_PART1A.TXT	6	ost_fixme_cantopenthatyet	you cannot open that yet...	Сейчас открыть невозможно...		pending	
dialogue:A2_UNIONSTATION_PART1A.TXT:7:ost_fixme_desc_explosion1	dialogue	A2_UNIONSTATION_PART1A.TXT	7	ost_fixme_desc_explosion1	Kestrel activates the demolition charges and destroy the tunnel	Kestrel activates the demolition charges and destroy the tunnel		pending	
dialogue:A2_UNIONSTATION_PART1A.TXT:8:ost_fixme_desc_streets1	dialogue	A2_UNIONSTATION_PART1A.TXT	8	ost_fixme_desc_streets1	Severin radio chat: The punks are falling back to the old Union Station building	Severin radio chat: The punks are falling back to the old Union Station building		pending	
dialogue:A2_UNIONSTATION_PART1A.TXT:9:ost_fixme_desc_trainbay1	dialogue	A2_UNIONSTATION_PART1A.TXT	9	ost_fixme_desc_trainbay1	Showdown Between Rayne and Kestrel & Her Men.	Showdown Between Rayne and Kestrel & Her Men.		pending	
dialogue:A2_UNIONSTATION_PART1A.TXT:10:ost_fixme_discussion_mooks2	dialogue	A2_UNIONSTATION_PART1A.TXT	10	ost_fixme_discussion_mooks2	Minions discussing burning Rayne out of the vents with their new flamethrowers	Слуги обсуждают, как взорвать Рейн в вентиляционных шахтах гранатами		pending	
dialogue:A2_UNIONSTATION_PART1A.TXT:11:ost_fixme_discussion_mooks3	dialogue	A2_UNIONSTATION_PART1A.TXT	11	ost_fixme_discussion_mooks3	Minions spot Rayne and begin firing their Flamethrowers into the vents	Minions spot Rayne and begin firing their Flamethrowers into the vents		pending	
dialogue:A2_UNIONSTATION_PART1A.TXT:12:ost_fixme_discussion_severenrayne1	dialogue	A2_UNIONSTATION_PART1A.TXT	12	ost_fixme_discussion_severenrayne1	Severen saves Rayne from the explosions and briefs her on what is happening in the club	Severen saves Rayne from the explosions and briefs her on what is happening in the club		pending	
dialogue:A2_UNIONSTATION_PART1A.TXT:13:ost_fixme_kestrelcall	dialogue	A2_UNIONSTATION_PART1A.TXT	13	ost_fixme_kestrelcall	ACTION: Kestrel runs out, sending out a call to its sister.  When it hears no response, it flees.	ACTION: Kestrel runs out, sending out a call to its sister.  When it hears no response, it flees.		pending	
dialogue:A2_UNIONSTATION_PART1A.TXT:14:ost_fixme_kestrelflee	dialogue	A2_UNIONSTATION_PART1A.TXT	14	ost_fixme_kestrelflee	Kestrel flees, setting off explosive charges to slow down Rayne	Kestrel flees, setting off explosive charges to slow down Rayne		pending	
dialogue:A2_UNIONSTATION_PART1A.TXT:15:ost_fixme_rayne6	dialogue	A2_UNIONSTATION_PART1A.TXT	15	ost_fixme_rayne6	Rayne: There's gotta be a way up there...	Rayne: There's gotta be a way up there...		pending	
dialogue:A2_UNIONSTATION_PART1B.TXT:1:missiondescription	dialogue	A2_UNIONSTATION_PART1B.TXT	1	missiondescription	Union Station Nightclub	Вокзал: Дискотека		pending	
dialogue:A2_UNIONSTATION_PART1B.TXT:2:objectivebarexit	dialogue	A2_UNIONSTATION_PART1B.TXT	2	objectivebarexit	Find an exit from the bar	Найти выход из бара		pending	
dialogue:A2_UNIONSTATION_PART1B.TXT:3:objectivedocks	dialogue	A2_UNIONSTATION_PART1B.TXT	3	objectivedocks	Get to Ray Ray's Meats loading docks	"Пробраться на погрузочную площадку ""Мясопродуктов Рей Рея"""		pending	
dialogue:A2_UNIONSTATION_PART1B.TXT:4:objectiverooftops	dialogue	A2_UNIONSTATION_PART1B.TXT	4	objectiverooftops	Track the Dhampir to the rooftops	Проследовать за дампиром на крышу		pending	
dialogue:A2_UNIONSTATION_PART1B.TXT:5:objectivestreets	dialogue	A2_UNIONSTATION_PART1B.TXT	5	objectivestreets	Find a way down to street level	Найти способ спуститься вниз		pending	
dialogue:A2_UNIONSTATION_PART1B.TXT:6:objectivetunnel	dialogue	A2_UNIONSTATION_PART1B.TXT	6	objectivetunnel	Follow the minion's truck	Проследовать за грузовиком слуг		pending	
dialogue:A2_UNIONSTATION_PART1B.TXT:7:ost_fixme_cantopenthatyet	dialogue	A2_UNIONSTATION_PART1B.TXT	7	ost_fixme_cantopenthatyet	you cannot open that yet...	Сейчас открыть невозможно...		pending	
dialogue:A2_UNIONSTATION_PART1B.TXT:8:ost_fixme_desc_explosion1	dialogue	A2_UNIONSTATION_PART1B.TXT	8	ost_fixme_desc_explosion1	Kestrel activates the demolition charges and destroy the tunnel	Kestrel activates the demolition charges and destroy the tunnel		pending	
dialogue:A2_UNIONSTATION_PART1B.TXT:9:ost_fixme_desc_streets1	dialogue	A2_UNIONSTATION_PART1B.TXT	9	ost_fixme_desc_streets1	Severin radio chat: The punks are falling back to the old Union Station building	Severin radio chat: The punks are falling back to the old Union Station building		pending	
dialogue:A2_UNIONSTATION_PART1B.TXT:10:ost_fixme_desc_trainbay1	dialogue	A2_UNIONSTATION_PART1B.TXT	10	ost_fixme_desc_trainbay1	Showdown Between Rayne and Kestrel & Her Men.	Showdown Between Rayne and Kestrel & Her Men.		pending	
dialogue:A2_UNIONSTATION_PART1B.TXT:11:ost_fixme_discussion_mooks2	dialogue	A2_UNIONSTATION_PART1B.TXT	11	ost_fixme_discussion_mooks2	Minions discussing burning Rayne out of the vents with their new flamethrowers	Слуги обсуждают, как взорвать Рейн в вентиляционных шахтах гранатами		pending	
dialogue:A2_UNIONSTATION_PART1B.TXT:12:ost_fixme_discussion_mooks3	dialogue	A2_UNIONSTATION_PART1B.TXT	12	ost_fixme_discussion_mooks3	Minions spot Rayne and begin firing their Flamethrowers into the vents	Minions spot Rayne and begin firing their Flamethrowers into the vents		pending	
dialogue:A2_UNIONSTATION_PART1B.TXT:13:ost_fixme_discussion_severenrayne1	dialogue	A2_UNIONSTATION_PART1B.TXT	13	ost_fixme_discussion_severenrayne1	Severen saves Rayne from the explosions and briefs her on what is happening in the club	Severen saves Rayne from the explosions and briefs her on what is happening in the club		pending	
dialogue:A2_UNIONSTATION_PART1B.TXT:14:ost_fixme_kestrel1	dialogue	A2_UNIONSTATION_PART1B.TXT	14	ost_fixme_kestrel1	Kestrel: Finish me off.	Kestrel: Finish me off.		pending	
dialogue:A2_UNIONSTATION_PART1B.TXT:15:ost_fixme_kestrel2	dialogue	A2_UNIONSTATION_PART1B.TXT	15	ost_fixme_kestrel2	Kestrel: Why...Pretty...should I tell you anything?	Kestrel: Why...Pretty...should I tell you anything?		pending	
dialogue:A2_UNIONSTATION_PART1B.TXT:16:ost_fixme_kestrel3	dialogue	A2_UNIONSTATION_PART1B.TXT	16	ost_fixme_kestrel3	Kestrel: (groans)	Kestrel: (groans)		pending	
dialogue:A2_UNIONSTATION_PART1B.TXT:17:ost_fixme_kestrel4	dialogue	A2_UNIONSTATION_PART1B.TXT	17	ost_fixme_kestrel4	Kestrel: (talking quickly, realizing in a panic) We take them to the Club; we got in through the vents, that way!	Kestrel: (talking quickly, realizing in a panic) We take them to the Club; we got in through the vents, that way!		pending	
dialogue:A2_UNIONSTATION_PART1B.TXT:18:ost_fixme_kestrelflee	dialogue	A2_UNIONSTATION_PART1B.TXT	18	ost_fixme_kestrelflee	Kestrel flees, setting off explosive charges to slow down Rayne	Kestrel flees, setting off explosive charges to slow down Rayne		pending	
dialogue:A2_UNIONSTATION_PART1B.TXT:19:ost_fixme_kestrelwhimpering	dialogue	A2_UNIONSTATION_PART1B.TXT	19	ost_fixme_kestrelwhimpering	Kestrel: (muttering) so many plans, so many bangs. Too tough, too pretty, pain…such exquisite pain.	Kestrel: (muttering) so many plans, so many bangs. Too tough, too pretty, pain…such exquisite pain.		pending	
dialogue:A2_UNIONSTATION_PART1B.TXT:20:ost_fixme_rayne1	dialogue	A2_UNIONSTATION_PART1B.TXT	20	ost_fixme_rayne1	Rayne: Tried to bite off more than you could chew;  I’ve seen it before, from bigger and better.	Rayne: Tried to bite off more than you could chew;  I’ve seen it before, from bigger and better.		pending	
dialogue:A2_UNIONSTATION_PART1B.TXT:21:ost_fixme_rayne2	dialogue	A2_UNIONSTATION_PART1B.TXT	21	ost_fixme_rayne2	Rayne: Where are they taking everyone?	Rayne: Where are they taking everyone?		pending	
dialogue:A2_UNIONSTATION_PART1B.TXT:22:ost_fixme_rayne3	dialogue	A2_UNIONSTATION_PART1B.TXT	22	ost_fixme_rayne3	Rayne: If you don't...I'll let you live	Rayne: If you don't...I'll let you live		pending	
dialogue:A2_UNIONSTATION_PART1B.TXT:23:ost_fixme_rayne4	dialogue	A2_UNIONSTATION_PART1B.TXT	23	ost_fixme_rayne4	Rayne: I tell ya, I’ve been all around the world, and I’ve seen a lot of things.  But, I gotta wonder, what will get you first: the rats...or the sun.	Rayne: I tell ya, I’ve been all around the world, and I’ve seen a lot of things.  But, I gotta wonder, what will get you first: the rats...or the sun.		pending	
dialogue:A2_UNIONSTATION_PART1B.TXT:24:ost_fixme_rayne5	dialogue	A2_UNIONSTATION_PART1B.TXT	24	ost_fixme_rayne5	Rayne: Now…was that so hard?	Rayne: Now…was that so hard?		pending	
dialogue:A2_UNIONSTATION_PART1B.TXT:25:ost_fixme_rayne6	dialogue	A2_UNIONSTATION_PART1B.TXT	25	ost_fixme_rayne6	Rayne: There's gotta be a way up there...	Rayne: There's gotta be a way up there...		pending	
dialogue:A2_UNIONSTATION_PART1B.TXT:26:ost_fixme_rayneseestheexplosions	dialogue	A2_UNIONSTATION_PART1B.TXT	26	ost_fixme_rayneseestheexplosions	Rayne sees the explosions racing toward her, turns and runs	Rayne sees the explosions racing toward her, turns and runs		pending	
dialogue:A2_UNIONSTATION_PART1B.TXT:27:ost_fixme_raynespotsseverenandmakesabreakforhim	dialogue	A2_UNIONSTATION_PART1B.TXT	27	ost_fixme_raynespotsseverenandmakesabreakforhim	Rayne sees Severen open an access door and runs toward him	Rayne sees Severen open an access door and runs toward him		pending	
dialogue:A2_UNIONSTATION_PART2.TXT:1:a2s2_ephemera_7.wav	dialogue	A2_UNIONSTATION_PART2.TXT	1	a2s2_ephemera_7.wav	Dhampir? I knew we had an intruder, but I thought you'd at least be fullblood...	ЭФЕМЕРА: Дампир? Я слышала о чужаке, но думала, что ты хотя бы чистокровная...		pending	
dialogue:A2_UNIONSTATION_PART2.TXT:2:a2s2_ephemera_8.wav	dialogue	A2_UNIONSTATION_PART2.TXT	2	a2s2_ephemera_8.wav	You're the one that took dear brother Zerenzki from us?	ЭФЕМЕРА: Так ты та, кто лишил нас Зерински, дорогого брата?		pending	
dialogue:A2_UNIONSTATION_PART2.TXT:3:a2s2_fminion1_10.wav	dialogue	A2_UNIONSTATION_PART2.TXT	3	a2s2_fminion1_10.wav	Listen, bar the door. I ain't going out there until we get some back-up down here.	MINION: Listen, bar the door. I ain't going out there until we get some back-up down here.		pending	
dialogue:A2_UNIONSTATION_PART2.TXT:4:a2s2_fminion1_11.wav	dialogue	A2_UNIONSTATION_PART2.TXT	4	a2s2_fminion1_11.wav	Hear that. Once you're turned you can see in the dark, you can smell shit from like a mile away, and you're strong as a bull.	MINION: Hear that. Once you're turned you can see in the dark, you can smell shit from like a mile away, and you're strong as a bull.		pending	
dialogue:A2_UNIONSTATION_PART2.TXT:5:a2s2_fminion1_12.wav	dialogue	A2_UNIONSTATION_PART2.TXT	5	a2s2_fminion1_12.wav	But I heard there's no telling how you're gonna turn out when the Mistress gives you the gift.	MINION: But I heard there's no telling how you're gonna turn out when the Mistress gives you the gift.		pending	
dialogue:A2_UNIONSTATION_PART2.TXT:6:a2s2_fminion1_13.wav	dialogue	A2_UNIONSTATION_PART2.TXT	6	a2s2_fminion1_13.wav	Huh. Guess I'll never get turned then.	MINION: Huh. Guess I'll never get turned then.		pending	
dialogue:A2_UNIONSTATION_PART2.TXT:7:a2s2_fminion1_14.wav	dialogue	A2_UNIONSTATION_PART2.TXT	7	a2s2_fminion1_14.wav	Hear that...	MINION: Hear that...		pending	
dialogue:A2_UNIONSTATION_PART2.TXT:8:a2s2_fminion1_15.wav	dialogue	A2_UNIONSTATION_PART2.TXT	8	a2s2_fminion1_15.wav	She's in the vents!	MINION: She's in the vents!		pending	
dialogue:A2_UNIONSTATION_PART2.TXT:9:a2s2_fminion1_16.wav	dialogue	A2_UNIONSTATION_PART2.TXT	9	a2s2_fminion1_16.wav	There's a stray bloodbag...	MINION: There's a stray bloodbag...		pending	
dialogue:A2_UNIONSTATION_PART2.TXT:10:a2s2_fminion1_17.wav	dialogue	A2_UNIONSTATION_PART2.TXT	10	a2s2_fminion1_17.wav	Naw, don't bother we got enough to fill the order. Just go ahead and drop her.	MINION: Naw, don't bother we got enough to fill the order. Just go ahead and drop her.		pending	
dialogue:A2_UNIONSTATION_PART2.TXT:11:a2s2_fminion1_18.wav	dialogue	A2_UNIONSTATION_PART2.TXT	11	a2s2_fminion1_18.wav	Pin her down!!	MINION: Pin her down!!		pending	
dialogue:A2_UNIONSTATION_PART2.TXT:12:a2s2_fminion1_19.wav	dialogue	A2_UNIONSTATION_PART2.TXT	12	a2s2_fminion1_19.wav	Just don't let her get any closer! We got help coming!	MINION: Just don't let her get any closer! We got help coming!		pending	
dialogue:A2_UNIONSTATION_PART2.TXT:13:a2s2_fminion1_20.wav	dialogue	A2_UNIONSTATION_PART2.TXT	13	a2s2_fminion1_20.wav	Huh. That was a pretty frantic call for one little girl.	СЛУГА: Столько шума и суеты из-за одной девчонки.		pending	
dialogue:A2_UNIONSTATION_PART2.TXT:14:a2s2_fminion1_21.wav	dialogue	A2_UNIONSTATION_PART2.TXT	14	a2s2_fminion1_21.wav	Faster we lock this section down the faster we can get the hell outta here.	СЛУГА: Чем быстрее мы перекроем эту хрень, тем быстрее смоемся отсюда.		pending	
dialogue:A2_UNIONSTATION_PART2.TXT:15:a2s2_fminion1_22.wav	dialogue	A2_UNIONSTATION_PART2.TXT	15	a2s2_fminion1_22.wav	Another one? Damn, man, you've torn through, like, 400 rounds tonight...	MINION: Another one? Damn, man, you've torn through, like, 400 rounds tonight...		pending	
dialogue:A2_UNIONSTATION_PART2.TXT:16:a2s2_fminion1_23.wav	dialogue	A2_UNIONSTATION_PART2.TXT	16	a2s2_fminion1_23.wav	What??	СЛУГА: Что?		pending	
dialogue:A2_UNIONSTATION_PART2.TXT:17:a2s2_fminion1_24.wav	dialogue	A2_UNIONSTATION_PART2.TXT	17	a2s2_fminion1_24.wav	We're getting' our asses handed to us here.	СЛУГА: Вот тут нам задницы и поотрывают!		pending	
dialogue:A2_UNIONSTATION_PART2.TXT:18:a2s2_fminion1_3.wav	dialogue	A2_UNIONSTATION_PART2.TXT	18	a2s2_fminion1_3.wav	Don't screw around hit her hard and fast!	MINION: Don't screw around hit her hard and fast!		pending	
dialogue:A2_UNIONSTATION_PART2.TXT:19:a2s2_fminion1_4.wav	dialogue	A2_UNIONSTATION_PART2.TXT	19	a2s2_fminion1_4.wav	Just don't let her get into the god-damn ventilation system!	MINION: Just don't let her get into the god-damn ventilation system!		pending	
dialogue:A2_UNIONSTATION_PART2.TXT:20:a2s2_fminion1_5.wav	dialogue	A2_UNIONSTATION_PART2.TXT	20	a2s2_fminion1_5.wav	Here, crackhead-crackhead...	MINION: Here, crackhead-crackhead...		pending	
dialogue:A2_UNIONSTATION_PART2.TXT:21:a2s2_fminion1_6.wav	dialogue	A2_UNIONSTATION_PART2.TXT	21	a2s2_fminion1_6.wav	We did. But some of that first group didn't hold up so well in transit. We're just supposed to top off the shipment.	MINION: We did. But some of that first group didn't hold up so well in transit. We're just supposed to top off the shipment.		pending	
dialogue:A2_UNIONSTATION_PART2.TXT:22:a2s2_fminion1_7.wav	dialogue	A2_UNIONSTATION_PART2.TXT	22	a2s2_fminion1_7.wav	Good question... see, I think it's because bums got no homes. So when it gets cold outside, they get cold too. So maybe they use the fires to stay warm...	MINION: Good question... see, I think it's because bums got no homes. So when it gets cold outside, they get cold too. So maybe they use the fires to stay warm...		pending	
dialogue:A2_UNIONSTATION_PART2.TXT:23:a2s2_fminion1_8.wav	dialogue	A2_UNIONSTATION_PART2.TXT	23	a2s2_fminion1_8.wav	You hear anything?	MINION: You hear anything?		pending	
dialogue:A2_UNIONSTATION_PART2.TXT:24:a2s2_fminion1_9.wav	dialogue	A2_UNIONSTATION_PART2.TXT	24	a2s2_fminion1_9.wav	No way!	MINION: No way!		pending	
dialogue:A2_UNIONSTATION_PART2.TXT:25:a2s2_fminion2_1.wav	dialogue	A2_UNIONSTATION_PART2.TXT	25	a2s2_fminion2_1.wav	Ulp! She-she took out a Kestrel...	MINION: Ulp! She-she took out a Kestrel...		pending	
dialogue:A2_UNIONSTATION_PART2.TXT:26:a2s2_fminion2_10.wav	dialogue	A2_UNIONSTATION_PART2.TXT	26	a2s2_fminion2_10.wav	Who is that??	MINION: Who is that??		pending	
dialogue:A2_UNIONSTATION_PART2.TXT:27:a2s2_fminion2_11.wav	dialogue	A2_UNIONSTATION_PART2.TXT	27	a2s2_fminion2_11.wav	Yeah, but she moves like Kestrel.	MINION: Yeah, but she moves like Kestrel.		pending	
dialogue:A2_UNIONSTATION_PART2.TXT:28:a2s2_fminion2_12.wav	dialogue	A2_UNIONSTATION_PART2.TXT	28	a2s2_fminion2_12.wav	Maybe. But the long guns ain't shootin'. Be careful.	СЛУГА: Может быть. Но пушки молчат. Будьте осторожны.		pending	
dialogue:A2_UNIONSTATION_PART2.TXT:29:a2s2_fminion2_13.wav	dialogue	A2_UNIONSTATION_PART2.TXT	29	a2s2_fminion2_13.wav	Oh my God-what's going on here?!	СЛУГА: Боже! Че там творится?		pending	
dialogue:A2_UNIONSTATION_PART2.TXT:30:a2s2_fminion2_14.wav	dialogue	A2_UNIONSTATION_PART2.TXT	30	a2s2_fminion2_14.wav	All right, pass me another belt.	MINION: All right, pass me another belt.		pending	
dialogue:A2_UNIONSTATION_PART2.TXT:31:a2s2_fminion2_15.wav	dialogue	A2_UNIONSTATION_PART2.TXT	31	a2s2_fminion2_15.wav	Yeah, and I'm just starting. Been waiting for this for years. I'm taking apart anything that moves.	MINION: Yeah, and I'm just starting. Been waiting for this for years. I'm taking apart anything that moves.		pending	
dialogue:A2_UNIONSTATION_PART2.TXT:32:a2s2_fminion2_16.wav	dialogue	A2_UNIONSTATION_PART2.TXT	32	a2s2_fminion2_16.wav	... Including that monster dhampir everybody's crying about. I get her in my sights, and we're gonna see some crying.	MINION: ... Including that monster dhampir everybody's crying about. I get her in my sights, and we're gonna see some crying.		pending	
dialogue:A2_UNIONSTATION_PART2.TXT:33:a2s2_fminion2_17.wav	dialogue	A2_UNIONSTATION_PART2.TXT	33	a2s2_fminion2_17.wav	Retreat! Drop the exit! Do it now!	СЛУГА: Отходим! Опускайте лестницу! Быстрее!		pending	
dialogue:A2_UNIONSTATION_PART2.TXT:34:a2s2_fminion2_2.wav	dialogue	A2_UNIONSTATION_PART2.TXT	34	a2s2_fminion2_2.wav	Hey. Thought we filled the order already?	MINION: Hey. Thought we filled the order already?		pending	
dialogue:A2_UNIONSTATION_PART2.TXT:35:a2s2_fminion2_3.wav	dialogue	A2_UNIONSTATION_PART2.TXT	35	a2s2_fminion2_3.wav	Heh. What is it about bums and barrel fires?	MINION: Heh. What is it about bums and barrel fires?		pending	
dialogue:A2_UNIONSTATION_PART2.TXT:36:a2s2_fminion2_4.wav	dialogue	A2_UNIONSTATION_PART2.TXT	36	a2s2_fminion2_4.wav	Thought I did, but not anymore. Maybe its gone.	MINION: Thought I did, but not anymore. Maybe its gone.		pending	
dialogue:A2_UNIONSTATION_PART2.TXT:37:a2s2_fminion2_5.wav	dialogue	A2_UNIONSTATION_PART2.TXT	37	a2s2_fminion2_5.wav	Yah, forget it. I ain't carryin' anything heavy enough to stop that monster-definitely not this Mac 10.	MINION: Yah, forget it. I ain't carryin' anything heavy enough to stop that monster-definitely not this Mac 10.		pending	
dialogue:A2_UNIONSTATION_PART2.TXT:38:a2s2_fminion2_6.wav	dialogue	A2_UNIONSTATION_PART2.TXT	38	a2s2_fminion2_6.wav	That's the truth! You ever see those turned vampires over at the plant? Holy Jeez, those guys are enormous!	MINION: That's the truth! You ever see those turned vampires over at the plant? Holy Jeez, those guys are enormous!		pending	
dialogue:A2_UNIONSTATION_PART2.TXT:39:a2s2_fminion2_7.wav	dialogue	A2_UNIONSTATION_PART2.TXT	39	a2s2_fminion2_7.wav	Yeah, that's two of us. My life for the Mistress, but I'll feel a whole lot more loyal when reinforcements show up.	MINION: Yeah, that's two of us. My life for the Mistress, but I'll feel a whole lot more loyal when reinforcements show up.		pending	
dialogue:A2_UNIONSTATION_PART2.TXT:40:a2s2_fminion2_8.wav	dialogue	A2_UNIONSTATION_PART2.TXT	40	a2s2_fminion2_8.wav	Blow her out! Fire in the hole!	MINION: Blow her out! Fire in the hole!		pending	
dialogue:A2_UNIONSTATION_PART2.TXT:41:a2s2_fminion2_9.wav	dialogue	A2_UNIONSTATION_PART2.TXT	41	a2s2_fminion2_9.wav	Ugh. Hold on-I'll get her.	MINION: Ugh. Hold on-I'll get her.		pending	
dialogue:A2_UNIONSTATION_PART2.TXT:42:a2s2_fminion3_1.wav	dialogue	A2_UNIONSTATION_PART2.TXT	42	a2s2_fminion3_1.wav	What!? I thought only the Masters could do that?!	MINION: What!? I thought only the Masters could do that?!		pending	
dialogue:A2_UNIONSTATION_PART2.TXT:43:a2s2_fminion3_2.wav	dialogue	A2_UNIONSTATION_PART2.TXT	43	a2s2_fminion3_2.wav	We should go out and check.	MINION: We should go out and check.		pending	
dialogue:A2_UNIONSTATION_PART2.TXT:44:a2s2_fminion3_3.wav	dialogue	A2_UNIONSTATION_PART2.TXT	44	a2s2_fminion3_3.wav	He's right. Man, I'm tired of sucking hind tit to dhampir. I can't wait to get turned.	MINION: He's right. Man, I'm tired of sucking hind tit to dhampir. I can't wait to get turned.		pending	
dialogue:A2_UNIONSTATION_PART2.TXT:45:a2s2_fminion3_4.wav	dialogue	A2_UNIONSTATION_PART2.TXT	45	a2s2_fminion3_4.wav	Well, I'll tell you for sure-ain't none of us gonna get turned if we don't impress the Mistress. And that means going out there.	MINION: Well, I'll tell you for sure-ain't none of us gonna get turned if we don't impress the Mistress. And that means going out there.		pending	
dialogue:A2_UNIONSTATION_PART2.TXT:46:a2s2_fminion3_5.wav	dialogue	A2_UNIONSTATION_PART2.TXT	46	a2s2_fminion3_5.wav	What was that?!?	MINION: What was that?!?		pending	
dialogue:A2_UNIONSTATION_PART2.TXT:47:a2s2_fminion3_6.wav	dialogue	A2_UNIONSTATION_PART2.TXT	47	a2s2_fminion3_6.wav	You wanna go down and ask her? All I know is she ain't Minion and she ain't Kestrel!	MINION: You wanna go down and ask her? All I know is she ain't Minion and she ain't Kestrel!		pending	
dialogue:A2_UNIONSTATION_PART2.TXT:48:a2s2_fminion3_7.wav	dialogue	A2_UNIONSTATION_PART2.TXT	48	a2s2_fminion3_7.wav	There more of you around, lady?	СЛУГА: Леди, а вас таких много?		pending	
dialogue:A2_UNIONSTATION_PART2.TXT:49:a2s2_fminion3_8.wav	dialogue	A2_UNIONSTATION_PART2.TXT	49	a2s2_fminion3_8.wav	But be careful! None of that up there looks too solid.	СЛУГА: Эй, осторожней! Там все такое хлипкое.		pending	
dialogue:A2_UNIONSTATION_PART2.TXT:50:a2s2_kestrel1_20.wav	dialogue	A2_UNIONSTATION_PART2.TXT	50	a2s2_kestrel1_20.wav	Finish round-up. Meet Shepherds at Club...	КЕСТРЕЛ: Заканчивает сгонять стадо. Встреча в Клубе...		pending	
dialogue:A2_UNIONSTATION_PART2.TXT:51:a2s2_kestrel1_21.wav	dialogue	A2_UNIONSTATION_PART2.TXT	51	a2s2_kestrel1_21.wav	He-heee! It gonna rain, Pretty!!	KESTREL: He-heee! It gonna rain, Pretty!!		pending	
dialogue:A2_UNIONSTATION_PART2.TXT:52:a2s2_kestrel1_22.wav	dialogue	A2_UNIONSTATION_PART2.TXT	52	a2s2_kestrel1_22.wav	Was just leaving! To a better world, Pretty!	КЕСТРЕЛ: А я уже уходила! В лучший мир, красотка!		pending	
dialogue:A2_UNIONSTATION_PART2.TXT:53:a2s2_kestrel2_5.wav	dialogue	A2_UNIONSTATION_PART2.TXT	53	a2s2_kestrel2_5.wav	Raawwwk!! Come on, Loestrum! Still got work to do! Finish pretty AFTER!!	КЕСТРЕЛ: Ра-а-а-ук! Лострум! У нас еще много дел! Кончим красотку ПОЗЖЕ!		pending	
dialogue:A2_UNIONSTATION_PART2.TXT:54:a2s2_kestrel2_6.wav	dialogue	A2_UNIONSTATION_PART2.TXT	54	a2s2_kestrel2_6.wav	Huh-uh. This road closed! But maybe you find another way, huh?	KESTREL: Huh-uh. This road closed! But maybe you find another way, huh?		pending	
dialogue:A2_UNIONSTATION_PART2.TXT:55:a2s2_rayne_11.wav	dialogue	A2_UNIONSTATION_PART2.TXT	55	a2s2_rayne_11.wav	Nice try, Kestrel. But it's the end of the line. Where's the other one?	РЕЙН: Неплохая попытка, Кестрел. Но провальная. Где же вторая?		pending	
dialogue:A2_UNIONSTATION_PART2.TXT:56:a2s2_rayne_12.wav	dialogue	A2_UNIONSTATION_PART2.TXT	56	a2s2_rayne_12.wav	Not so fast, Kestrel. I'm right behind you.	RAYNE: Not so fast, Kestrel. I'm right behind you.		pending	
dialogue:A2_UNIONSTATION_PART2.TXT:57:a2s2_rayne_13.wav	dialogue	A2_UNIONSTATION_PART2.TXT	57	a2s2_rayne_13.wav	That's what ya call an urban myth. Chumps.	РЕЙН: Вот вам и городской миф. Просто дуболомы.		pending	
dialogue:A2_UNIONSTATION_PART2.TXT:58:a2s2_rayne_14.wav	dialogue	A2_UNIONSTATION_PART2.TXT	58	a2s2_rayne_14.wav	Hi! I'm not interrupting, am I?	РЕЙН: Привет! Надеюсь, я не помешала?		pending	
dialogue:A2_UNIONSTATION_PART2.TXT:59:a2s2_rayne_15.wav	dialogue	A2_UNIONSTATION_PART2.TXT	59	a2s2_rayne_15.wav	Yeah, well. I'm gonna send you to a different one anyway.	РЕЙН: Я-то точно отправлю тебя в другой мир.		pending	
dialogue:A2_UNIONSTATION_PART2.TXT:60:a2s2_rayne_16.wav	dialogue	A2_UNIONSTATION_PART2.TXT	60	a2s2_rayne_16.wav	Whoa. These are kinda shakey.	РЕЙН: Ох, все такое шаткое.		pending	
dialogue:A2_UNIONSTATION_PART2.TXT:61:a2s2_rayne_17.wav	dialogue	A2_UNIONSTATION_PART2.TXT	61	a2s2_rayne_17.wav	Hey! You kids be careful up here. You're gonna catch your deaths!	РЕЙН: Эй, детишки! Осторожней наверху, не сверните шеи!		pending	
dialogue:A2_UNIONSTATION_PART2.TXT:62:a2s2_rayne_18.wav	dialogue	A2_UNIONSTATION_PART2.TXT	62	a2s2_rayne_18.wav	Looks like they've mopped up here, too. But...	RAYNE: Looks like they've mopped up here, too. But...		pending	
dialogue:A2_UNIONSTATION_PART2.TXT:63:a2s2_rayne_19.wav	dialogue	A2_UNIONSTATION_PART2.TXT	63	a2s2_rayne_19.wav	Somebody's staying up late.	RAYNE: Somebody's staying up late.		pending	
dialogue:A2_UNIONSTATION_PART2.TXT:64:a2s2_rayne_20.wav	dialogue	A2_UNIONSTATION_PART2.TXT	64	a2s2_rayne_20.wav	C'mon, guys-I'm supposed to be on the guest list...	RAYNE: C'mon, guys-I'm supposed to be on the guest list...		pending	
dialogue:A2_UNIONSTATION_PART2.TXT:65:a2s2_rayne_21.wav	dialogue	A2_UNIONSTATION_PART2.TXT	65	a2s2_rayne_21.wav	This joint must be slammin' it's really hard to get into.	RAYNE: This joint must be slammin' it's really hard to get into.		pending	
dialogue:A2_UNIONSTATION_PART2.TXT:66:a2s2_rayne_22.wav	dialogue	A2_UNIONSTATION_PART2.TXT	66	a2s2_rayne_22.wav	Some say it's the sound of children laughing, but I gotta tell you-shattering glass gets me right here every time...	RAYNE: Some say it's the sound of children laughing, but I gotta tell you-shattering glass gets me right here every time...		pending	
dialogue:A2_UNIONSTATION_PART2.TXT:67:a2s2_rayne_23.wav	dialogue	A2_UNIONSTATION_PART2.TXT	67	a2s2_rayne_23.wav	Aw. Two more pins and I woulda got a free ball.	RAYNE: Aw. Two more pins and I woulda got a free ball.		pending	
dialogue:A2_UNIONSTATION_PART2.TXT:68:a2s2_rayne_24.wav	dialogue	A2_UNIONSTATION_PART2.TXT	68	a2s2_rayne_24.wav	Nah. Just me.	РЕЙН: Не-а. Я одна.		pending	
dialogue:A2_UNIONSTATION_PART2.TXT:69:a2s2_rayne_25.wav	dialogue	A2_UNIONSTATION_PART2.TXT	69	a2s2_rayne_25.wav	You know, I was just thinking the same thing...	RAYNE: You know, I was just thinking the same thing...		pending	
dialogue:A2_UNIONSTATION_PART2.TXT:70:a2s2_rayne_26.wav	dialogue	A2_UNIONSTATION_PART2.TXT	70	a2s2_rayne_26.wav	I see that. What's between me and them?	РЕЙН: Я вижу. Что между ними и мной?		pending	
dialogue:A2_UNIONSTATION_PART2.TXT:71:a2s2_rayne_27.wav	dialogue	A2_UNIONSTATION_PART2.TXT	71	a2s2_rayne_27.wav	All that noise is gonna make you deaf.	РЕЙН: Так шумно - оглохнуть можно.		pending	
dialogue:A2_UNIONSTATION_PART2.TXT:72:a2s2_rayne_28.wav	dialogue	A2_UNIONSTATION_PART2.TXT	72	a2s2_rayne_28.wav	Uh-Huh. Give you a headache, too	РЕЙН: Ага! Еще и голова разболится.		pending	
dialogue:A2_UNIONSTATION_PART2.TXT:73:a2s2_rayne_29.wav	dialogue	A2_UNIONSTATION_PART2.TXT	73	a2s2_rayne_29.wav	"... and the part of ""straight man"" was played this evening by unnamed Minion three hundred forty seven."	"RAYNE: ... and the part of ""straight man"" was played this evening by unnamed Minion three hundred forty seven."		pending	
dialogue:A2_UNIONSTATION_PART2.TXT:74:a2s2_rayne_30.wav	dialogue	A2_UNIONSTATION_PART2.TXT	74	a2s2_rayne_30.wav	... I'll be here all week, folks. Every show is different.	РЕЙН: ...Я задержусь на недельку, ребята. Каждый вечер - новое шоу.		pending	
dialogue:A2_UNIONSTATION_PART2.TXT:75:a2s2_rayne_31.wav	dialogue	A2_UNIONSTATION_PART2.TXT	75	a2s2_rayne_31.wav	Wow. Somebody's got a taste for really pointy art.	RAYNE: Wow. Somebody's got a taste for really pointy art.		pending	
dialogue:A2_UNIONSTATION_PART2.TXT:76:a2s2_rayne_32.wav	dialogue	A2_UNIONSTATION_PART2.TXT	76	a2s2_rayne_32.wav	Severin, I ever tell you about the butterfly collection I had as a kid?	РЕЙН: Северин, я рассказывала тебе о моей коллекции бабочек?		pending	
dialogue:A2_UNIONSTATION_PART2.TXT:77:a2s2_rayne_33.wav	dialogue	A2_UNIONSTATION_PART2.TXT	77	a2s2_rayne_33.wav	I couldn't stand to hurt them-even the dead ones-so I taped them down instead of impaling them on pins.	РЕЙН: Мне было очень жалко их, даже мертвых. И я не прокалывала их булавками, а приклеивала.		pending	
dialogue:A2_UNIONSTATION_PART2.TXT:78:a2s2_rayne_34.wav	dialogue	A2_UNIONSTATION_PART2.TXT	78	a2s2_rayne_34.wav	Oh, no reason. Times change, huh?	РЕЙН: Просто так. Времена меняются, да?		pending	
dialogue:A2_UNIONSTATION_PART2.TXT:79:a2s2_rayne_35.wav	dialogue	A2_UNIONSTATION_PART2.TXT	79	a2s2_rayne_35.wav	Severin, you fish much?	RAYNE: Severin, you fish much?		pending	
dialogue:A2_UNIONSTATION_PART2.TXT:80:a2s2_rayne_36.wav	dialogue	A2_UNIONSTATION_PART2.TXT	80	a2s2_rayne_36.wav	No reason really. Just thinking about putting worms on hooks.	RAYNE: No reason really. Just thinking about putting worms on hooks.		pending	
dialogue:A2_UNIONSTATION_PART2.TXT:81:a2s2_rayne_37.wav	dialogue	A2_UNIONSTATION_PART2.TXT	81	a2s2_rayne_37.wav	Fantastic. Exactly what I was looking for.	RAYNE: Fantastic. Exactly what I was looking for.		pending	
dialogue:A2_UNIONSTATION_PART2.TXT:82:a2s2_rayne_38.wav	dialogue	A2_UNIONSTATION_PART2.TXT	82	a2s2_rayne_38.wav	I guess. Not really what I expected, though. There's nobody here.	RAYNE: I guess. Not really what I expected, though. There's nobody here.		pending	
dialogue:A2_UNIONSTATION_PART2.TXT:83:a2s2_rayne_39.wav	dialogue	A2_UNIONSTATION_PART2.TXT	83	a2s2_rayne_39.wav	Aw, dammit somebody sprang a bloodfield on me. I'm trapped on the dancefloor with a Kestrel safe in the booth. And here comes the goon squad.	РЕЙН: Черт! Кто-то растянул кровавый занавес. Я в ловушке на танцполе, а Кестрел сидит в кабинке. А вот и зондеркоманда.		pending	
dialogue:A2_UNIONSTATION_PART2.TXT:84:a2s2_rayne_40.wav	dialogue	A2_UNIONSTATION_PART2.TXT	84	a2s2_rayne_40.wav	Hm. Can't get to her directly ... it's not all bad... I kinda like this song.	РЕЙН: Гм. Напрямую к ней не добраться... но не все так плохо... А песенка вроде ничего.		pending	
dialogue:A2_UNIONSTATION_PART2.TXT:85:a2s2_rayne_41.wav	dialogue	A2_UNIONSTATION_PART2.TXT	85	a2s2_rayne_41.wav	Yeah! Bringin' down the house! What else can I use in here?	РЕЙН: Ага! Зажжем вечеринку!		pending	
dialogue:A2_UNIONSTATION_PART2.TXT:86:a2s2_rayne_42.wav	dialogue	A2_UNIONSTATION_PART2.TXT	86	a2s2_rayne_42.wav	Hm. Now how am I supposed to get over there... ?	РЕЙН: Гм. Ну, и как мне туда перебраться?		pending	
dialogue:A2_UNIONSTATION_PART2.TXT:87:a2s2_rayne_43.wav	dialogue	A2_UNIONSTATION_PART2.TXT	87	a2s2_rayne_43.wav	Once again my favorite sound. Ooh! It tickles me!	RAYNE: Once again my favorite sound. Ooh! It tickles me!		pending	
dialogue:A2_UNIONSTATION_PART2.TXT:88:a2s2_rayne_44.wav	dialogue	A2_UNIONSTATION_PART2.TXT	88	a2s2_rayne_44.wav	Aw, why's it gotta be like that? You're Ephemera, right?	РЕЙН: Ладно, не надо лицемерить. Ты Эфемера, верно?		pending	
dialogue:A2_UNIONSTATION_PART2.TXT:89:a2s2_rayne_45.wav	dialogue	A2_UNIONSTATION_PART2.TXT	89	a2s2_rayne_45.wav	You're Ephemera, right?	RAYNE: You're Ephemera, right?		pending	
dialogue:A2_UNIONSTATION_PART2.TXT:90:a2s2_rayne_46.wav	dialogue	A2_UNIONSTATION_PART2.TXT	90	a2s2_rayne_46.wav	Guilty. And a bunch of your old-world siblings, too.	РЕЙН: Да, моя вина. А еще кучи родни в старом свете.		pending	
dialogue:A2_UNIONSTATION_PART2.TXT:91:a2s2_severin_10.wav	dialogue	A2_UNIONSTATION_PART2.TXT	91	a2s2_severin_10.wav	Why, the fabulous Club Strages.	СЕВЕРИН: Как же! Знаменитый Клуб Стрейджес.		pending	
dialogue:A2_UNIONSTATION_PART2.TXT:92:a2s2_severin_11.wav	dialogue	A2_UNIONSTATION_PART2.TXT	92	a2s2_severin_11.wav	Huh. That's interesting. What makes you bring that up?	СЕВЕРИН: Хм, интересно. А почему ты это вспомнила?		pending	
dialogue:A2_UNIONSTATION_PART2.TXT:93:a2s2_severin_12.wav	dialogue	A2_UNIONSTATION_PART2.TXT	93	a2s2_severin_12.wav	I'd say so.	СЕВЕРИН: Думаю, да.		pending	
dialogue:A2_UNIONSTATION_PART2.TXT:94:a2s2_severin_13.wav	dialogue	A2_UNIONSTATION_PART2.TXT	94	a2s2_severin_13.wav	Hm? No, not really. Why do you ask?	SEVERIN: Hm? No, not really. Why do you ask?		pending	
dialogue:A2_UNIONSTATION_PART2.TXT:95:a2s2_severin_14.wav	dialogue	A2_UNIONSTATION_PART2.TXT	95	a2s2_severin_14.wav	Yes. I may need to insist on radio silence...	SEVERIN: Yes. I may need to insist on radio silence...		pending	
dialogue:A2_UNIONSTATION_PART2.TXT:96:a2s2_severin_15.wav	dialogue	A2_UNIONSTATION_PART2.TXT	96	a2s2_severin_15.wav	That's loud. Sounds like you've found the club proper.	СЕВЕРИН: Ммм... Как громко. Похоже, ты уже в самом клубе.		pending	
dialogue:A2_UNIONSTATION_PART2.TXT:97:a2s2_severin_16.wav	dialogue	A2_UNIONSTATION_PART2.TXT	97	a2s2_severin_16.wav	Minions can't work a Bloodfield only dhampir. The Kestrel must be the one you've gotta take out to dissipate the field.	СЕВЕРИН: Слуги не могут управлять полем - только дампир. Чтобы снять поле тебе надо добраться до Кестрел.		pending	
dialogue:A2_UNIONSTATION_PART2.TXT:98:a2s2_severin_6.wav	dialogue	A2_UNIONSTATION_PART2.TXT	98	a2s2_severin_6.wav	Lot of flammables around, Rayne. Use whatever you can to thin this herd.	SEVERIN: Lot of flammables around, Rayne. Use whatever you can to thin this herd.		pending	
dialogue:A2_UNIONSTATION_PART2.TXT:99:a2s2_severin_7.wav	dialogue	A2_UNIONSTATION_PART2.TXT	99	a2s2_severin_7.wav	Billboards might come in handy, too.	SEVERIN: Billboards might come in handy, too.		pending	
dialogue:A2_UNIONSTATION_PART2.TXT:100:a2s2_severin_8.wav	dialogue	A2_UNIONSTATION_PART2.TXT	100	a2s2_severin_8.wav	Hey, I passed through there a minute ago. The structure's unstable. The supports don't look like they'd stand up to much punishment.	SEVERIN: Hey, I passed through there a minute ago. The structure's unstable. The supports don't look like they'd stand up to much punishment.		pending	
dialogue:A2_UNIONSTATION_PART2.TXT:101:a2s2_severin_9.wav	dialogue	A2_UNIONSTATION_PART2.TXT	101	a2s2_severin_9.wav	Your quarry are taking the high road...	СЕВЕРИН: Они уходят...		pending	
dialogue:A2_UNIONSTATION_PART2.TXT:102:a2s5_kestrel1_32.wav	dialogue	A2_UNIONSTATION_PART2.TXT	102	a2s5_kestrel1_32.wav	Off now! But you get yours soon, Pretty.	КЕСТРЕЛ: Мы уходим! Но ты свое скоро получишь!		pending	
dialogue:A2_UNIONSTATION_PART2.TXT:103:a2s5_rayne_18.wav	dialogue	A2_UNIONSTATION_PART2.TXT	103	a2s5_rayne_18.wav	Why does everybody keep telling me that?	RAYNE: Why does everybody keep telling me that?		pending	
dialogue:A2_UNIONSTATION_PART2.TXT:104:a2s5_severin_4.wav	dialogue	A2_UNIONSTATION_PART2.TXT	104	a2s5_severin_4.wav	Beats me. What are you doing to upset them?	SEVERIN: Beats me. What are you doing to upset them?		pending	
dialogue:A2_UNIONSTATION_PART2.TXT:105:missiondescription	dialogue	A2_UNIONSTATION_PART2.TXT	105	missiondescription	Abandoned Station Shopping Tower	Вокзал: Заброшенный торговый центр		pending	
dialogue:A2_UNIONSTATION_PART2.TXT:106:objectiveeliminate	dialogue	A2_UNIONSTATION_PART2.TXT	106	objectiveeliminate		Прикончить всех		pending	no matching English row; translate from Russian
dialogue:A2_UNIONSTATION_PART2.TXT:107:objectivegateraise	dialogue	A2_UNIONSTATION_PART2.TXT	107	objectivegateraise	Complete the circuits and raise the gate	Замкнуть цепь и открыть ворота		pending	
dialogue:A2_UNIONSTATION_PART2.TXT:108:objectivekestralchase	dialogue	A2_UNIONSTATION_PART2.TXT	108	objectivekestralchase	Find out where the Kestral fled to	Найти Кестрел		pending	
dialogue:A2_UNIONSTATION_PART2.TXT:109:objectivekestralchase2	dialogue	A2_UNIONSTATION_PART2.TXT	109	objectivekestralchase2	Follow the Kestral to Club Strages	Проследовать за Кестрел на дискотеку		pending	
dialogue:A2_UNIONSTATION_PART2.TXT:110:ost_fixme_desc_explosion1	dialogue	A2_UNIONSTATION_PART2.TXT	110	ost_fixme_desc_explosion1	Kestrel activates the demolition charges and destroy the tunnel	Kestrel activates the demolition charges and destroy the tunnel		pending	
dialogue:A2_UNIONSTATION_PART2.TXT:111:ost_fixme_desc_streets1	dialogue	A2_UNIONSTATION_PART2.TXT	111	ost_fixme_desc_streets1	Severin radio chat: The punks are falling back to the old Union Station building	Severin radio chat: The punks are falling back to the old Union Station building		pending	
dialogue:A2_UNIONSTATION_PART2.TXT:112:ost_fixme_desc_trainbay1	dialogue	A2_UNIONSTATION_PART2.TXT	112	ost_fixme_desc_trainbay1	Showdown Between Rayne and Kestrel & Her Men.	Showdown Between Rayne and Kestrel & Her Men.		pending	
dialogue:A2_UNIONSTATION_PART2.TXT:113:ost_fixme_discussion_mooks2	dialogue	A2_UNIONSTATION_PART2.TXT	113	ost_fixme_discussion_mooks2	Minions discussing burning Rayne out of the vents with their new flamethrowers	Слуги обсуждают, как взорвать Рейн в вентиляционных шахтах гранатами		pending	
dialogue:A2_UNIONSTATION_PART2.TXT:114:ost_fixme_discussion_mooks3	dialogue	A2_UNIONSTATION_PART2.TXT	114	ost_fixme_discussion_mooks3	Minions spot Rayne and begin firing their Flamethrowers into the vents	Minions spot Rayne and begin firing their Flamethrowers into the vents		pending	
dialogue:A2_UNIONSTATION_PART2.TXT:115:ost_fixme_discussion_severenrayne1	dialogue	A2_UNIONSTATION_PART2.TXT	115	ost_fixme_discussion_severenrayne1	Severen saves Rayne from the explosions and briefs her on what is happening in the club	Severen saves Rayne from the explosions and briefs her on what is happening in the club		pending	
dialogue:A2_UNIONSTATION_PART2.TXT:116:ost_fixme_kestrel1	dialogue	A2_UNIONSTATION_PART2.TXT	116	ost_fixme_kestrel1	Kestrel: Finish me off.	Kestrel: Finish me off.		pending	
dialogue:A2_UNIONSTATION_PART2.TXT:117:ost_fixme_kestrel2	dialogue	A2_UNIONSTATION_PART2.TXT	117	ost_fixme_kestrel2	Kestrel: Why...Pretty...should I tell you anything?	Kestrel: Why...Pretty...should I tell you anything?		pending	
dialogue:A2_UNIONSTATION_PART2.TXT:118:ost_fixme_kestrel3	dialogue	A2_UNIONSTATION_PART2.TXT	118	ost_fixme_kestrel3	Kestrel: (groans)	Kestrel: (groans)		pending	
dialogue:A2_UNIONSTATION_PART2.TXT:119:ost_fixme_kestrel4	dialogue	A2_UNIONSTATION_PART2.TXT	119	ost_fixme_kestrel4	Kestrel: (talking quickly, realizing in a panic) We take them to the Club; we got in through the vents, that way!	Kestrel: (talking quickly, realizing in a panic) We take them to the Club; we got in through the vents, that way!		pending	
dialogue:A2_UNIONSTATION_PART2.TXT:120:ost_fixme_kestrelflee	dialogue	A2_UNIONSTATION_PART2.TXT	120	ost_fixme_kestrelflee	Kestrel flees, setting off explosive charges to slow down Rayne	Kestrel flees, setting off explosive charges to slow down Rayne		pending	
dialogue:A2_UNIONSTATION_PART2.TXT:121:ost_fixme_kestrelwhimpering	dialogue	A2_UNIONSTATION_PART2.TXT	121	ost_fixme_kestrelwhimpering	Kestrel: (muttering) so many plans, so many bangs. Too tough, too pretty, pain…such exquisite pain.	Kestrel: (muttering) so many plans, so many bangs. Too tough, too pretty, pain…such exquisite pain.		pending	
dialogue:A2_UNIONSTATION_PART2.TXT:122:ost_fixme_rayne1	dialogue	A2_UNIONSTATION_PART2.TXT	122	ost_fixme_rayne1	Rayne: Tried to bite off more than you could chew;  I’ve seen it before, from bigger and better.	Rayne: Tried to bite off more than you could chew;  I’ve seen it before, from bigger and better.		pending	
dialogue:A2_UNIONSTATION_PART2.TXT:123:ost_fixme_rayne2	dialogue	A2_UNIONSTATION_PART2.TXT	123	ost_fixme_rayne2	Rayne: Where are they taking everyone?	Rayne: Where are they taking everyone?		pending	
dialogue:A2_UNIONSTATION_PART2.TXT:124:ost_fixme_rayne3	dialogue	A2_UNIONSTATION_PART2.TXT	124	ost_fixme_rayne3	Rayne: If you don't...I'll let you live	Rayne: If you don't...I'll let you live		pending	
dialogue:A2_UNIONSTATION_PART2.TXT:125:ost_fixme_rayne4	dialogue	A2_UNIONSTATION_PART2.TXT	125	ost_fixme_rayne4	Rayne: I tell ya, I’ve been all around the world, and I’ve seen a lot of things.  But, I gotta wonder, what will get you first: the rats...or the sun.	Rayne: I tell ya, I’ve been all around the world, and I’ve seen a lot of things.  But, I gotta wonder, what will get you first: the rats...or the sun.		pending	
dialogue:A2_UNIONSTATION_PART2.TXT:126:ost_fixme_rayne5	dialogue	A2_UNIONSTATION_PART2.TXT	126	ost_fixme_rayne5	Rayne: Now…was that so hard?	Rayne: Now…was that so hard?		pending	
dialogue:A2_UNIONSTATION_PART2.TXT:127:ost_fixme_rayne6	dialogue	A2_UNIONSTATION_PART2.TXT	127	ost_fixme_rayne6	Rayne: There's gotta be a way up there...	Rayne: There's gotta be a way up there...		pending	
dialogue:A2_UNIONSTATION_PART2.TXT:128:ost_fixme_rayneseestheexplosions	dialogue	A2_UNIONSTATION_PART2.TXT	128	ost_fixme_rayneseestheexplosions	Rayne sees the explosions racing toward her, turns and runs	Rayne sees the explosions racing toward her, turns and runs		pending	
dialogue:A2_UNIONSTATION_PART2.TXT:129:ost_fixme_raynespotsseverenandmakesabreakforhim	dialogue	A2_UNIONSTATION_PART2.TXT	129	ost_fixme_raynespotsseverenandmakesabreakforhim	Rayne sees Severen open an access door and runs toward him	Rayne sees Severen open an access door and runs toward him		pending	
dialogue:A2_UNIONSTATION_PART2.TXT:130:ost_objective_gateraise	dialogue	A2_UNIONSTATION_PART2.TXT	130	ost_objective_gateraise	Complete the circuits and raise the gate	Замкнуть цепь и открыть ворота		pending	
dialogue:A2_UNIONSTATION_PART2.TXT:131:ost_objective_kestralchase	dialogue	A2_UNIONSTATION_PART2.TXT	131	ost_objective_kestralchase	Find out where the Kestral fled to	Найти Кестрел		pending	
dialogue:A2_UNIONSTATION_PART2.TXT:132:ost_objective_kestralchase2	dialogue	A2_UNIONSTATION_PART2.TXT	132	ost_objective_kestralchase2	Follow the Kestral to Club Strages	Проследовать за Кестрел на дискотеку		pending	
dialogue:A2_UNIONSTATION_PART3.TXT:1:a2s2_ephemera_10.wav	dialogue	A2_UNIONSTATION_PART3.TXT	1	a2s2_ephemera_10.wav	How could you... ?!	EPHEMERA: How could you... ?!		pending	
dialogue:A2_UNIONSTATION_PART3.TXT:2:a2s2_ephemera_11.wav	dialogue	A2_UNIONSTATION_PART3.TXT	2	a2s2_ephemera_11.wav	We chose a bad place to fight, little assassin.	ЭФЕМЕРА: Это не совсем то место, маленькая убийца.		pending	
dialogue:A2_UNIONSTATION_PART3.TXT:3:a2s2_ephemera_12.wav	dialogue	A2_UNIONSTATION_PART3.TXT	3	a2s2_ephemera_12.wav	You're more... interesting than I thought. We'll meet again?	ЭФЕМЕРА: А ты... интересней, чем я думала. Мы еще встретимся?		pending	
dialogue:A2_UNIONSTATION_PART3.TXT:4:a2s2_ephemera_7.wav	dialogue	A2_UNIONSTATION_PART3.TXT	4	a2s2_ephemera_7.wav	Dhampir? I knew we had an intruder, but I thought you'd at least be fullblood...	ЭФЕМЕРА: Дампир? Я слышала о чужаке, но думала, что ты хотя бы чистокровная...		pending	
dialogue:A2_UNIONSTATION_PART3.TXT:5:a2s2_ephemera_8.wav	dialogue	A2_UNIONSTATION_PART3.TXT	5	a2s2_ephemera_8.wav	You're the one that took dear brother Zerenzki from us?	ЭФЕМЕРА: Так ты та, кто лишил нас Зерински, дорогого брата?		pending	
dialogue:A2_UNIONSTATION_PART3.TXT:6:a2s2_ephemera_9.wav	dialogue	A2_UNIONSTATION_PART3.TXT	6	a2s2_ephemera_9.wav	Interesting. And what did you hope to prove?	ЭФЕМЕРА: Интересно. И что же ты хочешь доказать?		pending	
dialogue:A2_UNIONSTATION_PART3.TXT:7:a2s2_fminion1_21.wav	dialogue	A2_UNIONSTATION_PART3.TXT	7	a2s2_fminion1_21.wav	Faster we lock this section down the faster we can get the hell outta here.	СЛУГА: Чем быстрее мы перекроем эту хрень, тем быстрее смоемся отсюда.		pending	
dialogue:A2_UNIONSTATION_PART3.TXT:8:a2s2_fminion1_22.wav	dialogue	A2_UNIONSTATION_PART3.TXT	8	a2s2_fminion1_22.wav	Another one? Damn, man, you've torn through, like, 400 rounds tonight...	MINION: Another one? Damn, man, you've torn through, like, 400 rounds tonight...		pending	
dialogue:A2_UNIONSTATION_PART3.TXT:9:a2s2_fminion1_23.wav	dialogue	A2_UNIONSTATION_PART3.TXT	9	a2s2_fminion1_23.wav	What??	СЛУГА: Что?		pending	
dialogue:A2_UNIONSTATION_PART3.TXT:10:a2s2_fminion1_24.wav	dialogue	A2_UNIONSTATION_PART3.TXT	10	a2s2_fminion1_24.wav	We're getting' our asses handed to us here.	СЛУГА: Вот тут нам задницы и поотрывают!		pending	
dialogue:A2_UNIONSTATION_PART3.TXT:11:a2s2_fminion2_13.wav	dialogue	A2_UNIONSTATION_PART3.TXT	11	a2s2_fminion2_13.wav	Oh my God-what's going on here?!	СЛУГА: Боже! Че там творится?		pending	
dialogue:A2_UNIONSTATION_PART3.TXT:12:a2s2_fminion2_14.wav	dialogue	A2_UNIONSTATION_PART3.TXT	12	a2s2_fminion2_14.wav	All right, pass me another belt.	MINION: All right, pass me another belt.		pending	
dialogue:A2_UNIONSTATION_PART3.TXT:13:a2s2_fminion2_15.wav	dialogue	A2_UNIONSTATION_PART3.TXT	13	a2s2_fminion2_15.wav	Yeah, and I'm just starting. Been waiting for this for years. I'm taking apart anything that moves.	MINION: Yeah, and I'm just starting. Been waiting for this for years. I'm taking apart anything that moves.		pending	
dialogue:A2_UNIONSTATION_PART3.TXT:14:a2s2_fminion2_16.wav	dialogue	A2_UNIONSTATION_PART3.TXT	14	a2s2_fminion2_16.wav	... Including that monster dhampir everybody's crying about. I get her in my sights, and we're gonna see some crying.	MINION: ... Including that monster dhampir everybody's crying about. I get her in my sights, and we're gonna see some crying.		pending	
dialogue:A2_UNIONSTATION_PART3.TXT:15:a2s2_fminion2_17.wav	dialogue	A2_UNIONSTATION_PART3.TXT	15	a2s2_fminion2_17.wav	Retreat! Drop the exit! Do it now!	СЛУГА: Отходим! Опускайте лестницу! Быстрее!		pending	
dialogue:A2_UNIONSTATION_PART3.TXT:16:a2s2_fminion3_8.wav	dialogue	A2_UNIONSTATION_PART3.TXT	16	a2s2_fminion3_8.wav	But be careful! None of that up there looks too solid.	СЛУГА: Эй, осторожней! Там все такое хлипкое.		pending	
dialogue:A2_UNIONSTATION_PART3.TXT:17:a2s2_kestrel1_23.wav	dialogue	A2_UNIONSTATION_PART3.TXT	17	a2s2_kestrel1_23.wav	Not so tough. Huh, pretty?	KESTREL: Not so tough. Huh, pretty?		pending	
dialogue:A2_UNIONSTATION_PART3.TXT:19:a2s2_rayne_25.wav	dialogue	A2_UNIONSTATION_PART3.TXT	19	a2s2_rayne_25.wav	You know, I was just thinking the same thing...	RAYNE: You know, I was just thinking the same thing...		pending	
dialogue:A2_UNIONSTATION_PART3.TXT:20:a2s2_rayne_26.wav	dialogue	A2_UNIONSTATION_PART3.TXT	20	a2s2_rayne_26.wav	I see that. What's between me and them?	РЕЙН: Я вижу. Что между ними и мной?		pending	
dialogue:A2_UNIONSTATION_PART3.TXT:21:a2s2_rayne_27.wav	dialogue	A2_UNIONSTATION_PART3.TXT	21	a2s2_rayne_27.wav	All that noise is gonna make you deaf.	РЕЙН: Так шумно - оглохнуть можно.		pending	
dialogue:A2_UNIONSTATION_PART3.TXT:22:a2s2_rayne_28.wav	dialogue	A2_UNIONSTATION_PART3.TXT	22	a2s2_rayne_28.wav	Uh-Huh. Give you a headache, too	РЕЙН: Ага! Еще и голова разболится.		pending	
dialogue:A2_UNIONSTATION_PART3.TXT:23:a2s2_rayne_29.wav	dialogue	A2_UNIONSTATION_PART3.TXT	23	a2s2_rayne_29.wav	"... and the part of ""straight man"" was played this evening by unnamed Minion three hundred forty seven."	"RAYNE: ... and the part of ""straight man"" was played this evening by unnamed Minion three hundred forty seven."		pending	
dialogue:A2_UNIONSTATION_PART3.TXT:24:a2s2_rayne_30.wav	dialogue	A2_UNIONSTATION_PART3.TXT	24	a2s2_rayne_30.wav	... I'll be here all week, folks. Every show is different.	РЕЙН: ...Я задержусь на недельку, ребята. Каждый вечер - новое шоу.		pending	
dialogue:A2_UNIONSTATION_PART3.TXT:25:a2s2_rayne_31.wav	dialogue	A2_UNIONSTATION_PART3.TXT	25	a2s2_rayne_31.wav	Wow. Somebody's got a taste for really pointy art.	RAYNE: Wow. Somebody's got a taste for really pointy art.		pending	
dialogue:A2_UNIONSTATION_PART3.TXT:26:a2s2_rayne_32.wav	dialogue	A2_UNIONSTATION_PART3.TXT	26	a2s2_rayne_32.wav	Severin, I ever tell you about the butterfly collection I had as a kid?	РЕЙН: Северин, я рассказывала тебе о моей коллекции бабочек?		pending	
dialogue:A2_UNIONSTATION_PART3.TXT:27:a2s2_rayne_33.wav	dialogue	A2_UNIONSTATION_PART3.TXT	27	a2s2_rayne_33.wav	I couldn't stand to hurt them-even the dead ones-so I taped them down instead of impaling them on pins.	РЕЙН: Мне было очень жалко их, даже мертвых. И я не прокалывала их булавками, а приклеивала.		pending	
dialogue:A2_UNIONSTATION_PART3.TXT:28:a2s2_rayne_34.wav	dialogue	A2_UNIONSTATION_PART3.TXT	28	a2s2_rayne_34.wav	Oh, no reason. Times change, huh?	РЕЙН: Просто так. Времена меняются, да?		pending	
dialogue:A2_UNIONSTATION_PART3.TXT:29:a2s2_rayne_35.wav	dialogue	A2_UNIONSTATION_PART3.TXT	29	a2s2_rayne_35.wav	Severin, you fish much?	RAYNE: Severin, you fish much?		pending	
dialogue:A2_UNIONSTATION_PART3.TXT:30:a2s2_rayne_36.wav	dialogue	A2_UNIONSTATION_PART3.TXT	30	a2s2_rayne_36.wav	No reason really. Just thinking about putting worms on hooks.	RAYNE: No reason really. Just thinking about putting worms on hooks.		pending	
dialogue:A2_UNIONSTATION_PART3.TXT:31:a2s2_rayne_37.wav	dialogue	A2_UNIONSTATION_PART3.TXT	31	a2s2_rayne_37.wav	Fantastic. Exactly what I was looking for.	RAYNE: Fantastic. Exactly what I was looking for.		pending	
dialogue:A2_UNIONSTATION_PART3.TXT:32:a2s2_rayne_38.wav	dialogue	A2_UNIONSTATION_PART3.TXT	32	a2s2_rayne_38.wav	I guess. Not really what I expected, though. There's nobody here.	RAYNE: I guess. Not really what I expected, though. There's nobody here.		pending	
dialogue:A2_UNIONSTATION_PART3.TXT:33:a2s2_rayne_39.wav	dialogue	A2_UNIONSTATION_PART3.TXT	33	a2s2_rayne_39.wav	Aw, dammit somebody sprang a bloodfield on me. I'm trapped on the dancefloor with a Kestrel safe in the booth. And here comes the goon squad.	РЕЙН: Черт! Кто-то растянул кровавый занавес. Я в ловушке на танцполе, а Кестрел сидит в кабинке. А вот и зондеркоманда.		pending	
dialogue:A2_UNIONSTATION_PART3.TXT:34:a2s2_rayne_40.wav	dialogue	A2_UNIONSTATION_PART3.TXT	34	a2s2_rayne_40.wav	Hm. Can't get to her directly ... it's not all bad... I kinda like this song.	РЕЙН: Гм. Напрямую к ней не добраться... но не все так плохо... А песенка вроде ничего.		pending	
dialogue:A2_UNIONSTATION_PART3.TXT:35:a2s2_rayne_41.wav	dialogue	A2_UNIONSTATION_PART3.TXT	35	a2s2_rayne_41.wav	Yeah! Bringin' down the house! What else can I use in here?	РЕЙН: Ага! Зажжем вечеринку!		pending	
dialogue:A2_UNIONSTATION_PART3.TXT:36:a2s2_rayne_42.wav	dialogue	A2_UNIONSTATION_PART3.TXT	36	a2s2_rayne_42.wav	Hm. Now how am I supposed to get over there... ?	РЕЙН: Гм. Ну, и как мне туда перебраться?		pending	
dialogue:A2_UNIONSTATION_PART3.TXT:37:a2s2_rayne_43.wav	dialogue	A2_UNIONSTATION_PART3.TXT	37	a2s2_rayne_43.wav	Once again my favorite sound. Ooh! It tickles me!	RAYNE: Once again my favorite sound. Ooh! It tickles me!		pending	
dialogue:A2_UNIONSTATION_PART3.TXT:38:a2s2_rayne_44.wav	dialogue	A2_UNIONSTATION_PART3.TXT	38	a2s2_rayne_44.wav	Aw, why's it gotta be like that? You're Ephemera, right?	РЕЙН: Ладно, не надо лицемерить. Ты Эфемера, верно?		pending	
dialogue:A2_UNIONSTATION_PART3.TXT:39:a2s2_rayne_45.wav	dialogue	A2_UNIONSTATION_PART3.TXT	39	a2s2_rayne_45.wav	You're Ephemera, right?	RAYNE: You're Ephemera, right?		pending	
dialogue:A2_UNIONSTATION_PART3.TXT:40:a2s2_rayne_46.wav	dialogue	A2_UNIONSTATION_PART3.TXT	40	a2s2_rayne_46.wav	Guilty. And a bunch of your old-world siblings, too.	РЕЙН: Да, моя вина. А еще кучи родни в старом свете.		pending	
dialogue:A2_UNIONSTATION_PART3.TXT:41:a2s2_rayne_47.wav	dialogue	A2_UNIONSTATION_PART3.TXT	41	a2s2_rayne_47.wav	I'm settling a family score. Yours for mine...	РЕЙН: Просто разбираюсь с долгами. Вашей семьи перед моей...		pending	
dialogue:A2_UNIONSTATION_PART3.TXT:42:a2s2_rayne_48.wav	dialogue	A2_UNIONSTATION_PART3.TXT	42	a2s2_rayne_48.wav	Man. These gear movements are a serious hassle.	РЕЙН: Все эти шестеренки выглядят серьезно.		pending	
dialogue:A2_UNIONSTATION_PART3.TXT:43:a2s2_rayne_49.wav	dialogue	A2_UNIONSTATION_PART3.TXT	43	a2s2_rayne_49.wav	Okay. You'll let me know if anything interesting is coming my way, right?	РЕЙН: Ладно. Скажешь, если ко мне будет двигаться что-то интересное?		pending	
dialogue:A2_UNIONSTATION_PART3.TXT:44:a2s2_rayne_50.wav	dialogue	A2_UNIONSTATION_PART3.TXT	44	a2s2_rayne_50.wav	Aw, c'mon, Ephemera. No such thing as a bad place to fight.	РЕЙН: Да брось! Для хорошей драки не бывает неподходящих мест.		pending	
dialogue:A2_UNIONSTATION_PART3.TXT:45:a2s2_rayne_51.wav	dialogue	A2_UNIONSTATION_PART3.TXT	45	a2s2_rayne_51.wav		RAYNE:		blank	English display is empty; clear RU-only speaker prefix
dialogue:A2_UNIONSTATION_PART3.TXT:46:a2s2_rayne_52.wav	dialogue	A2_UNIONSTATION_PART3.TXT	46	a2s2_rayne_52.wav	Under the clock... under the station...	RAYNE: Under the clock... under the station...		pending	
dialogue:A2_UNIONSTATION_PART3.TXT:47:a2s2_rayne_53.wav	dialogue	A2_UNIONSTATION_PART3.TXT	47	a2s2_rayne_53.wav	Can you tell the little bastard inside my skull to turn off his jackhammer?	RAYNE: Can you tell the little bastard inside my skull to turn off his jackhammer?		pending	
dialogue:A2_UNIONSTATION_PART3.TXT:48:a2s2_rayne_54.wav	dialogue	A2_UNIONSTATION_PART3.TXT	48	a2s2_rayne_54.wav	I thought you were gonna be here?	RAYNE: I thought you were gonna be here?		pending	
dialogue:A2_UNIONSTATION_PART3.TXT:49:a2s2_rayne_55.wav	dialogue	A2_UNIONSTATION_PART3.TXT	49	a2s2_rayne_55.wav	Oh, no...	RAYNE: Oh, no...		pending	
dialogue:A2_UNIONSTATION_PART3.TXT:50:a2s2_rayne_56.wav	dialogue	A2_UNIONSTATION_PART3.TXT	50	a2s2_rayne_56.wav	Never seen vampires act out so obviously nabbing citizens, fighting the cops...	RAYNE: Never seen vampires act out so obviously nabbing citizens, fighting the cops...		pending	
dialogue:A2_UNIONSTATION_PART3.TXT:51:a2s2_rayne_57.wav	dialogue	A2_UNIONSTATION_PART3.TXT	51	a2s2_rayne_57.wav	... whatever this is, it's gonna be bad.	RAYNE: ... whatever this is, it's gonna be bad.		pending	
dialogue:A2_UNIONSTATION_PART3.TXT:52:a2s2_rayne_58.wav	dialogue	A2_UNIONSTATION_PART3.TXT	52	a2s2_rayne_58.wav	Yeah. Whatever. Listen, Severin, I'm not really wearing the white hat, here.	RAYNE: Yeah. Whatever. Listen, Severin, I'm not really wearing the white hat, here.		pending	
dialogue:A2_UNIONSTATION_PART3.TXT:53:a2s2_rayne_59.wav	dialogue	A2_UNIONSTATION_PART3.TXT	53	a2s2_rayne_59.wav	My only goal is to kill off the Cult. It's too bad about the victims, but that's not my fight.	RAYNE: My only goal is to kill off the Cult. It's too bad about the victims, but that's not my fight.		pending	
dialogue:A2_UNIONSTATION_PART3.TXT:54:a2s2_rayne_60.wav	dialogue	A2_UNIONSTATION_PART3.TXT	54	a2s2_rayne_60.wav	Severin... Kagan didn't just kill my mother, or rape her, or drive her insane...	RAYNE: Severin... Kagan didn't just kill my mother, or rape her, or drive her insane...		pending	
dialogue:A2_UNIONSTATION_PART3.TXT:55:a2s2_rayne_61.wav	dialogue	A2_UNIONSTATION_PART3.TXT	55	a2s2_rayne_61.wav	He also murdered her entire family.	RAYNE: He also murdered her entire family.		pending	
dialogue:A2_UNIONSTATION_PART3.TXT:56:a2s2_rayne_62.wav	dialogue	A2_UNIONSTATION_PART3.TXT	56	a2s2_rayne_62.wav	He wiped out an entire family so that I'd have no one to turn to but him.	RAYNE: He wiped out an entire family so that I'd have no one to turn to but him.		pending	
dialogue:A2_UNIONSTATION_PART3.TXT:57:a2s2_rayne_63.wav	dialogue	A2_UNIONSTATION_PART3.TXT	57	a2s2_rayne_63.wav	It wan't even cruelty--just his policy. For all the dhampir he created.	RAYNE: It wan't even cruelty--just his policy. For all the dhampir he created.		pending	
dialogue:A2_UNIONSTATION_PART3.TXT:58:a2s2_rayne_64.wav	dialogue	A2_UNIONSTATION_PART3.TXT	58	a2s2_rayne_64.wav	Professor Tremayne and Brimstone got to me before Kagan did.	RAYNE: Professor Tremayne and Brimstone got to me before Kagan did.		pending	
dialogue:A2_UNIONSTATION_PART3.TXT:59:a2s2_rayne_65.wav	dialogue	A2_UNIONSTATION_PART3.TXT	59	a2s2_rayne_65.wav	If they hadn't, I'd probably have turned out just like the rest of his children.	RAYNE: If they hadn't, I'd probably have turned out just like the rest of his children.		pending	
dialogue:A2_UNIONSTATION_PART3.TXT:60:a2s2_rayne_66.wav	dialogue	A2_UNIONSTATION_PART3.TXT	60	a2s2_rayne_66.wav	Jesus. I hope not.	RAYNE: Jesus. I hope not.		pending	
dialogue:A2_UNIONSTATION_PART3.TXT:61:a2s2_severin_10.wav	dialogue	A2_UNIONSTATION_PART3.TXT	61	a2s2_severin_10.wav	Why, the fabulous Club Strages.	СЕВЕРИН: Как же! Знаменитый Клуб Стрейджес.		pending	
dialogue:A2_UNIONSTATION_PART3.TXT:62:a2s2_severin_11.wav	dialogue	A2_UNIONSTATION_PART3.TXT	62	a2s2_severin_11.wav	Huh. That's interesting. What makes you bring that up?	СЕВЕРИН: Хм, интересно. А почему ты это вспомнила?		pending	
dialogue:A2_UNIONSTATION_PART3.TXT:63:a2s2_severin_12.wav	dialogue	A2_UNIONSTATION_PART3.TXT	63	a2s2_severin_12.wav	I'd say so.	СЕВЕРИН: Думаю, да.		pending	
dialogue:A2_UNIONSTATION_PART3.TXT:64:a2s2_severin_13.wav	dialogue	A2_UNIONSTATION_PART3.TXT	64	a2s2_severin_13.wav	Hm? No, not really. Why do you ask?	SEVERIN: Hm? No, not really. Why do you ask?		pending	
dialogue:A2_UNIONSTATION_PART3.TXT:65:a2s2_severin_14.wav	dialogue	A2_UNIONSTATION_PART3.TXT	65	a2s2_severin_14.wav	Yes. I may need to insist on radio silence...	SEVERIN: Yes. I may need to insist on radio silence...		pending	
dialogue:A2_UNIONSTATION_PART3.TXT:66:a2s2_severin_15.wav	dialogue	A2_UNIONSTATION_PART3.TXT	66	a2s2_severin_15.wav	That's loud. Sounds like you've found the club proper.	СЕВЕРИН: Ммм... Как громко. Похоже, ты уже в самом клубе.		pending	
dialogue:A2_UNIONSTATION_PART3.TXT:67:a2s2_severin_16.wav	dialogue	A2_UNIONSTATION_PART3.TXT	67	a2s2_severin_16.wav	Minions can't work a Bloodfield only dhampir. The Kestrel must be the one you've gotta take out to dissipate the field.	СЕВЕРИН: Слуги не могут управлять полем - только дампир. Чтобы снять поле тебе надо добраться до Кестрел.		pending	
dialogue:A2_UNIONSTATION_PART3.TXT:68:a2s2_severin_17.wav	dialogue	A2_UNIONSTATION_PART3.TXT	68	a2s2_severin_17.wav	Yeah. I can see you from where I'm standing. Be careful those gears look extremely heavy.	СЕВЕРИН: Да. Я тебя отсюда вижу. Будь осторожна. Все эти железяки очень тяжелые.		pending	
dialogue:A2_UNIONSTATION_PART3.TXT:69:a2s2_severin_18.wav	dialogue	A2_UNIONSTATION_PART3.TXT	69	a2s2_severin_18.wav	Definitely. I'll meet you at the bottom when you're finished.	СЕВЕРИН: Обязательно. Как закончишь, встретимся внизу.		pending	
dialogue:A2_UNIONSTATION_PART3.TXT:70:a2s2_severin_19.wav	dialogue	A2_UNIONSTATION_PART3.TXT	70	a2s2_severin_19.wav	Rayne? That was... Ephemera, wasn't it?	SEVERIN: Rayne? That was... Ephemera, wasn't it?		pending	
dialogue:A2_UNIONSTATION_PART3.TXT:71:a2s2_severin_20.wav	dialogue	A2_UNIONSTATION_PART3.TXT	71	a2s2_severin_20.wav	That looked rough. Where'd you end up?	SEVERIN: That looked rough. Where'd you end up?		pending	
dialogue:A2_UNIONSTATION_PART3.TXT:72:a2s2_severin_21.wav	dialogue	A2_UNIONSTATION_PART3.TXT	72	a2s2_severin_21.wav	I was there. But I had to... leave?	SEVERIN: I was there. But I had to... leave?		pending	
dialogue:A2_UNIONSTATION_PART3.TXT:73:a2s2_severin_22.wav	dialogue	A2_UNIONSTATION_PART3.TXT	73	a2s2_severin_22.wav	Yeah, they're going public in a big way. Like they don't care who knows...	SEVERIN: Yeah, they're going public in a big way. Like they don't care who knows...		pending	
dialogue:A2_UNIONSTATION_PART3.TXT:74:a2s2_severin_23.wav	dialogue	A2_UNIONSTATION_PART3.TXT	74	a2s2_severin_23.wav	Agreed. Ephemera got away, but the Kestrels went down into the sewers. Track 'em and I bet you can still save the kidnapped victims.	SEVERIN: Agreed. Ephemera got away, but the Kestrels went down into the sewers. Track 'em and I bet you can still save the kidnapped victims.		pending	
dialogue:A2_UNIONSTATION_PART3.TXT:75:a2s2_severin_24.wav	dialogue	A2_UNIONSTATION_PART3.TXT	75	a2s2_severin_24.wav	I... know Kagan killed your mother. But you killed him. He's been dead a long time.	SEVERIN: I... know Kagan killed your mother. But you killed him. He's been dead a long time.		pending	
dialogue:A2_UNIONSTATION_PART3.TXT:76:a2s2_severin_25.wav	dialogue	A2_UNIONSTATION_PART3.TXT	76	a2s2_severin_25.wav	Look, you saved me from a very long, very bad existence. Ephemera wouldn't have treated me kindly.	SEVERIN: Look, you saved me from a very long, very bad existence. Ephemera wouldn't have treated me kindly.		pending	
dialogue:A2_UNIONSTATION_PART3.TXT:77:a2s2_severin_26.wav	dialogue	A2_UNIONSTATION_PART3.TXT	77	a2s2_severin_26.wav	So I'm with you all the way on this. Even if you can't tell me why you're doing it.	SEVERIN: So I'm with you all the way on this. Even if you can't tell me why you're doing it.		pending	
dialogue:A2_UNIONSTATION_PART3.TXT:78:a2s2_severin_27.wav	dialogue	A2_UNIONSTATION_PART3.TXT	78	a2s2_severin_27.wav	I'm sorry. I had no idea...	SEVERIN: I'm sorry. I had no idea...		pending	
dialogue:A2_UNIONSTATION_PART3.TXT:79:a2s2_severin_28.wav	dialogue	A2_UNIONSTATION_PART3.TXT	79	a2s2_severin_28.wav	You think you would've turned out like Kestrels?	SEVERIN: You think you would've turned out like Kestrels?		pending	
dialogue:A2_UNIONSTATION_PART3.TXT:80:a2s2_severin_8.wav	dialogue	A2_UNIONSTATION_PART3.TXT	80	a2s2_severin_8.wav	Hey, I passed through there a minute ago. The structure's unstable. The supports don't look like they'd stand up to much punishment.	SEVERIN: Hey, I passed through there a minute ago. The structure's unstable. The supports don't look like they'd stand up to much punishment.		pending	
dialogue:A2_UNIONSTATION_PART3.TXT:81:a2s2_severin_9.wav	dialogue	A2_UNIONSTATION_PART3.TXT	81	a2s2_severin_9.wav	Your quarry are taking the high road...	СЕВЕРИН: Они уходят...		pending	
dialogue:A2_UNIONSTATION_PART3.TXT:82:missiondescription	dialogue	A2_UNIONSTATION_PART3.TXT	82	missiondescription	Club Strages Nightclub	Вокзал: Дискотека		pending	
dialogue:A2_UNIONSTATION_PART3.TXT:83:objectiveclock	dialogue	A2_UNIONSTATION_PART3.TXT	83	objectiveclock	Track the Kestrel into the Clock	Проследовать за Кестрел в часовню		pending	
dialogue:A2_UNIONSTATION_PART3.TXT:84:objectivedefeatkestrel	dialogue	A2_UNIONSTATION_PART3.TXT	84	objectivedefeatkestrel	Destroy the Kestrel and the DJ Booth	Одновременно закоротить все четыре громкоговорителя		pending	
dialogue:A2_UNIONSTATION_PART3.TXT:85:objectivefindclock	dialogue	A2_UNIONSTATION_PART3.TXT	85	objectivefindclock	Find a way up into the Clock Tower	Нати путь наверх в башню с часами		pending	
dialogue:A2_UNIONSTATION_PART3.TXT:86:objectivegetintoclub	dialogue	A2_UNIONSTATION_PART3.TXT	86	objectivegetintoclub	Get into Club Strages.	Пробраться на танцплощадку		pending	
dialogue:A2_UNIONSTATION_PART3.TXT:87:objectivekestrel	dialogue	A2_UNIONSTATION_PART3.TXT	87	objectivekestrel	Defeat Ephemera	Уклоняться от обломков и избегать боя с Эфемерой		pending	
dialogue:A2_UNIONSTATION_PART3.TXT:89:ost_ephemraspeaks1	dialogue	A2_UNIONSTATION_PART3.TXT	89	ost_ephemraspeaks1	EPHEMERA: Dhampir? I knew we had an intruder, but I thought you'd at least be a born fullblood...	EPHEMERA: Dhampir? I knew we had an intruder, but I thought you'd at least be a born fullblood...		pending	
dialogue:A2_UNIONSTATION_PART3.TXT:90:ost_ephemraspeaks2	dialogue	A2_UNIONSTATION_PART3.TXT	90	ost_ephemraspeaks2	RAYNE: Aw, why's it gotta be like that? You're Ephemera, right?	RAYNE: Aw, why's it gotta be like that? You're Ephemera, right?		pending	
dialogue:A2_UNIONSTATION_PART3.TXT:91:ost_ephemraspeaks3	dialogue	A2_UNIONSTATION_PART3.TXT	91	ost_ephemraspeaks3	EPHEMERA: You're the one that took dear brother Zerenzki from us?	EPHEMERA: You're the one that took dear brother Zerenzki from us?		pending	
dialogue:A2_UNIONSTATION_PART3.TXT:92:ost_ephemraspeaks4	dialogue	A2_UNIONSTATION_PART3.TXT	92	ost_ephemraspeaks4	RAYNE: Guilty. And a bunch of your old-world siblings, too.	RAYNE: Guilty. And a bunch of your old-world siblings, too.		pending	
dialogue:A2_UNIONSTATION_PART3.TXT:93:ost_ephemraspeaks5	dialogue	A2_UNIONSTATION_PART3.TXT	93	ost_ephemraspeaks5	EPHEMERA: Interesting. And what did you hope to prove?	EPHEMERA: Interesting. And what did you hope to prove?		pending	
dialogue:A2_UNIONSTATION_PART3.TXT:94:ost_ephemraspeaks6	dialogue	A2_UNIONSTATION_PART3.TXT	94	ost_ephemraspeaks6	RAYNE: I'm settling a family score. Yours for mine...	RAYNE: I'm settling a family score. Yours for mine...		pending	
dialogue:A2_UNIONSTATION_PART3.TXT:95:ost_fixme_cantopenthatyet	dialogue	A2_UNIONSTATION_PART3.TXT	95	ost_fixme_cantopenthatyet	you cannot open that yet...	Сейчас открыть невозможно...		pending	
dialogue:A2_UNIONSTATION_PART3.TXT:96:ost_fixme_desc_explosion1	dialogue	A2_UNIONSTATION_PART3.TXT	96	ost_fixme_desc_explosion1	Kestrel activates the demolition charges and destroy the tunnel	Kestrel activates the demolition charges and destroy the tunnel		pending	
dialogue:A2_UNIONSTATION_PART3.TXT:97:ost_fixme_desc_streets1	dialogue	A2_UNIONSTATION_PART3.TXT	97	ost_fixme_desc_streets1	Severin radio chat: The punks are falling back to the old Union Station building	Severin radio chat: The punks are falling back to the old Union Station building		pending	
dialogue:A2_UNIONSTATION_PART3.TXT:98:ost_fixme_desc_trainbay1	dialogue	A2_UNIONSTATION_PART3.TXT	98	ost_fixme_desc_trainbay1	Showdown Between Rayne and Kestrel & Her Men.	Showdown Between Rayne and Kestrel & Her Men.		pending	
dialogue:A2_UNIONSTATION_PART3.TXT:99:ost_fixme_discussion_mooks2	dialogue	A2_UNIONSTATION_PART3.TXT	99	ost_fixme_discussion_mooks2	Minions discussing burning Rayne out of the vents with their new flamethrowers	Слуги обсуждают, как взорвать Рейн в вентиляционных шахтах гранатами		pending	
dialogue:A2_UNIONSTATION_PART3.TXT:100:ost_fixme_discussion_mooks3	dialogue	A2_UNIONSTATION_PART3.TXT	100	ost_fixme_discussion_mooks3	Minions spot Rayne and begin firing their Flamethrowers into the vents	Minions spot Rayne and begin firing their Flamethrowers into the vents		pending	
dialogue:A2_UNIONSTATION_PART3.TXT:101:ost_fixme_discussion_severenrayne1	dialogue	A2_UNIONSTATION_PART3.TXT	101	ost_fixme_discussion_severenrayne1	Severen saves Rayne from the explosions and briefs her on what is happening in the club	Severen saves Rayne from the explosions and briefs her on what is happening in the club		pending	
dialogue:A2_UNIONSTATION_PART3.TXT:102:ost_fixme_kestrelflee	dialogue	A2_UNIONSTATION_PART3.TXT	102	ost_fixme_kestrelflee	Kestrel flees, setting off explosive charges to slow down Rayne	Kestrel flees, setting off explosive charges to slow down Rayne		pending	
dialogue:A2_UNIONSTATION_PART3.TXT:103:ost_fixme_killometer	dialogue	A2_UNIONSTATION_PART3.TXT	103	ost_fixme_killometer	In order to progress, make sure you have thrown 4 punks into the 4 speakers at the same time	Для прохождения необходимо одновременно бросить 4-х панков в 4 динамика		pending	
dialogue:A2_UNIONSTATION_PART3.TXT:104:ost_fixme_rayneseestheexplosions	dialogue	A2_UNIONSTATION_PART3.TXT	104	ost_fixme_rayneseestheexplosions	Rayne sees the explosions racing toward her, turns and runs	Rayne sees the explosions racing toward her, turns and runs		pending	
dialogue:A2_UNIONSTATION_PART3.TXT:105:ost_fixme_raynespotsseverenandmakesabreakforhim	dialogue	A2_UNIONSTATION_PART3.TXT	105	ost_fixme_raynespotsseverenandmakesabreakforhim	Rayne sees Severen open an access door and runs toward him	Rayne sees Severen open an access door and runs toward him		pending	
dialogue:A2_UNIONSTATION_PART3.TXT:106:ost_objective_clock	dialogue	A2_UNIONSTATION_PART3.TXT	106	ost_objective_clock	Objective: Track the Kestrel into the Clock	Track the Kestrel into the clock		pending	
dialogue:A2_UNIONSTATION_PART3.TXT:107:ost_objective_defeat_kestrel	dialogue	A2_UNIONSTATION_PART3.TXT	107	ost_objective_defeat_kestrel	Objective: Destroy the Kestrel and the DJ Booth	Short-circuit all four speakers at the same time		pending	
dialogue:A2_UNIONSTATION_PART3.TXT:108:ost_objective_find_clock	dialogue	A2_UNIONSTATION_PART3.TXT	108	ost_objective_find_clock	Objective:  Find a way up into the Clock Tower	Find a way up to the clock tower		pending	
dialogue:A2_UNIONSTATION_PART3.TXT:109:ost_objective_get_into_club	dialogue	A2_UNIONSTATION_PART3.TXT	109	ost_objective_get_into_club	Objective: Get into Club Strages.	Get into Club Strages		pending	
dialogue:A2_UNIONSTATION_PART3.TXT:110:ost_objective_kestrel	dialogue	A2_UNIONSTATION_PART3.TXT	110	ost_objective_kestrel	Objective: Defeat Ephemera	Defeat Ephemera		pending	
dialogue:A2_UNIONSTATION_PART3.TXT:111:powerup	dialogue	A2_UNIONSTATION_PART3.TXT	111	powerup	@@auraPowersButtonName@@ , @@auraPowersButtonName@@ , @@lockOnButtonName@@ , @@harpoonBiteButtonName@@ Ghost Feed acquired	"@@auraPowersButtonName@@ , @@auraPowersButtonName@@ Получена способность ""Фантомный кровосос"""		pending	
dialogue:A3_SHROUDTOWER_ASCENT.TXT:1:a3s4_lminion1_2.wav	dialogue	A3_SHROUDTOWER_ASCENT.TXT	1	a3s4_lminion1_2.wav	Minion: Did you see anything out there?	СЛУГА: Ты там что-нибудь видел?		pending	
dialogue:A3_SHROUDTOWER_ASCENT.TXT:2:a3s4_lminion1_3.wav	dialogue	A3_SHROUDTOWER_ASCENT.TXT	2	a3s4_lminion1_3.wav		СЛУГА: Тоже мне новость!		pending	no matching English row; translate from Russian
dialogue:A3_SHROUDTOWER_ASCENT.TXT:3:a3s4_lminion2_2.wav	dialogue	A3_SHROUDTOWER_ASCENT.TXT	3	a3s4_lminion2_2.wav	Minion: Be Quiet, Victor. We saw the Mistress. She came this way in a black rage.	СЛУГА: Тихо, Виктор. Мы видели Хозяйку. Она просто черная от злости.		pending	
dialogue:A3_SHROUDTOWER_ASCENT.TXT:4:a3s4_rayne_3.wav	dialogue	A3_SHROUDTOWER_ASCENT.TXT	4	a3s4_rayne_3.wav	"Rayne: So. How do we bring this thing down? Got to stop them from releasing this ""Shroud."""	"РЕЙН: Так. И как нам разрушить эту штуку? Надо не дать им выпустить этот ""Саван""."		pending	
dialogue:A3_SHROUDTOWER_ASCENT.TXT:5:a3s4_rayne_4.wav	dialogue	A3_SHROUDTOWER_ASCENT.TXT	5	a3s4_rayne_4.wav	Rayne: Hear that, Ferril?  I'm comin' to getcha.	РЕЙН: Ты слышишь, Феррил? Я иду за тобой!		pending	
dialogue:A3_SHROUDTOWER_ASCENT.TXT:6:a3s4_rayne_5.wav	dialogue	A3_SHROUDTOWER_ASCENT.TXT	6	a3s4_rayne_5.wav	Rayne: Some enormous machinery in here: some weird pumps.	РЕЙН: Здесь огромные машины - какие-то жуткие насосы.		pending	
dialogue:A3_SHROUDTOWER_ASCENT.TXT:7:a3s4_rayne_6.wav	dialogue	A3_SHROUDTOWER_ASCENT.TXT	7	a3s4_rayne_6.wav	Rayne: Aw, you boys came all the way up here just to see me? Well I can't disappoint you now. Let's party.	РЕЙН: Мальчики, вы забрались сюда, чтобы увидеть меня? Что же, не буду вас огорчать. Потанцуем?		pending	
dialogue:A3_SHROUDTOWER_ASCENT.TXT:8:a3s4_rayne_7.wav	dialogue	A3_SHROUDTOWER_ASCENT.TXT	8	a3s4_rayne_7.wav	Rayne: I'm beginning to see a metaphor here, Severin.	РЕЙН: Северин, в этом есть какая-то аналогия.		pending	
dialogue:A3_SHROUDTOWER_ASCENT.TXT:9:a3s4_rayne_8.wav	dialogue	A3_SHROUDTOWER_ASCENT.TXT	9	a3s4_rayne_8.wav	Rayne: If I take those out, we'll have a nice old-fashioned heart attack. Hmm... looks too thick for me to break on my own.	РЕЙН: Если я их вырублю, получится старый добрый инфаркт! Гммм... только выглядят они слишком прочными для меня.		pending	
dialogue:A3_SHROUDTOWER_ASCENT.TXT:10:a3s4_severin_10.wav	dialogue	A3_SHROUDTOWER_ASCENT.TXT	10	a3s4_severin_10.wav	Severin: From the heat signatures I'm detecting, looks like you've got some help on the way...	СЕВЕРИН: Судя по инфракрасным датчикам, к тебе спешит помощь...		pending	
dialogue:A3_SHROUDTOWER_ASCENT.TXT:11:a3s4_severin_2.wav	dialogue	A3_SHROUDTOWER_ASCENT.TXT	11	a3s4_severin_2.wav	Severin: Well, we can't be sure...	СЕВЕРИН: Трудно сказать...		pending	
dialogue:A3_SHROUDTOWER_ASCENT.TXT:12:a3s4_severin_3.wav	dialogue	A3_SHROUDTOWER_ASCENT.TXT	12	a3s4_severin_3.wav	Severin: It's my best bet that we can locate the machinery powering this thing's output of Shroud.	СЕВЕРИН: Думаю, мы сможем найти машины, которые дают энергию для производства этого Савана.		pending	
dialogue:A3_SHROUDTOWER_ASCENT.TXT:13:a3s4_severin_5.wav	dialogue	A3_SHROUDTOWER_ASCENT.TXT	13	a3s4_severin_5.wav	Severin: If we can sabotage those systems, we should disable this tower.	СЕВЕРИН: Если разрушим эту систему, тогда и башня будет остановлена.		pending	
dialogue:A3_SHROUDTOWER_ASCENT.TXT:14:a3s4_severin_6.wav	dialogue	A3_SHROUDTOWER_ASCENT.TXT	14	a3s4_severin_6.wav	Severin: Ah, and here's something for you, Rayne. Seems your playmate is headed for the roof.	СЕВЕРИН: А вот и кое-что для тебя, Рейн. Твоя подружка направляется на крышу.		pending	
dialogue:A3_SHROUDTOWER_ASCENT.TXT:15:a3s4_severin_7.wav	dialogue	A3_SHROUDTOWER_ASCENT.TXT	15	a3s4_severin_7.wav	Severin: They must be pushing Shroud up the length of the tower. See if you can find a way to disable them.	СЕВЕРИН: Наверное, они закачивают Саван в эту башню. Посмотри, можно ли их разрушить.		pending	
dialogue:A3_SHROUDTOWER_ASCENT.TXT:16:a3s4_severin_8.wav	dialogue	A3_SHROUDTOWER_ASCENT.TXT	16	a3s4_severin_8.wav	Severin: Yeah.  It's a massive pump.	СЕВЕРИН: Да. Это массивный насос.		pending	
dialogue:A3_SHROUDTOWER_ASCENT.TXT:17:a3s4_severin_9.wav	dialogue	A3_SHROUDTOWER_ASCENT.TXT	17	a3s4_severin_9.wav	Severin: It appears as though that heart-like structure keeps the blood oil in the system in motion, and those other devices around the room are sharing the workload.	СЕВЕРИН: Похоже, эта сердцеподобная машина заставляет кровь циркулировать по системе, а устройства вокруг принимают на себя часть нагрузки.		pending	
dialogue:A3_SHROUDTOWER_ASCENT.TXT:18:a5s1_minion_1.wav	dialogue	A3_SHROUDTOWER_ASCENT.TXT	18	a5s1_minion_1.wav	Minion: Musta' gotten her by now.  Let's go check it out.	СЛУГА: Они ее, наверно, сделали. Пошли, проверим.		pending	
dialogue:A3_SHROUDTOWER_ASCENT.TXT:19:a5s1_minion_2.wav	dialogue	A3_SHROUDTOWER_ASCENT.TXT	19	a5s1_minion_2.wav	Minion: Aw Shit - Get her!	СЛУГА: Ах, дерьмо! Взять ее!		pending	
dialogue:A3_SHROUDTOWER_ASCENT.TXT:20:a5s1_minion_3.wav	dialogue	A3_SHROUDTOWER_ASCENT.TXT	20	a5s1_minion_3.wav	Helicopter Pilot: Alright, that's everyone, I'm out of here.  But not without a little parting gift...	ПИЛОТ ВЕРТОЛЕТА: Ладно, это все, я сваливаю. И подарок на прощание...		pending	
dialogue:A3_SHROUDTOWER_ASCENT.TXT:21:missiondescription	dialogue	A3_SHROUDTOWER_ASCENT.TXT	21	missiondescription	Shroud Tower Ascent	Башня Савана: Восхождение		pending	
dialogue:A3_SHROUDTOWER_ASCENT.TXT:22:objectivebooth1	dialogue	A3_SHROUDTOWER_ASCENT.TXT	22	objectivebooth1	Objective: Break into the Control Booth	Прорваться в комнату управления		pending	
dialogue:A3_SHROUDTOWER_ASCENT.TXT:23:objectivedefault	dialogue	A3_SHROUDTOWER_ASCENT.TXT	23	objectivedefault	Objective: Reach The top of the Tower.	Попасть на крышу башни		pending	
dialogue:A3_SHROUDTOWER_ASCENT.TXT:24:objectiveheart	dialogue	A3_SHROUDTOWER_ASCENT.TXT	24	objectiveheart	Objective: Destroy the Heart	Уничтожить сердце		pending	
dialogue:A3_SHROUDTOWER_ASCENT.TXT:25:objectiveheli	dialogue	A3_SHROUDTOWER_ASCENT.TXT	25	objectiveheli	Objective: Eradicate Insertion Force	Уничтожить карательный отряд		pending	
dialogue:A3_SHROUDTOWER_ASCENT.TXT:26:objectivelungs	dialogue	A3_SHROUDTOWER_ASCENT.TXT	26	objectivelungs	Objective: Collapse the Lungs	Забить легкие		pending	
dialogue:A3_SHROUDTOWER_ASCENT.TXT:27:objectives1foreman	dialogue	A3_SHROUDTOWER_ASCENT.TXT	27	objectives1foreman	Objective: Show the Foreman who's boss	Объяснить бригадиру кто здесь главный		pending	
dialogue:A3_SHROUDTOWER_ASCENT.TXT:28:objectives3foreman	dialogue	A3_SHROUDTOWER_ASCENT.TXT	28	objectives3foreman	Objective: Smash the Foreman to proceed	Прикончить бригадира		pending	
dialogue:A3_SHROUDTOWER_ASCENT.TXT:29:objectives4	dialogue	A3_SHROUDTOWER_ASCENT.TXT	29	objectives4	Objective: Survive the Gauntlet and Reach the Roof	Добраться до крыши и не погибнуть		pending	
dialogue:A3_SHROUDTOWER_ASCENT.TXT:30:ost_blocked	dialogue	A3_SHROUDTOWER_ASCENT.TXT	30	ost_blocked	You cannot go this way.	Сюда идти нельзя...		pending	
dialogue:A3_SHROUDTOWER_ROOF.TXT:1:a3s4_ferril_1.wav	dialogue	A3_SHROUDTOWER_ROOF.TXT	1	a3s4_ferril_1.wav	Beautiful... the world's my jungle now. I'll show you, Kagan. They'll all fear my name.	ФЕРРИЛ: Прекрасно... весь мир - мои джунгли. Ты еще увидишь, Кейган. Мое имя будет вселять ужас.		pending	
dialogue:A3_SHROUDTOWER_ROOF.TXT:2:a3s4_ferril_2.wav	dialogue	A3_SHROUDTOWER_ROOF.TXT	2	a3s4_ferril_2.wav	Corpse-sucker! Half-thing! Do you really think you can interfere with this?	ФЕРРИЛ: Трупоедка! Полукровка! Неужели ты надеешься помешать нам?		pending	
dialogue:A3_SHROUDTOWER_ROOF.TXT:3:a3s4_ferril_5.wav	dialogue	A3_SHROUDTOWER_ROOF.TXT	3	a3s4_ferril_5.wav	Why.. don't... you.. just ... FALL already?	FERRIL: Why.. don't... you.. just ... FALL already?		pending	
dialogue:A3_SHROUDTOWER_ROOF.TXT:4:a3s4_ferril_6.wav	dialogue	A3_SHROUDTOWER_ROOF.TXT	4	a3s4_ferril_6.wav	You've already failed!! Just give up!	FERRIL: You've already failed!! Just give up!		pending	
dialogue:A3_SHROUDTOWER_ROOF.TXT:5:a3s4_ferril_7.wav	dialogue	A3_SHROUDTOWER_ROOF.TXT	5	a3s4_ferril_7.wav	You can't catch me - stop trying!	FERRIL: You can't catch me - stop trying!		pending	
dialogue:A3_SHROUDTOWER_ROOF.TXT:6:a3s4_ferril_8.wav	dialogue	A3_SHROUDTOWER_ROOF.TXT	6	a3s4_ferril_8.wav	You're wasting your time!	FERRIL: You're wasting your time!		pending	
dialogue:A3_SHROUDTOWER_ROOF.TXT:7:a3s4_ferril_9.wav	dialogue	A3_SHROUDTOWER_ROOF.TXT	7	a3s4_ferril_9.wav	Stop wasting MY time!	FERRIL: Stop wasting MY time!		pending	
dialogue:A3_SHROUDTOWER_ROOF.TXT:8:a3s4_rayne_10.wav	dialogue	A3_SHROUDTOWER_ROOF.TXT	8	a3s4_rayne_10.wav	And I'm not feeling real friendly.	РЕЙН: Я настроена совсем не дружелюбно.		pending	
dialogue:A3_SHROUDTOWER_ROOF.TXT:9:a3s4_rayne_11.wav	dialogue	A3_SHROUDTOWER_ROOF.TXT	9	a3s4_rayne_11.wav	Sure I do. Otherwise, this would all have been a waste of my time.	РЕЙН: Конечно. Иначе, стала бы я терять время зря.		pending	
dialogue:A3_SHROUDTOWER_ROOF.TXT:10:a3s4_rayne_12.wav	dialogue	A3_SHROUDTOWER_ROOF.TXT	10	a3s4_rayne_12.wav	Anyway, I've already shut down your dumb Tower. I'd say I'm just about done...	РЕЙН: Я ведь уже заткнула вашу дурацкую башню. Думаю, я уже почти закончила...		pending	
dialogue:A3_SHROUDTOWER_ROOF.TXT:11:a3s4_rayne_9.wav	dialogue	A3_SHROUDTOWER_ROOF.TXT	11	a3s4_rayne_9.wav	I don't think so. I'm tearing this tower down. You'll be stuck with four city blocks of rubble, if I even let you out of here alive.	РЕЙН: Не думаю. Я развалю эту башню. Даже, если уйдешь живой, придется пробираться через кварталы щебня!		pending	
dialogue:A3_SHROUDTOWER_ROOF.TXT:12:missiondescription	dialogue	A3_SHROUDTOWER_ROOF.TXT	12	missiondescription	Wetworks Shroud Tower: Ferril	Башня Савана: Феррил		pending	
dialogue:A3_SHROUDTOWER_ROOF.TXT:13:objectivepumps	dialogue	A3_SHROUDTOWER_ROOF.TXT	13	objectivepumps	Destroy all shroud pumps.	Уничтожить все насосы		pending	
dialogue:A3_SHROUDTOWER_ROOF.TXT:14:ost_allpipes	dialogue	A3_SHROUDTOWER_ROOF.TXT	14	ost_allpipes	The Shroud Tower is in ruin.	Башня Савана разрушена		pending	
dialogue:A3_SHROUDTOWER_ROOF.TXT:15:ost_pipe1	dialogue	A3_SHROUDTOWER_ROOF.TXT	15	ost_pipe1	Pipe 1 is out of commission.	Трубопровод 1 разрушен		pending	
dialogue:A3_SHROUDTOWER_ROOF.TXT:16:ost_pipe2	dialogue	A3_SHROUDTOWER_ROOF.TXT	16	ost_pipe2	Pipe 2 is out of commission.	Трубопровод 2 разрушен		pending	
dialogue:A3_SHROUDTOWER_ROOF.TXT:17:ost_pipe3	dialogue	A3_SHROUDTOWER_ROOF.TXT	17	ost_pipe3	Pipe 3 is out of commission.	Трубопровод 3 разрушен		pending	
dialogue:A3_SHROUDTOWER_ROOF.TXT:18:ost_pipe4	dialogue	A3_SHROUDTOWER_ROOF.TXT	18	ost_pipe4	Pipe 4 is out of commission.	Трубопровод 4 разрушен		pending	
dialogue:A3_SHROUDTOWER_ROOF.TXT:19:powerup	dialogue	A3_SHROUDTOWER_ROOF.TXT	19	powerup	@@speedPowersButtonName@@ @@speedPowersButtonName@@ @@speedPowersButtonName@@ Freeze Time acquired.	"@@speedPowersButtonName@@ , @@speedPowersButtonName@@ , @@speedPowersButtonName@@ Получена способность ""Остановка времени"""		pending	
dialogue:A3_WETWORKS_E_1.TXT:1:a3s2_foreman_1.wav	dialogue	A3_WETWORKS_E_1.TXT	1	a3s2_foreman_1.wav	Shame to crush pretty face.	БРИГАДИР: Жаль портить такое личико.		pending	
dialogue:A3_WETWORKS_E_1.TXT:2:a3s2_lminion1_1.wav	dialogue	A3_WETWORKS_E_1.TXT	2	a3s2_lminion1_1.wav	Dammit. This batch is estrogen-low.	MINION: Dammit. This batch is estrogen-low.		pending	
dialogue:A3_WETWORKS_E_1.TXT:3:a3s2_lminion1_2.wav	dialogue	A3_WETWORKS_E_1.TXT	3	a3s2_lminion1_2.wav	Call in to the pens and have'em run, uhhh... fifteen more bloodsacks through the juicers into the 3 and 4 Vats. Females only.	MINION: Call in to the pens and have'em run, uhhh... fifteen more bloodsacks through the juicers into the 3 and 4 Vats. Females only.		pending	
dialogue:A3_WETWORKS_E_1.TXT:4:a3s2_lminion1_3.wav	dialogue	A3_WETWORKS_E_1.TXT	4	a3s2_lminion1_3.wav	True dat. Gotta keep the potency high-high. Anti-coagulants in Vat 5, too it's starting to scab up in there.	MINION: True dat. Gotta keep the potency high-high. Anti-coagulants in Vat 5, too it's starting to scab up in there.		pending	
dialogue:A3_WETWORKS_E_1.TXT:5:a3s2_lminion1_4.wav	dialogue	A3_WETWORKS_E_1.TXT	5	a3s2_lminion1_4.wav	Lock down the room! She's here!	MINION: Lock down the room! She's here!		pending	
dialogue:A3_WETWORKS_E_1.TXT:6:a3s2_lminion2_1.wav	dialogue	A3_WETWORKS_E_1.TXT	6	a3s2_lminion2_1.wav	Yeah, will do. Looks like we could use a fresh infusion of psybocillics, too.	MINION: Yeah, will do. Looks like we could use a fresh infusion of psybocillics, too.		pending	
dialogue:A3_WETWORKS_E_1.TXT:7:a3s2_lminion2_2.wav	dialogue	A3_WETWORKS_E_1.TXT	7	a3s2_lminion2_2.wav	Give it up, sugar! This glass is bulletproof, bladeproof, and hammerproof!	MINION: Give it up, sugar! This glass is bulletproof, bladeproof, and hammerproof!		pending	
dialogue:A3_WETWORKS_E_1.TXT:8:a3s2_lminion2_3.wav	dialogue	A3_WETWORKS_E_1.TXT	8	a3s2_lminion2_3.wav	Ain't nothing getting through here.	MINION: Ain't nothing getting through here.		pending	
dialogue:A3_WETWORKS_E_1.TXT:9:a3s2_rayne_1.wav	dialogue	A3_WETWORKS_E_1.TXT	9	a3s2_rayne_1.wav	You're right. That would be a shame, but it's not gonna happen.	РЕЙН: Точно, очень жаль. Но это совсем не тот случай.		pending	
dialogue:A3_WETWORKS_E_1.TXT:10:a3s2_rayne_2.wav	dialogue	A3_WETWORKS_E_1.TXT	10	a3s2_rayne_2.wav	Oh. Tough guy, huh?	РЕЙН: О! Крутой парень, да?!		pending	
dialogue:A3_WETWORKS_E_1.TXT:11:a3s2_rayne_3.wav	dialogue	A3_WETWORKS_E_1.TXT	11	a3s2_rayne_3.wav	Human blood base, but they're mixing it with some extremely potent additives.	RAYNE: Human blood base, but they're mixing it with some extremely potent additives.		pending	
dialogue:A3_WETWORKS_E_1.TXT:12:a3s2_severin_1.wav	dialogue	A3_WETWORKS_E_1.TXT	12	a3s2_severin_1.wav	Think it might be for something scary and unpleasant? Yeah?	SEVERIN: Think it might be for something scary and unpleasant? Yeah?		pending	
dialogue:A3_WETWORKS_E_1.TXT:13:a3s2_severin_2.wav	dialogue	A3_WETWORKS_E_1.TXT	13	a3s2_severin_2.wav	"I'll put my money on ""scary and unpleasant."""	"SEVERIN: I'll put my money on ""scary and unpleasant."""		pending	
dialogue:A3_WETWORKS_E_1.TXT:14:a3s2_severin_3.wav	dialogue	A3_WETWORKS_E_1.TXT	14	a3s2_severin_3.wav	Anyway, they aren't using it for food. Psybocillics rough up a vampire's digestive system pretty bad.	SEVERIN: Anyway, they aren't using it for food. Psybocillics rough up a vampire's digestive system pretty bad.		pending	
dialogue:A3_WETWORKS_E_1.TXT:15:missiondescription	dialogue	A3_WETWORKS_E_1.TXT	15	missiondescription	Wetworks - Turbine	Ветворкс: Турбина		pending	
dialogue:A3_WETWORKS_E_1.TXT:16:objectivedhampir	dialogue	A3_WETWORKS_E_1.TXT	16	objectivedhampir	Kill Dhampir.	Прикончить дампира		pending	
dialogue:A3_WETWORKS_E_1.TXT:17:objectiveexitvat	dialogue	A3_WETWORKS_E_1.TXT	17	objectiveexitvat	Convince controller to open exit door.	Уговорить диспетчера открыть дверь		pending	
dialogue:A3_WETWORKS_E_1.TXT:18:objectiveexplore	dialogue	A3_WETWORKS_E_1.TXT	18	objectiveexplore	Shut down the Wetworks.	Уничтожить Ветворкс		pending	
dialogue:A3_WETWORKS_E_1.TXT:19:objectiveforeman	dialogue	A3_WETWORKS_E_1.TXT	19	objectiveforeman	Kill foreman.	Прикончить бригадира		pending	
dialogue:A3_WETWORKS_E_1.TXT:20:objectivewave	dialogue	A3_WETWORKS_E_1.TXT	20	objectivewave	Eliminate all opposition.	Прикончить всех		pending	
dialogue:A3_WETWORKS_E_1.TXT:21:ost_boilergate	dialogue	A3_WETWORKS_E_1.TXT	21	ost_boilergate	Gate is locked.	Ворота заперты.		pending	
dialogue:A3_WETWORKS_E_1.TXT:22:ost_cheating	dialogue	A3_WETWORKS_E_1.TXT	22	ost_cheating	Cheats enabled. Step on markers to skip to next area.	Чит-коды задействованы. Наступите на маркеры для перехода в следущую зону.		pending	
dialogue:A3_WETWORKS_E_1.TXT:23:ost_controller1	dialogue	A3_WETWORKS_E_1.TXT	23	ost_controller1	Give it up, bitch. That glass is unbreakable. No one is getting in here.	MINION: Give it up, bitch. That glass is unbreakable. No one is getting in here.		pending	
dialogue:A3_WETWORKS_E_1.TXT:24:ost_controller2	dialogue	A3_WETWORKS_E_1.TXT	24	ost_controller2	Where do you think you're going? That door don't open til I say so.	MINION: Where do you think you're going? That door don't open 'til I say so.		pending	
dialogue:A3_WETWORKS_E_1.TXT:25:ost_gunmodegrenade	dialogue	A3_WETWORKS_E_1.TXT	25	ost_gunmodegrenade	New gun mode acquired: Blood Bomb	"@@weaponSelectUpButtonName@@ Получен режим оружия ""Кровяная бомба"""		pending	
dialogue:A3_WETWORKS_E_2.TXT:1:a3s2_rayne_3.wav	dialogue	A3_WETWORKS_E_2.TXT	1	a3s2_rayne_3.wav	RAYNE: Looks like there's only one way to go.	RAYNE: Looks like there's only one way to go.		pending	
dialogue:A3_WETWORKS_E_2.TXT:2:a3s2_rayne_4.wav	dialogue	A3_WETWORKS_E_2.TXT	2	a3s2_rayne_4.wav	Belt-fed crushers. Room full of 'em. Looks like there's only one way to get across.	РЕЙН: Дробильный цех. Целая комната. И, похоже, придется идти через конвейер.		pending	
dialogue:A3_WETWORKS_E_2.TXT:3:a3s2_severin_1.wav	dialogue	A3_WETWORKS_E_2.TXT	3	a3s2_severin_1.wav	SEVERIN: Piece of cake for you, Rayne. Just make sure you have enough rage to maintain your dilated perception.	SEVERIN: Piece of cake for you, Rayne. Just make sure you have enough rage to maintain your dilated perception.		pending	
dialogue:A3_WETWORKS_E_2.TXT:4:missiondescription	dialogue	A3_WETWORKS_E_2.TXT	4	missiondescription	Wetworks - Bone crushers and Furnace	Ветворкс: Дробильный цех и котельная		pending	
dialogue:A3_WETWORKS_E_2.TXT:5:objectiveexplore	dialogue	A3_WETWORKS_E_2.TXT	5	objectiveexplore	Shut down the Wetworks.	Уничтожить Ветворкс		pending	
dialogue:A3_WETWORKS_E_2.TXT:6:objectiveforeman	dialogue	A3_WETWORKS_E_2.TXT	6	objectiveforeman	Kill Foreman.	Прикончить бригадира		pending	
dialogue:A3_WETWORKS_E_2.TXT:7:objectivefurnace	dialogue	A3_WETWORKS_E_2.TXT	7	objectivefurnace	Overload furnaces to break gate.	Перегрузить котлы		pending	
dialogue:A3_WETWORKS_E_2.TXT:8:objectivegate	dialogue	A3_WETWORKS_E_2.TXT	8	objectivegate	Break through security gate.	Прорваться сквозь охраняемые ворота		pending	
dialogue:A3_WETWORKS_E_2.TXT:9:objectivemashers	dialogue	A3_WETWORKS_E_2.TXT	9	objectivemashers	Slip past the bone crushers.	Пробраться через дробильный цех		pending	
dialogue:A3_WETWORKS_E_2.TXT:10:objectiveoutbuilding	dialogue	A3_WETWORKS_E_2.TXT	10	objectiveoutbuilding	Access catwalk to enter next building.	Пробраться по мосткам в соседнее здание		pending	
dialogue:A3_WETWORKS_E_2.TXT:11:ost_boilergate	dialogue	A3_WETWORKS_E_2.TXT	11	ost_boilergate	Gate is locked.	Ворота заперты.		pending	
dialogue:A3_WETWORKS_E_2.TXT:12:ost_cheating	dialogue	A3_WETWORKS_E_2.TXT	12	ost_cheating	Cheats enabled. Step on markers to skip to next area.	Чит-коды задействованы. Наступите на маркеры для перехода в следущую зону.		pending	
dialogue:A3_WETWORKS_E_2.TXT:13:ost_controller1	dialogue	A3_WETWORKS_E_2.TXT	13	ost_controller1	Give it up, bitch. That glass is unbreakable. No one is getting in here.	MINION: Give it up, bitch. That glass is unbreakable. No one is getting in here.		pending	
dialogue:A3_WETWORKS_E_2.TXT:14:ost_controller2	dialogue	A3_WETWORKS_E_2.TXT	14	ost_controller2	Where do you think you're going? That door don't open til I say so.	MINION: Where do you think you're going? That door don't open til I say so.		pending	
dialogue:A3_WETWORKS_N_1.TXT:1:a3s1_lminion11_10.wav	dialogue	A3_WETWORKS_N_1.TXT	1	a3s1_lminion11_10.wav	Don't try to change the subject.	СЛУГА: Не пытайся уйти от темы.		pending	
dialogue:A3_WETWORKS_N_1.TXT:2:a3s1_lminion11_11.wav	dialogue	A3_WETWORKS_N_1.TXT	2	a3s1_lminion11_11.wav	Damn it! One of the Turned is in the bloodroom.	СЛУГА: Черт! Обращенный в комнате крови.		pending	
dialogue:A3_WETWORKS_N_1.TXT:3:a3s1_lminion11_12.wav	dialogue	A3_WETWORKS_N_1.TXT	3	a3s1_lminion11_12.wav	I dunno. It's just splashing around.	СЛУГА: Черт его знает! Плещется!		pending	
dialogue:A3_WETWORKS_N_1.TXT:4:a3s1_lminion11_13.wav	dialogue	A3_WETWORKS_N_1.TXT	4	a3s1_lminion11_13.wav	Yeah, that's a negatory, good buddy-- That son of a bitch is fifteen feet tall. Can't we call in a foreman?	СЛУГА: Вот уж дудки, братишка. В этом сукином сыне под пять метров роста! Может, бригадира позовем?		pending	
dialogue:A3_WETWORKS_N_1.TXT:5:a3s1_lminion11_14.wav	dialogue	A3_WETWORKS_N_1.TXT	5	a3s1_lminion11_14.wav	So what are we supposed to do about that gargantua in there?	СЛУГА: А что тогда с этим дяденькой делать?		pending	
dialogue:A3_WETWORKS_N_1.TXT:6:a3s1_lminion11_15.wav	dialogue	A3_WETWORKS_N_1.TXT	6	a3s1_lminion11_15.wav	Keep away from those coils! They're putting out enough juice to light up a city!	СЛУГА: Подальше от катушек! Там напряжения хватит на целый город!		pending	
dialogue:A3_WETWORKS_N_1.TXT:7:a3s1_lminion11_2.wav	dialogue	A3_WETWORKS_N_1.TXT	7	a3s1_lminion11_2.wav	I guess this is the day, huh?	СЛУГА: Что, это тот самый день, да?		pending	
dialogue:A3_WETWORKS_N_1.TXT:8:a3s1_lminion11_3.wav	dialogue	A3_WETWORKS_N_1.TXT	8	a3s1_lminion11_3.wav	Not really. I just wish they'd finish whatever it is they're doing here. The smell is awful.	СЛУГА: Нет, но лучше бы они закончили то, что делают, побыстрее. Воняет жутко.		pending	
dialogue:A3_WETWORKS_N_1.TXT:9:a3s1_lminion11_4.wav	dialogue	A3_WETWORKS_N_1.TXT	9	a3s1_lminion11_4.wav	Naw... more like moldy cheese sausages in a rusty microwave. In a toilet. On fire.	СЛУГА: Нет... больше похоже на протухшие сырные сосиски в ржавой микроволновке.		pending	
dialogue:A3_WETWORKS_N_1.TXT:10:a3s1_lminion11_5.wav	dialogue	A3_WETWORKS_N_1.TXT	10	a3s1_lminion11_5.wav	Hey, don't complain. I got a buddy over in rendering. He comes over here for a vacation.	СЛУГА: Ладно, не ной. У меня есть братуха на жирокомбинате. Сюда на отдых приезжает!		pending	
dialogue:A3_WETWORKS_N_1.TXT:11:a3s1_lminion11_6.wav	dialogue	A3_WETWORKS_N_1.TXT	11	a3s1_lminion11_6.wav	Are you kidding? They love it. Drives 'emm nuts, all that fresh blood.	СЛУГА: Ты смеешься? Да они это обожают. Просто тащатся от запаха свежей крови.		pending	
dialogue:A3_WETWORKS_N_1.TXT:12:a3s1_lminion11_7.wav	dialogue	A3_WETWORKS_N_1.TXT	12	a3s1_lminion11_7.wav	Did you hear that? Did those guys up there say something?	СЛУГА: Слышишь? Ребята наверху что-то кричали?		pending	
dialogue:A3_WETWORKS_N_1.TXT:13:a3s1_lminion11_8.wav	dialogue	A3_WETWORKS_N_1.TXT	13	a3s1_lminion11_8.wav	Hah! Like you got anything to think about but the Mistress!	СЛУГА: Ха! Как будто ты думаешь о чем-нибудь, кроме Хозяйки!		pending	
dialogue:A3_WETWORKS_N_1.TXT:14:a3s1_lminion11_9.wav	dialogue	A3_WETWORKS_N_1.TXT	14	a3s1_lminion11_9.wav	Like what?	СЛУГА: Например?		pending	
dialogue:A3_WETWORKS_N_1.TXT:15:a3s1_lminion12_1.wav	dialogue	A3_WETWORKS_N_1.TXT	15	a3s1_lminion12_1.wav	Dammit! That door's jammed again. Can someone call a Foreman in to get that thing fixed?	MINION: Damnit! That door's jammed again. Can someone call a Foreman in to get that thing fixed?		pending	speaker/control differs: EN='$'; RU='RAYNE:   $'
dialogue:A3_WETWORKS_N_1.TXT:16:a3s1_lminion12_10.wav	dialogue	A3_WETWORKS_N_1.TXT	16	a3s1_lminion12_10.wav	Well, get it out of there.	СЛУГА: Ну, убери его.		pending	
dialogue:A3_WETWORKS_N_1.TXT:17:a3s1_lminion12_11.wav	dialogue	A3_WETWORKS_N_1.TXT	17	a3s1_lminion12_11.wav	Ugh. That's all we need. Those guys are just as bad. You look at a foreman the wrong way, he'll flatten you. Then they'll drink you.	СЛУГА: Этого только не хватало. Эти ничем не лучше. Только глянь на бригадира не так - по стене размажет. А потом еще и высосет.		pending	
dialogue:A3_WETWORKS_N_1.TXT:18:a3s1_lminion12_12.wav	dialogue	A3_WETWORKS_N_1.TXT	18	a3s1_lminion12_12.wav	Aw, he's not hurting anything. Let him play.	СЛУГА: Он никому не мешает. Пусть побалуется.		pending	
dialogue:A3_WETWORKS_N_1.TXT:19:a3s1_lminion12_13.wav	dialogue	A3_WETWORKS_N_1.TXT	19	a3s1_lminion12_13.wav	Get the fence sealed! Anything touches it and it'll go supernova!!	СЛУГА: Закрывайте ограду. Если что-нибудь ее коснется, здесь все взлетит!		pending	
dialogue:A3_WETWORKS_N_1.TXT:20:a3s1_lminion12_2.wav	dialogue	A3_WETWORKS_N_1.TXT	20	a3s1_lminion12_2.wav	Guess so. You know what's going on?	СЛУГА: Думаю, да. Ты знаешь, что происходит?		pending	
dialogue:A3_WETWORKS_N_1.TXT:21:a3s1_lminion12_3.wav	dialogue	A3_WETWORKS_N_1.TXT	21	a3s1_lminion12_3.wav	Tell me about it. Like burning, soggy boots...	СЛУГА: Не говори! Как будто жгут старые мокрые ботинки...		pending	
dialogue:A3_WETWORKS_N_1.TXT:22:a3s1_lminion12_4.wav	dialogue	A3_WETWORKS_N_1.TXT	22	a3s1_lminion12_4.wav	Geez. I can't even imagine. How do the Turned stand it? Their noses are a hundred times more sensitive...	СЛУГА: Боже. Не представляю, как обращенные выносят эту вонь. У них ведь обоняние в сотню раз тоньше...		pending	
dialogue:A3_WETWORKS_N_1.TXT:23:a3s1_lminion12_5.wav	dialogue	A3_WETWORKS_N_1.TXT	23	a3s1_lminion12_5.wav	I'm not sure. Those coils make so much damn noise, I can't hear myself think.	СЛУГА: Не уверен. Эти катушки так гудят, я своих мыслей не слышу.		pending	
dialogue:A3_WETWORKS_N_1.TXT:24:a3s1_lminion12_6.wav	dialogue	A3_WETWORKS_N_1.TXT	24	a3s1_lminion12_6.wav	Shut up, dick. I think about lots of stuff.	СЛУГА: Заткнись, балбес. Я думаю о разных вещах.		pending	
dialogue:A3_WETWORKS_N_1.TXT:25:a3s1_lminion12_7.wav	dialogue	A3_WETWORKS_N_1.TXT	25	a3s1_lminion12_7.wav	Oh, you know. Stuff. I think those guys down the hall were shooting at something.	СЛУГА: Ну, знаешь, разных. Слушай, кажется, парни внизу стреляют.		pending	
dialogue:A3_WETWORKS_N_1.TXT:26:a3s1_lminion12_8.wav	dialogue	A3_WETWORKS_N_1.TXT	26	a3s1_lminion12_8.wav	You brought it up. I think you're right. Something's going on in here. Stay on your toes.	СЛУГА: Ты сам начал. Там что-то происходит. Внимательней!		pending	
dialogue:A3_WETWORKS_N_1.TXT:27:a3s1_lminion12_9.wav	dialogue	A3_WETWORKS_N_1.TXT	27	a3s1_lminion12_9.wav	What's it doing?	СЛУГА: И что он делает?		pending	
dialogue:A3_WETWORKS_N_1.TXT:28:a3s1_lminion1_1.wav	dialogue	A3_WETWORKS_N_1.TXT	28	a3s1_lminion1_1.wav	Hey, we gotta lock this place down! Sun's coming up. Vampire patrols are all in for the day.	СЛУГА: Эй, здесь надо все перекрыть! Солнце встает. Патрули вампиров уходят.		pending	
dialogue:A3_WETWORKS_N_1.TXT:29:a3s1_pavoice_1.wav	dialogue	A3_WETWORKS_N_1.TXT	29	a3s1_pavoice_1.wav	Warning. Maintenance fence has been breached. Power down the coils before performing maintenance.	Warning. Maintenance fence has been breached. Power down the coils before performing maintenance.		pending	
dialogue:A3_WETWORKS_N_1.TXT:30:a3s1_severin_1.wav	dialogue	A3_WETWORKS_N_1.TXT	30	a3s1_severin_1.wav	The sun's up, Rayne. Watch your step. Sunlight may not instantly kill you, but it will hurt. Stick to the shadows.	СЕВЕРИН: Рейн, солнце встало. Будь осторожна. Свет не убьет тебя моментально, но будет больно. Держись в тени.		pending	
dialogue:A3_WETWORKS_N_1.TXT:31:a5s2_severin_1.wav	dialogue	A3_WETWORKS_N_1.TXT	31	a5s2_severin_1.wav	There is a service corridor beneath that giant tesla coil. Find the controls to lower the safety fence so you can access the maintenance hall.	СЕВЕРИН: Под этой большой катушкой есть служебный коридор. Найди выключатели, чтобы опустить заграждения и выйти в служебный зал.		pending	
dialogue:A3_WETWORKS_N_1.TXT:32:missiondescription	dialogue	A3_WETWORKS_N_1.TXT	32	missiondescription	Wetworks - Electrification Silos	Ветворкс: Щитовая		pending	
dialogue:A3_WETWORKS_N_1.TXT:33:objectiveaccesscontrolpanele	dialogue	A3_WETWORKS_N_1.TXT	33	objectiveaccesscontrolpanele	Access control panel to open coil B.	Найти пульт и открыть катушку B		pending	
dialogue:A3_WETWORKS_N_1.TXT:34:objectiveaccesscontrolpanelw	dialogue	A3_WETWORKS_N_1.TXT	34	objectiveaccesscontrolpanelw	Access control panel to open coil A.	Найти пульт и открыть катушку A		pending	
dialogue:A3_WETWORKS_N_1.TXT:35:objectivedestroycoils	dialogue	A3_WETWORKS_N_1.TXT	35	objectivedestroycoils		Уничтожить обе катушки Тесла		pending	no matching English row; translate from Russian
dialogue:A3_WETWORKS_N_1.TXT:36:objectivedisablecoil	dialogue	A3_WETWORKS_N_1.TXT	36	objectivedisablecoil	Disable tesla coil to access maintenance tunnel.	Отключить обе катушки Тесла		pending	
dialogue:A3_WETWORKS_N_1.TXT:37:objectivedisablecoils	dialogue	A3_WETWORKS_N_1.TXT	37	objectivedisablecoils	Disable tesla coils to access maintenance tunnel.	Отключить обе катушки Тесла		pending	
dialogue:A3_WETWORKS_N_1.TXT:38:objectiveenter	dialogue	A3_WETWORKS_N_1.TXT	38	objectiveenter	"Explore the ""Wetworks"" compound."	Пробраться в глубь комплекса Ветворкс		pending	
dialogue:A3_WETWORKS_N_1.TXT:39:objectiveguardbooth	dialogue	A3_WETWORKS_N_1.TXT	39	objectiveguardbooth	Gain access to compound.	Пробраться в комплекс		pending	
dialogue:A3_WETWORKS_N_1.TXT:40:objectivekillbrute	dialogue	A3_WETWORKS_N_1.TXT	40	objectivekillbrute	Kill Brute.	Прикончить громилу		pending	
dialogue:A3_WETWORKS_N_1.TXT:41:objectivekillwave	dialogue	A3_WETWORKS_N_1.TXT	41	objectivekillwave	Eliminate all opposition.	Прикончить всех		pending	
dialogue:A3_WETWORKS_N_1.TXT:42:ost_cheating	dialogue	A3_WETWORKS_N_1.TXT	42	ost_cheating	Cheats enabled. Step on markers to skip to next area.	Чит-коды задействованы. Наступите на маркеры для перехода в следущую зону.		pending	
dialogue:A3_WETWORKS_N_1.TXT:43:ost_safeguardsinactive	dialogue	A3_WETWORKS_N_1.TXT	43	ost_safeguardsinactive	Maintenance fence unlocked. Caution: Do not attempt maintenance until power is disabled.	Maintenance fence unlocked. Caution: Do not attempt maintenance until power is disabled.		pending	
dialogue:A3_WETWORKS_N_2.TXT:1:a3_rayne_38.wav	dialogue	A3_WETWORKS_N_2.TXT	1	a3_rayne_38.wav	RAYNE: Oh, Christ. What the hell are…guh…	RAYNE: Oh, Christ. What the hell are…guh…		pending	
dialogue:A3_WETWORKS_N_2.TXT:2:a3_rayne_39.wav	dialogue	A3_WETWORKS_N_2.TXT	2	a3_rayne_39.wav	RAYNE: Yeah…interesting. Beyond vile, but…	RAYNE: Yeah…interesting. Beyond vile, but…		pending	
dialogue:A3_WETWORKS_N_2.TXT:3:a3_rayne_40.wav	dialogue	A3_WETWORKS_N_2.TXT	3	a3_rayne_40.wav	RAYNE: It’s not human. Not anymore…if it ever was.	RAYNE: It’s not human. Not anymore…if it ever was.		pending	
dialogue:A3_WETWORKS_N_2.TXT:4:a3_rayne_41.wav	dialogue	A3_WETWORKS_N_2.TXT	4	a3_rayne_41.wav	RAYNE: But it’s definitely engorged with human blood. You know I won’t feed from untainted humans since the Cold War…and yet…Hello, beautiful…	RAYNE: But it’s definitely engorged with human blood. You know I won’t feed from untainted humans since the Cold War…and yet…Hello, beautiful…		pending	
dialogue:A3_WETWORKS_N_2.TXT:5:a3_rayne_42.wav	dialogue	A3_WETWORKS_N_2.TXT	5	a3_rayne_42.wav	RAYNE: Huh. That was something. Severin, looks like the Cult has devised an alternate food source. Big, horrible-looking bloodbag. Trussed and strung up.	RAYNE: Huh. That was something. Severin, looks like the Cult has devised an alternate food source. Big, horrible-looking bloodbag. Trussed and strung up.		pending	
dialogue:A3_WETWORKS_N_2.TXT:6:a3_rayne_43.wav	dialogue	A3_WETWORKS_N_2.TXT	6	a3_rayne_43.wav	RAYNE: Yeah…there’s an element of that, but this is new. This bloodbag…this… mancow…is only vaguely human. And it emits a powerful hormonal attractor.	RAYNE: Yeah…there’s an element of that, but this is new. This bloodbag…this… mancow…is only vaguely human. And it emits a powerful hormonal attractor.		pending	
dialogue:A3_WETWORKS_N_2.TXT:7:a3_rayne_44.wav	dialogue	A3_WETWORKS_N_2.TXT	7	a3_rayne_44.wav	RAYNE: Bluh. Which is a good thing, because it tastes like absolute SHIT. Mm.Quality sustenance, though…more of a human blood analog than the real thing.	RAYNE: Bluh. Which is a good thing, because it tastes like absolute SHIT. Mm.Quality sustenance, though…more of a human blood analog than the real thing.		pending	
dialogue:A3_WETWORKS_N_2.TXT:8:a3_rayne_45.wav	dialogue	A3_WETWORKS_N_2.TXT	8	a3_rayne_45.wav	RAYNE: But with all the humans they’ve taken off the streets, what would the Cult need with you, huh, Bossy?	RAYNE: But with all the humans they’ve taken off the streets, what would the Cult need with you, huh, Bossy?		pending	
dialogue:A3_WETWORKS_N_2.TXT:9:a3_rayne_46.wav	dialogue	A3_WETWORKS_N_2.TXT	9	a3_rayne_46.wav	RAYNE: Okay. What the hell are they using them for, then?	RAYNE: Okay. What the hell are they using them for, then?		pending	
dialogue:A3_WETWORKS_N_2.TXT:10:a3_severin_61.wav	dialogue	A3_WETWORKS_N_2.TXT	10	a3_severin_61.wav	SEVERIN: What’s up? You find something interesting?	SEVERIN: What’s up? You find something interesting?		pending	
dialogue:A3_WETWORKS_N_2.TXT:11:a3_severin_62.wav	dialogue	A3_WETWORKS_N_2.TXT	11	a3_severin_62.wav	SEVERIN: Paint me a picture: animal, vegetable, or mineral?	SEVERIN: Paint me a picture: animal, vegetable, or mineral?		pending	
dialogue:A3_WETWORKS_N_2.TXT:12:a3_severin_63.wav	dialogue	A3_WETWORKS_N_2.TXT	12	a3_severin_63.wav	SEVERIN: What the hell’s going on in there?! Rayne?	SEVERIN: What the hell’s going on in there?! Rayne?		pending	
dialogue:A3_WETWORKS_N_2.TXT:13:a3_severin_64.wav	dialogue	A3_WETWORKS_N_2.TXT	13	a3_severin_64.wav	SEVERIN: What, like the Sumatran Bleeder Revolts in ‘78?	SEVERIN: What, like the Sumatran Bleeder Revolts in ‘78?		pending	
dialogue:A3_WETWORKS_N_2.TXT:14:a3_severin_65.wav	dialogue	A3_WETWORKS_N_2.TXT	14	a3_severin_65.wav	SEVERIN: …unless they aren’t using the human victims for food-source…	SEVERIN: …unless they aren’t using the human victims for food-source…		pending	
dialogue:A3_WETWORKS_N_2.TXT:15:a3s1_fminion1_16.wav	dialogue	A3_WETWORKS_N_2.TXT	15	a3s1_fminion1_16.wav	Man, that was one hell of a night. I can't believe how many bloodsacks we nabbed.	СЛУГА: Вот чертова ночка! Даже не верится, что мы согнали столько бурдюков с кровью.		pending	
dialogue:A3_WETWORKS_N_2.TXT:16:a3s1_fminion1_17.wav	dialogue	A3_WETWORKS_N_2.TXT	16	a3s1_fminion1_17.wav	I'm just glad we don't have to get any closer than the loading bay. I always get nervous around those foremen.	СЛУГА: А я рад, что нам не приходится подходить ближе, чем загрузочная площадка. Эти бригадиры меня бесят.		pending	
dialogue:A3_WETWORKS_N_2.TXT:17:a3s1_fminion1_18.wav	dialogue	A3_WETWORKS_N_2.TXT	17	a3s1_fminion1_18.wav	You know what? You get where you can swing a five hundred pound hammer one-handed,and you get the right-of-way, too.	СЛУГА: Ну, если ты можешь одной рукой размахивать кувалдой в двести пятьдесят кило, тебе должны уступать дорогу!		pending	
dialogue:A3_WETWORKS_N_2.TXT:18:a3s1_fminion1_19.wav	dialogue	A3_WETWORKS_N_2.TXT	18	a3s1_fminion1_19.wav	It's that killer dhampir! The one that that took out the Sewer patrols!	СЛУГА: Это дампир-убийца! Которая перебила ребят в канализации!		pending	
dialogue:A3_WETWORKS_N_2.TXT:19:a3s1_fminion1_20.wav	dialogue	A3_WETWORKS_N_2.TXT	19	a3s1_fminion1_20.wav	Get her into the sunlight!	СЛУГА: Выгоните ее на солнце!		pending	
dialogue:A3_WETWORKS_N_2.TXT:20:a3s1_fminion1_21.wav	dialogue	A3_WETWORKS_N_2.TXT	20	a3s1_fminion1_21.wav	And watch out for that damn whipchain! Don't let her drag you in!	СЛУГА: Осторожней, у нее гарпун. Смотрите, чтобы не утащила!		pending	
dialogue:A3_WETWORKS_N_2.TXT:21:a3s1_fminion2_14.wav	dialogue	A3_WETWORKS_N_2.TXT	21	a3s1_fminion2_14.wav	Tell me about it. There's gotta be at least a thousand people getting juiced in there right now.	СЛУГА: Не говори! Там в соковыжималке сейчас не меньше тысячи человек.		pending	
dialogue:A3_WETWORKS_N_2.TXT:22:a3s1_fminion2_15.wav	dialogue	A3_WETWORKS_N_2.TXT	22	a3s1_fminion2_15.wav	I know what you mean. I saw one of them bash a guy's skull in just because he was in the way.	СЛУГА: Понимаю. Я видел, как один снес парню голову только потому, что он оказался на пути.		pending	
dialogue:A3_WETWORKS_N_2.TXT:23:a3s1_fminion2_16.wav	dialogue	A3_WETWORKS_N_2.TXT	23	a3s1_fminion2_16.wav	Keep in the light! Sunlight kills her!	СЛУГА: На солнце! Солнце ее убьет!		pending	
dialogue:A3_WETWORKS_N_2.TXT:24:a3s1_fminion2_17.wav	dialogue	A3_WETWORKS_N_2.TXT	24	a3s1_fminion2_17.wav	Check this out! You want some of this good stuff, baby? It's right here all for you. All you could want. Just come on over here and get some!	СЛУГА: Вот так! Ты хочешь получить это, малышка? Все для тебя. Все, что хочешь. Ну, иди сюда, возьми!		pending	
dialogue:A3_WETWORKS_N_2.TXT:25:a3s1_fminion3_1.wav	dialogue	A3_WETWORKS_N_2.TXT	25	a3s1_fminion3_1.wav	Get out of the shadows, you idiots! out of the shade! She's safe there. Make her come out into the sun!	СЛУГА: Уйдите из тени, из тени, идиоты! Она там в безопасности! Вытащите ее на солнце!		pending	
dialogue:A3_WETWORKS_N_2.TXT:26:a3s1_fminion3_2.wav	dialogue	A3_WETWORKS_N_2.TXT	26	a3s1_fminion3_2.wav	This is the first time since I become a minion that I'm happy not be a vampire.	СЛУГА: Первый раз за все это время я рад, что я не вампир!		pending	
dialogue:A3_WETWORKS_N_2.TXT:27:a3s1_rayne_1.wav	dialogue	A3_WETWORKS_N_2.TXT	27	a3s1_rayne_1.wav	Hmm. There's no car in this elevator.	РЕЙН: Гммм. В этой шахте нет кабинки лифта.		pending	
dialogue:A3_WETWORKS_N_2.TXT:28:a3s1_severin_2.wav	dialogue	A3_WETWORKS_N_2.TXT	28	a3s1_severin_2.wav	And when has that ever slowed you down?	СЕВЕРИН: Разве это тебя когда-нибудь останавливало?		pending	
dialogue:A3_WETWORKS_N_2.TXT:29:missiondescription	dialogue	A3_WETWORKS_N_2.TXT	29	missiondescription	Wetworks - Mess hall	Ветворкс: Столовая		pending	
dialogue:A3_WETWORKS_N_2.TXT:30:objectivedhampir	dialogue	A3_WETWORKS_N_2.TXT	30	objectivedhampir	Kill the dhampir.	Прикончить дампира		pending	
dialogue:A3_WETWORKS_N_2.TXT:31:objectiveexplore	dialogue	A3_WETWORKS_N_2.TXT	31	objectiveexplore	Move deeper into the compound. Discover its purpose.	Пробраться вглубь комплекса и выяснить его назначение.		pending	
dialogue:A3_WETWORKS_N_2.TXT:32:objectiveforeman	dialogue	A3_WETWORKS_N_2.TXT	32	objectiveforeman	Kill the foreman.	Прикончить бригадира		pending	
dialogue:A3_WETWORKS_N_2.TXT:33:objectiveinside	dialogue	A3_WETWORKS_N_2.TXT	33	objectiveinside	Enter the next building.	Войти в следующее здание		pending	
dialogue:A3_WETWORKS_N_2.TXT:34:objectiveupstairs	dialogue	A3_WETWORKS_N_2.TXT	34	objectiveupstairs	Discover the purpose of the Wetworks.	Выяснить назначение Ветворкс		pending	
dialogue:A3_WETWORKS_N_2.TXT:35:objectivewave	dialogue	A3_WETWORKS_N_2.TXT	35	objectivewave	Eliminate all oppositon.	Прикончить всех		pending	
dialogue:A3_WETWORKS_N_2.TXT:36:ost_cheating	dialogue	A3_WETWORKS_N_2.TXT	36	ost_cheating	Cheats enabled. Step on markers to skip to next area.	Чит-коды задействованы. Наступите на маркеры для перехода в следущую зону.		pending	
dialogue:A3_WETWORKS_N_2.TXT:37:ost_comboawarded	dialogue	A3_WETWORKS_N_2.TXT	37	ost_comboawarded	@@moveAxis@@ (Circle) + @@bladeButtonName@@ Quiet Thunder acquired.	"@@moveAxis@@ (circle) , @@shootButtonName@@ Получена способность ""Тихий Гром"""		pending	
dialogue:A3_WETWORKS_N_2.TXT:38:ost_safeguarddeactivate	dialogue	A3_WETWORKS_N_2.TXT	38	ost_safeguarddeactivate	Failsafe switch deactivated.	Failsafe switch deactivated.		pending	
dialogue:A3_WETWORKS_N_2.TXT:39:ost_safeguarddeactivateall	dialogue	A3_WETWORKS_N_2.TXT	39	ost_safeguarddeactivateall	All failsafe switches have been deactivated. Warning: Do not open maintenance fence until power is disabled.	All failsafe switches have been deactivated. Warning: Do not open maintenance fence until power is disabled.		pending	
dialogue:A3_WETWORKS_N_2.TXT:40:ost_safeguardsactive	dialogue	A3_WETWORKS_N_2.TXT	40	ost_safeguardsactive	Maintenance fences are locked. All Failsafe switches must be disabled to open maintenance fence.	Maintenance fences are locked. All Failsafe switches must be disabled to open maintenance fence.		pending	
dialogue:A3_WETWORKS_N_2.TXT:41:ost_safeguardsinactive	dialogue	A3_WETWORKS_N_2.TXT	41	ost_safeguardsinactive	Maintenance fence unlocked. Caution: Do not attempt maintenance until power is disabled.	Maintenance fence unlocked. Caution: Do not attempt maintenance until power is disabled.		pending	
dialogue:A3_WETWORKS_N_3.TXT:1:a3_rayne_38.wav	dialogue	A3_WETWORKS_N_3.TXT	1	a3_rayne_38.wav	RAYNE: Oh, Christ. What the hell are…guh…	RAYNE: Oh, Christ. What the hell are... guh...		pending	
dialogue:A3_WETWORKS_N_3.TXT:2:a3_rayne_39.wav	dialogue	A3_WETWORKS_N_3.TXT	2	a3_rayne_39.wav	RAYNE: Yeah…interesting. Beyond vile, but…	RAYNE: Yeah... interesting. Beyond vile, but...		pending	
dialogue:A3_WETWORKS_N_3.TXT:3:a3_rayne_40.wav	dialogue	A3_WETWORKS_N_3.TXT	3	a3_rayne_40.wav	RAYNE: It’s not human. Not anymore…if it ever was.	RAYNE: It’s not human. Not anymore... if it ever was.		pending	
dialogue:A3_WETWORKS_N_3.TXT:4:a3_rayne_41.wav	dialogue	A3_WETWORKS_N_3.TXT	4	a3_rayne_41.wav	RAYNE: But it’s definitely engorged with human blood. You know I won’t feed from untainted humans since the Cold War…and yet…Hello, beautiful…	RAYNE: But it’s definitely engorged with human blood. You know I won’t feed from untainted humans since the Cold War... and yet... Hello, beautiful...		pending	
dialogue:A3_WETWORKS_N_3.TXT:5:a3_rayne_42.wav	dialogue	A3_WETWORKS_N_3.TXT	5	a3_rayne_42.wav	RAYNE: Huh. That was something. Severin, looks like the Cult has devised an alternate food source. Big, horrible-looking bloodbag. Trussed and strung up.	RAYNE: Huh. That was something. Severin, looks like the Cult has devised an alternate food source. Big, horrible-looking bloodbag. Trussed and strung up.		pending	
dialogue:A3_WETWORKS_N_3.TXT:6:a3_rayne_43.wav	dialogue	A3_WETWORKS_N_3.TXT	6	a3_rayne_43.wav	RAYNE: Yeah…there’s an element of that, but this is new. This bloodbag…this… mancow…is only vaguely human. And it emits a powerful hormonal attractor.	RAYNE: Yeah... there’s an element of that, but this is new. This bloodbag... this...  mancow... is only vaguely human. And it emits a powerful hormonal attractor.		pending	
dialogue:A3_WETWORKS_N_3.TXT:7:a3_rayne_44.wav	dialogue	A3_WETWORKS_N_3.TXT	7	a3_rayne_44.wav	RAYNE: Bluh. Which is a good thing, because it tastes like absolute SHIT. Mm.Quality sustenance, though…more of a human blood analog than the real thing.	RAYNE: Bluh. Which is a good thing, because it tastes like absolute SHIT. Mm. Quality sustenance, though... more of a human blood analog than the real thing.		pending	
dialogue:A3_WETWORKS_N_3.TXT:8:a3_rayne_45.wav	dialogue	A3_WETWORKS_N_3.TXT	8	a3_rayne_45.wav	RAYNE: But with all the humans they’ve taken off the streets, what would the Cult need with you, huh, Bossy?	RAYNE: But with all the humans they’ve taken off the streets, what would the Cult need with you, huh, Bossy?		pending	
dialogue:A3_WETWORKS_N_3.TXT:9:a3_rayne_46.wav	dialogue	A3_WETWORKS_N_3.TXT	9	a3_rayne_46.wav	RAYNE: Okay. What the hell are they using them for, then?	RAYNE: Okay. What the hell are they using them for, then?		pending	
dialogue:A3_WETWORKS_N_3.TXT:10:a3_severin_60	dialogue	A3_WETWORKS_N_3.TXT	10	a3_severin_60	The sun's up, Rayne. Watch your step. Sunlight might not instantly kill you, but it will hurt. Stick to the shadows.	SEVERIN: The sun's up, Rayne. Watch your step. Sunlight might not instantly kill you, but it will hurt. Stick to the shadows.		pending	
dialogue:A3_WETWORKS_N_3.TXT:11:a3_severin_61.wav	dialogue	A3_WETWORKS_N_3.TXT	11	a3_severin_61.wav	SEVERIN: What’s up? You find something interesting?	SEVERIN: What’s up? You find something interesting?		pending	
dialogue:A3_WETWORKS_N_3.TXT:12:a3_severin_62.wav	dialogue	A3_WETWORKS_N_3.TXT	12	a3_severin_62.wav	SEVERIN: Paint me a picture: animal, vegetable, or mineral?	SEVERIN: Paint me a picture: animal, vegetable, or mineral?		pending	
dialogue:A3_WETWORKS_N_3.TXT:13:a3_severin_63.wav	dialogue	A3_WETWORKS_N_3.TXT	13	a3_severin_63.wav	SEVERIN: What the hell’s going on in there?! Rayne?	SEVERIN: What the hell’s going on in there?! Rayne?		pending	
dialogue:A3_WETWORKS_N_3.TXT:14:a3_severin_64.wav	dialogue	A3_WETWORKS_N_3.TXT	14	a3_severin_64.wav	SEVERIN: What, like the Sumatran Bleeder Revolts in ‘78?	SEVERIN: What, like the Sumatran Bleeder Revolts in ‘78?		pending	
dialogue:A3_WETWORKS_N_3.TXT:15:a3_severin_65.wav	dialogue	A3_WETWORKS_N_3.TXT	15	a3_severin_65.wav	SEVERIN: …unless they aren’t using the human victims for food-source…	SEVERIN: Unless they aren’t using the human victims for food-source...		pending	
dialogue:A3_WETWORKS_N_3.TXT:16:a3s1_rayne_2.wav	dialogue	A3_WETWORKS_N_3.TXT	16	a3s1_rayne_2.wav	Yeah? Whatcha got?	РЕЙН: Да? И что там?		pending	
dialogue:A3_WETWORKS_N_3.TXT:17:a3s1_rayne_3.wav	dialogue	A3_WETWORKS_N_3.TXT	17	a3s1_rayne_3.wav	"What!!? That must be the ""Shroud"" I heard them mention. So that's what they're making here?"	"РЕЙН: Что?! Наверное, это ""Саван"", о котором они болтали. Значит, вот что они здесь делают?"		pending	
dialogue:A3_WETWORKS_N_3.TXT:18:a3s1_rayne_4.wav	dialogue	A3_WETWORKS_N_3.TXT	18	a3s1_rayne_4.wav	... oh, sweet god. Vampires will be able to move in daylight!	РЕЙН: Боже мой! Вампиры, разгуливающие среди бела дня!		pending	
dialogue:A3_WETWORKS_N_3.TXT:19:a3s1_rayne_5.wav	dialogue	A3_WETWORKS_N_3.TXT	19	a3s1_rayne_5.wav	"we could be talking ""end of the world"" here."	"РЕЙН: Знаешь, а мы ведь говорим о ""конце света""."		pending	
dialogue:A3_WETWORKS_N_3.TXT:20:a3s1_rayne_6.wav	dialogue	A3_WETWORKS_N_3.TXT	20	a3s1_rayne_6.wav	Yeah, I'll give you that...	РЕЙН: Да, тут ты прав...		pending	
dialogue:A3_WETWORKS_N_3.TXT:21:a3s1_rayne_7.wav	dialogue	A3_WETWORKS_N_3.TXT	21	a3s1_rayne_7.wav	Door's locked. Surprising, huh?	РЕЙН: Дверь заперта. Какой сюрприз, а?		pending	
dialogue:A3_WETWORKS_N_3.TXT:22:a3s1_rayne_8.wav	dialogue	A3_WETWORKS_N_3.TXT	22	a3s1_rayne_8.wav	Hmm. That pipe runs right next to the catwalk. I wonder how caustic those chemicals are...?	РЕЙН: Гмм. Эта труба проходит рядом с мостиком. Интересно, насколько едкие там химикаты...		pending	
dialogue:A3_WETWORKS_N_3.TXT:23:a3s1_severin_10.wav	dialogue	A3_WETWORKS_N_3.TXT	23	a3s1_severin_10.wav	Definitely. Don't let that happen, Rayne.	СЕВЕРИН: Именно так. Рейн, не дай этому случиться.		pending	
dialogue:A3_WETWORKS_N_3.TXT:24:a3s1_severin_11.wav	dialogue	A3_WETWORKS_N_3.TXT	24	a3s1_severin_11.wav	You might not care much for humans, but it's got to be better than living in a vampire apocalypse.	СЕВЕРИН: Может, ты не очень любишь людей, но жить с ними гораздо лучше, чем в вампирском апокалипсисе.		pending	
dialogue:A3_WETWORKS_N_3.TXT:25:a3s1_severin_3.wav	dialogue	A3_WETWORKS_N_3.TXT	25	a3s1_severin_3.wav	Rayne? I'm outside. Seeing something extremely disturbing.	СЕВЕРИН: Рейн? Я снаружи. Здесь что-то очень неприятное.		pending	
dialogue:A3_WETWORKS_N_3.TXT:26:a3s1_severin_4.wav	dialogue	A3_WETWORKS_N_3.TXT	26	a3s1_severin_4.wav	I have a terrible feeling I know what they're up to here.	СЕВЕРИН: У меня ужасное ощущение, что я понял их планы.		pending	
dialogue:A3_WETWORKS_N_3.TXT:27:a3s1_severin_5.wav	dialogue	A3_WETWORKS_N_3.TXT	27	a3s1_severin_5.wav	There are vampires walking around in broad daylight!	СЕВЕРИН: Вампиры спокойно разгуливают среди бела дня!		pending	
dialogue:A3_WETWORKS_N_3.TXT:28:a3s1_severin_6.wav	dialogue	A3_WETWORKS_N_3.TXT	28	a3s1_severin_6.wav	Wait, not exactly daylight, but under some sort of red cloud that's issuing from a number of vents.	СЕВЕРИН: Нет, не совсем. Они ходят под красным облаком, которое выходит из вентиляционных отверстий.		pending	
dialogue:A3_WETWORKS_N_3.TXT:29:a3s1_severin_7.wav	dialogue	A3_WETWORKS_N_3.TXT	29	a3s1_severin_7.wav	Where the cloud goes, they can go. As if it protects them from the sun.	СЕВЕРИН: Они могут идти туда, куда плывет облако. Похоже, оно их защищает.		pending	
dialogue:A3_WETWORKS_N_3.TXT:30:a3s1_severin_8.wav	dialogue	A3_WETWORKS_N_3.TXT	30	a3s1_severin_8.wav	Lady wins the prize. And if they're serious about pumping enough of it...	СЕВЕРИН: Главный приз за догадливость! А если они смогут произвести много этой дряни...		pending	
dialogue:A3_WETWORKS_N_3.TXT:31:a3s1_severin_9.wav	dialogue	A3_WETWORKS_N_3.TXT	31	a3s1_severin_9.wav	This is bigger than we even guessed. We've got to stop this. Shut this place down.	СЕВЕРИН: Это гораздо страшнее, чем мы думали. Мы должны остановить это. Навсегда.		pending	
dialogue:A3_WETWORKS_N_3.TXT:32:missiondescription	dialogue	A3_WETWORKS_N_3.TXT	32	missiondescription	Wetworks - Chemical processing	Ветворкс: Химзавод		pending	
dialogue:A3_WETWORKS_N_3.TXT:33:objectiveexplore	dialogue	A3_WETWORKS_N_3.TXT	33	objectiveexplore	Shut down the Wetworks.	Вывести из строя завод Ветворкс		pending	
dialogue:A3_WETWORKS_N_3.TXT:34:objectivegate	dialogue	A3_WETWORKS_N_3.TXT	34	objectivegate	Destroy the vat.	Уничтожить бак		pending	
dialogue:A3_WETWORKS_N_3.TXT:35:objectivekillforeman	dialogue	A3_WETWORKS_N_3.TXT	35	objectivekillforeman	Kill the Foreman.	Прикончить Бригадира		pending	
dialogue:A3_WETWORKS_N_3.TXT:36:ost_cheating	dialogue	A3_WETWORKS_N_3.TXT	36	ost_cheating	Cheats enabled. Step on markers to skip to next area.	Чит-коды задействованы. Наступите на маркеры для перехода в следущую зону.		pending	
dialogue:A3_WETWORKS_N_3.TXT:37:ost_safeguarddeactivate	dialogue	A3_WETWORKS_N_3.TXT	37	ost_safeguarddeactivate	Failsafe switch deactivated.	Failsafe switch deactivated.		pending	
dialogue:A3_WETWORKS_N_3.TXT:38:ost_safeguarddeactivateall	dialogue	A3_WETWORKS_N_3.TXT	38	ost_safeguarddeactivateall	All failsafe switches have been deactivated. Warning: Do not open maintenance fence until power is disabled.	All failsafe switches have been deactivated. Warning: Do not open maintenance fence until power is disabled.		pending	
dialogue:A3_WETWORKS_N_3.TXT:39:ost_safeguardsactive	dialogue	A3_WETWORKS_N_3.TXT	39	ost_safeguardsactive	Maintenance fences are locked. All Failsafe switches must be disabled to open maintenance fence.	Maintenance fences are locked. All Failsafe switches must be disabled to open maintenance fence.		pending	
dialogue:A3_WETWORKS_N_3.TXT:40:ost_safeguardsinactive	dialogue	A3_WETWORKS_N_3.TXT	40	ost_safeguardsinactive	Maintenance fence unlocked. Caution: Do not attempt maintenance until power is disabled.	Maintenance fence unlocked. Caution: Do not attempt maintenance until power is disabled.		pending	
dialogue:A3_WETWORKS_S_1.TXT:1:a3s3_ferril_1.wav	dialogue	A3_WETWORKS_S_1.TXT	1	a3s3_ferril_1.wav	Doesn't matter anymore. We're going public today, and they'll be lining up at the gates after that.	ФЕРРИЛ: Это уже не важно. Сегодня мы выходим на свет. Они еще будут в очередь выстраиваться.		pending	
dialogue:A3_WETWORKS_S_1.TXT:2:a3s3_ferril_10.wav	dialogue	A3_WETWORKS_S_1.TXT	2	a3s3_ferril_10.wav	... I'll tell them myself-	ФЕРРИЛ: ...Я сама им скажу.		pending	
dialogue:A3_WETWORKS_S_1.TXT:3:a3s3_ferril_11.wav	dialogue	A3_WETWORKS_S_1.TXT	3	a3s3_ferril_11.wav	You! That's you causing all the trouble in my factory, right?	ФЕРРИЛ: Это ты устроила все эти проблемы на моей фабрике, да?		pending	
dialogue:A3_WETWORKS_S_1.TXT:4:a3s3_ferril_12.wav	dialogue	A3_WETWORKS_S_1.TXT	4	a3s3_ferril_12.wav	Yeah. You ready to do this? Meet you at the top!	ФЕРРИЛ: Ага. Так ты готова? Встретимся наверху!		pending	
dialogue:A3_WETWORKS_S_1.TXT:5:a3s3_ferril_2.wav	dialogue	A3_WETWORKS_S_1.TXT	5	a3s3_ferril_2.wav	This is the last order we're gonna need to fill for a while. Get it loaded and out. This is the big one.	ФЕРРИЛ: Это последний заказ на ближайшее будущее. Загружайте и отправляйте. Самая крупная партия.		pending	
dialogue:A3_WETWORKS_S_1.TXT:6:a3s3_ferril_3.wav	dialogue	A3_WETWORKS_S_1.TXT	6	a3s3_ferril_3.wav	Are the subway teams prepared?	ФЕРРИЛ: Команды в метро готовы?		pending	
dialogue:A3_WETWORKS_S_1.TXT:7:a3s3_ferril_4.wav	dialogue	A3_WETWORKS_S_1.TXT	7	a3s3_ferril_4.wav	Well you certainly have been a pain in my ass.	ФЕРРИЛ: Да, ты точно заноза в заднице.		pending	
dialogue:A3_WETWORKS_S_1.TXT:8:a3s3_ferril_5.wav	dialogue	A3_WETWORKS_S_1.TXT	8	a3s3_ferril_5.wav	You coming up? Or do you want me to come to you?	ФЕРРИЛ: Поднимешься? Или мне спуститься к тебе?		pending	
dialogue:A3_WETWORKS_S_1.TXT:9:a3s3_ferril_6.wav	dialogue	A3_WETWORKS_S_1.TXT	9	a3s3_ferril_6.wav	What's taking you so long?	ФЕРРИЛ: Почему так долго?		pending	
dialogue:A3_WETWORKS_S_1.TXT:10:a3s3_ferril_7.wav	dialogue	A3_WETWORKS_S_1.TXT	10	a3s3_ferril_7.wav	You're better than I thought.	FERRIL: You're better than I thought.		pending	
dialogue:A3_WETWORKS_S_1.TXT:11:a3s3_ferril_8.wav	dialogue	A3_WETWORKS_S_1.TXT	11	a3s3_ferril_8.wav	... I don't give a bucktoothed fuck if this whole damn place is coming down around our ears. HE doesn't care, either.	ФЕРРИЛ: ...Да мне насрать, даже если все это чертово здание развалится на чертовы куски. ЕМУ тоже наплевать.		pending	
dialogue:A3_WETWORKS_S_1.TXT:12:a3s3_ferril_9.wav	dialogue	A3_WETWORKS_S_1.TXT	12	a3s3_ferril_9.wav	If that shipment doesn't go out now, it's ALL our asses. Go tell those worthless assholes... wait, you know what?	ФЕРРИЛ: А если эта партия не отправится прямо сейчас, нам всем задницы поотрывают. Пойди и скажи этим засранцам... Стой, знаешь что?		pending	
dialogue:A3_WETWORKS_S_1.TXT:13:a3s3_lminion1_5.wav	dialogue	A3_WETWORKS_S_1.TXT	13	a3s3_lminion1_5.wav	Order's shipped for all remote outlets, but the Meatpacking District is no longer a viable resource. It's completely hunted out.	СЛУГА: Заказ отправлен во все удаленные точки. Район мясозавода истощен. Мы уже переловили там всех.		pending	
dialogue:A3_WETWORKS_S_1.TXT:14:a3s3_lminion1_6.wav	dialogue	A3_WETWORKS_S_1.TXT	14	a3s3_lminion1_6.wav	The shepherds had to grab some tourists and kids earlier just to top off the tank...	СЛУГА: Пастухам пришлось даже схватить несколько туристов, чтобы заполнить емкость...		pending	
dialogue:A3_WETWORKS_S_1.TXT:15:a3s3_lminion1_7.wav	dialogue	A3_WETWORKS_S_1.TXT	15	a3s3_lminion1_7.wav	I'll check, Mistress...	СЛУГА: Я проверю, Хозяйка...		pending	
dialogue:A3_WETWORKS_S_1.TXT:16:a3s3_lminion1_8.wav	dialogue	A3_WETWORKS_S_1.TXT	16	a3s3_lminion1_8.wav	Get in there, ya skells!	СЛУГА: Быстро внутрь, уроды!		pending	
dialogue:A3_WETWORKS_S_1.TXT:17:a3s3_lminion2_8.wav	dialogue	A3_WETWORKS_S_1.TXT	17	a3s3_lminion2_8.wav	That's the last of 'em. Get this cage outta here. And lock the gate so none of 'em crawl back out.	СЛУГА: Это последние. Убирайте эту клетку отсюда. И заприте ворота, чтобы никто не выполз.		pending	
dialogue:A3_WETWORKS_S_1.TXT:18:a3s3_rayne_1.wav	dialogue	A3_WETWORKS_S_1.TXT	18	a3s3_rayne_1.wav	So they're grinding up the street trash, channeling the blood into the vats, and pumping the rest out as sludge.	РЕЙН: Значит, они перемалывают уличные отбросы, сливают кровь и сбрасывают отходы.		pending	
dialogue:A3_WETWORKS_S_1.TXT:19:a3s3_rayne_2.wav	dialogue	A3_WETWORKS_S_1.TXT	19	a3s3_rayne_2.wav	That's how they're creating the Shroud?	РЕЙН: И так они создают свой Саван?		pending	
dialogue:A3_WETWORKS_S_1.TXT:20:a3s3_rayne_3.wav	dialogue	A3_WETWORKS_S_1.TXT	20	a3s3_rayne_3.wav	Sweetie, that pain's about to get a LOT more severe.	РЕЙН: Киска, эта заноза сейчас станет еще занозистей!		pending	
dialogue:A3_WETWORKS_S_1.TXT:21:a3s3_rayne_4.wav	dialogue	A3_WETWORKS_S_1.TXT	21	a3s3_rayne_4.wav	Sure.	РЕЙН: Точно.		pending	
dialogue:A3_WETWORKS_S_1.TXT:22:a3s3_rayne_5.wav	dialogue	A3_WETWORKS_S_1.TXT	22	a3s3_rayne_5.wav	Let's go.	РЕЙН: Пора.		pending	
dialogue:A3_WETWORKS_S_1.TXT:23:a3s3_severin_1.wav	dialogue	A3_WETWORKS_S_1.TXT	23	a3s3_severin_1.wav	Yeah, I'd say so. They're infusing the blood with chemicals...	СЕВЕРИН: Да, думаю так. Они смешивают кровь с химическими веществами...		pending	
dialogue:A3_WETWORKS_S_1.TXT:24:a3s3_severin_2.wav	dialogue	A3_WETWORKS_S_1.TXT	24	a3s3_severin_2.wav	... Weird, arcane stuff. It all pumps into the Tower in the center of the compound.	СЕВЕРИН: ...Жуткая смесь. Потом все это закачивают в Башню в центре комплекса.		pending	
dialogue:A3_WETWORKS_S_1.TXT:25:a3s3_severin_3.wav	dialogue	A3_WETWORKS_S_1.TXT	25	a3s3_severin_3.wav	You should be able to gain access to the Tower from the roof of the building you're currently in.	СЕВЕРИН: Ты можешь попасть в Башню с крыши здания, где ты сейчас находишься.		pending	
dialogue:A3_WETWORKS_S_1.TXT:26:missiondescription	dialogue	A3_WETWORKS_S_1.TXT	26	missiondescription	Wetworks - Loading bay	Ветворкс: Погрузочная рампа		pending	
dialogue:A3_WETWORKS_S_1.TXT:27:objective_chute	dialogue	A3_WETWORKS_S_1.TXT	27	objective_chute	Gain access to loading chute.	Пробраться к загрузочному желобу		pending	
dialogue:A3_WETWORKS_S_1.TXT:28:objective_loading	dialogue	A3_WETWORKS_S_1.TXT	28	objective_loading	Find the source of the body parts.	Найти источник частей тел		pending	
dialogue:A3_WETWORKS_S_1.TXT:29:objectivedhampir	dialogue	A3_WETWORKS_S_1.TXT	29	objectivedhampir	Kill dhampir.	Прикончить дампира		pending	
dialogue:A3_WETWORKS_S_1.TXT:30:objectiveexit	dialogue	A3_WETWORKS_S_1.TXT	30	objectiveexit	Access the Shroud tower in the upper level.	Пробраться к Башне Савана		pending	
dialogue:A3_WETWORKS_S_1.TXT:31:objectivekill	dialogue	A3_WETWORKS_S_1.TXT	31	objectivekill	Eliminate all opposition.	Прикончить всех		pending	
dialogue:A3_WETWORKS_S_1.TXT:32:ost_cheating	dialogue	A3_WETWORKS_S_1.TXT	32	ost_cheating	Cheats enabled. Step on markers to skip to next area.	Чит-коды задействованы. Наступите на маркеры для перехода в следущую зону.		pending	
dialogue:A3_WETWORKS_S_1.TXT:33:ost_punishmentblade	dialogue	A3_WETWORKS_S_1.TXT	33	ost_punishmentblade	New combo acquired: Punishment Blade!	New combo acquired: Punishment Blade!		pending	
dialogue:A4_KAGANSTOWER_1.TXT:1:a4s1_severin_27.wav	dialogue	A4_KAGANSTOWER_1.TXT	1	a4s1_severin_27.wav	Severin: What's that sound?	СЕВЕРИН: Что это было?		pending	
dialogue:A4_KAGANSTOWER_1.TXT:2:a4s2_brute_8.wav	dialogue	A4_KAGANSTOWER_1.TXT	2	a4s2_brute_8.wav	Brute: [unintelligible vampirish]	Brute: [unintelligible vampirish]		pending	
dialogue:A4_KAGANSTOWER_1.TXT:3:a4s2_brute_9.wav	dialogue	A4_KAGANSTOWER_1.TXT	3	a4s2_brute_9.wav	Brute: [Angry Vampirish]	Brute: [Angry Vampirish]		pending	
dialogue:A4_KAGANSTOWER_1.TXT:4:a4s2_rayne_10.wav	dialogue	A4_KAGANSTOWER_1.TXT	4	a4s2_rayne_10.wav	Rayne: Alright, Xerx. Unless you've got any more to show me, come on out here and get your spankin'.	РЕЙН: Ладно, Зеркс. Если больше нечем похвастать, спускайся сюда, и я тебя отшлепаю.		pending	
dialogue:A4_KAGANSTOWER_1.TXT:5:a4s2_rayne_11.wav	dialogue	A4_KAGANSTOWER_1.TXT	5	a4s2_rayne_11.wav	Rayne: Yeah, he's in my family, all right.	РЕЙН: Он точно мой родственничек.		pending	
dialogue:A4_KAGANSTOWER_1.TXT:6:a4s2_rayne_12.wav	dialogue	A4_KAGANSTOWER_1.TXT	6	a4s2_rayne_12.wav	Rayne: IDIOT! Hell's the OTHER way!	РЕЙН: ИДИОТ! Ад в ДРУГОЙ стороне!		pending	
dialogue:A4_KAGANSTOWER_1.TXT:7:a4s2_rayne_14.wav	dialogue	A4_KAGANSTOWER_1.TXT	7	a4s2_rayne_14.wav	Rayne: Aw, jeez. Guess you got Turned faster than the others, huh? Lucky me.	RAYNE: Aw, jeez. Guess you got Turned faster than the others, huh? Lucky me.		pending	
dialogue:A4_KAGANSTOWER_1.TXT:8:a4s2_rayne_16.wav	dialogue	A4_KAGANSTOWER_1.TXT	8	a4s2_rayne_16.wav	Rayne: Let's see how long it takes his dumb turned ass to put itself back together from a twenty-block spread.	РЕЙН: Посмотрим, сможет ли он собрать свою вампирскую задницу, если ее разметать на двадцать кварталов.		pending	
dialogue:A4_KAGANSTOWER_1.TXT:9:a4s2_rayne_8.wav	dialogue	A4_KAGANSTOWER_1.TXT	9	a4s2_rayne_8.wav	Rayne: Holy Cats! That's pure sunlight! Who you gonna use that... on. That's what downed Ferril's choppers!	РЕЙН: Вот это да! Чистый солнечный свет! И... против кого ты его направишь? Им ты сбил вертушки Феррил!		pending	
dialogue:A4_KAGANSTOWER_1.TXT:10:a4s2_uminion1_10.wav	dialogue	A4_KAGANSTOWER_1.TXT	10	a4s2_uminion1_10.wav	Minion: The Trauger Elite are so hardcore, man. They never die. So Kagan Minions are backed up to like, four centuries.	MINION: The Trauger Elite are so hardcore, man. They never die. So Kagan Minions are backed up to like, four centuries.		pending	
dialogue:A4_KAGANSTOWER_1.TXT:11:a4s2_uminion1_11.wav	dialogue	A4_KAGANSTOWER_1.TXT	11	a4s2_uminion1_11.wav	Minion:  But I got off track: look, what I was saying was this: it makes no sense to stop anybody from getting to the Unraveler pit, because anybody we catch or kill they're just gonna throw to the Unraveler, anyway.	MINION:  But I got off track: look, what I was saying was this: it makes no sense to stop anybody from getting to the Unraveler pit, because anybody we catch or kill they're just gonna throw to the Unraveler, anyway.		pending	
dialogue:A4_KAGANSTOWER_1.TXT:12:a4s2_uminion1_12.wav	dialogue	A4_KAGANSTOWER_1.TXT	12	a4s2_uminion1_12.wav	Minion: So I say we keep the door locked, and just let whoever walks by here take a few extra steps on their own steam, and we cut out the middle man. Us.	MINION: So I say we keep the door locked, and just let whoever walks by here take a few extra steps on their own steam, and we cut out the middle man. Us.		pending	
dialogue:A4_KAGANSTOWER_1.TXT:13:a4s2_uminion1_13.wav	dialogue	A4_KAGANSTOWER_1.TXT	13	a4s2_uminion1_13.wav	Minion: Unraveler still gets 'em and makes horrible paste out of 'em.	MINION: Unraveler still gets 'em and makes horrible paste out of 'em.		pending	
dialogue:A4_KAGANSTOWER_1.TXT:14:a4s2_uminion1_14.wav	dialogue	A4_KAGANSTOWER_1.TXT	14	a4s2_uminion1_14.wav	Minion: Hey! Go screw yourself!	MINION: Hey! Go screw yourself!		pending	
dialogue:A4_KAGANSTOWER_1.TXT:15:a4s2_uminion1_15.wav	dialogue	A4_KAGANSTOWER_1.TXT	15	a4s2_uminion1_15.wav	Minion: If it's a boss, they're gonna bust in here and kill us for not being at our post, anyway. Bosses got keys.	MINION: If it's a boss, they're gonna bust in here and kill us for not being at our post, anyway. Bosses got keys.		pending	
dialogue:A4_KAGANSTOWER_1.TXT:16:a4s2_uminion1_16.wav	dialogue	A4_KAGANSTOWER_1.TXT	16	a4s2_uminion1_16.wav	Minion: They'll feed us to Unraveler. Which is probably ironic. Anybody else, I don't wanna see, anyway. So what's the difference?	MINION: They'll feed us to Unraveler. Which is probably ironic. Anybody else, I don't wanna see, anyway. So what's the difference?		pending	
dialogue:A4_KAGANSTOWER_1.TXT:17:a4s2_uminion1_6.wav	dialogue	A4_KAGANSTOWER_1.TXT	17	a4s2_uminion1_6.wav	Minion: Okay. Right. I know we're posted here to keep anybody from breaking further up the Tower. I get that. What I don't get is why? After us, next stop is the Unraveler Pit.	MINION: Okay. Right. I know we're posted here to keep anybody from breaking further up the Tower. I get that. What I don't get is why? After us, next stop is the Unraveler Pit.		pending	
dialogue:A4_KAGANSTOWER_1.TXT:18:a4s2_uminion1_7.wav	dialogue	A4_KAGANSTOWER_1.TXT	18	a4s2_uminion1_7.wav	Minion: Yeah, which is something else that makes no sense, because Unraveler is a terrible monster guardian that nobody can ever get past. That's why the Overlord spawned him.	MINION: Yeah, which is something else that makes no sense, because Unraveler is a terrible monster guardian that nobody can ever get past. That's why the Overlord spawned him.		pending	
dialogue:A4_KAGANSTOWER_1.TXT:19:a4s2_uminion1_8.wav	dialogue	A4_KAGANSTOWER_1.TXT	19	a4s2_uminion1_8.wav	Minion: Yeah. So? Hello? We're guarding the guardian? Us? From WHAT? We aren't even turned.	MINION: Yeah. So? Hello? We're guarding the guardian? Us? From WHAT? We aren't even turned.		pending	
dialogue:A4_KAGANSTOWER_1.TXT:20:a4s2_uminion1_9.wav	dialogue	A4_KAGANSTOWER_1.TXT	20	a4s2_uminion1_9.wav	Minion: And listen, you can forget about that, too... you know how long it takes a Kagan Turned to wear out so somebody can move up? Ain't happened yet, that's how long.	MINION: And listen, you can forget about that, too... you know how long it takes a Kagan Turned to wear out so somebody can move up? Ain't happened yet, that's how long.		pending	
dialogue:A4_KAGANSTOWER_1.TXT:21:a4s2_uminion2_1.wav	dialogue	A4_KAGANSTOWER_1.TXT	21	a4s2_uminion2_1.wav	Minion:  Right. That's what we got to keep the bad guys away from. Overlord Kagan is very protective of his Unraveler.	MINION:  Right. That's what we got to keep the bad guys away from. Overlord Kagan is very protective of his Unraveler.		pending	
dialogue:A4_KAGANSTOWER_1.TXT:22:a4s2_uminion2_2.wav	dialogue	A4_KAGANSTOWER_1.TXT	22	a4s2_uminion2_2.wav	Minion: Yeah, I heard that, too.	MINION: Yeah, I heard that, too.		pending	
dialogue:A4_KAGANSTOWER_1.TXT:23:a4s2_uminion2_3.wav	dialogue	A4_KAGANSTOWER_1.TXT	23	a4s2_uminion2_3.wav	Minion: Hey... yeah. We ain't even turned...	MINION: Hey... yeah. We ain't even turned...		pending	
dialogue:A4_KAGANSTOWER_1.TXT:24:a4s2_uminion2_4.wav	dialogue	A4_KAGANSTOWER_1.TXT	24	a4s2_uminion2_4.wav	Minion: And we're sitting pretty. Hey, that's not bad... Hey, I can't wait four centuries to get turned unless I'm already turned.	MINION: And we're sitting pretty. Hey, that's not bad... Hey, I can't wait four centuries to get turned unless I'm already turned.		pending	
dialogue:A4_KAGANSTOWER_1.TXT:25:a4s2_uminion2_5.wav	dialogue	A4_KAGANSTOWER_1.TXT	25	a4s2_uminion2_5.wav	Minion: Hey, man... what if that's a boss?	MINION: Hey, man... what if that's a boss?		pending	
dialogue:A4_KAGANSTOWER_1.TXT:26:a4s2_xerx_10.wav	dialogue	A4_KAGANSTOWER_1.TXT	26	a4s2_xerx_10.wav	Xerx: I think probably not. Unless you'd like to follow me to Hell? You're certainly invited?	ЗЕРКС: Я очень сомневаюсь. Разве только если ты собираешься в ад? Я приглашаю!		pending	
dialogue:A4_KAGANSTOWER_1.TXT:27:a4s2_xerx_9.wav	dialogue	A4_KAGANSTOWER_1.TXT	27	a4s2_xerx_9.wav	Xerx: That was the master unit, actually. Impressive for a test, though, wouldn't you say?	ЗЕРКС: Впечатляющее испытание, не так ли?		pending	
dialogue:A4_KAGANSTOWER_1.TXT:28:missiondescription	dialogue	A4_KAGANSTOWER_1.TXT	28	missiondescription	Kagans Tower - Xerx's Laboratories	Башня Кейгана: Лаборатория Зекрса		pending	
dialogue:A4_KAGANSTOWER_1.TXT:29:objectivebiosecondary	dialogue	A4_KAGANSTOWER_1.TXT	29	objectivebiosecondary	Secondary Objective: Get to the bottom of Xerx's Experiments	Узнать правду об экспериментах Зеркса		pending	
dialogue:A4_KAGANSTOWER_1.TXT:30:objectivedefault	dialogue	A4_KAGANSTOWER_1.TXT	30	objectivedefault	Objective: Make your way towards the top of the Tower	Битва на вершине башни		pending	
dialogue:A4_KAGANSTOWER_1.TXT:31:objectiveheli_boss	dialogue	A4_KAGANSTOWER_1.TXT	31	objectiveheli_boss	Objective: Eliminate the Attack chopper	Уничтожить вертолет		pending	
dialogue:A4_KAGANSTOWER_1.TXT:32:objectivelobbybrute	dialogue	A4_KAGANSTOWER_1.TXT	32	objectivelobbybrute	Objective: Defeat the Brute to proceed	Прикончить Громилу		pending	
dialogue:A4_KAGANSTOWER_1.TXT:33:objectiveofficebrute	dialogue	A4_KAGANSTOWER_1.TXT	33	objectiveofficebrute	Objective: Send the Office Brute Packing	Замесить Громилу		pending	
dialogue:A4_KAGANSTOWER_1.TXT:34:objectivexerx	dialogue	A4_KAGANSTOWER_1.TXT	34	objectivexerx	Objective: Snuff Xerx in his Solar Cannon Lab	Уничтожить солнечные пушки Кейгана		pending	
dialogue:A4_KAGANSTOWER_1.TXT:35:ost_blocked	dialogue	A4_KAGANSTOWER_1.TXT	35	ost_blocked	You cannot go this way.	Сюда идти нельзя...		pending	
dialogue:A4_KAGANSTOWER_1.TXT:37:ost_upgrade	dialogue	A4_KAGANSTOWER_1.TXT	37	ost_upgrade	Acquired Carpathian Upgrade: Blood Hammer	"@@weaponSelectUpButtonName@@ Получен режим оружия ""Кровяной молот"""		pending	
dialogue:A4_KAGANSTOWER_2.TXT:1:a4s2_rayne_17.wav	dialogue	A4_KAGANSTOWER_2.TXT	1	a4s2_rayne_17.wav	Rayne: Ya know, Ferril's turned vampires are putting up an impressive fight...	РЕЙН: А знаешь, обращенные вампиры Феррил неплохо дерутся...		pending	
dialogue:A4_KAGANSTOWER_2.TXT:2:a4s2_rayne_18.wav	dialogue	A4_KAGANSTOWER_2.TXT	2	a4s2_rayne_18.wav	Rayne: Point taken.	РЕЙН: Да, это точно.		pending	
dialogue:A4_KAGANSTOWER_2.TXT:3:a4s2_rayne_20.wav	dialogue	A4_KAGANSTOWER_2.TXT	3	a4s2_rayne_20.wav	"Rayne: Severin, when I say ""squad of really, really ancient-looking turned vampires,"" does it ring any bells?"	"РЕЙН: Северин, ""команда очень, очень древних обращенных вампиров"". Тебе это что-нибудь говорит?"		pending	
dialogue:A4_KAGANSTOWER_2.TXT:4:a4s2_rayne_21.wav	dialogue	A4_KAGANSTOWER_2.TXT	4	a4s2_rayne_21.wav	Rayne:  Yow! You gents are very good. Your reputation proceeds you!	РЕЙН: О-о! Вы, ребята, хороши! Да и репутация у вас громкая!		pending	
dialogue:A4_KAGANSTOWER_2.TXT:5:a4s2_severin_3.wav	dialogue	A4_KAGANSTOWER_2.TXT	5	a4s2_severin_3.wav	Severin: Yeah. They're motivated: would you want to have to go back and tell Ferril she didn't get exactly what she wanted?	СЕВЕРИН: У них хорошая мотивация. Представляешь, как им вернуться и сказать Феррил, что они не выполнили ее приказ?		pending	
dialogue:A4_KAGANSTOWER_2.TXT:6:a4s2_severin_4.wav	dialogue	A4_KAGANSTOWER_2.TXT	6	a4s2_severin_4.wav	Severin: Anyway, use the distraction to cover your progress while you can.	СЕВЕРИН: А ты воспользуйся неразберихой и продвигайся, пока возможно.		pending	
dialogue:A4_KAGANSTOWER_2.TXT:7:a4s2_severin_6.wav	dialogue	A4_KAGANSTOWER_2.TXT	7	a4s2_severin_6.wav	"Severin: Rings a few, but you may be talking about a team Kagan calls his ""Traujer Elites."" The first vampires he ever turned way back in the old country."	"СЕВЕРИН: Кое-что... Наверное, ты говоришь о команде, которую Кейган назвал ""Трожер Элитс"". Первые, кого он обратил еще в самом начале."		pending	
dialogue:A4_KAGANSTOWER_2.TXT:8:a4s2_severin_8.wav	dialogue	A4_KAGANSTOWER_2.TXT	8	a4s2_severin_8.wav	Severin: They've been with him since. The only vampires--or humans--he trusts completely.	СЕВЕРИН: С тех пор они всегда с ним. Единственные люди, то есть вампиры, которым он доверяет.		pending	
dialogue:A4_KAGANSTOWER_2.TXT:9:a4s2_uminion1_10.wav	dialogue	A4_KAGANSTOWER_2.TXT	9	a4s2_uminion1_10.wav	Minion: The Traujer Elite are so hardcore, man. They never die. So Kagan Minions are backed up to like, four centuries.	MINION: The Traujer Elite are so hardcore, man. They never die. So Kagan Minions are backed up to like, four centuries.		pending	
dialogue:A4_KAGANSTOWER_2.TXT:10:kelite_taunt_a_03.wav	dialogue	A4_KAGANSTOWER_2.TXT	10	kelite_taunt_a_03.wav	Traujer Elite: Your Father has ordered your death.	Эскадрон Скорби: Твой отец приказал уничтожить тебя.		pending	
dialogue:A4_KAGANSTOWER_2.TXT:11:missiondescription	dialogue	A4_KAGANSTOWER_2.TXT	11	missiondescription	Kagans Tower - Llewelyn Corporate Offices	Башня Кейгана: Корпорация Луелин		pending	
dialogue:A4_KAGANSTOWER_2.TXT:12:objectivedefault	dialogue	A4_KAGANSTOWER_2.TXT	12	objectivedefault	Make your way towards the top of the Tower	Пробраться на вершину башни		pending	
dialogue:A4_KAGANSTOWER_2.TXT:13:objectivefinal	dialogue	A4_KAGANSTOWER_2.TXT	13	objectivefinal	Destroy All BioMechs	Уничтожить всех биороботов		pending	
dialogue:A4_KAGANSTOWER_2.TXT:14:objectiveoutside	dialogue	A4_KAGANSTOWER_2.TXT	14	objectiveoutside	Objective: Defeat Kagan's Traujer Elite.	Уничтожить элитных бойцов Кейгана		pending	
dialogue:A4_KAGANSTOWER_2.TXT:15:objectiveserver	dialogue	A4_KAGANSTOWER_2.TXT	15	objectiveserver	Objective: Defeat the BioMech	Уничтожить биоробота		pending	
dialogue:A4_KAGANSTOWER_2.TXT:16:ost_blocked	dialogue	A4_KAGANSTOWER_2.TXT	16	ost_blocked	You cannot go this way.	Сюда идти нельзя...		pending	
dialogue:A4_KAGANSTOWER_BIOARMOR.TXT:1:a4s3_ferril_1.wav	dialogue	A4_KAGANSTOWER_BIOARMOR.TXT	1	a4s3_ferril_1.wav	Dhampir!? I'm going to kill Kagan--I'm gonna paint the fucking walls with him, actually. Afterwards I'll settle with you.	ФЕРРИЛ: Дампир?! Я убью Кейгана! Я покрашу его кровью гребаные стены! А потом разберусь с тобой.		pending	
dialogue:A4_KAGANSTOWER_BIOARMOR.TXT:2:a4s3_ferril_2.wav	dialogue	A4_KAGANSTOWER_BIOARMOR.TXT	2	a4s3_ferril_2.wav	Tsk. Tragic. But it's time to extract my inheritance. One pint at a time.	ФЕРРИЛ: Очень жаль. Пришло время потребовать мое наследие. Не спеша, по глотку...		pending	
dialogue:A4_KAGANSTOWER_BIOARMOR.TXT:3:a4s3_ferril_3.wav	dialogue	A4_KAGANSTOWER_BIOARMOR.TXT	3	a4s3_ferril_3.wav	Better than getting thrown out a forty story window into sunlight, bitch. I'm going...	ФЕРРИЛ: Но лучше, чем быть вышвырнутой на солнце с сорокового этажа, сука.		pending	
dialogue:A4_KAGANSTOWER_BIOARMOR.TXT:4:a4s3_ferril_4.wav	dialogue	A4_KAGANSTOWER_BIOARMOR.TXT	4	a4s3_ferril_4.wav	Screams.	FERRIL: Screams.		pending	
dialogue:A4_KAGANSTOWER_BIOARMOR.TXT:5:a4s3_rayne_1.wav	dialogue	A4_KAGANSTOWER_BIOARMOR.TXT	5	a4s3_rayne_1.wav	And where do you think you're going?	РЕЙН: Так. И куда это ты собралась?		pending	
dialogue:A4_KAGANSTOWER_BIOARMOR.TXT:6:a4s3_rayne_10.wav	dialogue	A4_KAGANSTOWER_BIOARMOR.TXT	6	a4s3_rayne_10.wav	Yeah, that's big talk for a little guy in an ugly suit. Why don't you come out and say that?	РЕЙН: Как много слов от малыша в драном костюмчике. Выйди, скажи это мне в лицо!		pending	
dialogue:A4_KAGANSTOWER_BIOARMOR.TXT:7:a4s3_rayne_11.wav	dialogue	A4_KAGANSTOWER_BIOARMOR.TXT	7	a4s3_rayne_11.wav	Aw, Xerx again. He's being a big bully in his dumb ol' people-suit.	РЕЙН: А, опять Зеркс. Такой весь крутой в своем скафандре.		pending	
dialogue:A4_KAGANSTOWER_BIOARMOR.TXT:8:a4s3_rayne_12.wav	dialogue	A4_KAGANSTOWER_BIOARMOR.TXT	8	a4s3_rayne_12.wav	It's like the ones I fought before, but it's enormous.	РЕЙН: Похож на те, что я видела раньше, только очень большой.		pending	
dialogue:A4_KAGANSTOWER_BIOARMOR.TXT:9:a4s3_rayne_13.wav	dialogue	A4_KAGANSTOWER_BIOARMOR.TXT	9	a4s3_rayne_13.wav	Oh, and he's got a suncannon.	РЕЙН: А еще у него солнечная пушка.		pending	
dialogue:A4_KAGANSTOWER_BIOARMOR.TXT:10:a4s3_rayne_14.wav	dialogue	A4_KAGANSTOWER_BIOARMOR.TXT	10	a4s3_rayne_14.wav	Maybe. I'd guess those exposed spots might not be able to hold up to too much abuse.	РЕЙН: Возможно. Там есть открытые места. Может, если долбить по ним...		pending	
dialogue:A4_KAGANSTOWER_BIOARMOR.TXT:11:a4s3_rayne_15.wav	dialogue	A4_KAGANSTOWER_BIOARMOR.TXT	11	a4s3_rayne_15.wav	Like you were reading my mind.	РЕЙН: Ты просто читаешь мои мысли.		pending	
dialogue:A4_KAGANSTOWER_BIOARMOR.TXT:12:a4s3_rayne_16.wav	dialogue	A4_KAGANSTOWER_BIOARMOR.TXT	12	a4s3_rayne_16.wav	Guess I'm just wired that way.	РЕЙН: Боюсь, я просто так устроена.		pending	
dialogue:A4_KAGANSTOWER_BIOARMOR.TXT:13:a4s3_rayne_17.wav	dialogue	A4_KAGANSTOWER_BIOARMOR.TXT	13	a4s3_rayne_17.wav	Anyway, I liked the world better before...	РЕЙН: И мне больше нравился старый мир...		pending	
dialogue:A4_KAGANSTOWER_BIOARMOR.TXT:14:a4s3_rayne_18.wav	dialogue	A4_KAGANSTOWER_BIOARMOR.TXT	14	a4s3_rayne_18.wav	When I didn't know you were in it.	РЕЙН: Когда я не знала, что в нем есть вы.		pending	
dialogue:A4_KAGANSTOWER_BIOARMOR.TXT:15:a4s3_rayne_2.wav	dialogue	A4_KAGANSTOWER_BIOARMOR.TXT	15	a4s3_rayne_2.wav	Yeah, I don't think that's how it's gonna happen. I've been wanting to kill him for seventy five years. You only got the idea yesterday.	РЕЙН: Да? Не думаю, что это будет так. Я пытаюсь убить его семьдесят пять лет, а тебе эта мысль пришла только вчера.		pending	
dialogue:A4_KAGANSTOWER_BIOARMOR.TXT:16:a4s3_rayne_3.wav	dialogue	A4_KAGANSTOWER_BIOARMOR.TXT	16	a4s3_rayne_3.wav	You really want to inherit the world Kagan's created? Ferril, that's like inheriting leprosy.	РЕЙН: Ты хочешь унаследовать мир, созданный Кейганом? Феррил! Да это как унаследовать проказу.		pending	
dialogue:A4_KAGANSTOWER_BIOARMOR.TXT:17:a4s3_rayne_4.wav	dialogue	A4_KAGANSTOWER_BIOARMOR.TXT	17	a4s3_rayne_4.wav	Xerx. Wow. Is that you? You been working out?	РЕЙН: О, Зеркс. Это ты? Технику отрабатывал?		pending	
dialogue:A4_KAGANSTOWER_BIOARMOR.TXT:18:a4s3_rayne_5.wav	dialogue	A4_KAGANSTOWER_BIOARMOR.TXT	18	a4s3_rayne_5.wav	I've been meaning to ask you about that. I thought your Shroud blocks out the sun?	РЕЙН: Хотела расспросить тебя об этом. Это твой Саван блокирует солнце?		pending	
dialogue:A4_KAGANSTOWER_BIOARMOR.TXT:19:a4s3_rayne_6.wav	dialogue	A4_KAGANSTOWER_BIOARMOR.TXT	19	a4s3_rayne_6.wav	The Vesper Shard? That machine Kagan wanted at Brimstone!	РЕЙН: Осколок Вечерней Звезды? Ее Кейган искал в Бримстоуне!		pending	
dialogue:A4_KAGANSTOWER_BIOARMOR.TXT:20:a4s3_rayne_7.wav	dialogue	A4_KAGANSTOWER_BIOARMOR.TXT	20	a4s3_rayne_7.wav	You're kinda his bitch, huh?	РЕЙН: А ты его верный раб, да?		pending	
dialogue:A4_KAGANSTOWER_BIOARMOR.TXT:21:a4s3_rayne_8.wav	dialogue	A4_KAGANSTOWER_BIOARMOR.TXT	21	a4s3_rayne_8.wav	So that's what brought down the choppers-and how you killed Ferril...	РЕЙН: Вот что сбило вертолеты. И так ты убил Феррил...		pending	
dialogue:A4_KAGANSTOWER_BIOARMOR.TXT:22:a4s3_rayne_9.wav	dialogue	A4_KAGANSTOWER_BIOARMOR.TXT	22	a4s3_rayne_9.wav	Yow!	РЕЙН: Эй!		pending	
dialogue:A4_KAGANSTOWER_BIOARMOR.TXT:23:a4s3_severin_1.wav	dialogue	A4_KAGANSTOWER_BIOARMOR.TXT	23	a4s3_severin_1.wav	I have no way to get to you or see you. What's happening?	СЕВЕРИН: Рейн, я не вижу тебя. Ответь мне. Что происходит?		pending	
dialogue:A4_KAGANSTOWER_BIOARMOR.TXT:24:a4s3_severin_2.wav	dialogue	A4_KAGANSTOWER_BIOARMOR.TXT	24	a4s3_severin_2.wav	Any obvious weaknesses in the suit?	СЕВЕРИН: В его костюме есть слабые точки?		pending	
dialogue:A4_KAGANSTOWER_BIOARMOR.TXT:25:a4s3_xerx_1.wav	dialogue	A4_KAGANSTOWER_BIOARMOR.TXT	25	a4s3_xerx_1.wav	One down. One to go.	ЗЕРКС: Одна готова, одна осталась.		pending	
dialogue:A4_KAGANSTOWER_BIOARMOR.TXT:26:a4s3_xerx_10.wav	dialogue	A4_KAGANSTOWER_BIOARMOR.TXT	26	a4s3_xerx_10.wav	Stand still, and I'll destroy you!	ЗЕРКС: Не дергайся, и я уничтожу тебя!		pending	
dialogue:A4_KAGANSTOWER_BIOARMOR.TXT:27:a4s3_xerx_11.wav	dialogue	A4_KAGANSTOWER_BIOARMOR.TXT	27	a4s3_xerx_11.wav	Thank you, no. I'm quite comfortable.	ЗЕРКС: Благодарю, мне и здесь удобно!		pending	
dialogue:A4_KAGANSTOWER_BIOARMOR.TXT:28:a4s3_xerx_12.wav	dialogue	A4_KAGANSTOWER_BIOARMOR.TXT	28	a4s3_xerx_12.wav	I can assure you that this encounter will be our last!	ЗЕРКС: Уверяю тебя, что эта наша встреча будет последней!		pending	
dialogue:A4_KAGANSTOWER_BIOARMOR.TXT:29:a4s3_xerx_13.wav	dialogue	A4_KAGANSTOWER_BIOARMOR.TXT	29	a4s3_xerx_13.wav	I don't understand you. We have created a vampire paradise... .	ЗЕРКС: Я тебя не понимаю. Мы создали рай для вампиров...		pending	
dialogue:A4_KAGANSTOWER_BIOARMOR.TXT:30:a4s3_xerx_14.wav	dialogue	A4_KAGANSTOWER_BIOARMOR.TXT	30	a4s3_xerx_14.wav	... Why do you struggle against the inevitable?	ЗЕРКС: ... Почему ты борешься с неизбежным?		pending	
dialogue:A4_KAGANSTOWER_BIOARMOR.TXT:31:a4s3_xerx_2.wav	dialogue	A4_KAGANSTOWER_BIOARMOR.TXT	31	a4s3_xerx_2.wav	Oh, this? Just something I prepared the Overlord to protect him from the lethal rays of the sun.	ЗЕРКС: А, это? Эту штуку, я сделал для Господина, чтобы защитить его от смертельного солнца.		pending	
dialogue:A4_KAGANSTOWER_BIOARMOR.TXT:32:a4s3_xerx_3.wav	dialogue	A4_KAGANSTOWER_BIOARMOR.TXT	32	a4s3_xerx_3.wav	Oh, It does.	ЗЕРКС: Конечно, да.		pending	
dialogue:A4_KAGANSTOWER_BIOARMOR.TXT:33:a4s3_xerx_4.wav	dialogue	A4_KAGANSTOWER_BIOARMOR.TXT	33	a4s3_xerx_4.wav	But the Vesper Shard taught us to harness the sun's lethal power and pierce the Shroud.	ЗЕРКС: Но Осколок Вечерней Звезды научил нас обуздывать смертельную мощь солнца и пробивать Саван.		pending	
dialogue:A4_KAGANSTOWER_BIOARMOR.TXT:34:a4s3_xerx_5.wav	dialogue	A4_KAGANSTOWER_BIOARMOR.TXT	34	a4s3_xerx_5.wav	Overlord Kagan has many enemies...	ЗЕРКС: У Лорда Кейгана много врагов...		pending	
dialogue:A4_KAGANSTOWER_BIOARMOR.TXT:35:a4s3_xerx_6.wav	dialogue	A4_KAGANSTOWER_BIOARMOR.TXT	35	a4s3_xerx_6.wav	... And precisely how I'm going to dispose of you.	ЗЕРКС: ... И так я разделаюсь с тобой.		pending	
dialogue:A4_KAGANSTOWER_BIOARMOR.TXT:36:a4s3_xerx_7.wav	dialogue	A4_KAGANSTOWER_BIOARMOR.TXT	36	a4s3_xerx_7.wav	It took me five long years to piece father back together.	ЗЕРКС: Я пять лет собирал нашего отца по кусочкам.		pending	
dialogue:A4_KAGANSTOWER_BIOARMOR.TXT:37:a4s3_xerx_8.wav	dialogue	A4_KAGANSTOWER_BIOARMOR.TXT	37	a4s3_xerx_8.wav	I won't let you take him apart again.	ЗЕРКС: Я не дам тебе опять разорвать его.		pending	
dialogue:A4_KAGANSTOWER_BIOARMOR.TXT:38:a4s3_xerx_9.wav	dialogue	A4_KAGANSTOWER_BIOARMOR.TXT	38	a4s3_xerx_9.wav	Raaargh! Do you miss the SUN!??	ЗЕРКС: Р-р-р-а-а-а! А ты не скучаешь по СОЛНЦУ?		pending	
dialogue:A4_KAGANSTOWER_BIOARMOR.TXT:39:missiondescription	dialogue	A4_KAGANSTOWER_BIOARMOR.TXT	39	missiondescription	Kagan's Tower - Rooftop	Башня Кейгана: Крыша		pending	
dialogue:A4_KAGANSTOWER_BIOARMOR.TXT:40:objectiveenter	dialogue	A4_KAGANSTOWER_BIOARMOR.TXT	40	objectiveenter	Gain access to Kagan's executive penthouse.	Пробраться в пентхаус Кейгана		pending	
dialogue:A4_KAGANSTOWER_BIOARMOR.TXT:41:objectivekill	dialogue	A4_KAGANSTOWER_BIOARMOR.TXT	41	objectivekill	Blast off armor plates and rip out nodes.	Сорвать защитные пластины, а затем вырвать нервные узлы		pending	
dialogue:A4_KAGANSTOWER_BIOARMOR.TXT:42:objectiveltleg	dialogue	A4_KAGANSTOWER_BIOARMOR.TXT	42	objectiveltleg	Remove left leg control node.	Уничтожить нервный узел в левой ноге		pending	
dialogue:A4_KAGANSTOWER_BIOARMOR.TXT:43:objectiveltshoulder	dialogue	A4_KAGANSTOWER_BIOARMOR.TXT	43	objectiveltshoulder	Remove left shoulder control node.	Уничтожить нервный узел в левом плече		pending	
dialogue:A4_KAGANSTOWER_BIOARMOR.TXT:44:objectivertleg	dialogue	A4_KAGANSTOWER_BIOARMOR.TXT	44	objectivertleg	Remove right leg control node.	Уничтожить нервный узел в правой ноге		pending	
dialogue:A4_KAGANSTOWER_BIOARMOR.TXT:45:objectivertshoulder	dialogue	A4_KAGANSTOWER_BIOARMOR.TXT	45	objectivertshoulder	Remove right shoulder control node.	Уничтожить нервный узел в правом плече		pending	
dialogue:A4_KAGANSTOWER_MEDIA.TXT:1:comboaward	dialogue	A4_KAGANSTOWER_MEDIA.TXT	1	comboaward	@@lockOnButtonName@@,  @@jumpButtonName@@,  @@bladeButtonName@@ Curtain Twice Torn acquired.	"@@lockOnButtonName@@ + @@jumpButtonName@@ , @@bladeButtonName@@ Получена способность ""Дважды вспоротый занавес"""		pending	
dialogue:A4_KAGANSTOWER_MEDIA.TXT:2:missiondescription	dialogue	A4_KAGANSTOWER_MEDIA.TXT	2	missiondescription	Kagan's Tower - Media Center	Башня Кейгана: Медиа-центр		pending	
dialogue:A4_KAGANSTOWER_MEDIA.TXT:3:objective_findexit	dialogue	A4_KAGANSTOWER_MEDIA.TXT	3	objective_findexit	Find rooftop access.	Найти путь на крышу		pending	
dialogue:A4_KAGANSTOWER_MEDIA.TXT:4:objective_killdhampir	dialogue	A4_KAGANSTOWER_MEDIA.TXT	4	objective_killdhampir	Kill Dhampir.	Прикончить дампира		pending	
dialogue:A4_KAGANSTOWER_MEDIA.TXT:5:objective_killelite	dialogue	A4_KAGANSTOWER_MEDIA.TXT	5	objective_killelite	Kill Kagan's Elite guards.	Уничтожить элитных бойцов Кейгана		pending	
dialogue:A4_KAGANSTOWER_MEDIA.TXT:6:objective_press	dialogue	A4_KAGANSTOWER_MEDIA.TXT	6	objective_press	Restart the printing press	Запустить печатный пресс		pending	
dialogue:A4_KAGANSTOWER_MEDIA.TXT:7:objective_pressblow	dialogue	A4_KAGANSTOWER_MEDIA.TXT	7	objective_pressblow	Jam the printing press.	Сломать печатный пресс		pending	
dialogue:A4_KAGANSTOWER_MEDIA.TXT:8:ost_cheating	dialogue	A4_KAGANSTOWER_MEDIA.TXT	8	ost_cheating	Cheats enabled. Step on markers to skip to next area.	Чит-коды задействованы. Наступите на маркеры для перехода в следущую зону.		pending	
dialogue:A4_KAGANSTOWER_PENTHOUSE.TXT:1:a4s3_kagan_1.wav	dialogue	A4_KAGANSTOWER_PENTHOUSE.TXT	1	a4s3_kagan_1.wav	Yes. You again. You've caused me some trouble.	КЕЙГАН: Так. Это опять ты. Ты доставила мне неприятности.		pending	
dialogue:A4_KAGANSTOWER_PENTHOUSE.TXT:2:a4s3_kagan_10.wav	dialogue	A4_KAGANSTOWER_PENTHOUSE.TXT	2	a4s3_kagan_10.wav	Do you believe I could have affected such global change myself?	КЕЙГАН: Неужели ты думаешь, что я мог совершить такое в одиночку?		pending	
dialogue:A4_KAGANSTOWER_PENTHOUSE.TXT:3:a4s3_kagan_11.wav	dialogue	A4_KAGANSTOWER_PENTHOUSE.TXT	3	a4s3_kagan_11.wav	You've built me up beyond reason. There are many others like me, all over the Earth... .	КЕЙГАН: Ты слишком высокого мнения обо мне. Таких, как я, много по всей Земле...		pending	
dialogue:A4_KAGANSTOWER_PENTHOUSE.TXT:4:a4s3_kagan_12.wav	dialogue	A4_KAGANSTOWER_PENTHOUSE.TXT	4	a4s3_kagan_12.wav	Each currently presiding over his own vampire kingdom...	КЕЙГАН: Каждый владеет своим вампирским королевством...		pending	
dialogue:A4_KAGANSTOWER_PENTHOUSE.TXT:5:a4s3_kagan_13.wav	dialogue	A4_KAGANSTOWER_PENTHOUSE.TXT	5	a4s3_kagan_13.wav	Though not for much longer. I'm the only one with THIS power!	КЕЙГАН: Не долго им осталось. Только я владею ТАКОЙ мощью!		pending	
dialogue:A4_KAGANSTOWER_PENTHOUSE.TXT:7:a4s3_kagan_2.wav	dialogue	A4_KAGANSTOWER_PENTHOUSE.TXT	7	a4s3_kagan_2.wav	More than I expected possible.	КЕЙГАН: Даже больше, чем я мог предположить.		pending	
dialogue:A4_KAGANSTOWER_PENTHOUSE.TXT:8:a4s3_kagan_3.wav	dialogue	A4_KAGANSTOWER_PENTHOUSE.TXT	8	a4s3_kagan_3.wav	I begin to wonder whether it was worth the effort to create you.	КЕЙГАН: Я даже начинаю сомневаться, а стоило ли вообще создавать тебя.		pending	
dialogue:A4_KAGANSTOWER_PENTHOUSE.TXT:9:a4s3_kagan_4.wav	dialogue	A4_KAGANSTOWER_PENTHOUSE.TXT	9	a4s3_kagan_4.wav	Perhaps. We both know what's next. Shall we?	КЕЙГАН: Возможно. Мы оба знаем, что дальше. Начнем?		pending	
dialogue:A4_KAGANSTOWER_PENTHOUSE.TXT:10:a4s3_kagan_5.wav	dialogue	A4_KAGANSTOWER_PENTHOUSE.TXT	10	a4s3_kagan_5.wav	The Vesper Shard made itself at home in my flesh. It has been... unpleasant.	КЕЙГАН: Осколок Звезды прижился в моем теле. Это было... неприятно.		pending	
dialogue:A4_KAGANSTOWER_PENTHOUSE.TXT:11:a4s3_kagan_6.wav	dialogue	A4_KAGANSTOWER_PENTHOUSE.TXT	11	a4s3_kagan_6.wav	But not entirely without benefit...	КЕЙГАН: Зато не совсем бесполезно...		pending	
dialogue:A4_KAGANSTOWER_PENTHOUSE.TXT:12:a4s3_kagan_7.wav	dialogue	A4_KAGANSTOWER_PENTHOUSE.TXT	12	a4s3_kagan_7.wav	What's the best you can accomplish?	КЕЙГАН: Так на что ты способна?		pending	
dialogue:A4_KAGANSTOWER_PENTHOUSE.TXT:13:a4s3_kagan_8.wav	dialogue	A4_KAGANSTOWER_PENTHOUSE.TXT	13	a4s3_kagan_8.wav	The Shroud cannot be revoked. The world is ours. En Eternium.	КЕЙГАН: Саван нельзя разрушить. Мир - наш. Навечно.		pending	
dialogue:A4_KAGANSTOWER_PENTHOUSE.TXT:14:a4s3_kagan_9.wav	dialogue	A4_KAGANSTOWER_PENTHOUSE.TXT	14	a4s3_kagan_9.wav	Ah, but that's a fault of your imagination...	КЕЙГАН: А, но это бедность твоего воображения...		pending	
dialogue:A4_KAGANSTOWER_PENTHOUSE.TXT:15:a4s3_rayne_19.wav	dialogue	A4_KAGANSTOWER_PENTHOUSE.TXT	15	a4s3_rayne_19.wav	Maybe you should have thought things through better before you wiped out my mother's family.	РЕЙН: Тебе надо было хорошенько подумать, прежде чем уничтожать семью моей матери.		pending	
dialogue:A4_KAGANSTOWER_PENTHOUSE.TXT:16:a4s3_rayne_20.wav	dialogue	A4_KAGANSTOWER_PENTHOUSE.TXT	16	a4s3_rayne_20.wav	It's not going to help you.	РЕЙН: Но это тебе не поможет.		pending	
dialogue:A4_KAGANSTOWER_PENTHOUSE.TXT:17:a4s3_rayne_21.wav	dialogue	A4_KAGANSTOWER_PENTHOUSE.TXT	17	a4s3_rayne_21.wav	That's enough talk. Okay? I'm kind of trying to concentrate here.	РЕЙН: Хватит болтать. Окей? Я хочу сосредоточиться.		pending	
dialogue:A4_KAGANSTOWER_PENTHOUSE.TXT:18:a4s3_rayne_22.wav	dialogue	A4_KAGANSTOWER_PENTHOUSE.TXT	18	a4s3_rayne_22.wav	You mean the world is yours, right? I find it hard to believe you'd share it.	РЕЙН: То есть, мир принадлежит тебе? Вряд ли ты захочешь делиться.		pending	
dialogue:A4_KAGANSTOWER_PENTHOUSE.TXT:19:a4s3_rayne_23.wav	dialogue	A4_KAGANSTOWER_PENTHOUSE.TXT	19	a4s3_rayne_23.wav	Let's see if you can hold on to it, then.	РЕЙН: Посмотрим, сможешь ли ты удержать ее в руках.		pending	
dialogue:A4_KAGANSTOWER_PENTHOUSE.TXT:20:a4s3_rayne_24.wav	dialogue	A4_KAGANSTOWER_PENTHOUSE.TXT	20	a4s3_rayne_24.wav	This is for my mother...	РЕЙН: Это - за мою мать...		pending	
dialogue:A4_KAGANSTOWER_PENTHOUSE.TXT:21:a4s3_rayne_25.wav	dialogue	A4_KAGANSTOWER_PENTHOUSE.TXT	21	a4s3_rayne_25.wav	This is for my city...	РЕЙН: Это - за мой город...		pending	
dialogue:A4_KAGANSTOWER_PENTHOUSE.TXT:22:a4s3_rayne_26.wav	dialogue	A4_KAGANSTOWER_PENTHOUSE.TXT	22	a4s3_rayne_26.wav	And this is for my angry little misspent life...	РЕЙН: А это - за мою потраченную зря, полную злобы жизнь...		pending	
dialogue:A4_KAGANSTOWER_PENTHOUSE.TXT:23:a4s3_rayne_27.wav	dialogue	A4_KAGANSTOWER_PENTHOUSE.TXT	23	a4s3_rayne_27.wav	You ratsucking son of a bitch.	РЕЙН: Крысоед, сукин сын!		pending	
dialogue:A4_KAGANSTOWER_PENTHOUSE.TXT:24:a4s3_rayne_28.wav	dialogue	A4_KAGANSTOWER_PENTHOUSE.TXT	24	a4s3_rayne_28.wav	You said it.	РЕЙН: Вот именно.		pending	
dialogue:A4_KAGANSTOWER_PENTHOUSE.TXT:25:a4s3_rayne_29.wav	dialogue	A4_KAGANSTOWER_PENTHOUSE.TXT	25	a4s3_rayne_29.wav	Feel a whole lot better if the world hadn't been sent to vampire hell. I was half expecting everything to return to normal when Kagan died.	РЕЙН: Были бы лучше, если бы мир не отправили в вампирский ад. Я почти надеялась, что, убив Кейгана, верну все к норме.		pending	
dialogue:A4_KAGANSTOWER_PENTHOUSE.TXT:26:a4s3_rayne_30.wav	dialogue	A4_KAGANSTOWER_PENTHOUSE.TXT	26	a4s3_rayne_30.wav	Guess that wasn't very realistic. Was it?	РЕЙН: Наивная мечта, правда?		pending	
dialogue:A4_KAGANSTOWER_PENTHOUSE.TXT:27:a4s3_rayne_31.wav	dialogue	A4_KAGANSTOWER_PENTHOUSE.TXT	27	a4s3_rayne_31.wav	"Yeah. Maybe it is. Besides, I'm looking for work now, too. ""Empress"" might not be a bad job title. Until something better pops up."	"РЕЙН: Да, возможно. К тому же, сейчас я безработная. ""Императрица"" - неплохое название должности. Пока не найдется что-нибудь поинтереснее."		pending	
dialogue:A4_KAGANSTOWER_PENTHOUSE.TXT:28:a4s3_rayne_32.wav	dialogue	A4_KAGANSTOWER_PENTHOUSE.TXT	28	a4s3_rayne_32.wav	So, what's first on the agenda?	РЕЙН: Итак, что на повестке дня?		pending	
dialogue:A4_KAGANSTOWER_PENTHOUSE.TXT:29:a4s3_rayne_33.wav	dialogue	A4_KAGANSTOWER_PENTHOUSE.TXT	29	a4s3_rayne_33.wav	That's right.	РЕЙН: Правильно.		pending	
dialogue:A4_KAGANSTOWER_PENTHOUSE.TXT:30:a4s3_rayne_34.wav	dialogue	A4_KAGANSTOWER_PENTHOUSE.TXT	30	a4s3_rayne_34.wav	Unh, that's a pleasant thought. About this larger team what about Brimstone? Still no word?	РЕЙН: Хмм, приятная мысль. Что касается большой команды. Как насчет Бримстоуна? Все молчат?		pending	
dialogue:A4_KAGANSTOWER_PENTHOUSE.TXT:31:a4s3_rayne_35.wav	dialogue	A4_KAGANSTOWER_PENTHOUSE.TXT	31	a4s3_rayne_35.wav	Then we'd better get started. There's a lot to do... a team, huh? I've never worked with a whole team before...	РЕЙН: Тогда давай готовиться к встрече и с теми, и с другими. Надо многое сделать. Команда, да? Никогда раньше не работала с командой.		pending	
dialogue:A4_KAGANSTOWER_PENTHOUSE.TXT:32:a4s3_rayne_36.wav	dialogue	A4_KAGANSTOWER_PENTHOUSE.TXT	32	a4s3_rayne_36.wav	Severin, these next few years are going to be very interesting...	РЕЙН: Следующие несколько лет, Северин, обещают быть очень интересными...		pending	
dialogue:A4_KAGANSTOWER_PENTHOUSE.TXT:33:a4s3_severin_10.wav	dialogue	A4_KAGANSTOWER_PENTHOUSE.TXT	33	a4s3_severin_10.wav	And once they learn of Kagan's demise, it won't take long for them to come to claim his property for themselves. They won't come alone, and they won't want to negotiate.	СЕВЕРИН: Как только они узнают о кончине Кейгана, они тут же соберутся на дележку его собственности. Причем, прибудут они не одни, а переговоры вести они не привыкли.		pending	
dialogue:A4_KAGANSTOWER_PENTHOUSE.TXT:34:a4s3_severin_11.wav	dialogue	A4_KAGANSTOWER_PENTHOUSE.TXT	34	a4s3_severin_11.wav	Nothing. But if Brimstone still exists,it's because they prepared for this. I wouldn't expect them to greet us with open arms.	СЕВЕРИН: Молчат. Но, если Бримстоун существует, они готовились к такому повороту. Не думаю, что они встретят нас с распростертыми объятиями.		pending	
dialogue:A4_KAGANSTOWER_PENTHOUSE.TXT:35:a4s3_severin_12.wav	dialogue	A4_KAGANSTOWER_PENTHOUSE.TXT	35	a4s3_severin_12.wav	It's likely they've drawn definite lines, and declared open war on everything even vaguely vampiric, which includes the both of us.	СЕВЕРИН: Думаю, они провели черту и объявили открытую войну всему, что хоть как-то связано с вампирами. А это и мы с тобой.		pending	
dialogue:A4_KAGANSTOWER_PENTHOUSE.TXT:36:a4s3_severin_3.wav	dialogue	A4_KAGANSTOWER_PENTHOUSE.TXT	36	a4s3_severin_3.wav	Wow.	СЕВЕРИН: Ого!		pending	
dialogue:A4_KAGANSTOWER_PENTHOUSE.TXT:37:a4s3_severin_4.wav	dialogue	A4_KAGANSTOWER_PENTHOUSE.TXT	37	a4s3_severin_4.wav	Well, that's that. You're done. Kagan and the siblings are dead. How does it feel?	СЕВЕРИН: Вот и все? Ты это сделала. Кейгана и его команды нет. Как ощущения?		pending	
dialogue:A4_KAGANSTOWER_PENTHOUSE.TXT:38:a4s3_severin_5.wav	dialogue	A4_KAGANSTOWER_PENTHOUSE.TXT	38	a4s3_severin_5.wav	Guess not. There are still a number of people out there that desparately need help, though. And leadership. And here we are. In the throneroom.	СЕВЕРИН: Да уж. Но ведь есть еще множество людей, которым очень нужна помощь. И руководство. А мы с тобой в тронном зале.		pending	
dialogue:A4_KAGANSTOWER_PENTHOUSE.TXT:39:a4s3_severin_6.wav	dialogue	A4_KAGANSTOWER_PENTHOUSE.TXT	39	a4s3_severin_6.wav	I know you've never cared about them, but you are half-human yourself. Maybe that half is enough?	СЕВЕРИН: Знаю, ты никогда их не любила, но ты сама наполовину человек. Может, этого достаточно?		pending	
dialogue:A4_KAGANSTOWER_PENTHOUSE.TXT:40:a4s3_severin_7.wav	dialogue	A4_KAGANSTOWER_PENTHOUSE.TXT	40	a4s3_severin_7.wav	We'll need to assemble a larger team. Then we need to sort out the vampires running loose in the City. It'll take some doing, but without leadership, they're not much worse than wild dogs.	СЕВЕРИН: Надо собрать команду побольше. Потом заняться вампирами, бегающими по городу. Это потребует усилий, но без главаря это просто стая диких собак.		pending	
dialogue:A4_KAGANSTOWER_PENTHOUSE.TXT:41:a4s3_severin_8.wav	dialogue	A4_KAGANSTOWER_PENTHOUSE.TXT	41	a4s3_severin_8.wav	Besides, we control the sungun.	СЕВЕРИН: А у нас, к тому же, солнечная пушка.		pending	
dialogue:A4_KAGANSTOWER_PENTHOUSE.TXT:42:a4s3_severin_9.wav	dialogue	A4_KAGANSTOWER_PENTHOUSE.TXT	42	a4s3_severin_9.wav	And it's crucial that we do. Because if Kagan was telling the truth at all, there are others like him out there powerful Vampire Overlords.	СЕВЕРИН: Это очень важно. Если Кейган сказал правду, значит, существуют и другие могущественные лорды вампиров.		pending	
dialogue:A4_KAGANSTOWER_PENTHOUSE.TXT:43:missiondescription	dialogue	A4_KAGANSTOWER_PENTHOUSE.TXT	43	missiondescription	Kagan's Tower - Throne Room	Башня Кейгана: Тронный зал		pending	
dialogue:A4_KAGANSTOWER_PENTHOUSE.TXT:44:objective_findkagan	dialogue	A4_KAGANSTOWER_PENTHOUSE.TXT	44	objective_findkagan	Find and kill Kagan.	Найти Кейгана		pending	
dialogue:A4_KAGANSTOWER_PENTHOUSE.TXT:45:objective_killkagan	dialogue	A4_KAGANSTOWER_PENTHOUSE.TXT	45	objective_killkagan	Kill Kagan.	Прикончить Кейгана		pending	
dialogue:A4_KAGANSTOWER_SKYBRIDGE.TXT:1:missiondescription	dialogue	A4_KAGANSTOWER_SKYBRIDGE.TXT	1	missiondescription	Kagan's Tower - Skybridge	Башня Кейгана: Тронный зал		pending	
dialogue:A4_KAGANSTOWER_SKYBRIDGE.TXT:2:objective_accesscafeteria	dialogue	A4_KAGANSTOWER_SKYBRIDGE.TXT	2	objective_accesscafeteria	Find a way to shatter the skylight over the cafeteria.	Расколоть дно бассейна		pending	
dialogue:A4_KAGANSTOWER_SKYBRIDGE.TXT:3:objective_accessskybridge	dialogue	A4_KAGANSTOWER_SKYBRIDGE.TXT	3	objective_accessskybridge	Go through skybridge to access main tower.	Пройти по мосту в главную башню		pending	
dialogue:A4_KAGANSTOWER_SKYBRIDGE.TXT:4:objective_killdhampir	dialogue	A4_KAGANSTOWER_SKYBRIDGE.TXT	4	objective_killdhampir	Kill Dhampir.	Прикончить дампира		pending	
dialogue:A4_KAGANSTOWER_SKYBRIDGE.TXT:5:objective_killelite	dialogue	A4_KAGANSTOWER_SKYBRIDGE.TXT	5	objective_killelite	Kill Kagan's Elite guard.	Уничтожить элитных бойцов Кейгана		pending	
dialogue:A4_KAGANSTOWER_SKYBRIDGE.TXT:6:objective_toroof	dialogue	A4_KAGANSTOWER_SKYBRIDGE.TXT	6	objective_toroof	Find access to tower roof.	Найти путь на крышу		pending	
dialogue:A4_KAGANSTOWER_UNRAVELLER.TXT:1:a4s2_rayne_26.wav	dialogue	A4_KAGANSTOWER_UNRAVELLER.TXT	1	a4s2_rayne_26.wav	Woof. There is a distinctive aroma...	РЕЙН: Фу-у-у. Какой характерный запах...		pending	
dialogue:A4_KAGANSTOWER_UNRAVELLER.TXT:2:a4s2_rayne_27.wav	dialogue	A4_KAGANSTOWER_UNRAVELLER.TXT	2	a4s2_rayne_27.wav	"Well, I'd have to say if there was anything in this world that smelled like something called an ""Unraveller,"" this would be the one."	"РЕЙН: Ну... Если в мире и есть запах, относящийся к чему-то по имени ""Вонюк"", то это - именно он."		pending	
dialogue:A4_KAGANSTOWER_UNRAVELLER.TXT:3:a4s2_rayne_28.wav	dialogue	A4_KAGANSTOWER_UNRAVELLER.TXT	3	a4s2_rayne_28.wav	Ye gods... I think I've found Unraveller's playroom.	РЕЙН: Боже мой... Я, кажется, нашла его норку.		pending	
dialogue:A4_KAGANSTOWER_UNRAVELLER.TXT:4:a4s2_rayne_29.wav	dialogue	A4_KAGANSTOWER_UNRAVELLER.TXT	4	a4s2_rayne_29.wav	He seems to be dependent on some sort of cocoon.  He climbs up and down it like a spider.	РЕЙН: Он, кажется, зависит от какого-то кокона. Он все время по нему лазит, как паук.		pending	
dialogue:A4_KAGANSTOWER_UNRAVELLER.TXT:5:a4s2_rayne_30.wav	dialogue	A4_KAGANSTOWER_UNRAVELLER.TXT	5	a4s2_rayne_30.wav	Oh, for sure... I know I say it all the time, but it's a real shame you're missing this one.	РЕЙН: Конечно... Я говорю это постоянно, но, правда, жаль, что ты этого не видишь.		pending	
dialogue:A4_KAGANSTOWER_UNRAVELLER.TXT:6:a4s2_rayne_31.wav	dialogue	A4_KAGANSTOWER_UNRAVELLER.TXT	6	a4s2_rayne_31.wav	I don't know if it's actually a cocoon. It's thick and awful-looking at its center, where he is.	РЕЙН: Не знаю, может это и не кокон. Толстая, противная гадость в самом центре.		pending	
dialogue:A4_KAGANSTOWER_UNRAVELLER.TXT:7:a4s2_rayne_32.wav	dialogue	A4_KAGANSTOWER_UNRAVELLER.TXT	7	a4s2_rayne_32.wav	And it looks like it's suspended from the ceiling by anchored strands of goo. Also thick and awful-looking.	РЕЙН: Свисает с потолка на толстых липких лентах. Тоже выглядят довольно противно.		pending	
dialogue:A4_KAGANSTOWER_UNRAVELLER.TXT:8:a4s2_rayne_33.wav	dialogue	A4_KAGANSTOWER_UNRAVELLER.TXT	8	a4s2_rayne_33.wav	Yeah, probably. I'll try that and get back to you. It's getting hairy in here.	РЕЙН: Возможно. Попробую и вернусь к тебе. Здесь становится как-то гадко.		pending	
dialogue:A4_KAGANSTOWER_UNRAVELLER.TXT:9:a4s2_rayne_34.wav	dialogue	A4_KAGANSTOWER_UNRAVELLER.TXT	9	a4s2_rayne_34.wav	"Whoa! ""Unraveller"" is not just a funny nickname. Damn."	"РЕЙН: Ого! Значит, ""Вонюк"" - это не просто смешная кличка! Черт!"		pending	
dialogue:A4_KAGANSTOWER_UNRAVELLER.TXT:10:a4s2_rayne_35.wav	dialogue	A4_KAGANSTOWER_UNRAVELLER.TXT	10	a4s2_rayne_35.wav	Aww! Hey! He's patching up the strand anchors as fast as I can bust them! That's not in the rulebook!	RAYNE: Aww! Hey! He's patching up the strand anchors as fast as I can bust them! That's not in the rulebook!		pending	
dialogue:A4_KAGANSTOWER_UNRAVELLER.TXT:11:a4s2_rayne_36.wav	dialogue	A4_KAGANSTOWER_UNRAVELLER.TXT	11	a4s2_rayne_36.wav	His own Minions. I'll explain the process to you later. There's a lot of self-sacrifice involved.	RAYNE: His own Minions. I'll explain the process to you later. There's a lot of self-sacrifice involved.		pending	
dialogue:A4_KAGANSTOWER_UNRAVELLER.TXT:12:a4s2_rayne_37.wav	dialogue	A4_KAGANSTOWER_UNRAVELLER.TXT	12	a4s2_rayne_37.wav	Makes sense.	RAYNE: Makes sense.		pending	
dialogue:A4_KAGANSTOWER_UNRAVELLER.TXT:13:a4s2_rayne_38.wav	dialogue	A4_KAGANSTOWER_UNRAVELLER.TXT	13	a4s2_rayne_38.wav	Worked like a charm. Just dropped that big spidermonkey flat on his ass. Gonna go down now and finish him off. C'mere, you...	RAYNE: Worked like a charm. Just dropped that big spidermonkey flat on his ass. Gonna go down now and finish him off. C'mere, you...		pending	
dialogue:A4_KAGANSTOWER_UNRAVELLER.TXT:14:a4s2_severin_12.wav	dialogue	A4_KAGANSTOWER_UNRAVELLER.TXT	14	a4s2_severin_12.wav	Can you identify it?	СЕВЕРИН: Ты узнаешь его?		pending	
dialogue:A4_KAGANSTOWER_UNRAVELLER.TXT:15:a4s2_severin_13.wav	dialogue	A4_KAGANSTOWER_UNRAVELLER.TXT	15	a4s2_severin_13.wav	Everything you hoped for?	СЕВЕРИН: Ты ведь этого и хотела?		pending	
dialogue:A4_KAGANSTOWER_UNRAVELLER.TXT:16:a4s2_severin_14.wav	dialogue	A4_KAGANSTOWER_UNRAVELLER.TXT	16	a4s2_severin_14.wav	Describe the cocoon.	СЕВЕРИН: Опиши кокон.		pending	
dialogue:A4_KAGANSTOWER_UNRAVELLER.TXT:17:a4s2_severin_15.wav	dialogue	A4_KAGANSTOWER_UNRAVELLER.TXT	17	a4s2_severin_15.wav	Think you could take out the anchors?	СЕВЕРИН: Может, уничтожить эти подвески?		pending	
dialogue:A4_KAGANSTOWER_UNRAVELLER.TXT:18:a4s2_severin_16.wav	dialogue	A4_KAGANSTOWER_UNRAVELLER.TXT	18	a4s2_severin_16.wav	What's he patching them with?	SEVERIN: What's he patching them with?		pending	
dialogue:A4_KAGANSTOWER_UNRAVELLER.TXT:19:a4s2_severin_17.wav	dialogue	A4_KAGANSTOWER_UNRAVELLER.TXT	19	a4s2_severin_17.wav	I'm not there, but it seems to me that if you remove the Minions, you remove the problem, right?	SEVERIN: I'm not there, but it seems to me that if you remove the Minions, you remove the problem, right?		pending	
dialogue:A4_KAGANSTOWER_UNRAVELLER.TXT:20:a4s2_unraveler_1.wav	dialogue	A4_KAGANSTOWER_UNRAVELLER.TXT	20	a4s2_unraveler_1.wav	Bashtuk kaghkt, vamparizzda!	UNRAVELER: Bashtuk kaghkt, vamparizzda!		pending	
dialogue:A4_KAGANSTOWER_UNRAVELLER.TXT:21:a4s2_unraveler_2.wav	dialogue	A4_KAGANSTOWER_UNRAVELLER.TXT	21	a4s2_unraveler_2.wav	Ougkta Rugkta Chuul!	UNRAVELER: Ougkta Rugkta Chuul!		pending	
dialogue:A4_KAGANSTOWER_UNRAVELLER.TXT:22:a4s2_unraveler_3.wav	dialogue	A4_KAGANSTOWER_UNRAVELLER.TXT	22	a4s2_unraveler_3.wav	Blashta kak shte uvugk karag ikt.	UNRAVELER: Blashta kak shte uvugk karag ikt.		pending	
dialogue:A4_KAGANSTOWER_UNRAVELLER.TXT:23:a4s2_unraveler_4.wav	dialogue	A4_KAGANSTOWER_UNRAVELLER.TXT	23	a4s2_unraveler_4.wav	De Omur kapick visha vampirdzhija!	UNRAVELER: De Omur kapick visha vampirdzhija!		pending	
dialogue:A4_KAGANSTOWER_UNRAVELLER.TXT:24:a4s2_unraveler_5.wav	dialogue	A4_KAGANSTOWER_UNRAVELLER.TXT	24	a4s2_unraveler_5.wav	Khuuuuuuuuuustuk!	UNRAVELER: Khuuuuuuuuuustuk!		pending	
dialogue:A4_KAGANSTOWER_UNRAVELLER.TXT:25:missiondescription	dialogue	A4_KAGANSTOWER_UNRAVELLER.TXT	25	missiondescription	Kagan's Tower - Unraveller	Башня Кейгана: Вонюк		pending	
dialogue:A4_KAGANSTOWER_UNRAVELLER.TXT:26:ost_cheat_kill	dialogue	A4_KAGANSTOWER_UNRAVELLER.TXT	26	ost_cheat_kill	Cheat - end sequence initiated	Чит-код - Запущена последовательность завершения		pending	
dialogue:A4_KAGANSTOWER_UNRAVELLER.TXT:27:powerup	dialogue	A4_KAGANSTOWER_UNRAVELLER.TXT	27	powerup	@@ragePowersButtonName@@ @@ragePowersButtonName@@ @@ragePowersButtonName@@ Blood Storm acquired.	"@@ragePowersButtonName@@ , @@ragePowersButtonName@@ , @@ragePowersButtonName@@ Получена способность ""Кровавый вихрь"""		pending	
dialogue:A4_KAGANSTOWER_UNRAVELLER.TXT:28:temp_message1	dialogue	A4_KAGANSTOWER_UNRAVELLER.TXT	28	temp_message1	The Unraveller climbs down the strand, eats a minion, then climbs back up.	The Unraveller climbs down the strand, eats a minion, then climbs back up.		pending	
dialogue:A4_KAGANSTOWER_UNRAVELLER.TXT:29:temp_message2	dialogue	A4_KAGANSTOWER_UNRAVELLER.TXT	29	temp_message2	The Unraveller climbs down the strand and growls at Rayne.	The Unraveller climbs down the strand and growls at Rayne.		pending	
dialogue:A4_PARK_1.TXT:1:a4s1_civilian_7.wav	dialogue	A4_PARK_1.TXT	1	a4s1_civilian_7.wav	Help! Help me! They've killed everyone!	MAN: Help! Help me! They've killed everyone!		pending	
dialogue:A4_PARK_1.TXT:2:a4s1_eminion1_3.wav	dialogue	A4_PARK_1.TXT	2	a4s1_eminion1_3.wav	Don't touch it, man...	MINION: Don't touch it, man...		pending	
dialogue:A4_PARK_1.TXT:3:a4s1_eminion1_4.wav	dialogue	A4_PARK_1.TXT	3	a4s1_eminion1_4.wav	What in god's name is it? Shoot it man, will you just shoot it?	MINION: What in god's name is it? Shoot it man, will you just shoot it?		pending	
dialogue:A4_PARK_1.TXT:4:a4s1_eminion1_5.wav	dialogue	A4_PARK_1.TXT	4	a4s1_eminion1_5.wav	Minion: Holy Christ! Get it off me!	MINION: Holy Christ! Get it off me!		pending	
dialogue:A4_PARK_1.TXT:5:a4s1_eminion1_6.wav	dialogue	A4_PARK_1.TXT	5	a4s1_eminion1_6.wav	Minion: Ahhhhh!!!! It's all bugs, man! Get em offfffffff!	MINION: Ahhhhh!!!! It's all bugs, man! Get em offfffffff!		pending	
dialogue:A4_PARK_1.TXT:6:a4s1_eminion1_7.wav	dialogue	A4_PARK_1.TXT	6	a4s1_eminion1_7.wav	Minion: Shoot it, man!	MINION: Shoot it, man!		pending	
dialogue:A4_PARK_1.TXT:7:a4s1_eminion1_8.wav	dialogue	A4_PARK_1.TXT	7	a4s1_eminion1_8.wav	Minion: It's no good! They're everywhere!!!!	MINION: It's no good! They're everywhere!!!!		pending	
dialogue:A4_PARK_1.TXT:8:a4s1_fdhampir2_1.wav	dialogue	A4_PARK_1.TXT	8	a4s1_fdhampir2_1.wav	Dhampir: Idiots. The right amount of heat will remedy the situation.	ДАМПИР: Идиоты. Добавить огоньку и все в порядке.		pending	
dialogue:A4_PARK_1.TXT:9:a4s1_fdhampir2_2.wav	dialogue	A4_PARK_1.TXT	9	a4s1_fdhampir2_2.wav	Dhampir: I smell something... besides burnt insects	ДАМПИР: Пахнет чем-то, кроме горелых насекомых...		pending	
dialogue:A4_PARK_1.TXT:10:a4s1_helicopter_2.wav	dialogue	A4_PARK_1.TXT	10	a4s1_helicopter_2.wav	Oh,Christ! We're going down! We're going down!!	HELICOPTER: Oh,Christ! We're going down! We're going down!!		pending	
dialogue:A4_PARK_1.TXT:11:a4s1_rayne_1.wav	dialogue	A4_PARK_1.TXT	11	a4s1_rayne_1.wav	Rayne: This is VERY bad, isn't it?	РЕЙН: Это ОЧЕНЬ плохо, да?		pending	
dialogue:A4_PARK_1.TXT:12:a4s1_rayne_10.wav	dialogue	A4_PARK_1.TXT	12	a4s1_rayne_10.wav	Rayne: We'll just have to make do.	RAYNE: We'll just have to make do.		pending	
dialogue:A4_PARK_1.TXT:13:a4s1_rayne_11.wav	dialogue	A4_PARK_1.TXT	13	a4s1_rayne_11.wav	Rayne: Huh. this is new. Never seen minions like this before. They're fast.	RAYNE: Huh. this is new. Never seen minions like this before. They're fast.		pending	
dialogue:A4_PARK_1.TXT:14:a4s1_rayne_12.wav	dialogue	A4_PARK_1.TXT	14	a4s1_rayne_12.wav	Rayne: Yeah. Why, how do you know 'em?	RAYNE: Yeah. Why, how do you know 'em?		pending	
dialogue:A4_PARK_1.TXT:15:a4s1_rayne_13.wav	dialogue	A4_PARK_1.TXT	15	a4s1_rayne_13.wav	Rayne: Great! That means she's not far, right? I've got a bone to pick with her. She stood me up!	РЕЙН: Отлично! Значит, и она недалеко, так? Мне надо с ней встретиться. Должок, знаешь ли.		pending	
dialogue:A4_PARK_1.TXT:16:a4s1_rayne_14.wav	dialogue	A4_PARK_1.TXT	16	a4s1_rayne_14.wav	Rayne: You guys are kinda like Ninjas. I hate ninjas.	РЕЙН: Парни, вы прямо ниндзя какие-то. Ненавижу ниндзя.		pending	
dialogue:A4_PARK_1.TXT:17:a4s1_rayne_15.wav	dialogue	A4_PARK_1.TXT	17	a4s1_rayne_15.wav	Rayne: Okay. Whatta we have here? Gate I want to get through but can't. Crashed chopper with spinning rotors. Seemingly endless supply of determined minions.	РЕЙН: Что у нас здесь? Надо пройти через ворота, хоть это трудно. Разбившийся вертолет, винт еще вращается. И куча настырных слуг вампиров.		pending	
dialogue:A4_PARK_1.TXT:18:a4s1_rayne_16.wav	dialogue	A4_PARK_1.TXT	18	a4s1_rayne_16.wav	Rayne: Hmmm....I feel a plan coming on...	РЕЙН: Хммм... Кажется, у меня есть план...		pending	
dialogue:A4_PARK_1.TXT:19:a4s1_rayne_17.wav	dialogue	A4_PARK_1.TXT	19	a4s1_rayne_17.wav	Rayne: Never fails,right? The one day I get to go to the zoo, and none of the animals are out. Either it's too hot, or it's raining, or it's the end of the goddam world.	РЕЙН: Нет, ну всегда одно и то же. Я выбираюсь в зоопарк, а зверей не видно. То жарко, то дождь идет, а то чертов конец света!		pending	
dialogue:A4_PARK_1.TXT:20:a4s1_rayne_19.wav	dialogue	A4_PARK_1.TXT	20	a4s1_rayne_19.wav	Rayne: Guh. Kinda glad I missed feeding time, though.	РЕЙН: Фу. Я даже рада, что пропустила время кормежки.		pending	
dialogue:A4_PARK_1.TXT:21:a4s1_rayne_2.wav	dialogue	A4_PARK_1.TXT	21	a4s1_rayne_2.wav	Rayne: What does Brimstone advise?	РЕЙН: Что советует Бримстоун?		pending	
dialogue:A4_PARK_1.TXT:22:a4s1_rayne_20.wav	dialogue	A4_PARK_1.TXT	22	a4s1_rayne_20.wav	Rayne: God, you guys and your stupid secret dead languages.Always showing off.	РЕЙН: Опять вы и ваш тупой секретный язык. Все выпендриваетесь!		pending	
dialogue:A4_PARK_1.TXT:23:a4s1_rayne_23.wav	dialogue	A4_PARK_1.TXT	23	a4s1_rayne_23.wav	Rayne: Yeah, okay. lizards. No problem.	РЕЙН: Ага, ящерицы. Нет проблем.		pending	
dialogue:A4_PARK_1.TXT:24:a4s1_rayne_24.wav	dialogue	A4_PARK_1.TXT	24	a4s1_rayne_24.wav	Rayne: Severin. What makes a corpse twitch?	РЕЙН: Северин, что заставляет трупы дергаться?		pending	
dialogue:A4_PARK_1.TXT:25:a4s1_rayne_25.wav	dialogue	A4_PARK_1.TXT	25	a4s1_rayne_25.wav	Rayne: It's not a riddle. I'm seeing the bodies of zookeepers. Definitely dead, but definitely... twitching... what type of vampirism causes that?	РЕЙН: Да это не загадка. Я вижу тела смотрителей. Явно мертвые, но и явно... шевелятся... какой тип вампиризма может это вызвать?		pending	
dialogue:A4_PARK_1.TXT:26:a4s1_rayne_26.wav	dialogue	A4_PARK_1.TXT	26	a4s1_rayne_26.wav	Rayne: Yeah, that's true. I'm gonna shoot one.	РЕЙН: Да, это точно. Попробую подстрелить одного.		pending	
dialogue:A4_PARK_1.TXT:27:a4s1_rayne_3.wav	dialogue	A4_PARK_1.TXT	27	a4s1_rayne_3.wav	Rayne: So we're on our own. Here at the end of the world. And Kagan is alive and well.	РЕЙН: Значит, мы сами по себе. И это конец света... А Кейган жив и здравствует.		pending	
dialogue:A4_PARK_1.TXT:28:a4s1_rayne_30.wav	dialogue	A4_PARK_1.TXT	28	a4s1_rayne_30.wav	Rayne: Jesus. They're everywhere. Guns don't even phase them. They just reform.	РЕЙН: Иисусе! Они везде. Пушки их не берут. Они просто перестраиваются.		pending	
dialogue:A4_PARK_1.TXT:29:a4s1_rayne_31.wav	dialogue	A4_PARK_1.TXT	29	a4s1_rayne_31.wav	Rayne: No guns? Are you serious? How the hell...	РЕЙН: Не стрелять? Ты серьезно? Как, черт возьми, я...		pending	
dialogue:A4_PARK_1.TXT:30:a4s1_rayne_32.wav	dialogue	A4_PARK_1.TXT	30	a4s1_rayne_32.wav	Rayne: Hey... .oh, man. I want one of those. C'mere, you.	РЕЙН: Эй... ох, ты. Я тоже такое хочу. Иди сюда, ну...		pending	
dialogue:A4_PARK_1.TXT:31:a4s1_rayne_33.wav	dialogue	A4_PARK_1.TXT	31	a4s1_rayne_33.wav	Rayne: You guys like to learn, don't you? Let's see what them roaches think about us now.	RAYNE: You guys like to learn, don't you? Let's see what them roaches think about us now.		pending	
dialogue:A4_PARK_1.TXT:32:a4s1_rayne_34.wav	dialogue	A4_PARK_1.TXT	32	a4s1_rayne_34.wav	Rayne: Yeah... I'm on that already. Thanks, though.	РЕЙН: Да... Я уже поняла. Все равно спасибо.		pending	
dialogue:A4_PARK_1.TXT:33:a4s1_rayne_4.wav	dialogue	A4_PARK_1.TXT	33	a4s1_rayne_4.wav	Rayne: Well, then, as far as I'm concerned, I'm still on the clock. You with me?	РЕЙН: Что касается меня, то мне все еще есть, чем заняться. Ты со мной?		pending	
dialogue:A4_PARK_1.TXT:34:a4s1_rayne_41.wav	dialogue	A4_PARK_1.TXT	34	a4s1_rayne_41.wav	Rayne: Right now I'll bet you'd like to trade in those big swords for a couple of cheap lighters and a can of hairspray, huh?	РЕЙН: Сейчас вы бы променяли свои большие мечи на зажигалку и баллон лака для волос, а?		pending	
dialogue:A4_PARK_1.TXT:35:a4s1_rayne_5.wav	dialogue	A4_PARK_1.TXT	35	a4s1_rayne_5.wav	"Rayne: Yeah. I'd say ""no."""	РЕЙН: Не собираемся.		pending	
dialogue:A4_PARK_1.TXT:36:a4s1_rayne_6.wav	dialogue	A4_PARK_1.TXT	36	a4s1_rayne_6.wav	Rayne: That's the plan. He's a goner.	РЕЙН: Да, таков план. Кейгану конец.		pending	
dialogue:A4_PARK_1.TXT:37:a4s1_rayne_7.wav	dialogue	A4_PARK_1.TXT	37	a4s1_rayne_7.wav	Rayne: Now you're talking. I like that attitude. It's gonna take you places.	РЕЙН: Правильные слова. Мне нравится твое настроение. С ним ды далеко пойдешь.		pending	
dialogue:A4_PARK_1.TXT:38:a4s1_rayne_9.wav	dialogue	A4_PARK_1.TXT	38	a4s1_rayne_9.wav	Rayne: Yeah, will do. You gonna be able to guide me through?	RAYNE: Yeah, will do. You gonna be able to guide me through?		pending	
dialogue:A4_PARK_1.TXT:39:a4s1_severin_1.wav	dialogue	A4_PARK_1.TXT	39	a4s1_severin_1.wav	Severin: Worse than that. You did everything right, Rayne--you took out the Tower. But we failed to stop the Shroud itself.	СЕВЕРИН: Хуже не придумаешь. Ты все сделала правильно, Рейн. Башня разрушена. Но мы не остановили сам Саван.		pending	
dialogue:A4_PARK_1.TXT:40:a4s1_severin_10.wav	dialogue	A4_PARK_1.TXT	40	a4s1_severin_10.wav	Severin: Yeah. I'm terrified that it will.	СЕВЕРИН: Именно этого то я и опасаюсь.		pending	
dialogue:A4_PARK_1.TXT:41:a4s1_severin_11.wav	dialogue	A4_PARK_1.TXT	41	a4s1_severin_11.wav	Severin: Kagan's tower has to be the one left standing. Due North. Across the park. Dammit... gotta go...	СЕВЕРИН: Башня Кейгана - единственная уцелевшая. Прямо на север. Через парк. Черт... мне надо идти...		pending	
dialogue:A4_PARK_1.TXT:42:a4s1_severin_12.wav	dialogue	A4_PARK_1.TXT	42	a4s1_severin_12.wav	Severin: Sorry, Rayne. My aversion kicked in. Get ready for company. I'll meet you on the other side of the Park.	SEVERIN: Sorry, Rayne. My aversion kicked in. Get ready for company. I'll meet you on the other side of the Park.		pending	
dialogue:A4_PARK_1.TXT:43:a4s1_severin_13.wav	dialogue	A4_PARK_1.TXT	43	a4s1_severin_13.wav	Severin: That's my plan. I've got the maps and schematics punched in, but they're pre-Shroud. Not sure what might've changed since then.	SEVERIN: That's my plan. I've got the maps and schematics punched in, but they're pre-Shroud. Not sure what might've changed since then.		pending	
dialogue:A4_PARK_1.TXT:44:a4s1_severin_14.wav	dialogue	A4_PARK_1.TXT	44	a4s1_severin_14.wav	Severin: Uh. Do they carry big swords? Throw stars? Real quiet?	СЕВЕРИН: Совсем бесшумные? Бросают сюрикены? А у них длинные мечи?		pending	
dialogue:A4_PARK_1.TXT:45:a4s1_severin_15.wav	dialogue	A4_PARK_1.TXT	45	a4s1_severin_15.wav	Severin: They're Ephemera's.	СЕВЕРИН: Ребята Эфемеры.		pending	
dialogue:A4_PARK_1.TXT:46:a4s1_severin_16.wav	dialogue	A4_PARK_1.TXT	46	a4s1_severin_16.wav	"Severin: Be very careful, Rayne. These minions are dangerous, but Ephemera's turned vampires, her ""shadow legion"", are far worse they're silent and super-fast."	"СЕВЕРИН: Осторожней, Рейн. Слуги опасны, но вампиры Эфемеры, ее ""Легион теней"" гораздо хуже. Они бесшумные и очень быстрые."		pending	
dialogue:A4_PARK_1.TXT:47:a4s1_severin_17.wav	dialogue	A4_PARK_1.TXT	47	a4s1_severin_17.wav	Severin: You'll have to be faster. Expect the Park to be crawling with them. Keep an eye on the shadows...	СЕВЕРИН: Двигайся быстрее. Парк может быть переполнен ими. Обычно они прячутся в тени...		pending	
dialogue:A4_PARK_1.TXT:48:a4s1_severin_18.wav	dialogue	A4_PARK_1.TXT	48	a4s1_severin_18.wav	Severin: Get through the zoo to the other side of the Park. Keep heading North. You'll have to go through the World of Reptiles building.	"СЕВЕРИН: Пройди через зоопарк на другой конец парка. Иди на север. Надо будет пройти через здание ""Мир рептилий""."		pending	
dialogue:A4_PARK_1.TXT:49:a4s1_severin_19.wav	dialogue	A4_PARK_1.TXT	49	a4s1_severin_19.wav	Severin: I give up? What makes a corpse twitch?	СЕВЕРИН: Сдаюсь. И что же?		pending	
dialogue:A4_PARK_1.TXT:50:a4s1_severin_2.wav	dialogue	A4_PARK_1.TXT	50	a4s1_severin_2.wav	Severin: Vampires are free to walk in daylight. They're unstoppable.	СЕВЕРИН: Вампиры могут гулять днем. Их не остановить.		pending	
dialogue:A4_PARK_1.TXT:51:a4s1_severin_20.wav	dialogue	A4_PARK_1.TXT	51	a4s1_severin_20.wav	Severin: Hm. Nothing I'e ever heard of. But maybe what you're seeing has nothing to do with vampires.	SEVERIN: Hm. Nothing I'e ever heard of. But maybe what you're seeing has nothing to do with vampires.		pending	
dialogue:A4_PARK_1.TXT:52:a4s1_severin_21.wav	dialogue	A4_PARK_1.TXT	52	a4s1_severin_21.wav	Severin: You saw the trees in the Park. And the dessicated animals. The Shroud obviously causes some aberrant effects on nature.	СЕВЕРИН: Ты видела деревья в парке. И разодранных животных. Ясно, что Саван вызывает сильные изменения в природе.		pending	
dialogue:A4_PARK_1.TXT:53:a4s1_severin_23.wav	dialogue	A4_PARK_1.TXT	53	a4s1_severin_23.wav	Severin: Try to leave the nests alone. It sounds like gunfire attracts or disturbs them. Try not to use your Dragons...	СЕВЕРИН: Старайся не трогать гнезда. Видимо, стрельба привлекает или раздражает их. Постарайся не стрелять...		pending	
dialogue:A4_PARK_1.TXT:54:a4s1_severin_24.wav	dialogue	A4_PARK_1.TXT	54	a4s1_severin_24.wav	Severin: You'll just have to improvise, Rayne...	СЕВЕРИН: Придется импровизировать, Рейн...		pending	
dialogue:A4_PARK_1.TXT:55:a4s1_severin_25.wav	dialogue	A4_PARK_1.TXT	55	a4s1_severin_25.wav	Severin: Rayne, I've been thinking. If you had some way to create fire, you might have an effective weapon against those--	СЕВЕРИН: Рейн, я тут подумал. Если ты сможешь зажечь огонь, получилось бы эффективное оружие против этих...		pending	
dialogue:A4_PARK_1.TXT:56:a4s1_severin_3.wav	dialogue	A4_PARK_1.TXT	56	a4s1_severin_3.wav	Severin: Brimstone's gone. Just offline or completely wiped out, I can't tell. Result's pretty much the same either way. I'm out of a job.	СЕВЕРИН: Бримстоуна нет. То ли не на связи, то ли уничтожены все. Итог в любом случае один. Я безработный.		pending	
dialogue:A4_PARK_1.TXT:57:a4s1_severin_4.wav	dialogue	A4_PARK_1.TXT	57	a4s1_severin_4.wav	Severin: Looks like it.	СЕВЕРИН: Все именно так.		pending	
dialogue:A4_PARK_1.TXT:58:a4s1_severin_5.wav	dialogue	A4_PARK_1.TXT	58	a4s1_severin_5.wav	Severin: Of course. But I've been thinking we could try to escape to the wilderness.	СЕВЕРИН: Конечно. Я вот только думал... может, скроемся в глухие места.		pending	
dialogue:A4_PARK_1.TXT:59:a4s1_severin_6.wav	dialogue	A4_PARK_1.TXT	59	a4s1_severin_6.wav	Severin: Between us, with our skills, it's likely we could survive. Maybe find other survivors...	СЕВЕРИН: Вдвоем, с нашими талантами, мы проживем. Может, соберем других выживших...		pending	
dialogue:A4_PARK_1.TXT:60:a4s1_severin_7.wav	dialogue	A4_PARK_1.TXT	60	a4s1_severin_7.wav	Severin: But we... aren't... going to do that. Are we.	СЕВЕРИН: Но мы не... собираемся уходить... Так?		pending	
dialogue:A4_PARK_1.TXT:61:a4s1_severin_8.wav	dialogue	A4_PARK_1.TXT	61	a4s1_severin_8.wav	Severin: We're going to continue to track Kagan...	СЕВЕРИН: Будем выслеживать Кейгана...		pending	
dialogue:A4_PARK_1.TXT:62:a4s1_severin_9.wav	dialogue	A4_PARK_1.TXT	62	a4s1_severin_9.wav	Severin: ... even though civilization has crumbled in...less than four hours... and all hope is definitely, unquestionably lost...	СЕВЕРИН: ...даже если человеческая цивилизация рухнула... за четыре часа...и надежда безвозвратно потеряна...		pending	
dialogue:A4_PARK_1.TXT:63:a4s1_slegion_1.wav	dialogue	A4_PARK_1.TXT	63	a4s1_slegion_1.wav	Mutters in vampirish.	Бормотание на языке вампиров.		pending	
dialogue:A4_PARK_1.TXT:64:a4s1_slegion_2.wav	dialogue	A4_PARK_1.TXT	64	a4s1_slegion_2.wav	Mutters in vampirish.	Mutters in vampirish.		pending	
dialogue:A4_PARK_1.TXT:65:a5s3_mcivilian_5.wav	dialogue	A4_PARK_1.TXT	65	a5s3_mcivilian_5.wav	Civilian: They're everywhere! Help me! God help us all!	MAN: They're everywhere! Help me! God help us all!		pending	
dialogue:A4_PARK_1.TXT:66:a5s3_mcivilian_6.wav	dialogue	A4_PARK_1.TXT	66	a5s3_mcivilian_6.wav	Civilian: Please! Unlock the gate!	MAN: Please! Unlock the gate!		pending	
dialogue:A4_PARK_1.TXT:67:a5s3_mcivilian_7.wav	dialogue	A4_PARK_1.TXT	67	a5s3_mcivilian_7.wav	Civilian: They're coming! Help me!	MAN: They're coming! Help me!		pending	
dialogue:A4_PARK_1.TXT:68:a5s3_mcivilian_8.wav	dialogue	A4_PARK_1.TXT	68	a5s3_mcivilian_8.wav	No! Please! What do you want?	MAN: No! Please! What do you want?		pending	
dialogue:A4_PARK_1.TXT:69:a5s3_minion2_10.wav	dialogue	A4_PARK_1.TXT	69	a5s3_minion2_10.wav	How can it be cold? It's still moving...	СЛУГА: Как холодный? Он же еще шевелится...		pending	
dialogue:A4_PARK_1.TXT:70:a5s3_minion2_4.wav	dialogue	A4_PARK_1.TXT	70	a5s3_minion2_4.wav	Minion: Stop your whining! What's this? Fresh meat! Yum!	MINION: Stop your whining! What's this? Fresh meat! Yum!		pending	
dialogue:A4_PARK_1.TXT:71:a5s3_minion2_5.wav	dialogue	A4_PARK_1.TXT	71	a5s3_minion2_5.wav	Minion: Keep running...keep running	MINION: Keep running...keep running		pending	
dialogue:A4_PARK_1.TXT:72:a5s3_minion2_6.wav	dialogue	A4_PARK_1.TXT	72	a5s3_minion2_6.wav	Minion: Hey! You're interrupting my target practice.	MINION: Hey! You're interrupting my target practice.		pending	
dialogue:A4_PARK_1.TXT:73:a5s3_minion2_7.wav	dialogue	A4_PARK_1.TXT	73	a5s3_minion2_7.wav	Goddamn it, be careful with those. You'll wake up the dead.	СЛУГА: Черт вас дери, осторожней. Вы разбудите мертвецов.		pending	
dialogue:A4_PARK_1.TXT:74:a5s3_minion2_8.wav	dialogue	A4_PARK_1.TXT	74	a5s3_minion2_8.wav	Sorry boss...	СЛУГА: Простите, босс...		pending	
dialogue:A4_PARK_1.TXT:75:a5s3_minion2_9.wav	dialogue	A4_PARK_1.TXT	75	a5s3_minion2_9.wav	Dead zoo keeper. Too cold to eat.	СЛУГА: Мертвый смотритель, холодный - не сожрать.		pending	
dialogue:A4_PARK_1.TXT:76:a5s3_pilot_1.wav	dialogue	A4_PARK_1.TXT	76	a5s3_pilot_1.wav	We’re going down! Mayday! Mayday!	HELICOPTER: We’re going down! Mayday! Mayday!		pending	
dialogue:A4_PARK_1.TXT:77:a5s3_rayne_1.wav	dialogue	A4_PARK_1.TXT	77	a5s3_rayne_1.wav	Rayne: Hmmm...Looks like they have some kind of special insect exhibit going on.	РЕЙН: Гммм... Похоже, у них тут специальная выставка насекомых.		pending	
dialogue:A4_PARK_1.TXT:78:a5s3_rayne_2.wav	dialogue	A4_PARK_1.TXT	78	a5s3_rayne_2.wav	Rayne: Uh oh...Looks like I woke something up.	РЕЙН: Ого-го... Кажется, я что-то разбудила.		pending	
dialogue:A4_PARK_1.TXT:79:a5s3_rayne_3.wav	dialogue	A4_PARK_1.TXT	79	a5s3_rayne_3.wav	Rayne: Looks like our new insect pals just found something more interesting.	РЕЙН: Похоже, наши насекомые друзья нашли что-то более интересное.		pending	
dialogue:A4_PARK_1.TXT:80:a9s1_scream_1.wav	dialogue	A4_PARK_1.TXT	80	a9s1_scream_1.wav	Civilian: Ahhhhh!	MAN: Ahhhhh!		pending	
dialogue:A4_PARK_1.TXT:81:missiondescription	dialogue	A4_PARK_1.TXT	81	missiondescription	Twisted Park: Zoo Entrance	Проклятый парк: Вход в зоопарк		pending	
dialogue:A4_PARK_1.TXT:82:objective_aquarium_exit	dialogue	A4_PARK_1.TXT	82	objective_aquarium_exit	Objective: Find a way through the aquarium floor.	Пробраться через аквариум		pending	
dialogue:A4_PARK_1.TXT:83:objective_golem_awaken	dialogue	A4_PARK_1.TXT	83	objective_golem_awaken	Objective: Do not awaken the roach Golems.	Не разбудить тараканьих Големов		pending	
dialogue:A4_PARK_1.TXT:84:objective_helicopter	dialogue	A4_PARK_1.TXT	84	objective_helicopter	Objective: Get past the crashed helicopter.	Пройти за разбившийся вертолет		pending	
dialogue:A4_PARK_1.TXT:85:objective_insect_exit	dialogue	A4_PARK_1.TXT	85	objective_insect_exit	Objective: Find the north exit of the exhibit hall.	Найти северный выход с выставки		pending	
dialogue:A4_PARK_1.TXT:86:objective_kagans_tower	dialogue	A4_PARK_1.TXT	86	objective_kagans_tower	Objective: Traverse the park to Kagan's Tower.	Проследовать к башне Кейгана		pending	
dialogue:A4_PARK_1.TXT:87:objective_minions	dialogue	A4_PARK_1.TXT	87	objective_minions	Objective: Defeat Ephemera's minions.	Прикончить слуг Эфемеры		pending	
dialogue:A4_PARK_1.TXT:88:objective_shadow_legion	dialogue	A4_PARK_1.TXT	88	objective_shadow_legion	Objective: Defeat Ephemera's Shadow Legion.	Уничтожить Легион Теней Эфемеры		pending	
dialogue:A4_PARK_1.TXT:89:objective_woodchipper	dialogue	A4_PARK_1.TXT	89	objective_woodchipper	Objective: Find a way past the wood chipper.	Пробраться за щеподробилку		pending	
dialogue:A4_PARK_1.TXT:91:upgrade_flame	dialogue	A4_PARK_1.TXT	91	upgrade_flame	@@weaponSelectUpButtonName@@ Blood Flame gun mode acquired	"@@weaponSelectUpButtonName@@ Получен режим оружия ""Кровавое пламя"""		pending	
dialogue:A4_PARK_2.TXT:1:a2s1_civilian_1.wav	dialogue	A4_PARK_2.TXT	1	a2s1_civilian_1.wav	No! Please! Somebody help me!	MAN: No! Please! Somebody help me!		pending	stripped corrupt key prefix: 'ўб'
dialogue:A4_PARK_2.TXT:2:a2s1_civilian_2.wav	dialogue	A4_PARK_2.TXT	2	a2s1_civilian_2.wav	Ahhh! Help! Somebody please help!!!	MAN: Ahhh! Help! Somebody please help!!!		pending	
dialogue:A4_PARK_2.TXT:3:a4s1_civilian_8.wav	dialogue	A4_PARK_2.TXT	3	a4s1_civilian_8.wav	Oh my God! They took them all! They've taken over the whole zoo! Took everyone away!	MAN: Oh my God! They took them all! They've taken over the whole zoo! Took everyone away!		pending	
dialogue:A4_PARK_2.TXT:4:a4s1_ephemera_37.wav	dialogue	A4_PARK_2.TXT	4	a4s1_ephemera_37.wav	Ephemera: I thought Ferril removed you, dhampir.	ЭФЕМЕРА: Я думала, Феррил разделалась с тобой, дампир.		pending	
dialogue:A4_PARK_2.TXT:5:a4s1_ephemera_38.wav	dialogue	A4_PARK_2.TXT	5	a4s1_ephemera_38.wav	Ephemera: Oh, you saw that, did you? Yes, she had to go. Afraid there's only room for one traitor at the top.	ЭФЕМЕРА: Так ты это видела? Ей пришлось уйти. Боюсь, на верху есть место только для одного предателя.		pending	
dialogue:A4_PARK_2.TXT:6:a4s1_ephemera_39.wav	dialogue	A4_PARK_2.TXT	6	a4s1_ephemera_39.wav	Ephemera: Oh, we'll find that out soon enough, I think. Maybe our father will tell me just before I carve him open. If he wakes up first...	ЭФЕМЕРА: Думаю, мы очень скоро узнаем. Может, он расскажет мне как раз перед тем, как я его разрежу на куски. Если, конечно, успеет проснуться...		pending	
dialogue:A4_PARK_2.TXT:7:a4s1_rayne_21.wav	dialogue	A4_PARK_2.TXT	7	a4s1_rayne_21.wav	Rayne: Do you think it's cool? Really? It's not that cool. You probably make it up as you go.	РЕЙН: Думаете, это круто? Да? Совсем нет. Вы, наверно, все это на ходу придумываете.		pending	
dialogue:A4_PARK_2.TXT:8:a4s1_rayne_22.wav	dialogue	A4_PARK_2.TXT	8	a4s1_rayne_22.wav	Rayne: Just one more thing that makes me wanna slash the living hell out of you.	РЕЙН: Это еще один повод порубить вас к чертям собачьим.		pending	
dialogue:A4_PARK_2.TXT:9:a4s1_rayne_35.wav	dialogue	A4_PARK_2.TXT	9	a4s1_rayne_35.wav	Rayne: Agreed.	РЕЙН: Согласна.		pending	
dialogue:A4_PARK_2.TXT:10:a4s1_rayne_36.wav	dialogue	A4_PARK_2.TXT	10	a4s1_rayne_36.wav	Rayne: Huh. Park services is getting sloppy. Strictly speaking, you're never supposed to leave these on and unattended...	РЕЙН: Хм. Обслуживание парка просто никакое. Строго говоря, эти штуки нельзя оставлять включенными без присмотра...		pending	
dialogue:A4_PARK_2.TXT:11:a4s1_rayne_37.wav	dialogue	A4_PARK_2.TXT	11	a4s1_rayne_37.wav	Rayne: Woodchipper... Ephemera's goons are doing their part to keep the Park tidy...	RAYNE: Woodchipper... Ephemera's goons are doing their part to keep the Park tidy...		pending	
dialogue:A4_PARK_2.TXT:12:a4s1_rayne_38.wav	dialogue	A4_PARK_2.TXT	12	a4s1_rayne_38.wav	Rayne: Hey, boys! That's a sweet machine you got there!	РЕЙН: Эй, мальчики! Классная у вас тут машинка!		pending	
dialogue:A4_PARK_2.TXT:13:a4s1_rayne_39.wav	dialogue	A4_PARK_2.TXT	13	a4s1_rayne_39.wav	Rayne: But to really appreciate how it works, you need to see one from the inside.	РЕЙН: Но, чтобы точно понять, как она работает, надо взглянуть изнутри.		pending	
dialogue:A4_PARK_2.TXT:14:a4s1_rayne_40.wav	dialogue	A4_PARK_2.TXT	14	a4s1_rayne_40.wav	Rayne: It's eerie how quiet you guys are. If roaches were eating my flesh, I'd scream like a banshee.	РЕЙН: Вы такие молчаливые, просто жуть. Если бы меня жрали тараканы, я бы визжала, как сирена!		pending	
dialogue:A4_PARK_2.TXT:15:a4s1_rayne_42.wav	dialogue	A4_PARK_2.TXT	15	a4s1_rayne_42.wav	"Rayne: Guh. Should have got that ""Dark Gift"" clause in writing."	"РЕЙН: Уф. Надо бы этот момент насчет ""Темного дара"" получить в письменном виде."		pending	
dialogue:A4_PARK_2.TXT:16:a4s1_rayne_43.wav	dialogue	A4_PARK_2.TXT	16	a4s1_rayne_43.wav	Rayne: Severin. I'm in front of the Aquarium. What do you think?	РЕЙН: Северин, я перед Аквариумом. Что думаешь?		pending	
dialogue:A4_PARK_2.TXT:17:a4s1_rayne_44.wav	dialogue	A4_PARK_2.TXT	17	a4s1_rayne_44.wav	Rayne: Got it. But if a swarm of piranha starts walking around trying to eat me in there, you and I are going to have words.	РЕЙН: Ясно. Но если там бродит толпа пираний, которые попытаются меня сожрать, ты мне ответишь.		pending	
dialogue:A4_PARK_2.TXT:18:a4s1_rayne_45.wav	dialogue	A4_PARK_2.TXT	18	a4s1_rayne_45.wav	Rayne: Perfect. Severin, this whole place is flooded.	РЕЙН: Замечательно. Северин, здесь все затоплено.		pending	
dialogue:A4_PARK_2.TXT:19:a4s1_rayne_46.wav	dialogue	A4_PARK_2.TXT	19	a4s1_rayne_46.wav	Rayne: Water? Yeah, thanks for the update.	РЕЙН: Воды? Спасибо!		pending	
dialogue:A4_PARK_2.TXT:20:a4s1_rayne_47.wav	dialogue	A4_PARK_2.TXT	20	a4s1_rayne_47.wav	Rayne: Great. I need eyes in the back of my head. Every full tank is a booby trap, and they know it.	РЕЙН: Прекрасно. Мне нужны глаза на затылке. Каждый аквариум - бомба-ловушка. И они это знают.		pending	
dialogue:A4_PARK_2.TXT:21:a4s1_rayne_48.wav	dialogue	A4_PARK_2.TXT	21	a4s1_rayne_48.wav	Rayne: Main exhibit hall of the Aquarium.	РЕЙН: Главный зал Аквариума.		pending	
dialogue:A4_PARK_2.TXT:22:a4s1_rayne_49.wav	dialogue	A4_PARK_2.TXT	22	a4s1_rayne_49.wav	Rayne: Jumping up and down probably won't do the trick, right?	РЕЙН: Если я попрыгаю на люке, это вряд ли поможет?		pending	
dialogue:A4_PARK_2.TXT:23:a4s1_rayne_50.wav	dialogue	A4_PARK_2.TXT	23	a4s1_rayne_50.wav	Rayne: Hm. I need a better vantage point. That staircase might get me one...	РЕЙН: Хм. Надо бы взглянуть сверху. Вот по этой лестнице...		pending	
dialogue:A4_PARK_2.TXT:24:a4s1_rayne_51.wav	dialogue	A4_PARK_2.TXT	24	a4s1_rayne_51.wav	Rayne: Let's see... enough force to smash through the floor?	РЕЙН: Посмотрим...достаточно сильно, чтобы пробить пол?		pending	
dialogue:A4_PARK_2.TXT:25:a4s1_rayne_52.wav	dialogue	A4_PARK_2.TXT	25	a4s1_rayne_52.wav	Rayne: She's nearby. Ephemera. I'm getting the shivers. Awful lot of shadows in here...	РЕЙН: Она рядом. Эфемера. У меня мурашки по коже. Как много здесь теней...		pending	
dialogue:A4_PARK_2.TXT:26:a4s1_rayne_53.wav	dialogue	A4_PARK_2.TXT	26	a4s1_rayne_53.wav	Rayne: I know, Severin. I've got the same wish.	РЕЙН: Знаю, Северин. Я бы тоже этого хотела.		pending	
dialogue:A4_PARK_2.TXT:27:a4s1_rayne_54.wav	dialogue	A4_PARK_2.TXT	27	a4s1_rayne_54.wav	Rayne: That's what Ferril thought, too, shadowbitch. And yet, here I am. From where I stood, looks like you sold her out pretty hard.	РЕЙН: Феррил тоже так думала, ты, темная сука. А я вот здесь. Я видела, как ты ее продала. Очень эффектно.		pending	
dialogue:A4_PARK_2.TXT:28:a4s1_rayne_55.wav	dialogue	A4_PARK_2.TXT	28	a4s1_rayne_55.wav	Rayne: Yeah, and what's your daddy think about that?	РЕЙН: Ясно. А что об этом думает папочка?		pending	
dialogue:A4_PARK_2.TXT:29:a4s1_severin_26.wav	dialogue	A4_PARK_2.TXT	29	a4s1_severin_26.wav	Severin: Walk softly, Rayne... I don't think you want to disturb these new friends.	СЕВЕРИН: Иди тихонько, Рейн... Не стоит беспокоить наших новых друзей.		pending	
dialogue:A4_PARK_2.TXT:30:a4s1_severin_27.wav	dialogue	A4_PARK_2.TXT	30	a4s1_severin_27.wav	Severin: What's that sound?	СЕВЕРИН: Что это было?		pending	
dialogue:A4_PARK_2.TXT:31:a4s1_severin_28.wav	dialogue	A4_PARK_2.TXT	31	a4s1_severin_28.wav	Severin: It's your quickest route.	СЕВЕРИН: Это самый короткий путь.		pending	
dialogue:A4_PARK_2.TXT:32:a4s1_severin_29.wav	dialogue	A4_PARK_2.TXT	32	a4s1_severin_29.wav	Severin: That's a given.	СЕВЕРИН: Ясное дело.		pending	
dialogue:A4_PARK_2.TXT:33:a4s1_severin_30.wav	dialogue	A4_PARK_2.TXT	33	a4s1_severin_30.wav	Severin: Well, you're going to want to watch out for the... ..	СЕВЕРИН: Ну, тогда тебе придется остерегаться...		pending	
dialogue:A4_PARK_2.TXT:34:a4s1_severin_31.wav	dialogue	A4_PARK_2.TXT	34	a4s1_severin_31.wav	Severin: Where are you now?	СЕВЕРИН: Где ты сейчас?		pending	
dialogue:A4_PARK_2.TXT:35:a4s1_severin_32.wav	dialogue	A4_PARK_2.TXT	35	a4s1_severin_32.wav	Severin: Good. I'm reading a drainage tunnel directly underneath the floor. Should be able to crack through to it with enough applied force.	СЕВЕРИН: Хорошо. Я вижу туннель для стока воды под залом. Наверное, его можно вскрыть, если применить достаточную силу.		pending	
dialogue:A4_PARK_2.TXT:36:a4s1_severin_33.wav	dialogue	A4_PARK_2.TXT	36	a4s1_severin_33.wav	Severin: Afraid not. Find something to smash the floor with. That's something you're good at.	СЕВЕРИН: Боюсь, что так. Найди что-нибудь, чтобы пробить пол. Ты это умеешь.		pending	
dialogue:A4_PARK_2.TXT:37:a4s1_severin_34.wav	dialogue	A4_PARK_2.TXT	37	a4s1_severin_34.wav	Severin: Find a way to get through that floor Rayne.	СЕВЕРИН: Придумай, как пробить этот пол, Рейн.		pending	
dialogue:A4_PARK_2.TXT:38:a4s1_severin_35.wav	dialogue	A4_PARK_2.TXT	38	a4s1_severin_35.wav	Severin: This is one I really wish I could be there to help you with, Rayne.	СЕВЕРИН: Я бы очень хотел быть рядом и помочь тебе, Рейн.		pending	
dialogue:A4_PARK_2.TXT:39:a5s3_rayne_4.wav	dialogue	A4_PARK_2.TXT	39	a5s3_rayne_4.wav	Rayne: Perfect. Why does this wood chipper need to have a noisy diesel engine?	РЕЙН: Замечательно. Почему у этой щеподробилки такой шумный дизель?		pending	
dialogue:A4_PARK_2.TXT:40:a5s3_slegion_1.wav	dialogue	A4_PARK_2.TXT	40	a5s3_slegion_1.wav	Shadow Legion: [Whispered Vampirish]	ЛЕГИОН ТЕНЕЙ: [Шепчут на вампирском]		pending	
dialogue:A4_PARK_2.TXT:41:a5s3_slegion_2.wav	dialogue	A4_PARK_2.TXT	41	a5s3_slegion_2.wav	Shadow Legion: [Whispered Vampirish]	SHADOW LEGION: [Whispered Vampirish]		pending	
dialogue:A4_PARK_2.TXT:42:a9_s1_lpunk_1.wav	dialogue	A4_PARK_2.TXT	42	a9_s1_lpunk_1.wav	Jesus Christ...i gotta get the fuck outta here	MINION: Jesus Christ...i gotta get the fuck outta here		pending	
dialogue:A4_PARK_2.TXT:43:a9_s1_lpunk_2.wav	dialogue	A4_PARK_2.TXT	43	a9_s1_lpunk_2.wav	Keep runnin!	MINION: Keep runnin!		pending	
dialogue:A4_PARK_2.TXT:44:a9_s1_lpunk_3.wav	dialogue	A4_PARK_2.TXT	44	a9_s1_lpunk_3.wav	Fuck this shit I'm outta here!	MINION: Fuck this shit I'm outta here!		pending	
dialogue:A4_PARK_2.TXT:45:a9_s1_lpunk_4.wav	dialogue	A4_PARK_2.TXT	45	a9_s1_lpunk_4.wav	Whimper	MINION: (whimpers)		pending	
dialogue:A4_PARK_2.TXT:46:a9_s1_lpunk_5.wav	dialogue	A4_PARK_2.TXT	46	a9_s1_lpunk_5.wav	Fall scream	MINION: (screams)		pending	
dialogue:A4_PARK_2.TXT:47:a9_s1_lpunk_6.wav	dialogue	A4_PARK_2.TXT	47	a9_s1_lpunk_6.wav	Scream	MINION: (screams)		pending	
dialogue:A4_PARK_2.TXT:50:missiondescription	dialogue	A4_PARK_2.TXT	50	missiondescription	Twisted Park: The Aquarium	Проклятый парк: Аквариум		pending	
dialogue:A4_PARK_2.TXT:51:objective_aquarium_exit	dialogue	A4_PARK_2.TXT	51	objective_aquarium_exit	Objective: Find a way through the aquarium floor.	Пробраться через аквариум		pending	
dialogue:A4_PARK_2.TXT:52:objective_bridge_enter	dialogue	A4_PARK_2.TXT	52	objective_bridge_enter	Objective: Find a through the bridge door.	Пробиться через ворота		pending	
dialogue:A4_PARK_2.TXT:53:objective_foreman	dialogue	A4_PARK_2.TXT	53	objective_foreman	Objective: Defeat the Foreman.	Прикончить Бригадира		pending	
dialogue:A4_PARK_2.TXT:54:objective_golem_awaken	dialogue	A4_PARK_2.TXT	54	objective_golem_awaken	Objective: Do not awaken the roach Golems.	Не разбудить тараканьих Големов		pending	
dialogue:A4_PARK_2.TXT:55:objective_kagans_tower	dialogue	A4_PARK_2.TXT	55	objective_kagans_tower	Objective: Traverse the park to Kagan's Tower.	Проследовать к башне Кейгана		pending	
dialogue:A4_PARK_2.TXT:56:objective_minions	dialogue	A4_PARK_2.TXT	56	objective_minions	Objective: Defeat Ephemera's minions.	Прикончить слуг Эфемеры		pending	
dialogue:A4_PARK_2.TXT:57:objective_roach_golems	dialogue	A4_PARK_2.TXT	57	objective_roach_golems	Objective: Defeat the Roach Golems.	Уничтожить тараканьих Големов		pending	
dialogue:A4_PARK_2.TXT:58:objective_shadow_legion	dialogue	A4_PARK_2.TXT	58	objective_shadow_legion	Objective: Defeat Ephemera's Shadow Legion.	Уничтожить Легион Теней Эфемеры		pending	
dialogue:A4_PARK_2.TXT:59:objective_woodchipper	dialogue	A4_PARK_2.TXT	59	objective_woodchipper	Objective: Find a way past the wood chipper.	Пробраться за щеподробилку		pending	
dialogue:A4_PARK_2.TXT:60:rayne_hintcombat_3.wav	dialogue	A4_PARK_2.TXT	60	rayne_hintcombat_3.wav	Rayne: Hey, what about fire? All bulletproof monsters hate fire.	РЕЙН: Как насчет огня? Все пуленепробиваемые монстры боятся огня.		pending	
dialogue:A4_PARK_2.TXT:61:upgrade_ricokick	dialogue	A4_PARK_2.TXT	61	upgrade_ricokick	@@lockOnButtonName@@, @@jumpButtonName@@, @@kickButtonName@@@@newline@@Shiva Aspect acquired	"@@lockOnButtonName@@ + @@jumpButtonName@@ , @@kickButtonName@@ Получена способность ""Аспект Шивы"""		pending	
dialogue:A4_PARK_CINEMAT_1.TXT:1:a4s1_rayne_1.wav	dialogue	A4_PARK_CINEMAT_1.TXT	1	a4s1_rayne_1.wav	Rayne: This is VERY bad, isn't it?	РЕЙН: Это ОЧЕНЬ плохо, да?		pending	
dialogue:A4_PARK_CINEMAT_1.TXT:2:a4s1_rayne_2.wav	dialogue	A4_PARK_CINEMAT_1.TXT	2	a4s1_rayne_2.wav	Rayne: What does Brimstone advise?	РЕЙН: Что советует Бримстоун?		pending	
dialogue:A4_PARK_CINEMAT_1.TXT:3:a4s1_rayne_3.wav	dialogue	A4_PARK_CINEMAT_1.TXT	3	a4s1_rayne_3.wav	Rayne: So we're on our own. Here at the end of the world. And Kagan is alive and well.	РЕЙН: Значит, мы сами по себе. И это конец света... А Кейган жив и здравствует.		pending	
dialogue:A4_PARK_CINEMAT_1.TXT:4:a4s1_rayne_4.wav	dialogue	A4_PARK_CINEMAT_1.TXT	4	a4s1_rayne_4.wav	Rayne: Well, then, as far as I'm concerned, I'm still on the clock. You with me?	РЕЙН: Что касается меня, то мне еще есть, чем заняться. Ты со мной?		pending	
dialogue:A4_PARK_CINEMAT_1.TXT:5:a4s1_rayne_5.wav	dialogue	A4_PARK_CINEMAT_1.TXT	5	a4s1_rayne_5.wav	"Rayne: Yeah. I'd say ""no."""	РЕЙН: Не собираемся.		pending	
dialogue:A4_PARK_CINEMAT_1.TXT:6:a4s1_rayne_6.wav	dialogue	A4_PARK_CINEMAT_1.TXT	6	a4s1_rayne_6.wav	Rayne: That's the plan. He's a goner.	РЕЙН: Да, таков план. Кейгану конец.		pending	
dialogue:A4_PARK_CINEMAT_1.TXT:7:a4s1_rayne_7.wav	dialogue	A4_PARK_CINEMAT_1.TXT	7	a4s1_rayne_7.wav	Rayne: Now you're talking. I like that attitude. It's gonna take you places.	РЕЙН: Правильные слова. Мне нравится твое настроение. С ним ты далеко пойдешь.		pending	
dialogue:A4_PARK_CINEMAT_1.TXT:8:a4s1_severin_1.wav	dialogue	A4_PARK_CINEMAT_1.TXT	8	a4s1_severin_1.wav	Severin: Worse than that. You did everything right, Rayne--you took out the Tower. But we failed to stop the Shroud itself.	СЕВЕРИН: Хуже не придумаешь. Ты все сделала правильно, Рейн. Башня разрушена. Но мы не остановили сам Саван.		pending	
dialogue:A4_PARK_CINEMAT_1.TXT:9:a4s1_severin_10.wav	dialogue	A4_PARK_CINEMAT_1.TXT	9	a4s1_severin_10.wav	Severin: Yeah. I'm terrified that it will.	СЕВЕРИН: Да, очень боюсь, что так.		pending	
dialogue:A4_PARK_CINEMAT_1.TXT:10:a4s1_severin_2.wav	dialogue	A4_PARK_CINEMAT_1.TXT	10	a4s1_severin_2.wav	Severin: Vampires are free to walk in daylight. They're unstoppable.	СЕВЕРИН: Вампиры могут гулять днем. Их не остановить.		pending	
dialogue:A4_PARK_CINEMAT_1.TXT:11:a4s1_severin_3.wav	dialogue	A4_PARK_CINEMAT_1.TXT	11	a4s1_severin_3.wav	Severin: Brimstone's gone. Just offline or completely wiped out, I can't tell. Result's pretty much the same either way. I'm out of a job.	СЕВЕРИН: Бримстоуна нет. То ли не на связи, то ли уничтожены все. Итог в любом случае один. Я безработный.		pending	
dialogue:A4_PARK_CINEMAT_1.TXT:12:a4s1_severin_4.wav	dialogue	A4_PARK_CINEMAT_1.TXT	12	a4s1_severin_4.wav	Severin: Looks like it.	СЕВЕРИН: Все именно так.		pending	
dialogue:A4_PARK_CINEMAT_1.TXT:13:a4s1_severin_5.wav	dialogue	A4_PARK_CINEMAT_1.TXT	13	a4s1_severin_5.wav	Severin: Of course. But I've been thinking we could try to escape to the wilderness.	СЕВЕРИН: Конечно. Я вот только думал... может, скроемся где-нибудь?		pending	
dialogue:A4_PARK_CINEMAT_1.TXT:14:a4s1_severin_6.wav	dialogue	A4_PARK_CINEMAT_1.TXT	14	a4s1_severin_6.wav	Severin: Between us, with our skills, it's likely we could survive. Maybe find other survivors...	СЕВЕРИН: Вдвоем, с нашими талантами, мы проживем. Может, соберем других выживших...		pending	
dialogue:A4_PARK_CINEMAT_1.TXT:15:a4s1_severin_7.wav	dialogue	A4_PARK_CINEMAT_1.TXT	15	a4s1_severin_7.wav	Severin: But we... aren't... going to do that. Are we.	СЕВЕРИН: Но мы не... собираемся уходить... Так?		pending	
dialogue:A4_PARK_CINEMAT_1.TXT:16:a4s1_severin_8.wav	dialogue	A4_PARK_CINEMAT_1.TXT	16	a4s1_severin_8.wav	Severin: We're going to continue to track Kagan...	СЕВЕРИН: Будем выслеживать Кейгана...		pending	
dialogue:A4_PARK_CINEMAT_1.TXT:17:a4s1_severin_9.wav	dialogue	A4_PARK_CINEMAT_1.TXT	17	a4s1_severin_9.wav	Severin: ... even though civilization has crumbled in...less than four hours... and all hope is definitely, unquestionably lost...	СЕВЕРИН: ...даже если человеческая цивилизация рухнула... за четыре часа...и надежда безвозвратно потеряна...		pending	
dialogue:A4_PARK_CINEMAT_1.TXT:18:missiondescription	dialogue	A4_PARK_CINEMAT_1.TXT	18	missiondescription	Twisted Park: Park Entrance	Проклятый парк: Вход		pending	
dialogue:A4_PARK_CINEMAT_1.TXT:19:upgrade_flame	dialogue	A4_PARK_CINEMAT_1.TXT	19	upgrade_flame	@@weaponSelectUpButtonName@@ Blood Flame gun mode acquired	"@@weaponSelectUpButtonName@@ Получен режим оружия ""Кровавое пламя"""		pending	
dialogue:A4_PARK_CINEMAT_2.TXT:1:a4s1_ferril_1.wav	dialogue	A4_PARK_CINEMAT_2.TXT	1	a4s1_ferril_1.wav	Ferril: ... and we're going to fly in there and give that old son of a bitch the surprise of his unnatural life! Stop at nothing, stop for no one.	ФЕРРИЛ: ... и мы полетим туда и устроим сукину сыну самый большой сюрприз в его жизни. Не останавливайтесь ни перед чем и ни перед кем.		pending	
dialogue:A4_PARK_CINEMAT_2.TXT:2:a4s1_ferril_2.wav	dialogue	A4_PARK_CINEMAT_2.TXT	2	a4s1_ferril_2.wav	Ferril: You have no friends there.	ФЕРРИЛ: Там у вас нет друзей.		pending	
dialogue:A4_PARK_CINEMAT_2.TXT:3:a4s1_ferril_3.wav	dialogue	A4_PARK_CINEMAT_2.TXT	3	a4s1_ferril_3.wav	Ferril: ... have rewarded each of you for your for your loyalty you have all been turned! Now prove your worthiness!	ФЕРРИЛ: ...наградила каждого из вас за верность! Вы обращены! Теперь докажите, что вы того стоите!		pending	
dialogue:A4_PARK_CINEMAT_2.TXT:4:a4s1_ferril_4.wav	dialogue	A4_PARK_CINEMAT_2.TXT	4	a4s1_ferril_4.wav	Ferril: Some of you may feel the change begin during the battle! Welcome it! Embrace it! Use it to your advantage!	ФЕРРИЛ: Многие почувствуют перемену уже во время боя! Радуйтесь! Примите ее! Используйте это преимущество!		pending	
dialogue:A4_PARK_CINEMAT_2.TXT:5:a4s1_ferril_5.wav	dialogue	A4_PARK_CINEMAT_2.TXT	5	a4s1_ferril_5.wav	Ferril: Revenge is a weapon! Wield it as a shining sword to avenge your mistress!!	ФЕРРИЛ: Месть - наше оружие! Это ваш сияющий меч! Отомстите за вашу хозяйку!		pending	
dialogue:A4_PARK_CINEMAT_2.TXT:6:a4s1_ferril_6.wav	dialogue	A4_PARK_CINEMAT_2.TXT	6	a4s1_ferril_6.wav	Ferril: Fly, you angels of destruction, you devils of justice, fly and kill and fucking die for me!	ФЕРРИЛ: Летите, ангелы разрушения, демоны справедливости. Летите и убивайте! И умрите за меня, мать вашу!		pending	
dialogue:A4_PARK_CINEMAT_2.TXT:7:a4s1_rayne_63.wav	dialogue	A4_PARK_CINEMAT_2.TXT	7	a4s1_rayne_63.wav	Rayne: Hi. What'd you think about that?	РЕЙН: Привет! Что ты об этом думаешь?		pending	
dialogue:A4_PARK_CINEMAT_2.TXT:8:a4s1_rayne_64.wav	dialogue	A4_PARK_CINEMAT_2.TXT	8	a4s1_rayne_64.wav	Rayne: How in god's name did she... ?	РЕЙН: Но как же она смогла остаться...?		pending	
dialogue:A4_PARK_CINEMAT_2.TXT:9:a4s1_rayne_65.wav	dialogue	A4_PARK_CINEMAT_2.TXT	9	a4s1_rayne_65.wav	Rayne: Hey! I don't sound like that!	РЕЙН: Эй! Я так не говорю!		pending	
dialogue:A4_PARK_CINEMAT_2.TXT:10:a4s1_rayne_66.wav	dialogue	A4_PARK_CINEMAT_2.TXT	10	a4s1_rayne_66.wav	Rayne: Good idea. Can you make it there?	РЕЙН: Хорошая мысль. А ты туда доберешься?		pending	
dialogue:A4_PARK_CINEMAT_2.TXT:11:a4s1_severin_43.wav	dialogue	A4_PARK_CINEMAT_2.TXT	11	a4s1_severin_43.wav	Severin: Superb. Very impressive. Now be quiet and look over there. What do you think about that?	СЕВЕРИН: Великолепно. Впечатляет. Теперь, тише. Смотри вон туда. Как тебе?		pending	
dialogue:A4_PARK_CINEMAT_2.TXT:12:a4s1_severin_44.wav	dialogue	A4_PARK_CINEMAT_2.TXT	12	a4s1_severin_44.wav	Severin: Guess our Ferril's pretty durable. Maybe it's hatred from beyond the grave...	СЕВЕРИН: Похоже наша Феррил штучка стойкая. Ненависть, которая сильнее смерти...		pending	
dialogue:A4_PARK_CINEMAT_2.TXT:13:a4s1_severin_45.wav	dialogue	A4_PARK_CINEMAT_2.TXT	13	a4s1_severin_45.wav	"Severin: ""Vengeance this, Revenge that."" See what that sounds like?"	"СЕВЕРИН: ""Отомстить за это! Отплатить за то!"" На что-то это похоже..."		pending	
dialogue:A4_PARK_CINEMAT_2.TXT:14:a4s1_severin_46.wav	dialogue	A4_PARK_CINEMAT_2.TXT	14	a4s1_severin_46.wav	Severin: Huh... Looks like she's wrapping up.	СЕВЕРИН: Хмм... Похоже, она заканчивает.		pending	
dialogue:A4_PARK_CINEMAT_2.TXT:15:a4s1_severin_47.wav	dialogue	A4_PARK_CINEMAT_2.TXT	15	a4s1_severin_47.wav	Severin: I think they're heading where you want to go. Maybe you should catch a ride.	СЕВЕРИН: Думаю, они летят туда, куда нужно и тебе. Может, воспользуешься оказией?		pending	
dialogue:A4_PARK_CINEMAT_2.TXT:16:a4s1_severin_48.wav	dialogue	A4_PARK_CINEMAT_2.TXT	16	a4s1_severin_48.wav	Severin: Sure. In my own way. See you at Kagan's Tower.	СЕВЕРИН: Конечно. Своим путем. Увидимся в башне Кейгана.		pending	
dialogue:A4_PARK_CINEMAT_2.TXT:17:missiondescription	dialogue	A4_PARK_CINEMAT_2.TXT	17	missiondescription	Twisted Park: Park Exit	Проклятый парк: Выход		pending	
dialogue:A4_PARK_EPHEMERA.TXT:1:a4s1_ephemera_37.wav	dialogue	A4_PARK_EPHEMERA.TXT	1	a4s1_ephemera_37.wav	I thought Ferril removed you, dhampir.	ЭФЕМЕРА: Я думала, Феррил разделалась с тобой, дампир.		pending	
dialogue:A4_PARK_EPHEMERA.TXT:2:a4s1_ephemera_38.wav	dialogue	A4_PARK_EPHEMERA.TXT	2	a4s1_ephemera_38.wav	Oh, you saw that, did you? Yes, she had to go. Afraid there's only room for one traitor at the top.	ЭФЕМЕРА: Так ты это видела? Ей пришлось уйти. Боюсь, на верху есть место только для одного предателя.		pending	
dialogue:A4_PARK_EPHEMERA.TXT:3:a4s1_ephemera_39.wav	dialogue	A4_PARK_EPHEMERA.TXT	3	a4s1_ephemera_39.wav	Oh, we'll find that out soon enough, I think. Maybe our father will tell me just before I carve him open. If he wakes up first...	ЭФЕМЕРА: Думаю, мы очень скоро узнаем. Может, он расскажет мне как раз перед тем, как я его разрежу на куски. Если, конечно, успеет проснуться...		pending	
dialogue:A4_PARK_EPHEMERA.TXT:4:a4s1_ephemera_40.wav	dialogue	A4_PARK_EPHEMERA.TXT	4	a4s1_ephemera_40.wav	Who are you talking to, half-thing? Is it my old love, Mr. Severin? Where is he?	ЭФЕМЕРА: С кем ты разговариваешь, полукровка? Моя старая любовь, Северин? Где же он?		pending	
dialogue:A4_PARK_EPHEMERA.TXT:5:a4s1_ephemera_41.wav	dialogue	A4_PARK_EPHEMERA.TXT	5	a4s1_ephemera_41.wav	When I'm done with you, I'd like to pay him a visit. See if we can rekindle an old flame..	ЭФЕМЕРА: Вот закончу с тобой и нанесу ему визит. Посмотрим, может, старые чувства проснутся?		pending	
dialogue:A4_PARK_EPHEMERA.TXT:6:a4s1_ephemera_42.wav	dialogue	A4_PARK_EPHEMERA.TXT	6	a4s1_ephemera_42.wav	Very ready. But you'll have to watch out for me. I'm a sly one.	ЭФЕМЕРА: Очень! Только тебе придется присматривать за мной. Я такая коварная.		pending	
dialogue:A4_PARK_EPHEMERA.TXT:7:a4s1_ephemera_43.wav	dialogue	A4_PARK_EPHEMERA.TXT	7	a4s1_ephemera_43.wav	I'd prefer to just kill you. In my own time. In my own way.	ЭФЕМЕРА: Я просто убью тебя. В свое время, своим способом.		pending	speaker/control differs: EN='$'; RU='Ephemera'
dialogue:A4_PARK_EPHEMERA.TXT:8:a4s1_ephemera_44.wav	dialogue	A4_PARK_EPHEMERA.TXT	8	a4s1_ephemera_44.wav	Ah, ah--No fair getting help from the audience!	ЭФЕМЕРА: Нечестно пользоваться подсказками!		pending	speaker/control differs: EN='$'; RU='Ephemera'
dialogue:A4_PARK_EPHEMERA.TXT:9:a4s1_ephemera_45.wav	dialogue	A4_PARK_EPHEMERA.TXT	9	a4s1_ephemera_45.wav	No! It's not possible! You're just a mongrel half-blood...	ЭФЕМЕРА: Нет! Это невозможно! Ты же просто полукровка, дворняжка...		pending	speaker/control differs: EN='$'; RU='Ephemera'
dialogue:A4_PARK_EPHEMERA.TXT:10:a4s1_rayne_52.wav	dialogue	A4_PARK_EPHEMERA.TXT	10	a4s1_rayne_52.wav	She's nearby. Ephemera. I'm getting the shivers. Awful lot of shadows in here...	РЕЙН: Она рядом. Эфемера. У меня мурашки по коже. Как много здесь теней...		pending	
dialogue:A4_PARK_EPHEMERA.TXT:11:a4s1_rayne_53.wav	dialogue	A4_PARK_EPHEMERA.TXT	11	a4s1_rayne_53.wav	I know, Severin. I've got the same wish.	РЕЙН: Знаю, Северин. Я бы тоже этого хотела.		pending	
dialogue:A4_PARK_EPHEMERA.TXT:12:a4s1_rayne_54.wav	dialogue	A4_PARK_EPHEMERA.TXT	12	a4s1_rayne_54.wav	That's what Ferril thought, too, shadowbitch. And yet, here I am. From where I stood, looks like you sold her out pretty hard.	РЕЙН: Феррил тоже так думала. А я вот здесь. Я видела, как ты ее продала. Очень эффектно.		pending	
dialogue:A4_PARK_EPHEMERA.TXT:13:a4s1_rayne_55.wav	dialogue	A4_PARK_EPHEMERA.TXT	13	a4s1_rayne_55.wav	Yeah, and what's your daddy think about that?	РЕЙН: Ясно. А что об этом думает папочка?		pending	
dialogue:A4_PARK_EPHEMERA.TXT:14:a4s1_rayne_56.wav	dialogue	A4_PARK_EPHEMERA.TXT	14	a4s1_rayne_56.wav	You're a dirty girl, Ephemera. You play by dirty rules.	РЕЙН: Ты грязная девчонка, Эфемера. И играешь в грязную игру.		pending	
dialogue:A4_PARK_EPHEMERA.TXT:15:a4s1_rayne_57.wav	dialogue	A4_PARK_EPHEMERA.TXT	15	a4s1_rayne_57.wav	You know, I don't see that happening? You ready to do this?	РЕЙН: Знаешь, мне в это что-то не верится! Ты к этому готова?		pending	
dialogue:A4_PARK_EPHEMERA.TXT:16:a4s1_rayne_58.wav	dialogue	A4_PARK_EPHEMERA.TXT	16	a4s1_rayne_58.wav	Dammit-just fight me!	РЕЙН: Черт! Просто дерись со мной.		pending	
dialogue:A4_PARK_EPHEMERA.TXT:17:a4s1_rayne_59.wav	dialogue	A4_PARK_EPHEMERA.TXT	17	a4s1_rayne_59.wav	I was just about to figure that out.	РЕЙН: Я почти догадалась.		pending	
dialogue:A4_PARK_EPHEMERA.TXT:18:a4s1_rayne_60.wav	dialogue	A4_PARK_EPHEMERA.TXT	18	a4s1_rayne_60.wav	The shadows...	РЕЙН: Тени, значит...		pending	
dialogue:A4_PARK_EPHEMERA.TXT:19:a4s1_rayne_61.wav	dialogue	A4_PARK_EPHEMERA.TXT	19	a4s1_rayne_61.wav	That's true. Tell you what-I'll pretend I didn't hear him. Severin, Ephemera doesn't think you're playing fair.	РЕЙН: И то правда. Знаешь, что - я притворюсь, что не слышу его. Северин, Эфемера считает, что ты поступаешь нечестно.		pending	
dialogue:A4_PARK_EPHEMERA.TXT:20:a4s1_rayne_62.wav	dialogue	A4_PARK_EPHEMERA.TXT	20	a4s1_rayne_62.wav	Yeah. That really stings, doesn't it? Rest in Hell, Ephemera.	РЕЙН: И это самое обидное, да? Ступай в ад, Эфемера.		pending	
dialogue:A4_PARK_EPHEMERA.TXT:21:a4s1_severin_35.wav	dialogue	A4_PARK_EPHEMERA.TXT	21	a4s1_severin_35.wav	This is one I really wish I could be there to help you with, Rayne.	СЕВЕРИН: Я бы очень хотел быть рядом и помочь тебе, Рейн.		pending	
dialogue:A4_PARK_EPHEMERA.TXT:22:a4s1_severin_36.wav	dialogue	A4_PARK_EPHEMERA.TXT	22	a4s1_severin_36.wav	Don't let her distract you, Rayne. Keep your concentration...	СЕВЕРИН: Не позволяй ей отвлечь себя, Рейн. Соберись...		pending	
dialogue:A4_PARK_EPHEMERA.TXT:23:a4s1_severin_37.wav	dialogue	A4_PARK_EPHEMERA.TXT	23	a4s1_severin_37.wav	Rayne, she depends on the shadows. That's where she charges her blasts! If she can't get to shadows, she can't recharge.	СЕВЕРИН: Рейн, она зависит от теней. Там она берет энергию! Если не пускать ее к тени, она не сможет восстанавливаться!		pending	
dialogue:A4_PARK_EPHEMERA.TXT:24:a4s1_severin_38.wav	dialogue	A4_PARK_EPHEMERA.TXT	24	a4s1_severin_38.wav	Her strength can also be her weakness! Turn it around on her.	СЕВЕРИН: В ее силе - ее слабость. Поверни ее силу против нее же.		pending	
dialogue:A4_PARK_EPHEMERA.TXT:25:a4s1_severin_39.wav	dialogue	A4_PARK_EPHEMERA.TXT	25	a4s1_severin_39.wav	It's all about the shadows. She needs them to move and shift. Watch the shadows she emerges from.	СЕВЕРИН: Да, все дело в тенях. Они нужны ей, чтобы перемещаться и переноситься. Смотри, откуда она появляется.		pending	
dialogue:A4_PARK_EPHEMERA.TXT:26:a4s1_severin_40.wav	dialogue	A4_PARK_EPHEMERA.TXT	26	a4s1_severin_40.wav	If those spots are blocked or booby trapped, Ephemera's in trouble.	СЕВЕРИН: Если эти точки блокировать или уничтожить, Эфемере - конец.		pending	
dialogue:A4_PARK_EPHEMERA.TXT:27:a4s1_severin_41.wav	dialogue	A4_PARK_EPHEMERA.TXT	27	a4s1_severin_41.wav	Did it work? Trap the other ones!	СЕВЕРИН: Вот так! Теперь остальные!		pending	
dialogue:A4_PARK_EPHEMERA.TXT:28:a4s1_severin_42.wav	dialogue	A4_PARK_EPHEMERA.TXT	28	a4s1_severin_42.wav	"Ever notice it's always the worst cheaters that cry ""unfair""? Take the advantage and finish her off, Rayne! Kill that shadow-bitch!"	"СЕВЕРИН: Замечала, что жулики всегда первыми кричат ""нечестно""? Воспользуйся преимуществом и добей ее. Убей эту суку, Рейн!"		pending	
dialogue:A4_PARK_EPHEMERA.TXT:29:missiondescription	dialogue	A4_PARK_EPHEMERA.TXT	29	missiondescription	Twisted Park - Ephemera	Проклятый парк: Эфемера		pending	
dialogue:A4_PARK_EPHEMERA.TXT:30:objectivekill	dialogue	A4_PARK_EPHEMERA.TXT	30	objectivekill		Прикончить Эфемеру		pending	no matching English row; translate from Russian
dialogue:A4_PARK_EPHEMERA.TXT:31:powerup	dialogue	A4_PARK_EPHEMERA.TXT	31	powerup	@@auraPowersButtonName@@ @@auraPowersButtonName@@ @@auraPowersButtonName@@ Enthrall acquired.	"@@auraPowersButtonName@@ , @@auraPowersButtonName@@ , @@auraPowersButtonName@@ Получена способность ""Порабощение"""		pending	
dialogue:A4_PARK_EPHEMERA.TXT:32:shadowportmessage	dialogue	A4_PARK_EPHEMERA.TXT	32	shadowportmessage	Destroy all of the shadow portals.	Уничтожить все теневые порталы		pending	
dialogue:A4_PARK_EPHEMERA.TXT:33:shadowsdestmessage	dialogue	A4_PARK_EPHEMERA.TXT	33	shadowsdestmessage	All the shadow portals are destroyed.  Ephemera can't recharge.	Все теневые порталы уничтожены. Эфемера не может подзаряжаться		pending	
dialogue:CHARACTERMUSEUM.TXT:1:ost_cont	dialogue	CHARACTERMUSEUM.TXT	1	ost_cont	Stand in the alcoves to the left and right to scroll through the previous/next characters.	Stand in the alcoves to the left and right to scroll through the previous/next characters.		pending	
dialogue:CHARACTERMUSEUM.TXT:2:ost_dhamp	dialogue	CHARACTERMUSEUM.TXT	2	ost_dhamp	Dhampir, male	Dhampir, male		pending	
dialogue:CHARACTERMUSEUM.TXT:3:ost_dhampf	dialogue	CHARACTERMUSEUM.TXT	3	ost_dhampf	Dhampir, female	Dhampir, female		pending	
dialogue:CHARACTERMUSEUM.TXT:4:ost_dhampk	dialogue	CHARACTERMUSEUM.TXT	4	ost_dhampk	Kestrel	Kestrel		pending	
dialogue:CHARACTERMUSEUM.TXT:5:ost_ephemera	dialogue	CHARACTERMUSEUM.TXT	5	ost_ephemera	Ephemera	Ephemera		pending	
dialogue:CHARACTERMUSEUM.TXT:6:ost_epunkf1	dialogue	CHARACTERMUSEUM.TXT	6	ost_epunkf1	Ephemera's Female Punk	Ephemera's Female Punk		pending	
dialogue:CHARACTERMUSEUM.TXT:7:ost_epunkf2	dialogue	CHARACTERMUSEUM.TXT	7	ost_epunkf2	Ephemera's Female Punk, version 2	Ephemera's Female Punk, version 2		pending	
dialogue:CHARACTERMUSEUM.TXT:8:ost_epunkm1	dialogue	CHARACTERMUSEUM.TXT	8	ost_epunkm1	Ephemera's Male Punk	Ephemera's Male Punk		pending	
dialogue:CHARACTERMUSEUM.TXT:9:ost_esgoth	dialogue	CHARACTERMUSEUM.TXT	9	ost_esgoth	Esgoth	Esgoth		pending	
dialogue:CHARACTERMUSEUM.TXT:10:ost_evamp	dialogue	CHARACTERMUSEUM.TXT	10	ost_evamp	Ephemera's Vampire	Ephemera's Vampire		pending	
dialogue:CHARACTERMUSEUM.TXT:11:ost_ferril	dialogue	CHARACTERMUSEUM.TXT	11	ost_ferril	Ferril	Ferril		pending	
dialogue:CHARACTERMUSEUM.TXT:12:ost_fpunkf1	dialogue	CHARACTERMUSEUM.TXT	12	ost_fpunkf1	Ferril's Female Punk (Cat), version 1	Ferril's Female Punk (Cat), version 1		pending	
dialogue:CHARACTERMUSEUM.TXT:13:ost_fpunkf2	dialogue	CHARACTERMUSEUM.TXT	13	ost_fpunkf2	Ferril's Female Punk (Cat), version 2	Ferril's Female Punk (Cat), version 2		pending	
dialogue:CHARACTERMUSEUM.TXT:14:ost_fpunkm1	dialogue	CHARACTERMUSEUM.TXT	14	ost_fpunkm1	Ferril's Male Punk (Boar), version 1	Ferril's Male Punk (Boar), version 1		pending	
dialogue:CHARACTERMUSEUM.TXT:15:ost_fpunkm2	dialogue	CHARACTERMUSEUM.TXT	15	ost_fpunkm2	Ferril's Male Punk (Boar), version 2	Ferril's Male Punk (Boar), version 2		pending	
dialogue:CHARACTERMUSEUM.TXT:16:ost_fvamp	dialogue	CHARACTERMUSEUM.TXT	16	ost_fvamp	Ferril's Vampire (Brute)	Ferril's Vampire (Brute)		pending	
dialogue:CHARACTERMUSEUM.TXT:17:ost_genfemale1	dialogue	CHARACTERMUSEUM.TXT	17	ost_genfemale1	Generic human female, version 1	Generic human female, version 1		pending	
dialogue:CHARACTERMUSEUM.TXT:18:ost_genfemale2	dialogue	CHARACTERMUSEUM.TXT	18	ost_genfemale2	Generic human female, version 2	Generic human female, version 2		pending	
dialogue:CHARACTERMUSEUM.TXT:19:ost_genmale1	dialogue	CHARACTERMUSEUM.TXT	19	ost_genmale1	Generic human male, version 1	Generic human male, version 1		pending	
dialogue:CHARACTERMUSEUM.TXT:20:ost_genmale2	dialogue	CHARACTERMUSEUM.TXT	20	ost_genmale2	Generic human male, version 2	Generic human male, version 2		pending	
dialogue:CHARACTERMUSEUM.TXT:21:ost_kagan	dialogue	CHARACTERMUSEUM.TXT	21	ost_kagan	Kagan	Kagan		pending	
dialogue:CHARACTERMUSEUM.TXT:22:ost_kbioarmor	dialogue	CHARACTERMUSEUM.TXT	22	ost_kbioarmor	Kagan's Bio Armor	Kagan's Bio Armor		pending	
dialogue:CHARACTERMUSEUM.TXT:23:ost_kimsui	dialogue	CHARACTERMUSEUM.TXT	23	ost_kimsui	Kimsui	Kimsui		pending	
dialogue:CHARACTERMUSEUM.TXT:24:ost_kvamp	dialogue	CHARACTERMUSEUM.TXT	24	ost_kvamp	Kagan's Vampire	Kagan's Vampire		pending	
dialogue:CHARACTERMUSEUM.TXT:25:ost_lpunkm1	dialogue	CHARACTERMUSEUM.TXT	25	ost_lpunkm1	Lockdown's Male Punk, version 1	Lockdown's Male Punk, version 1		pending	
dialogue:CHARACTERMUSEUM.TXT:26:ost_lpunkm2	dialogue	CHARACTERMUSEUM.TXT	26	ost_lpunkm2	Lockdown's Male Punk, version 2	Lockdown's Male Punk, version 2		pending	
dialogue:CHARACTERMUSEUM.TXT:27:ost_lvamp	dialogue	CHARACTERMUSEUM.TXT	27	ost_lvamp	Lockdown's Vampire (Foreman)	Lockdown's Vampire (Foreman)		pending	
dialogue:CHARACTERMUSEUM.TXT:28:ost_mora	dialogue	CHARACTERMUSEUM.TXT	28	ost_mora	Mora	Mora		pending	
dialogue:CHARACTERMUSEUM.TXT:29:ost_once	dialogue	CHARACTERMUSEUM.TXT	29	ost_once	Step into the alcoves to the left and right to skip to the previous/next character.	Step into the alcoves to the left and right to skip to the previous/next character.		pending	
dialogue:CHARACTERMUSEUM.TXT:30:ost_police1	dialogue	CHARACTERMUSEUM.TXT	30	ost_police1	Police officer, version 1	Police officer, version 1		pending	
dialogue:CHARACTERMUSEUM.TXT:31:ost_police2	dialogue	CHARACTERMUSEUM.TXT	31	ost_police2	Police officer, version 2	Police officer, version 2		pending	
dialogue:CHARACTERMUSEUM.TXT:32:ost_police3	dialogue	CHARACTERMUSEUM.TXT	32	ost_police3	Police officer, riot gear	Police officer, riot gear		pending	
dialogue:CHARACTERMUSEUM.TXT:33:ost_raynedress	dialogue	CHARACTERMUSEUM.TXT	33	ost_raynedress	Rayne's party dress	Rayne's party dress		pending	
dialogue:CHARACTERMUSEUM.TXT:34:ost_slezz	dialogue	CHARACTERMUSEUM.TXT	34	ost_slezz	Slezz	Slezz		pending	
dialogue:CHARACTERMUSEUM.TXT:35:ost_spinauto	dialogue	CHARACTERMUSEUM.TXT	35	ost_spinauto	Automatic spin mode.	Automatic spin mode.		pending	
dialogue:CHARACTERMUSEUM.TXT:36:ost_spinman	dialogue	CHARACTERMUSEUM.TXT	36	ost_spinman	Manual spin mode. Stand in the center alcove to spin the model.	Manual spin mode. Stand in the center alcove to spin the model.		pending	
dialogue:CHARACTERMUSEUM.TXT:37:ost_unraveler	dialogue	CHARACTERMUSEUM.TXT	37	ost_unraveler	Unraveler	Unraveler		pending	
dialogue:CHARACTERMUSEUM.TXT:38:ost_upunkm1	dialogue	CHARACTERMUSEUM.TXT	38	ost_upunkm1	Unraveler's Male Punk, version 1	Unraveler's Male Punk, version 1		pending	
dialogue:CHARACTERMUSEUM.TXT:39:ost_upunkm2	dialogue	CHARACTERMUSEUM.TXT	39	ost_upunkm2	Unraveler's Male Punk, version 2	Unraveler's Male Punk, version 2		pending	
dialogue:CHARACTERMUSEUM.TXT:40:ost_xerx	dialogue	CHARACTERMUSEUM.TXT	40	ost_xerx	Xerx	Xerx		pending	
dialogue:CHARACTERMUSEUM.TXT:41:ost_xpunkm1	dialogue	CHARACTERMUSEUM.TXT	41	ost_xpunkm1	Xerx's Male Punk, version 1	Xerx's Male Punk, version 1		pending	
dialogue:CHARACTERMUSEUM.TXT:42:ost_xpunkm2	dialogue	CHARACTERMUSEUM.TXT	42	ost_xpunkm2	Xerx's Male Punk, version 2	Xerx's Male Punk, version 2		pending	
dialogue:CHARACTERMUSEUM.TXT:43:ost_zerenzki	dialogue	CHARACTERMUSEUM.TXT	43	ost_zerenzki	Zerenzki	Zerenzki		pending	
dialogue:CHARACTERMUSEUM.TXT:44:ost_zpunkf1	dialogue	CHARACTERMUSEUM.TXT	44	ost_zpunkf1	Zerenzki's Female Punk	Zerenzki's Female Punk		pending	
dialogue:CHARACTERMUSEUM.TXT:45:ost_zpunkm1	dialogue	CHARACTERMUSEUM.TXT	45	ost_zpunkm1	Zerenzki's Male Punk, version 1	Zerenzki's Male Punk, version 1		pending	
dialogue:CHARACTERMUSEUM.TXT:46:ost_zpunkm2	dialogue	CHARACTERMUSEUM.TXT	46	ost_zpunkm2	Zerenzki's Male Punk, version 2	Zerenzki's Male Punk, version 2		pending	
dialogue:CHARACTERMUSEUM.TXT:47:ost_zvamp	dialogue	CHARACTERMUSEUM.TXT	47	ost_zvamp	Zerenzki's Vampire	Zerenzki's Vampire		pending	
dialogue:CHARACTERMUSEUM_ACT1.TXT:1:ost_cont	dialogue	CHARACTERMUSEUM_ACT1.TXT	1	ost_cont	Stand in the alcoves to the left and right to scroll through the previous/next characters.	Stand in the alcoves to the left and right to scroll through the previous/next characters.		pending	
dialogue:CHARACTERMUSEUM_ACT1.TXT:2:ost_dhamp	dialogue	CHARACTERMUSEUM_ACT1.TXT	2	ost_dhamp	Dhampir, male	Dhampir, male		pending	
dialogue:CHARACTERMUSEUM_ACT1.TXT:3:ost_dhampf	dialogue	CHARACTERMUSEUM_ACT1.TXT	3	ost_dhampf	Dhampir, female	Dhampir, female		pending	
dialogue:CHARACTERMUSEUM_ACT1.TXT:4:ost_dhampk	dialogue	CHARACTERMUSEUM_ACT1.TXT	4	ost_dhampk	Kestrel	Kestrel		pending	
dialogue:CHARACTERMUSEUM_ACT1.TXT:5:ost_ephemera	dialogue	CHARACTERMUSEUM_ACT1.TXT	5	ost_ephemera	Ephemera	Ephemera		pending	
dialogue:CHARACTERMUSEUM_ACT1.TXT:6:ost_epunkf1	dialogue	CHARACTERMUSEUM_ACT1.TXT	6	ost_epunkf1	Ephemera's Female Punk	Ephemera's Female Punk		pending	
dialogue:CHARACTERMUSEUM_ACT1.TXT:7:ost_epunkf2	dialogue	CHARACTERMUSEUM_ACT1.TXT	7	ost_epunkf2	Ephemera's Female Punk, version 2	Ephemera's Female Punk, version 2		pending	
dialogue:CHARACTERMUSEUM_ACT1.TXT:8:ost_epunkm1	dialogue	CHARACTERMUSEUM_ACT1.TXT	8	ost_epunkm1	Ephemera's Male Punk	Ephemera's Male Punk		pending	
dialogue:CHARACTERMUSEUM_ACT1.TXT:9:ost_esgoth	dialogue	CHARACTERMUSEUM_ACT1.TXT	9	ost_esgoth	Esgoth	Esgoth		pending	
dialogue:CHARACTERMUSEUM_ACT1.TXT:10:ost_evamp	dialogue	CHARACTERMUSEUM_ACT1.TXT	10	ost_evamp	Ephemera's Vampire	Ephemera's Vampire		pending	
dialogue:CHARACTERMUSEUM_ACT1.TXT:11:ost_ferril	dialogue	CHARACTERMUSEUM_ACT1.TXT	11	ost_ferril	Ferril	Ferril		pending	
dialogue:CHARACTERMUSEUM_ACT1.TXT:12:ost_fpunkf1	dialogue	CHARACTERMUSEUM_ACT1.TXT	12	ost_fpunkf1	Ferril's Female Punk (Cat), version 1	Ferril's Female Punk (Cat), version 1		pending	
dialogue:CHARACTERMUSEUM_ACT1.TXT:13:ost_fpunkf2	dialogue	CHARACTERMUSEUM_ACT1.TXT	13	ost_fpunkf2	Ferril's Female Punk (Cat), version 2	Ferril's Female Punk (Cat), version 2		pending	
dialogue:CHARACTERMUSEUM_ACT1.TXT:14:ost_fpunkm1	dialogue	CHARACTERMUSEUM_ACT1.TXT	14	ost_fpunkm1	Ferril's Male Punk (Boar), version 1	Ferril's Male Punk (Boar), version 1		pending	
dialogue:CHARACTERMUSEUM_ACT1.TXT:15:ost_fpunkm2	dialogue	CHARACTERMUSEUM_ACT1.TXT	15	ost_fpunkm2	Ferril's Male Punk (Boar), version 2	Ferril's Male Punk (Boar), version 2		pending	
dialogue:CHARACTERMUSEUM_ACT1.TXT:16:ost_fvamp	dialogue	CHARACTERMUSEUM_ACT1.TXT	16	ost_fvamp	Ferril's Vampire (Brute)	Ferril's Vampire (Brute)		pending	
dialogue:CHARACTERMUSEUM_ACT1.TXT:17:ost_genfemale1	dialogue	CHARACTERMUSEUM_ACT1.TXT	17	ost_genfemale1	Generic human female, version 1	Generic human female, version 1		pending	
dialogue:CHARACTERMUSEUM_ACT1.TXT:18:ost_genfemale2	dialogue	CHARACTERMUSEUM_ACT1.TXT	18	ost_genfemale2	Generic human female, version 2	Generic human female, version 2		pending	
dialogue:CHARACTERMUSEUM_ACT1.TXT:19:ost_genmale1	dialogue	CHARACTERMUSEUM_ACT1.TXT	19	ost_genmale1	Generic human male, version 1	Generic human male, version 1		pending	
dialogue:CHARACTERMUSEUM_ACT1.TXT:20:ost_genmale2	dialogue	CHARACTERMUSEUM_ACT1.TXT	20	ost_genmale2	Generic human male, version 2	Generic human male, version 2		pending	
dialogue:CHARACTERMUSEUM_ACT1.TXT:21:ost_kagan	dialogue	CHARACTERMUSEUM_ACT1.TXT	21	ost_kagan	Kagan	Kagan		pending	
dialogue:CHARACTERMUSEUM_ACT1.TXT:22:ost_kbioarmor	dialogue	CHARACTERMUSEUM_ACT1.TXT	22	ost_kbioarmor	Kagan's Bio Armor	Kagan's Bio Armor		pending	
dialogue:CHARACTERMUSEUM_ACT1.TXT:23:ost_kimsui	dialogue	CHARACTERMUSEUM_ACT1.TXT	23	ost_kimsui	Kimsui	Kimsui		pending	
dialogue:CHARACTERMUSEUM_ACT1.TXT:24:ost_kvamp	dialogue	CHARACTERMUSEUM_ACT1.TXT	24	ost_kvamp	Kagan's Vampire	Kagan's Vampire		pending	
dialogue:CHARACTERMUSEUM_ACT1.TXT:25:ost_lpunkm1	dialogue	CHARACTERMUSEUM_ACT1.TXT	25	ost_lpunkm1	Lockdown's Male Punk, version 1	Lockdown's Male Punk, version 1		pending	
dialogue:CHARACTERMUSEUM_ACT1.TXT:26:ost_lpunkm2	dialogue	CHARACTERMUSEUM_ACT1.TXT	26	ost_lpunkm2	Lockdown's Male Punk, version 2	Lockdown's Male Punk, version 2		pending	
dialogue:CHARACTERMUSEUM_ACT1.TXT:27:ost_lvamp	dialogue	CHARACTERMUSEUM_ACT1.TXT	27	ost_lvamp	Lockdown's Vampire (Foreman)	Lockdown's Vampire (Foreman)		pending	
dialogue:CHARACTERMUSEUM_ACT1.TXT:28:ost_mora	dialogue	CHARACTERMUSEUM_ACT1.TXT	28	ost_mora	Mora	Mora		pending	
dialogue:CHARACTERMUSEUM_ACT1.TXT:29:ost_once	dialogue	CHARACTERMUSEUM_ACT1.TXT	29	ost_once	Step into the alcoves to the left and right to skip to the previous/next character.	Step into the alcoves to the left and right to skip to the previous/next character.		pending	
dialogue:CHARACTERMUSEUM_ACT1.TXT:30:ost_police1	dialogue	CHARACTERMUSEUM_ACT1.TXT	30	ost_police1	Police officer, version 1	Police officer, version 1		pending	
dialogue:CHARACTERMUSEUM_ACT1.TXT:31:ost_police2	dialogue	CHARACTERMUSEUM_ACT1.TXT	31	ost_police2	Police officer, version 2	Police officer, version 2		pending	
dialogue:CHARACTERMUSEUM_ACT1.TXT:32:ost_police3	dialogue	CHARACTERMUSEUM_ACT1.TXT	32	ost_police3	Police officer, riot gear	Police officer, riot gear		pending	
dialogue:CHARACTERMUSEUM_ACT1.TXT:33:ost_raynedress	dialogue	CHARACTERMUSEUM_ACT1.TXT	33	ost_raynedress	Rayne's party dress	Rayne's party dress		pending	
dialogue:CHARACTERMUSEUM_ACT1.TXT:34:ost_severin	dialogue	CHARACTERMUSEUM_ACT1.TXT	34	ost_severin	Severin	Severin		pending	
dialogue:CHARACTERMUSEUM_ACT1.TXT:35:ost_spinauto	dialogue	CHARACTERMUSEUM_ACT1.TXT	35	ost_spinauto	Automatic spin mode.	Automatic spin mode.		pending	
dialogue:CHARACTERMUSEUM_ACT1.TXT:36:ost_spinman	dialogue	CHARACTERMUSEUM_ACT1.TXT	36	ost_spinman	Manual spin mode. Stand in the center alcove to spin the model.	Manual spin mode. Stand in the center alcove to spin the model.		pending	
dialogue:CHARACTERMUSEUM_ACT1.TXT:37:ost_unraveler	dialogue	CHARACTERMUSEUM_ACT1.TXT	37	ost_unraveler	Unraveler	Unraveler		pending	
dialogue:CHARACTERMUSEUM_ACT1.TXT:38:ost_upunkm1	dialogue	CHARACTERMUSEUM_ACT1.TXT	38	ost_upunkm1	Unraveler's Male Punk, version 1	Unraveler's Male Punk, version 1		pending	
dialogue:CHARACTERMUSEUM_ACT1.TXT:39:ost_upunkm2	dialogue	CHARACTERMUSEUM_ACT1.TXT	39	ost_upunkm2	Unraveler's Male Punk, version 2	Unraveler's Male Punk, version 2		pending	
dialogue:CHARACTERMUSEUM_ACT1.TXT:40:ost_xerx	dialogue	CHARACTERMUSEUM_ACT1.TXT	40	ost_xerx	Xerx	Xerx		pending	
dialogue:CHARACTERMUSEUM_ACT1.TXT:41:ost_xpunkm1	dialogue	CHARACTERMUSEUM_ACT1.TXT	41	ost_xpunkm1	Xerx's Male Punk, version 1	Xerx's Male Punk, version 1		pending	
dialogue:CHARACTERMUSEUM_ACT1.TXT:42:ost_xpunkm2	dialogue	CHARACTERMUSEUM_ACT1.TXT	42	ost_xpunkm2	Xerx's Male Punk, version 2	Xerx's Male Punk, version 2		pending	
dialogue:CHARACTERMUSEUM_ACT1.TXT:43:ost_zerenzki	dialogue	CHARACTERMUSEUM_ACT1.TXT	43	ost_zerenzki	Zerenzki	Zerenzki		pending	
dialogue:CHARACTERMUSEUM_ACT1.TXT:44:ost_zpunkf1	dialogue	CHARACTERMUSEUM_ACT1.TXT	44	ost_zpunkf1	Zerenzki's Female Minion	Zerenzki's Female Minion		pending	
dialogue:CHARACTERMUSEUM_ACT1.TXT:45:ost_zpunkm1	dialogue	CHARACTERMUSEUM_ACT1.TXT	45	ost_zpunkm1	Zerenzki's Male Minion, version 1	Zerenzki's Male Minion, version 1		pending	
dialogue:CHARACTERMUSEUM_ACT1.TXT:46:ost_zpunkm2	dialogue	CHARACTERMUSEUM_ACT1.TXT	46	ost_zpunkm2	Zerenzki's Male Minion, version 2	Zerenzki's Male Minion, version 2		pending	
dialogue:CHARACTERMUSEUM_ACT1.TXT:47:ost_zvamp	dialogue	CHARACTERMUSEUM_ACT1.TXT	47	ost_zvamp	Zerenzki's Vampire	Zerenzki's Vampire		pending	
dialogue:CHARACTERMUSEUM_ACT2.TXT:1:ost_brute	dialogue	CHARACTERMUSEUM_ACT2.TXT	1	ost_brute	Ferril's Vampire (Brute)	Ferril's Vampire (Brute)		pending	
dialogue:CHARACTERMUSEUM_ACT2.TXT:2:ost_cont	dialogue	CHARACTERMUSEUM_ACT2.TXT	2	ost_cont	Stand in the alcoves to the left and right to scroll through the previous/next characters.	Stand in the alcoves to the left and right to scroll through the previous/next characters.		pending	
dialogue:CHARACTERMUSEUM_ACT2.TXT:3:ost_dhamp	dialogue	CHARACTERMUSEUM_ACT2.TXT	3	ost_dhamp	Dhampir, male	Dhampir, male		pending	
dialogue:CHARACTERMUSEUM_ACT2.TXT:4:ost_dhampf	dialogue	CHARACTERMUSEUM_ACT2.TXT	4	ost_dhampf	Dhampir, female	Dhampir, female		pending	
dialogue:CHARACTERMUSEUM_ACT2.TXT:5:ost_dhampk	dialogue	CHARACTERMUSEUM_ACT2.TXT	5	ost_dhampk	Kestrel	Kestrel		pending	
dialogue:CHARACTERMUSEUM_ACT2.TXT:6:ost_ephemera	dialogue	CHARACTERMUSEUM_ACT2.TXT	6	ost_ephemera	Ephemera	Ephemera		pending	
dialogue:CHARACTERMUSEUM_ACT2.TXT:7:ost_epunkf1	dialogue	CHARACTERMUSEUM_ACT2.TXT	7	ost_epunkf1	Ephemera's Female Punk	Ephemera's Female Punk		pending	
dialogue:CHARACTERMUSEUM_ACT2.TXT:8:ost_epunkf2	dialogue	CHARACTERMUSEUM_ACT2.TXT	8	ost_epunkf2	Ephemera's Female Punk, version 2	Ephemera's Female Punk, version 2		pending	
dialogue:CHARACTERMUSEUM_ACT2.TXT:9:ost_epunkm1	dialogue	CHARACTERMUSEUM_ACT2.TXT	9	ost_epunkm1	Ephemera's Male Punk	Ephemera's Male Punk		pending	
dialogue:CHARACTERMUSEUM_ACT2.TXT:10:ost_esgoth	dialogue	CHARACTERMUSEUM_ACT2.TXT	10	ost_esgoth	Esgoth	Esgoth		pending	
dialogue:CHARACTERMUSEUM_ACT2.TXT:11:ost_evamp	dialogue	CHARACTERMUSEUM_ACT2.TXT	11	ost_evamp	Ephemera's Vampire	Ephemera's Vampire		pending	
dialogue:CHARACTERMUSEUM_ACT2.TXT:12:ost_ferril	dialogue	CHARACTERMUSEUM_ACT2.TXT	12	ost_ferril	Ferril	Ferril		pending	
dialogue:CHARACTERMUSEUM_ACT2.TXT:13:ost_fpunkf1	dialogue	CHARACTERMUSEUM_ACT2.TXT	13	ost_fpunkf1	Ferril's Female Punk (Cat), version 1	Ferril's Female Punk (Cat), version 1		pending	
dialogue:CHARACTERMUSEUM_ACT2.TXT:14:ost_fpunkf2	dialogue	CHARACTERMUSEUM_ACT2.TXT	14	ost_fpunkf2	Ferril's Female Punk (Cat), version 2	Ferril's Female Punk (Cat), version 2		pending	
dialogue:CHARACTERMUSEUM_ACT2.TXT:15:ost_fpunkm1	dialogue	CHARACTERMUSEUM_ACT2.TXT	15	ost_fpunkm1	Ferril's Male Punk (Boar), version 1	Ferril's Male Punk (Boar), version 1		pending	
dialogue:CHARACTERMUSEUM_ACT2.TXT:16:ost_fpunkm2	dialogue	CHARACTERMUSEUM_ACT2.TXT	16	ost_fpunkm2	Ferril's Male Punk (Boar), version 2	Ferril's Male Punk (Boar), version 2		pending	
dialogue:CHARACTERMUSEUM_ACT2.TXT:17:ost_fvamp	dialogue	CHARACTERMUSEUM_ACT2.TXT	17	ost_fvamp	Ferril's Vampire (Brute)	Ferril's Vampire (Brute)		pending	
dialogue:CHARACTERMUSEUM_ACT2.TXT:18:ost_genfemale1	dialogue	CHARACTERMUSEUM_ACT2.TXT	18	ost_genfemale1	Generic human female, version 1	Generic human female, version 1		pending	
dialogue:CHARACTERMUSEUM_ACT2.TXT:19:ost_genfemale2	dialogue	CHARACTERMUSEUM_ACT2.TXT	19	ost_genfemale2	Generic human female, version 2	Generic human female, version 2		pending	
dialogue:CHARACTERMUSEUM_ACT2.TXT:20:ost_genmale1	dialogue	CHARACTERMUSEUM_ACT2.TXT	20	ost_genmale1	Generic human male, version 1	Generic human male, version 1		pending	
dialogue:CHARACTERMUSEUM_ACT2.TXT:21:ost_genmale2	dialogue	CHARACTERMUSEUM_ACT2.TXT	21	ost_genmale2	Generic human male, version 2	Generic human male, version 2		pending	
dialogue:CHARACTERMUSEUM_ACT2.TXT:22:ost_kagan	dialogue	CHARACTERMUSEUM_ACT2.TXT	22	ost_kagan	Kagan	Kagan		pending	
dialogue:CHARACTERMUSEUM_ACT2.TXT:23:ost_kbioarmor	dialogue	CHARACTERMUSEUM_ACT2.TXT	23	ost_kbioarmor	Kagan's Bio Armor	Kagan's Bio Armor		pending	
dialogue:CHARACTERMUSEUM_ACT2.TXT:24:ost_kimsui	dialogue	CHARACTERMUSEUM_ACT2.TXT	24	ost_kimsui	Kimsui	Kimsui		pending	
dialogue:CHARACTERMUSEUM_ACT2.TXT:25:ost_kvamp	dialogue	CHARACTERMUSEUM_ACT2.TXT	25	ost_kvamp	Kagan's Vampire	Kagan's Vampire		pending	
dialogue:CHARACTERMUSEUM_ACT2.TXT:26:ost_lpunkm1	dialogue	CHARACTERMUSEUM_ACT2.TXT	26	ost_lpunkm1	Lockdown's Male Punk, version 1	Lockdown's Male Punk, version 1		pending	
dialogue:CHARACTERMUSEUM_ACT2.TXT:27:ost_lpunkm2	dialogue	CHARACTERMUSEUM_ACT2.TXT	27	ost_lpunkm2	Lockdown's Male Punk, version 2	Lockdown's Male Punk, version 2		pending	
dialogue:CHARACTERMUSEUM_ACT2.TXT:28:ost_lvamp	dialogue	CHARACTERMUSEUM_ACT2.TXT	28	ost_lvamp	Lockdown's Vampire (Foreman)	Lockdown's Vampire (Foreman)		pending	
dialogue:CHARACTERMUSEUM_ACT2.TXT:29:ost_mancow	dialogue	CHARACTERMUSEUM_ACT2.TXT	29	ost_mancow	Mancow	Mancow		pending	
dialogue:CHARACTERMUSEUM_ACT2.TXT:30:ost_mora	dialogue	CHARACTERMUSEUM_ACT2.TXT	30	ost_mora	Mora	Mora		pending	
dialogue:CHARACTERMUSEUM_ACT2.TXT:31:ost_once	dialogue	CHARACTERMUSEUM_ACT2.TXT	31	ost_once	Step into the alcoves to the left and right to skip to the previous/next character.	Step into the alcoves to the left and right to skip to the previous/next character.		pending	
dialogue:CHARACTERMUSEUM_ACT2.TXT:32:ost_police1	dialogue	CHARACTERMUSEUM_ACT2.TXT	32	ost_police1	Police officer, version 1	Police officer, version 1		pending	
dialogue:CHARACTERMUSEUM_ACT2.TXT:33:ost_police2	dialogue	CHARACTERMUSEUM_ACT2.TXT	33	ost_police2	Police officer, version 2	Police officer, version 2		pending	
dialogue:CHARACTERMUSEUM_ACT2.TXT:34:ost_police3	dialogue	CHARACTERMUSEUM_ACT2.TXT	34	ost_police3	Police officer, riot gear	Police officer, riot gear		pending	
dialogue:CHARACTERMUSEUM_ACT2.TXT:35:ost_raynedress	dialogue	CHARACTERMUSEUM_ACT2.TXT	35	ost_raynedress	Rayne's party dress	Rayne's party dress		pending	
dialogue:CHARACTERMUSEUM_ACT2.TXT:36:ost_slezz	dialogue	CHARACTERMUSEUM_ACT2.TXT	36	ost_slezz	Slezz	Slezz		pending	
dialogue:CHARACTERMUSEUM_ACT2.TXT:37:ost_spinauto	dialogue	CHARACTERMUSEUM_ACT2.TXT	37	ost_spinauto	Automatic spin mode.	Automatic spin mode.		pending	
dialogue:CHARACTERMUSEUM_ACT2.TXT:38:ost_spinman	dialogue	CHARACTERMUSEUM_ACT2.TXT	38	ost_spinman	Manual spin mode. Stand in the center alcove to spin the model.	Manual spin mode. Stand in the center alcove to spin the model.		pending	
dialogue:CHARACTERMUSEUM_ACT2.TXT:39:ost_unraveler	dialogue	CHARACTERMUSEUM_ACT2.TXT	39	ost_unraveler	Unraveler	Unraveler		pending	
dialogue:CHARACTERMUSEUM_ACT2.TXT:40:ost_upunkm1	dialogue	CHARACTERMUSEUM_ACT2.TXT	40	ost_upunkm1	Unraveler's Male Punk, version 1	Unraveler's Male Punk, version 1		pending	
dialogue:CHARACTERMUSEUM_ACT2.TXT:41:ost_upunkm2	dialogue	CHARACTERMUSEUM_ACT2.TXT	41	ost_upunkm2	Unraveler's Male Punk, version 2	Unraveler's Male Punk, version 2		pending	
dialogue:CHARACTERMUSEUM_ACT2.TXT:42:ost_xerx	dialogue	CHARACTERMUSEUM_ACT2.TXT	42	ost_xerx	Xerx	Xerx		pending	
dialogue:CHARACTERMUSEUM_ACT2.TXT:43:ost_xpunkm1	dialogue	CHARACTERMUSEUM_ACT2.TXT	43	ost_xpunkm1	Xerx's Male Punk, version 1	Xerx's Male Punk, version 1		pending	
dialogue:CHARACTERMUSEUM_ACT2.TXT:44:ost_xpunkm2	dialogue	CHARACTERMUSEUM_ACT2.TXT	44	ost_xpunkm2	Xerx's Male Punk, version 2	Xerx's Male Punk, version 2		pending	
dialogue:CHARACTERMUSEUM_ACT2.TXT:45:ost_zerenzki	dialogue	CHARACTERMUSEUM_ACT2.TXT	45	ost_zerenzki	Zerenzki	Zerenzki		pending	
dialogue:CHARACTERMUSEUM_ACT2.TXT:46:ost_zpunkf1	dialogue	CHARACTERMUSEUM_ACT2.TXT	46	ost_zpunkf1	Zerenzki's Female Punk	Zerenzki's Female Punk		pending	
dialogue:CHARACTERMUSEUM_ACT2.TXT:47:ost_zpunkm1	dialogue	CHARACTERMUSEUM_ACT2.TXT	47	ost_zpunkm1	Zerenzki's Male Punk, version 1	Zerenzki's Male Punk, version 1		pending	
dialogue:CHARACTERMUSEUM_ACT2.TXT:48:ost_zpunkm2	dialogue	CHARACTERMUSEUM_ACT2.TXT	48	ost_zpunkm2	Zerenzki's Male Punk, version 2	Zerenzki's Male Punk, version 2		pending	
dialogue:CHARACTERMUSEUM_ACT2.TXT:49:ost_zvamp	dialogue	CHARACTERMUSEUM_ACT2.TXT	49	ost_zvamp	Zerenzki's Vampire	Zerenzki's Vampire		pending	
dialogue:CHARACTERMUSEUM_ACT3.TXT:1:ost_cont	dialogue	CHARACTERMUSEUM_ACT3.TXT	1	ost_cont	Stand in the alcoves to the left and right to scroll through the previous/next characters.	Stand in the alcoves to the left and right to scroll through the previous/next characters.		pending	
dialogue:CHARACTERMUSEUM_ACT3.TXT:2:ost_dhamp	dialogue	CHARACTERMUSEUM_ACT3.TXT	2	ost_dhamp	Dhampir, male	Dhampir, male		pending	
dialogue:CHARACTERMUSEUM_ACT3.TXT:3:ost_dhampf	dialogue	CHARACTERMUSEUM_ACT3.TXT	3	ost_dhampf	Dhampir, female	Dhampir, female		pending	
dialogue:CHARACTERMUSEUM_ACT3.TXT:4:ost_dhampk	dialogue	CHARACTERMUSEUM_ACT3.TXT	4	ost_dhampk	Kestrel	Kestrel		pending	
dialogue:CHARACTERMUSEUM_ACT3.TXT:5:ost_ephemera	dialogue	CHARACTERMUSEUM_ACT3.TXT	5	ost_ephemera	Ephemera	Ephemera		pending	
dialogue:CHARACTERMUSEUM_ACT3.TXT:6:ost_epunkf1	dialogue	CHARACTERMUSEUM_ACT3.TXT	6	ost_epunkf1	Ephemera's Female Punk	Ephemera's Female Punk		pending	
dialogue:CHARACTERMUSEUM_ACT3.TXT:7:ost_epunkf2	dialogue	CHARACTERMUSEUM_ACT3.TXT	7	ost_epunkf2	Ephemera's Female Punk, version 2	Ephemera's Female Punk, version 2		pending	
dialogue:CHARACTERMUSEUM_ACT3.TXT:8:ost_epunkm1	dialogue	CHARACTERMUSEUM_ACT3.TXT	8	ost_epunkm1	Ephemera's Male Punk	Ephemera's Male Punk		pending	
dialogue:CHARACTERMUSEUM_ACT3.TXT:9:ost_esgoth	dialogue	CHARACTERMUSEUM_ACT3.TXT	9	ost_esgoth	Esgoth	Esgoth		pending	
dialogue:CHARACTERMUSEUM_ACT3.TXT:10:ost_evamp	dialogue	CHARACTERMUSEUM_ACT3.TXT	10	ost_evamp	Ephemera's Vampire	Ephemera's Vampire		pending	
dialogue:CHARACTERMUSEUM_ACT3.TXT:11:ost_ferril	dialogue	CHARACTERMUSEUM_ACT3.TXT	11	ost_ferril	Ferril	Ferril		pending	
dialogue:CHARACTERMUSEUM_ACT3.TXT:12:ost_fpunkf1	dialogue	CHARACTERMUSEUM_ACT3.TXT	12	ost_fpunkf1	Ferril's Female Punk (Cat), version 1	Ferril's Female Punk (Cat), version 1		pending	
dialogue:CHARACTERMUSEUM_ACT3.TXT:13:ost_fpunkf2	dialogue	CHARACTERMUSEUM_ACT3.TXT	13	ost_fpunkf2	Ferril's Female Punk (Cat), version 2	Ferril's Female Punk (Cat), version 2		pending	
dialogue:CHARACTERMUSEUM_ACT3.TXT:14:ost_fpunkm1	dialogue	CHARACTERMUSEUM_ACT3.TXT	14	ost_fpunkm1	Ferril's Male Punk (Boar), version 1	Ferril's Male Punk (Boar), version 1		pending	
dialogue:CHARACTERMUSEUM_ACT3.TXT:15:ost_fpunkm2	dialogue	CHARACTERMUSEUM_ACT3.TXT	15	ost_fpunkm2	Ferril's Male Punk (Boar), version 2	Ferril's Male Punk (Boar), version 2		pending	
dialogue:CHARACTERMUSEUM_ACT3.TXT:16:ost_fvamp	dialogue	CHARACTERMUSEUM_ACT3.TXT	16	ost_fvamp	Ferril's Vampire (Brute)	Ferril's Vampire (Brute)		pending	
dialogue:CHARACTERMUSEUM_ACT3.TXT:17:ost_genfemale1	dialogue	CHARACTERMUSEUM_ACT3.TXT	17	ost_genfemale1	Generic human female, version 1	Generic human female, version 1		pending	
dialogue:CHARACTERMUSEUM_ACT3.TXT:18:ost_genfemale2	dialogue	CHARACTERMUSEUM_ACT3.TXT	18	ost_genfemale2	Generic human female, version 2	Generic human female, version 2		pending	
dialogue:CHARACTERMUSEUM_ACT3.TXT:19:ost_genmale1	dialogue	CHARACTERMUSEUM_ACT3.TXT	19	ost_genmale1	Generic human male, version 1	Generic human male, version 1		pending	
dialogue:CHARACTERMUSEUM_ACT3.TXT:20:ost_genmale2	dialogue	CHARACTERMUSEUM_ACT3.TXT	20	ost_genmale2	Generic human male, version 2	Generic human male, version 2		pending	
dialogue:CHARACTERMUSEUM_ACT3.TXT:21:ost_kagan	dialogue	CHARACTERMUSEUM_ACT3.TXT	21	ost_kagan	Kagan	Kagan		pending	
dialogue:CHARACTERMUSEUM_ACT3.TXT:22:ost_kbioarmor	dialogue	CHARACTERMUSEUM_ACT3.TXT	22	ost_kbioarmor	Kagan's Bio Armor	Kagan's Bio Armor		pending	
dialogue:CHARACTERMUSEUM_ACT3.TXT:23:ost_kimsui	dialogue	CHARACTERMUSEUM_ACT3.TXT	23	ost_kimsui	Kimsui	Kimsui		pending	
dialogue:CHARACTERMUSEUM_ACT3.TXT:24:ost_kvamp	dialogue	CHARACTERMUSEUM_ACT3.TXT	24	ost_kvamp	Kagan's Vampire	Kagan's Vampire		pending	
dialogue:CHARACTERMUSEUM_ACT3.TXT:25:ost_lpunkm1	dialogue	CHARACTERMUSEUM_ACT3.TXT	25	ost_lpunkm1	Lockdown's Male Punk, version 1	Lockdown's Male Punk, version 1		pending	
dialogue:CHARACTERMUSEUM_ACT3.TXT:26:ost_lpunkm2	dialogue	CHARACTERMUSEUM_ACT3.TXT	26	ost_lpunkm2	Lockdown's Male Punk, version 2	Lockdown's Male Punk, version 2		pending	
dialogue:CHARACTERMUSEUM_ACT3.TXT:27:ost_lvamp	dialogue	CHARACTERMUSEUM_ACT3.TXT	27	ost_lvamp	Lockdown's Vampire (Foreman)	Lockdown's Vampire (Foreman)		pending	
dialogue:CHARACTERMUSEUM_ACT3.TXT:28:ost_mora	dialogue	CHARACTERMUSEUM_ACT3.TXT	28	ost_mora	Mora	Mora		pending	
dialogue:CHARACTERMUSEUM_ACT3.TXT:29:ost_once	dialogue	CHARACTERMUSEUM_ACT3.TXT	29	ost_once	Step into the alcoves to the left and right to skip to the previous/next character.	Step into the alcoves to the left and right to skip to the previous/next character.		pending	
dialogue:CHARACTERMUSEUM_ACT3.TXT:30:ost_police1	dialogue	CHARACTERMUSEUM_ACT3.TXT	30	ost_police1	Police officer, version 1	Police officer, version 1		pending	
dialogue:CHARACTERMUSEUM_ACT3.TXT:31:ost_police2	dialogue	CHARACTERMUSEUM_ACT3.TXT	31	ost_police2	Police officer, version 2	Police officer, version 2		pending	
dialogue:CHARACTERMUSEUM_ACT3.TXT:32:ost_police3	dialogue	CHARACTERMUSEUM_ACT3.TXT	32	ost_police3	Police officer, riot gear	Police officer, riot gear		pending	
dialogue:CHARACTERMUSEUM_ACT3.TXT:33:ost_raynedress	dialogue	CHARACTERMUSEUM_ACT3.TXT	33	ost_raynedress	Rayne's party dress	Rayne's party dress		pending	
dialogue:CHARACTERMUSEUM_ACT3.TXT:34:ost_spinauto	dialogue	CHARACTERMUSEUM_ACT3.TXT	34	ost_spinauto	Automatic spin mode.	Automatic spin mode.		pending	
dialogue:CHARACTERMUSEUM_ACT3.TXT:35:ost_spinman	dialogue	CHARACTERMUSEUM_ACT3.TXT	35	ost_spinman	Manual spin mode. Stand in the center alcove to spin the model.	Manual spin mode. Stand in the center alcove to spin the model.		pending	
dialogue:CHARACTERMUSEUM_ACT3.TXT:36:ost_unraveler	dialogue	CHARACTERMUSEUM_ACT3.TXT	36	ost_unraveler	Unraveler	Unraveler		pending	
dialogue:CHARACTERMUSEUM_ACT3.TXT:37:ost_upunkm1	dialogue	CHARACTERMUSEUM_ACT3.TXT	37	ost_upunkm1	Unraveler's Male Punk, version 1	Unraveler's Male Punk, version 1		pending	
dialogue:CHARACTERMUSEUM_ACT3.TXT:38:ost_upunkm2	dialogue	CHARACTERMUSEUM_ACT3.TXT	38	ost_upunkm2	Unraveler's Male Punk, version 2	Unraveler's Male Punk, version 2		pending	
dialogue:CHARACTERMUSEUM_ACT3.TXT:39:ost_xerx	dialogue	CHARACTERMUSEUM_ACT3.TXT	39	ost_xerx	Xerx	Xerx		pending	
dialogue:CHARACTERMUSEUM_ACT3.TXT:40:ost_xpunkm1	dialogue	CHARACTERMUSEUM_ACT3.TXT	40	ost_xpunkm1	Xerx's Male Punk, version 1	Xerx's Male Punk, version 1		pending	
dialogue:CHARACTERMUSEUM_ACT3.TXT:41:ost_xpunkm2	dialogue	CHARACTERMUSEUM_ACT3.TXT	41	ost_xpunkm2	Xerx's Male Punk, version 2	Xerx's Male Punk, version 2		pending	
dialogue:CHARACTERMUSEUM_ACT3.TXT:42:ost_zerenzki	dialogue	CHARACTERMUSEUM_ACT3.TXT	42	ost_zerenzki	Zerenzki	Zerenzki		pending	
dialogue:CHARACTERMUSEUM_ACT3.TXT:43:ost_zpunkf1	dialogue	CHARACTERMUSEUM_ACT3.TXT	43	ost_zpunkf1	Zerenzki's Female Punk	Zerenzki's Female Punk		pending	
dialogue:CHARACTERMUSEUM_ACT3.TXT:44:ost_zpunkm1	dialogue	CHARACTERMUSEUM_ACT3.TXT	44	ost_zpunkm1	Zerenzki's Male Punk, version 1	Zerenzki's Male Punk, version 1		pending	
dialogue:CHARACTERMUSEUM_ACT3.TXT:45:ost_zpunkm2	dialogue	CHARACTERMUSEUM_ACT3.TXT	45	ost_zpunkm2	Zerenzki's Male Punk, version 2	Zerenzki's Male Punk, version 2		pending	
dialogue:CHARACTERMUSEUM_ACT3.TXT:46:ost_zvamp	dialogue	CHARACTERMUSEUM_ACT3.TXT	46	ost_zvamp	Zerenzki's Vampire	Zerenzki's Vampire		pending	
dialogue:CHARACTERMUSEUM_APRIL.TXT:1:ost_cont	dialogue	CHARACTERMUSEUM_APRIL.TXT	1	ost_cont	Stand in the alcoves to the left and right to scroll through the previous/next characters.	Stand in the alcoves to the left and right to scroll through the previous/next characters.		pending	
dialogue:CHARACTERMUSEUM_APRIL.TXT:2:ost_fvamp	dialogue	CHARACTERMUSEUM_APRIL.TXT	2	ost_fvamp	Ferril's Vampire (Brute)	Ferril's Vampire (Brute)		pending	
dialogue:CHARACTERMUSEUM_APRIL.TXT:3:ost_mancow	dialogue	CHARACTERMUSEUM_APRIL.TXT	3	ost_mancow	Mancow	Mancow		pending	
dialogue:CHARACTERMUSEUM_APRIL.TXT:4:ost_once	dialogue	CHARACTERMUSEUM_APRIL.TXT	4	ost_once	Step into the alcoves to the left and right to skip to the previous/next character.	Step into the alcoves to the left and right to skip to the previous/next character.		pending	
dialogue:CHARACTERMUSEUM_APRIL.TXT:5:ost_severin	dialogue	CHARACTERMUSEUM_APRIL.TXT	5	ost_severin	Severin	Severin		pending	
dialogue:CHARACTERMUSEUM_APRIL.TXT:6:ost_spinauto	dialogue	CHARACTERMUSEUM_APRIL.TXT	6	ost_spinauto	Automatic spin mode.	Automatic spin mode.		pending	
dialogue:CHARACTERMUSEUM_APRIL.TXT:7:ost_spinman	dialogue	CHARACTERMUSEUM_APRIL.TXT	7	ost_spinman	Manual spin mode. Stand in the center alcove to spin the model.	Manual spin mode. Stand in the center alcove to spin the model.		pending	
dialogue:CHARACTERMUSEUM_MARCH.TXT:1:ost_cont	dialogue	CHARACTERMUSEUM_MARCH.TXT	1	ost_cont	Stand in the alcoves to the left and right to scroll through the previous/next characters.	Stand in the alcoves to the left and right to scroll through the previous/next characters.		pending	
dialogue:CHARACTERMUSEUM_MARCH.TXT:2:ost_dhamp	dialogue	CHARACTERMUSEUM_MARCH.TXT	2	ost_dhamp	Dhampir - Male	Dhampir - Male		pending	
dialogue:CHARACTERMUSEUM_MARCH.TXT:3:ost_dhampf	dialogue	CHARACTERMUSEUM_MARCH.TXT	3	ost_dhampf	Dhampir - Female	Dhampir - Female		pending	
dialogue:CHARACTERMUSEUM_MARCH.TXT:4:ost_ephemera	dialogue	CHARACTERMUSEUM_MARCH.TXT	4	ost_ephemera	Ephemera	Ephemera		pending	
dialogue:CHARACTERMUSEUM_MARCH.TXT:5:ost_epunkf1	dialogue	CHARACTERMUSEUM_MARCH.TXT	5	ost_epunkf1	Ephemera's Female Punk	Ephemera's Female Punk		pending	
dialogue:CHARACTERMUSEUM_MARCH.TXT:6:ost_epunkf2	dialogue	CHARACTERMUSEUM_MARCH.TXT	6	ost_epunkf2	Ephemera's Female Punk, version 2	Ephemera's Female Punk, version 2		pending	
dialogue:CHARACTERMUSEUM_MARCH.TXT:7:ost_epunkm1	dialogue	CHARACTERMUSEUM_MARCH.TXT	7	ost_epunkm1	Ephemera's Male Punk	Ephemera's Male Punk		pending	
dialogue:CHARACTERMUSEUM_MARCH.TXT:8:ost_esgoth	dialogue	CHARACTERMUSEUM_MARCH.TXT	8	ost_esgoth	Esgoth	Esgoth		pending	
dialogue:CHARACTERMUSEUM_MARCH.TXT:9:ost_evamp	dialogue	CHARACTERMUSEUM_MARCH.TXT	9	ost_evamp	Ephemera's Vampire	Ephemera's Vampire		pending	
dialogue:CHARACTERMUSEUM_MARCH.TXT:10:ost_ferril	dialogue	CHARACTERMUSEUM_MARCH.TXT	10	ost_ferril	Ferril	Ferril		pending	
dialogue:CHARACTERMUSEUM_MARCH.TXT:11:ost_fpunkf1	dialogue	CHARACTERMUSEUM_MARCH.TXT	11	ost_fpunkf1	Ferril's Female Punk (Cat), version 1	Ferril's Female Punk (Cat), version 1		pending	
dialogue:CHARACTERMUSEUM_MARCH.TXT:12:ost_fpunkf2	dialogue	CHARACTERMUSEUM_MARCH.TXT	12	ost_fpunkf2	Ferril's Female Punk (Cat), version 2	Ferril's Female Punk (Cat), version 2		pending	
dialogue:CHARACTERMUSEUM_MARCH.TXT:13:ost_fpunkm1	dialogue	CHARACTERMUSEUM_MARCH.TXT	13	ost_fpunkm1	Ferril's Male Punk (Boar), version 1	Ferril's Male Punk (Boar), version 1		pending	
dialogue:CHARACTERMUSEUM_MARCH.TXT:14:ost_fpunkm2	dialogue	CHARACTERMUSEUM_MARCH.TXT	14	ost_fpunkm2	Ferril's Male Punk (Boar), version 2	Ferril's Male Punk (Boar), version 2		pending	
dialogue:CHARACTERMUSEUM_MARCH.TXT:15:ost_fvamp	dialogue	CHARACTERMUSEUM_MARCH.TXT	15	ost_fvamp	Ferril's Vampire (Brute)	Ferril's Vampire (Brute)		pending	
dialogue:CHARACTERMUSEUM_MARCH.TXT:16:ost_genfemale1	dialogue	CHARACTERMUSEUM_MARCH.TXT	16	ost_genfemale1	Generic human female, version 1	Generic human female, version 1		pending	
dialogue:CHARACTERMUSEUM_MARCH.TXT:17:ost_genfemale2	dialogue	CHARACTERMUSEUM_MARCH.TXT	17	ost_genfemale2	Generic human female, version 2	Generic human female, version 2		pending	
dialogue:CHARACTERMUSEUM_MARCH.TXT:18:ost_genmale1	dialogue	CHARACTERMUSEUM_MARCH.TXT	18	ost_genmale1	Generic human male, version 1	Generic human male, version 1		pending	
dialogue:CHARACTERMUSEUM_MARCH.TXT:19:ost_genmale2	dialogue	CHARACTERMUSEUM_MARCH.TXT	19	ost_genmale2	Generic human male, version 2	Generic human male, version 2		pending	
dialogue:CHARACTERMUSEUM_MARCH.TXT:20:ost_kagan	dialogue	CHARACTERMUSEUM_MARCH.TXT	20	ost_kagan	Kagan	Kagan		pending	
dialogue:CHARACTERMUSEUM_MARCH.TXT:21:ost_kimsui	dialogue	CHARACTERMUSEUM_MARCH.TXT	21	ost_kimsui	Kimsui	Kimsui		pending	
dialogue:CHARACTERMUSEUM_MARCH.TXT:22:ost_kvamp	dialogue	CHARACTERMUSEUM_MARCH.TXT	22	ost_kvamp	Kagan's Vampire	Kagan's Vampire		pending	
dialogue:CHARACTERMUSEUM_MARCH.TXT:23:ost_lpunkm1	dialogue	CHARACTERMUSEUM_MARCH.TXT	23	ost_lpunkm1	Lockdown's Male Punk, version 1	Lockdown's Male Punk, version 1		pending	
dialogue:CHARACTERMUSEUM_MARCH.TXT:24:ost_lpunkm2	dialogue	CHARACTERMUSEUM_MARCH.TXT	24	ost_lpunkm2	Lockdown's Male Punk, version 2	Lockdown's Male Punk, version 2		pending	
dialogue:CHARACTERMUSEUM_MARCH.TXT:25:ost_lvamp	dialogue	CHARACTERMUSEUM_MARCH.TXT	25	ost_lvamp	Lockdown's Vampire (Foreman)	Lockdown's Vampire (Foreman)		pending	
dialogue:CHARACTERMUSEUM_MARCH.TXT:26:ost_mora	dialogue	CHARACTERMUSEUM_MARCH.TXT	26	ost_mora	Mora	Mora		pending	
dialogue:CHARACTERMUSEUM_MARCH.TXT:27:ost_once	dialogue	CHARACTERMUSEUM_MARCH.TXT	27	ost_once	Step into the alcoves to the left and right to skip to the previous/next character.	Step into the alcoves to the left and right to skip to the previous/next character.		pending	
dialogue:CHARACTERMUSEUM_MARCH.TXT:28:ost_police1	dialogue	CHARACTERMUSEUM_MARCH.TXT	28	ost_police1	Police officer, version 1	Police officer, version 1		pending	
dialogue:CHARACTERMUSEUM_MARCH.TXT:29:ost_police2	dialogue	CHARACTERMUSEUM_MARCH.TXT	29	ost_police2	Police officer, version 2	Police officer, version 2		pending	
dialogue:CHARACTERMUSEUM_MARCH.TXT:30:ost_police3	dialogue	CHARACTERMUSEUM_MARCH.TXT	30	ost_police3	Police officer, riot gear	Police officer, riot gear		pending	
dialogue:CHARACTERMUSEUM_MARCH.TXT:31:ost_raynedress	dialogue	CHARACTERMUSEUM_MARCH.TXT	31	ost_raynedress	Rayne's party dress	Rayne's party dress		pending	
dialogue:CHARACTERMUSEUM_MARCH.TXT:32:ost_spinauto	dialogue	CHARACTERMUSEUM_MARCH.TXT	32	ost_spinauto	Automatic spin mode.	Automatic spin mode.		pending	
dialogue:CHARACTERMUSEUM_MARCH.TXT:33:ost_spinman	dialogue	CHARACTERMUSEUM_MARCH.TXT	33	ost_spinman	Manual spin mode. Stand in the center alcove to spin the model.	Manual spin mode. Stand in the center alcove to spin the model.		pending	
dialogue:CHARACTERMUSEUM_MARCH.TXT:34:ost_unraveler	dialogue	CHARACTERMUSEUM_MARCH.TXT	34	ost_unraveler	Unraveler	Unraveler		pending	
dialogue:CHARACTERMUSEUM_MARCH.TXT:35:ost_upunkm1	dialogue	CHARACTERMUSEUM_MARCH.TXT	35	ost_upunkm1	Unraveler's Male Punk, version 1	Unraveler's Male Punk, version 1		pending	
dialogue:CHARACTERMUSEUM_MARCH.TXT:36:ost_upunkm2	dialogue	CHARACTERMUSEUM_MARCH.TXT	36	ost_upunkm2	Unraveler's Male Punk, version 2	Unraveler's Male Punk, version 2		pending	
dialogue:CHARACTERMUSEUM_MARCH.TXT:37:ost_xerx	dialogue	CHARACTERMUSEUM_MARCH.TXT	37	ost_xerx	Xerx	Xerx		pending	
dialogue:CHARACTERMUSEUM_MARCH.TXT:38:ost_xpunkm1	dialogue	CHARACTERMUSEUM_MARCH.TXT	38	ost_xpunkm1	Xerx's Male Punk, version 1	Xerx's Male Punk, version 1		pending	
dialogue:CHARACTERMUSEUM_MARCH.TXT:39:ost_xpunkm2	dialogue	CHARACTERMUSEUM_MARCH.TXT	39	ost_xpunkm2	Xerx's Male Punk, version 2	Xerx's Male Punk, version 2		pending	
dialogue:CHARACTERMUSEUM_MARCH.TXT:40:ost_zerenzki	dialogue	CHARACTERMUSEUM_MARCH.TXT	40	ost_zerenzki	Zerenzki	Zerenzki		pending	
dialogue:CHARACTERMUSEUM_MARCH.TXT:41:ost_zpunkf1	dialogue	CHARACTERMUSEUM_MARCH.TXT	41	ost_zpunkf1	Zerenzki's Female Punk	Zerenzki's Female Punk		pending	
dialogue:CHARACTERMUSEUM_MARCH.TXT:42:ost_zpunkm1	dialogue	CHARACTERMUSEUM_MARCH.TXT	42	ost_zpunkm1	Zerenzki's Male Punk, version 1	Zerenzki's Male Punk, version 1		pending	
dialogue:CHARACTERMUSEUM_MARCH.TXT:43:ost_zpunkm2	dialogue	CHARACTERMUSEUM_MARCH.TXT	43	ost_zpunkm2	Zerenzki's Male Punk, version 2	Zerenzki's Male Punk, version 2		pending	
dialogue:CHARACTERMUSEUM_MARCH.TXT:44:ost_zvamp	dialogue	CHARACTERMUSEUM_MARCH.TXT	44	ost_zvamp	Zerenzki's Vampire	Zerenzki's Vampire		pending	
dialogue:CHARTEST2.TXT:1:ost_boar	dialogue	CHARTEST2.TXT	1	ost_boar	Ferril's Boar Minion, version 1	Ferril's Boar Minion, version 1		pending	
dialogue:CHARTEST2.TXT:2:ost_boar2	dialogue	CHARTEST2.TXT	2	ost_boar2	Ferril's Boar Minion, version 2	Ferril's Boar Minion, version 2		pending	
dialogue:CHARTEST2.TXT:3:ost_brute	dialogue	CHARTEST2.TXT	3	ost_brute	Ferril's Brute Vampire	Ferril's Brute Vampire		pending	
dialogue:CHARTEST2.TXT:4:ost_dhampir	dialogue	CHARTEST2.TXT	4	ost_dhampir	Dhampir	Dhampir		pending	
dialogue:CHARTEST2.TXT:5:ost_ephemeraninjaf	dialogue	CHARTEST2.TXT	5	ost_ephemeraninjaf	Ephemera Female Ninja	Ephemera Female Ninja		pending	
dialogue:CHARTEST2.TXT:6:ost_ferril	dialogue	CHARTEST2.TXT	6	ost_ferril	Ferril	Ferril		pending	
dialogue:CHARTEST2.TXT:7:ost_ferrilpunkf1	dialogue	CHARTEST2.TXT	7	ost_ferrilpunkf1	Ferril's Female Punk, version 1	Ferril's Female Punk, version 1		pending	
dialogue:CHARTEST2.TXT:8:ost_ferrilpunkf2	dialogue	CHARTEST2.TXT	8	ost_ferrilpunkf2	Ferril's Female Punk, version 2	Ferril's Female Punk, version 2		pending	
dialogue:CHARTEST2.TXT:9:ost_foreman	dialogue	CHARTEST2.TXT	9	ost_foreman	Ferril's Foreman Vampire	Ferril's Foreman Vampire		pending	
dialogue:CHARTEST2.TXT:10:ost_kagan	dialogue	CHARTEST2.TXT	10	ost_kagan	Kagan	Kagan		pending	
dialogue:CHARTEST2.TXT:11:ost_kimsui	dialogue	CHARTEST2.TXT	11	ost_kimsui	Kimsui	Kimsui		pending	
dialogue:CHARTEST2.TXT:12:ost_lockdown_minion_1	dialogue	CHARTEST2.TXT	12	ost_lockdown_minion_1	Lockdown's Minion, version 1	Lockdown's Minion, version 1		pending	
dialogue:CHARTEST2.TXT:13:ost_lockdown_minion_2	dialogue	CHARTEST2.TXT	13	ost_lockdown_minion_2	Lockdown's Minion, version 2	Lockdown's Minion, version 2		pending	
dialogue:CHARTEST2.TXT:14:ost_lockdown_turned_vamp	dialogue	CHARTEST2.TXT	14	ost_lockdown_turned_vamp	Lockdown's Turned Vampire	Lockdown's Turned Vampire		pending	
dialogue:CHARTEST2.TXT:15:ost_mora	dialogue	CHARTEST2.TXT	15	ost_mora	Mora	Mora		pending	
dialogue:CHARTEST2.TXT:16:ost_orbitdisabled	dialogue	CHARTEST2.TXT	16	ost_orbitdisabled	Step onto the marker to the left to enable the orbit camera.	Step onto the marker to the left to enable the orbit camera.		pending	
dialogue:CHARTEST2.TXT:17:ost_orbitenabled	dialogue	CHARTEST2.TXT	17	ost_orbitenabled	Step onto the marker behind each character to activate the orbit camera. Move away to reset the camera to normal mode.	Step onto the marker behind each character to activate the orbit camera. Move away to reset the camera to normal mode.		pending	
dialogue:CHARTEST2.TXT:18:ost_unraveler	dialogue	CHARTEST2.TXT	18	ost_unraveler	Unraveler	Unraveler		pending	
dialogue:CHARTEST2.TXT:19:ost_zerenzki	dialogue	CHARTEST2.TXT	19	ost_zerenzki	Zerenzki	Zerenzki		pending	
dialogue:CHARTEST3.TXT:1:ost_brute	dialogue	CHARTEST3.TXT	1	ost_brute	Ferril's Brute Vampire	Ferril's Brute Vampire		pending	
dialogue:CHARTEST3.TXT:2:ost_dhampir	dialogue	CHARTEST3.TXT	2	ost_dhampir	Dhampir	Dhampir		pending	
dialogue:CHARTEST3.TXT:3:ost_ephemera	dialogue	CHARTEST3.TXT	3	ost_ephemera	Ephemera	Ephemera		pending	
dialogue:CHARTEST3.TXT:4:ost_ephemeraninjaf	dialogue	CHARTEST3.TXT	4	ost_ephemeraninjaf	Ephemera Female Punk, version 1	Ephemera Female Punk, version 1		pending	
dialogue:CHARTEST3.TXT:5:ost_ephemeraninjaf2	dialogue	CHARTEST3.TXT	5	ost_ephemeraninjaf2	Ephemera Female Punk, version 2	Ephemera Female Punk, version 2		pending	
dialogue:CHARTEST3.TXT:6:ost_ephemerapunkm1	dialogue	CHARTEST3.TXT	6	ost_ephemerapunkm1	Ephemera Male Punk, version 1	Ephemera Male Punk, version 1		pending	
dialogue:CHARTEST3.TXT:7:ost_ephemerapunkm2	dialogue	CHARTEST3.TXT	7	ost_ephemerapunkm2	Ephemera Male Punk, version 2	Ephemera Male Punk, version 2		pending	
dialogue:CHARTEST3.TXT:8:ost_esgoth	dialogue	CHARTEST3.TXT	8	ost_esgoth	Esgoth	Esgoth		pending	
dialogue:CHARTEST3.TXT:9:ost_ferrilpunkf1	dialogue	CHARTEST3.TXT	9	ost_ferrilpunkf1	Ferril's Female Punk, version 1	Ferril's Female Punk, version 1		pending	
dialogue:CHARTEST3.TXT:10:ost_ferrilpunkf2	dialogue	CHARTEST3.TXT	10	ost_ferrilpunkf2	Ferril's Female Punk, version 2	Ferril's Female Punk, version 2		pending	
dialogue:CHARTEST3.TXT:11:ost_foreman	dialogue	CHARTEST3.TXT	11	ost_foreman	Ferril's Foreman Vampire	Ferril's Foreman Vampire		pending	
dialogue:CHARTEST3.TXT:12:ost_kagan	dialogue	CHARTEST3.TXT	12	ost_kagan	Kagan	Kagan		pending	
dialogue:CHARTEST3.TXT:13:ost_kimsui	dialogue	CHARTEST3.TXT	13	ost_kimsui	Kimsui	Kimsui		pending	
dialogue:CHARTEST3.TXT:14:ost_orbitdisabled	dialogue	CHARTEST3.TXT	14	ost_orbitdisabled	Step onto the marker to the left to enable the orbit camera.	Step onto the marker to the left to enable the orbit camera.		pending	
dialogue:CHARTEST3.TXT:15:ost_orbitenabled	dialogue	CHARTEST3.TXT	15	ost_orbitenabled	Step onto the marker behind each character to activate the orbit camera. Move away to reset the camera to normal mode.	Step onto the marker behind each character to activate the orbit camera. Move away to reset the camera to normal mode.		pending	
dialogue:CHARTEST3.TXT:16:ost_slezz	dialogue	CHARTEST3.TXT	16	ost_slezz	Slezz	Slezz		pending	
dialogue:CHARTEST4.TXT:1:ost_brute	dialogue	CHARTEST4.TXT	1	ost_brute	Ferril's Brute Vampire	Ferril's Brute Vampire		pending	
dialogue:CHARTEST4.TXT:2:ost_dhampir	dialogue	CHARTEST4.TXT	2	ost_dhampir	Dhampir	Dhampir		pending	
dialogue:CHARTEST4.TXT:3:ost_ephemera	dialogue	CHARTEST4.TXT	3	ost_ephemera	Ephemera	Ephemera		pending	
dialogue:CHARTEST4.TXT:4:ost_ephemeraninjaf	dialogue	CHARTEST4.TXT	4	ost_ephemeraninjaf	Ephemera Female Punk, version 1	Ephemera Female Punk, version 1		pending	
dialogue:CHARTEST4.TXT:5:ost_ephemerapunkm1	dialogue	CHARTEST4.TXT	5	ost_ephemerapunkm1	Ephemera Male Punk, version 1	Ephemera Male Punk, version 1		pending	
dialogue:CHARTEST4.TXT:6:ost_ephemerapunkm2	dialogue	CHARTEST4.TXT	6	ost_ephemerapunkm2	Ephemera Male Punk, version 2	Ephemera Male Punk, version 2		pending	
dialogue:CHARTEST4.TXT:7:ost_esgoth	dialogue	CHARTEST4.TXT	7	ost_esgoth	Esgoth	Esgoth		pending	
dialogue:CHARTEST4.TXT:8:ost_ferrilpunkf1	dialogue	CHARTEST4.TXT	8	ost_ferrilpunkf1	Ferril's Female Punk, version 1	Ferril's Female Punk, version 1		pending	
dialogue:CHARTEST4.TXT:9:ost_ferrilpunkf2	dialogue	CHARTEST4.TXT	9	ost_ferrilpunkf2	Ferril's Female Punk, version 2	Ferril's Female Punk, version 2		pending	
dialogue:CHARTEST4.TXT:10:ost_foreman	dialogue	CHARTEST4.TXT	10	ost_foreman	Ferril's Foreman Vampire	Ferril's Foreman Vampire		pending	
dialogue:CHARTEST4.TXT:11:ost_kagan	dialogue	CHARTEST4.TXT	11	ost_kagan	Kagan	Kagan		pending	
dialogue:CHARTEST4.TXT:12:ost_kimsui	dialogue	CHARTEST4.TXT	12	ost_kimsui	Kimsui	Kimsui		pending	
dialogue:CHARTEST4.TXT:13:ost_orbitdisabled	dialogue	CHARTEST4.TXT	13	ost_orbitdisabled	Step onto the marker to the left to enable the orbit camera.	Step onto the marker to the left to enable the orbit camera.		pending	
dialogue:CHARTEST4.TXT:14:ost_orbitenabled	dialogue	CHARTEST4.TXT	14	ost_orbitenabled	Step onto the marker behind each character to activate the orbit camera. Move away to reset the camera to normal mode.	Step onto the marker behind each character to activate the orbit camera. Move away to reset the camera to normal mode.		pending	
dialogue:CHARTEST4.TXT:15:ost_shadowlegion	dialogue	CHARTEST4.TXT	15	ost_shadowlegion	Ephemera's Shadow Legion Vampire	Ephemera's Shadow Legion Vampire		pending	
dialogue:CHARTEST4.TXT:16:ost_slezz	dialogue	CHARTEST4.TXT	16	ost_slezz	Slezz	Slezz		pending	
dialogue:CHARTEST4.TXT:17:ost_unpunk1	dialogue	CHARTEST4.TXT	17	ost_unpunk1	Unraveler's Male Punk Version 1	Unraveler's Male Punk Version 1		pending	
dialogue:CHARTEST4.TXT:18:ost_unpunk2	dialogue	CHARTEST4.TXT	18	ost_unpunk2	Unraveler's Male Punk Version 2	Unraveler's Male Punk Version 2		pending	
dialogue:CHARTEST4.TXT:19:ost_xerxmale1	dialogue	CHARTEST4.TXT	19	ost_xerxmale1	Xerx's Male Punk, version 1	Xerx's Male Punk, version 1		pending	
dialogue:CHARTEST4.TXT:20:ost_xerxmale2	dialogue	CHARTEST4.TXT	20	ost_xerxmale2	Xerx's Male Punk, version 2	Xerx's Male Punk, version 2		pending	
dialogue:CHARTEST5.TXT:1:ost_bioarmor	dialogue	CHARTEST5.TXT	1	ost_bioarmor	Kagan's Bioarmor	Kagan's Bioarmor		pending	
dialogue:CHARTEST5.TXT:2:ost_brute	dialogue	CHARTEST5.TXT	2	ost_brute	Ferril's Brute Vampire	Ferril's Brute Vampire		pending	
dialogue:CHARTEST5.TXT:3:ost_cop1	dialogue	CHARTEST5.TXT	3	ost_cop1	Police officer, version 1	Police officer, version 1		pending	
dialogue:CHARTEST5.TXT:4:ost_cop2	dialogue	CHARTEST5.TXT	4	ost_cop2	Police officer, version 2	Police officer, version 2		pending	
dialogue:CHARTEST5.TXT:5:ost_cop3	dialogue	CHARTEST5.TXT	5	ost_cop3	Police officer, Riot version	Police officer, Riot version		pending	
dialogue:CHARTEST5.TXT:6:ost_dhampir	dialogue	CHARTEST5.TXT	6	ost_dhampir	Dhampir	Dhampir		pending	
dialogue:CHARTEST5.TXT:7:ost_ephemera	dialogue	CHARTEST5.TXT	7	ost_ephemera	Ephemera	Ephemera		pending	
dialogue:CHARTEST5.TXT:8:ost_ephemeraninjaf	dialogue	CHARTEST5.TXT	8	ost_ephemeraninjaf	Ephemera Female Punk, version 1	Ephemera Female Punk, version 1		pending	
dialogue:CHARTEST5.TXT:9:ost_ephemerapunkm1	dialogue	CHARTEST5.TXT	9	ost_ephemerapunkm1	Ephemera Male Punk, version 1	Ephemera Male Punk, version 1		pending	
dialogue:CHARTEST5.TXT:10:ost_ephemerapunkm2	dialogue	CHARTEST5.TXT	10	ost_ephemerapunkm2	Ephemera Male Punk, version 2	Ephemera Male Punk, version 2		pending	
dialogue:CHARTEST5.TXT:11:ost_esgoth	dialogue	CHARTEST5.TXT	11	ost_esgoth	Esgoth	Esgoth		pending	
dialogue:CHARTEST5.TXT:12:ost_ferrilpunkf1	dialogue	CHARTEST5.TXT	12	ost_ferrilpunkf1	Ferril's Female Punk, version 1	Ferril's Female Punk, version 1		pending	
dialogue:CHARTEST5.TXT:13:ost_ferrilpunkf2	dialogue	CHARTEST5.TXT	13	ost_ferrilpunkf2	Ferril's Female Punk, version 2	Ferril's Female Punk, version 2		pending	
dialogue:CHARTEST5.TXT:14:ost_foreman	dialogue	CHARTEST5.TXT	14	ost_foreman	Ferril's Foreman Vampire	Ferril's Foreman Vampire		pending	
dialogue:CHARTEST5.TXT:15:ost_kagan	dialogue	CHARTEST5.TXT	15	ost_kagan	Kagan	Kagan		pending	
dialogue:CHARTEST5.TXT:16:ost_kimsui	dialogue	CHARTEST5.TXT	16	ost_kimsui	Kimsui	Kimsui		pending	
dialogue:CHARTEST5.TXT:17:ost_orbitdisabled	dialogue	CHARTEST5.TXT	17	ost_orbitdisabled	Step onto the marker to the left to enable the orbit camera.	Step onto the marker to the left to enable the orbit camera.		pending	
dialogue:CHARTEST5.TXT:18:ost_orbitenabled	dialogue	CHARTEST5.TXT	18	ost_orbitenabled	Step onto the marker behind each character to activate the orbit camera. Move away to reset the camera to normal mode.	Step onto the marker behind each character to activate the orbit camera. Move away to reset the camera to normal mode.		pending	
dialogue:CHARTEST5.TXT:19:ost_partyfemale1	dialogue	CHARTEST5.TXT	19	ost_partyfemale1	Zerenzki's Female Minion, version 1	Zerenzki's Female Minion, version 1		pending	
dialogue:CHARTEST5.TXT:20:ost_partyfemale2	dialogue	CHARTEST5.TXT	20	ost_partyfemale2	Zerenzki's Female Minion, version 2	Zerenzki's Female Minion, version 2		pending	
dialogue:CHARTEST5.TXT:21:ost_partymale1	dialogue	CHARTEST5.TXT	21	ost_partymale1	Zerenzki's Male Minion, version 1	Zerenzki's Male Minion, version 1		pending	
dialogue:CHARTEST5.TXT:22:ost_partymale2	dialogue	CHARTEST5.TXT	22	ost_partymale2	Zerenzki's Male Minion, version 2	Zerenzki's Male Minion, version 2		pending	
dialogue:CHARTEST5.TXT:23:ost_rayne_dress	dialogue	CHARTEST5.TXT	23	ost_rayne_dress	Rayne's Party Dress	Rayne's Party Dress		pending	
dialogue:CHARTEST5.TXT:24:ost_shadowlegion	dialogue	CHARTEST5.TXT	24	ost_shadowlegion	Ephemera's Shadow Legion Vampire	Ephemera's Shadow Legion Vampire		pending	
dialogue:CHARTEST5.TXT:25:ost_slezz	dialogue	CHARTEST5.TXT	25	ost_slezz	Slezz	Slezz		pending	
dialogue:CHARTEST5.TXT:26:ost_unpunk1	dialogue	CHARTEST5.TXT	26	ost_unpunk1	Unraveler's Male Punk Version 1	Unraveler's Male Punk Version 1		pending	
dialogue:CHARTEST5.TXT:27:ost_unpunk2	dialogue	CHARTEST5.TXT	27	ost_unpunk2	Unraveler's Male Punk Version 2	Unraveler's Male Punk Version 2		pending	
dialogue:CHARTEST5.TXT:28:ost_xerx	dialogue	CHARTEST5.TXT	28	ost_xerx	Xerx	Xerx		pending	
dialogue:CHARTEST5.TXT:29:ost_xerxmale1	dialogue	CHARTEST5.TXT	29	ost_xerxmale1	Xerx's Male Punk, version 1	Xerx's Male Punk, version 1		pending	
dialogue:CHARTEST5.TXT:30:ost_xerxmale2	dialogue	CHARTEST5.TXT	30	ost_xerxmale2	Xerx's Male Punk, version 2	Xerx's Male Punk, version 2		pending	
dialogue:CHARTEST5.TXT:31:ost_zerenzkiturned	dialogue	CHARTEST5.TXT	31	ost_zerenzkiturned	Zerenzki's Vampire	Zerenzki's Vampire		pending	
dialogue:SPAWN.TXT:1:ost_both	dialogue	SPAWN.TXT	1	ost_both	Both enemy types.	Both enemy types.		pending	
dialogue:SPAWN.TXT:2:ost_melee	dialogue	SPAWN.TXT	2	ost_melee	Melee enemy types only.	Melee enemy types only.		pending	
dialogue:SPAWN.TXT:3:ost_ranged	dialogue	SPAWN.TXT	3	ost_ranged	Gun enemy types only.	Gun enemy types only.		pending	
dialogue:SPAWN_BOX.TXT:1:ost_both	dialogue	SPAWN_BOX.TXT	1	ost_both	Both enemy types.	Both enemy types.		pending	
dialogue:SPAWN_BOX.TXT:2:ost_melee	dialogue	SPAWN_BOX.TXT	2	ost_melee	Melee enemy types only.	Melee enemy types only.		pending	
dialogue:SPAWN_BOX.TXT:3:ost_ranged	dialogue	SPAWN_BOX.TXT	3	ost_ranged	Gun enemy types only.	Gun enemy types only.		pending	
dialogue:TEST_LEVEL_JAKE.TXT:1:a1s2_mynce2.wav	dialogue	TEST_LEVEL_JAKE.TXT	1	a1s2_mynce2.wav	Mynce: Knock it off!	Mynce: Knock it off!		pending	
dialogue:TEST_LEVEL_JAKE.TXT:2:a1s2_mynce3.wav	dialogue	TEST_LEVEL_JAKE.TXT	2	a1s2_mynce3.wav	Mynce: I wouldn't do that!	Mynce: I wouldn't do that!		pending	
dialogue:TEST_LEVEL_JAKE.TXT:3:a1s2_mynce4.wav	dialogue	TEST_LEVEL_JAKE.TXT	3	a1s2_mynce4.wav	Mynce: Bitch!	Mynce: Bitch!		pending	
dialogue:TEST_LEVEL_JAKE.TXT:4:a1s2_mynce5.wav	dialogue	TEST_LEVEL_JAKE.TXT	4	a1s2_mynce5.wav	Mynce: Quit!	Mynce: Quit!		pending	
dialogue:TEST_LEVEL_JAKE.TXT:5:crusher_activate1.wav	dialogue	TEST_LEVEL_JAKE.TXT	5	crusher_activate1.wav	Rayne: What are you doing!?	Rayne: What are you doing!?		pending	
dialogue:TEST_LEVEL_JAKE.TXT:6:missiondescription	dialogue	TEST_LEVEL_JAKE.TXT	6	missiondescription	Test Level	Test Level		pending	
dialogue:TEST_LEVEL_JAKE.TXT:7:objectivebarexit	dialogue	TEST_LEVEL_JAKE.TXT	7	objectivebarexit	Find an exit from the bar	Find an exit from the bar		pending	
dialogue:TEST_LEVEL_JAKE.TXT:8:objectivedocks	dialogue	TEST_LEVEL_JAKE.TXT	8	objectivedocks	Get to Ray Ray's Meats loading docks	Get to Ray Ray's Meats loading docks		pending	
dialogue:TEST_LEVEL_JAKE.TXT:9:objectiverooftops	dialogue	TEST_LEVEL_JAKE.TXT	9	objectiverooftops	Track the Dhampir to the rooftops	Track the Dhampir to the rooftops		pending	
dialogue:TEST_LEVEL_JAKE.TXT:10:objectivestreets	dialogue	TEST_LEVEL_JAKE.TXT	10	objectivestreets	Find a way down to street level	Find a way down to street level		pending	
dialogue:TEST_LEVEL_JAKE.TXT:11:objectivetunnel	dialogue	TEST_LEVEL_JAKE.TXT	11	objectivetunnel	Follow the minion's truck	Follow the minion's truck		pending	
dialogue:WETWORKS_SPINNER.TXT:1:missiondescription	dialogue	WETWORKS_SPINNER.TXT	1	missiondescription	Wetworks Spinner	Wetworks Spinner		pending	
dialogue:WETWORKS_SPINNER.TXT:2:objectiveexit	dialogue	WETWORKS_SPINNER.TXT	2	objectiveexit	Use the crashed catwalks to exit.	Use the crashed catwalks to exit.		pending	
dialogue:WETWORKS_SPINNER.TXT:3:objectivespinner	dialogue	WETWORKS_SPINNER.TXT	3	objectivespinner	Throw minions into the blood spinner to proceed.	Throw minions into the blood spinner to proceed.		pending	
