id	kind	file	line	key	source_en	source_ru	translation_zh	status	notes
menu:MSGLIST.TXT:1:The powered security locks are still active	menu	MSGLIST.TXT	1	The powered security locks are still active	The powered security locks are still active	На магнитные замки двери все еще идет питание	电力安保锁仍在运作	translated	
menu:MSGLIST.TXT:2:You can't open this door anymore.	menu	MSGLIST.TXT	2	You can't open this door anymore.	You can't open this door anymore.	Ты больше не можешь открыть эту дверь	你已经打不开这扇门了	translated	
menu:MSGLIST.TXT:3:Door is locked from the other side	menu	MSGLIST.TXT	3	Door is locked from the other side	Door is locked from the other side	Дверь заперта с другой стороны	门从另一侧锁住了	translated	
menu:MSGLIST.TXT:4:You cant open this door anymore	menu	MSGLIST.TXT	4	You cant open this door anymore	You cant open this door anymore	Ты больше не можешь открыть эту дверь	你已经打不开这扇门了	translated	
menu:MSGLIST.TXT:5:Door is locked	menu	MSGLIST.TXT	5	Door is locked	Door is locked	Дверь заперта	门锁住了	translated	
menu:MSGLIST.TXT:6:God mode enabled	menu	MSGLIST.TXT	6	God mode enabled	God mode enabled	Неуязвимость включена	无敌模式已启用	translated	
menu:MSGLIST.TXT:7:God mode disabled	menu	MSGLIST.TXT	7	God mode disabled	God mode disabled	Неуязвимость выключена	无敌模式已关闭	translated	
menu:MSGLIST.TXT:8:Time factor = %.2f	menu	MSGLIST.TXT	8	Time factor = %.2f	Time factor = %.2f	Временной коэффициент = %.2f	时间倍率 = %.2f	translated	
menu:MSGLIST.TXT:9:Gratuitous dismemberment enabled	menu	MSGLIST.TXT	9	Gratuitous dismemberment enabled	Gratuitous dismemberment enabled	Тотальная расчлененка включена	过量肢解已启用	translated	
menu:MSGLIST.TXT:10:Gratuitous dismemberment disabled	menu	MSGLIST.TXT	10	Gratuitous dismemberment disabled	Gratuitous dismemberment disabled	Тотальная расчлененка выключена	过量肢解已关闭	translated	
menu:MSGLIST.TXT:11:Enter cheat code	menu	MSGLIST.TXT	11	Enter cheat code	Enter cheat code	Ввести код	输入作弊码	translated	
menu:MSGLIST.TXT:12:Buy Nocturne today!	menu	MSGLIST.TXT	12	Buy Nocturne today!	Buy Nocturne today!	Купи Nocturne сегодня!	今天就去买《夜曲》！	translated	
menu:MSGLIST.TXT:13:Juggy Dance Squad!!!	menu	MSGLIST.TXT	13	Juggy Dance Squad!!!	Juggy Dance Squad!!!	Отряд рэперов!!!	巨乳舞蹈队！！！	translated	
menu:MSGLIST.TXT:14:Have a nice day	menu	MSGLIST.TXT	14	Have a nice day	Have a nice day	Всего хорошего	祝你今天愉快	translated	
menu:MSGLIST.TXT:15:Lock and loaded!!!	menu	MSGLIST.TXT	15	Lock and loaded!!!	Lock and loaded!!!	Полный магазин!!!	子弹上膛！！！	translated	
menu:MSGLIST.TXT:16:Watch the ammo count Sparky	menu	MSGLIST.TXT	16	Watch the ammo count Sparky	Watch the ammo count Sparky	Следи за патронами!	看着点弹药数，小机灵鬼	translated	
menu:MSGLIST.TXT:17:Enemies frozen	menu	MSGLIST.TXT	17	Enemies frozen	Enemies frozen	Враги заморожены	敌人已冻结	translated	
menu:MSGLIST.TXT:18:Enemies thawed	menu	MSGLIST.TXT	18	Enemies thawed	Enemies thawed	Враги разморожены	敌人已解冻	translated	
menu:MSGLIST.TXT:19:Health restored.	menu	MSGLIST.TXT	19	Health restored.	Health restored.	Здоровье восстановлено	生命值已恢复	translated	
menu:MSGLIST.TXT:20:Move forward	menu	MSGLIST.TXT	20	Move forward	Move forward	Вперед	前进	translated	
menu:MSGLIST.TXT:21:Move forward/back	menu	MSGLIST.TXT	21	Move forward/back	Move forward/back	Вперед/назад	前进/后退	translated	
menu:MSGLIST.TXT:22:Strafe right	menu	MSGLIST.TXT	22	Strafe right	Strafe right	Шаг влево	向右平移	translated	
menu:MSGLIST.TXT:23:Strafe left/right	menu	MSGLIST.TXT	23	Strafe left/right	Strafe left/right	Шаг влево/вправо	左右平移	translated	
menu:MSGLIST.TXT:24:Turn right	menu	MSGLIST.TXT	24	Turn right	Turn right	Повернуться направо	右转	translated	
menu:MSGLIST.TXT:25:Turn left/right	menu	MSGLIST.TXT	25	Turn left/right	Turn left/right	Повернуться налево/направо	左右转向	translated	
menu:MSGLIST.TXT:26:Look up	menu	MSGLIST.TXT	26	Look up	Look up	Смотреть вверх	向上看	translated	
menu:MSGLIST.TXT:27:Look up/down	menu	MSGLIST.TXT	27	Look up/down	Look up/down	Смотреть вверх/вниз	上下观察	translated	
menu:MSGLIST.TXT:28:Harpoon / Bite	menu	MSGLIST.TXT	28	Harpoon / Bite	Harpoon / Bite	Гарпун/укус	鱼叉/吸血	translated	
menu:MSGLIST.TXT:29:Target Lock	menu	MSGLIST.TXT	29	Target Lock	Target Lock	Зафиксировать цель	锁定目标	translated	
menu:MSGLIST.TXT:30:Center view	menu	MSGLIST.TXT	30	Center view	Center view	Центрировать камеру	视角居中	translated	
menu:MSGLIST.TXT:31:Jump	menu	MSGLIST.TXT	31	Jump	Jump	Прыгнуть	跳跃	translated	
menu:MSGLIST.TXT:32:Blade Attack	menu	MSGLIST.TXT	32	Blade Attack	Blade Attack	Резать клинками	刀刃攻击	translated	
menu:MSGLIST.TXT:33:Kick	menu	MSGLIST.TXT	33	Kick	Kick	Ударить ногой	踢击	translated	
menu:MSGLIST.TXT:34:Fire Weapon	menu	MSGLIST.TXT	34	Fire Weapon	Fire Weapon	Стрелять	武器射击	translated	
menu:MSGLIST.TXT:35:Powers Off	menu	MSGLIST.TXT	35	Powers Off	Powers Off	Отключить способности	关闭能力	translated	
menu:MSGLIST.TXT:36:Powers Off2	menu	MSGLIST.TXT	36	Powers Off2	Powers Off2	Способности отключены	关闭能力	translated	
menu:MSGLIST.TXT:37:Activate Aura Vision	menu	MSGLIST.TXT	37	Activate Aura Vision	Activate Aura Vision	Зрение вампира	启用灵视	translated	
menu:MSGLIST.TXT:38:Activate Blood Rage	menu	MSGLIST.TXT	38	Activate Blood Rage	Activate Blood Rage	Впасть в кровавую ярость	启用血怒	translated	
menu:MSGLIST.TXT:39:Activate Dilated Perception	menu	MSGLIST.TXT	39	Activate Dilated Perception	Activate Dilated Perception	Замедление времени	启用时间感知	translated	
menu:MSGLIST.TXT:40:Cycle Weapons	menu	MSGLIST.TXT	40	Cycle Weapons	Cycle Weapons	Преключить оружие	切换武器	translated	
menu:MSGLIST.TXT:41:Cycle Lock-On Target	menu	MSGLIST.TXT	41	Cycle Lock-On Target	Cycle Lock-On Target	Сменить цель	切换锁定目标	translated	
menu:MSGLIST.TXT:42:Screen Shot	menu	MSGLIST.TXT	42	Screen Shot	Screen Shot	Снимок экрана	截图	translated	
menu:MSGLIST.TXT:43:Debug	menu	MSGLIST.TXT	43	Debug	Debug	Debug	调试	translated	
menu:MSGLIST.TXT:44:Start/Pause	menu	MSGLIST.TXT	44	Start/Pause	Start/Pause	Продолжить/пауза	开始/暂停	translated	
menu:MSGLIST.TXT:45:View Objectives	menu	MSGLIST.TXT	45	View Objectives	View Objectives	Посмотреть задачи	查看目标	translated	
menu:MSGLIST.TXT:46:Perform Circle Combo	menu	MSGLIST.TXT	46	Perform Circle Combo	Perform Circle Combo	Выполнить круговое комбо	施展环形连招	translated	
menu:MSGLIST.TXT:47:Move Forward	menu	MSGLIST.TXT	47	Move Forward	Move Forward	Вперед	前进	translated	
menu:MSGLIST.TXT:48:Move Backward	menu	MSGLIST.TXT	48	Move Backward	Move Backward	Назад	后退	translated	
menu:MSGLIST.TXT:49:Move Left	menu	MSGLIST.TXT	49	Move Left	Move Left	Влево	向左移动	translated	
menu:MSGLIST.TXT:50:Move Right	menu	MSGLIST.TXT	50	Move Right	Move Right	Вправо	向右移动	translated	
menu:MSGLIST.TXT:51:Look Up	menu	MSGLIST.TXT	51	Look Up	Look Up	Смотреть вверх	向上看	translated	
menu:MSGLIST.TXT:52:Look Down	menu	MSGLIST.TXT	52	Look Down	Look Down	Смотреть вниз	向下看	translated	
menu:MSGLIST.TXT:53:Turn Left	menu	MSGLIST.TXT	53	Turn Left	Turn Left	Повернуться налево	左转	translated	
menu:MSGLIST.TXT:54:Turn Right	menu	MSGLIST.TXT	54	Turn Right	Turn Right	Повернуться направо	右转	translated	
menu:MSGLIST.TXT:55:Walk	menu	MSGLIST.TXT	55	Walk	Walk	Перейти на шаг	步行	translated	
menu:MSGLIST.TXT:56:D-Pad Left	menu	MSGLIST.TXT	56	D-Pad Left	D-Pad Left	D-Pad влево	方向键左	translated	
menu:MSGLIST.TXT:57:D-Pad Right	menu	MSGLIST.TXT	57	D-Pad Right	D-Pad Right	D-Pad вправо	方向键右	translated	
menu:MSGLIST.TXT:58:D-Pad Up	menu	MSGLIST.TXT	58	D-Pad Up	D-Pad Up	D-Pad вверх	方向键上	translated	
menu:MSGLIST.TXT:59:D-Pad Down	menu	MSGLIST.TXT	59	D-Pad Down	D-Pad Down	D-Pad вниз	方向键下	translated	
menu:MSGLIST.TXT:60:B%d	menu	MSGLIST.TXT	60	B%d	B%d	B%d	按键%d	translated	
menu:MSGLIST.TXT:61:Axis %d	menu	MSGLIST.TXT	61	Axis %d	Axis %d	Ось %d	轴%d	translated	
menu:MSGLIST.TXT:62:Standard Outfit	menu	MSGLIST.TXT	62	Standard Outfit	Standard Outfit	Любимый костюм	标准服装	translated	
menu:MSGLIST.TXT:63:Evening Gown	menu	MSGLIST.TXT	63	Evening Gown	Evening Gown	Вечернее платье	晚礼服	translated	
menu:MSGLIST.TXT:64:Blue Gown	menu	MSGLIST.TXT	64	Blue Gown	Blue Gown	Голубое платье	蓝色礼服	translated	
menu:MSGLIST.TXT:65:Red Gown	menu	MSGLIST.TXT	65	Red Gown	Red Gown	Красное платье	红色礼服	translated	
menu:MSGLIST.TXT:66:Dragon Gown	menu	MSGLIST.TXT	66	Dragon Gown	Dragon Gown	Узорчатое платье	龙纹礼服	translated	
menu:MSGLIST.TXT:67:Green Gown	menu	MSGLIST.TXT	67	Green Gown	Green Gown	Зеленое платье	绿色礼服	translated	
menu:MSGLIST.TXT:68:Dark Rayne	menu	MSGLIST.TXT	68	Dark Rayne	Dark Rayne	Готичная Рейн	暗黑莱恩	translated	
menu:MSGLIST.TXT:69:Cowgirl Rayne	menu	MSGLIST.TXT	69	Cowgirl Rayne	Cowgirl Rayne	Ковбой Рейн	牛仔莱恩	translated	
menu:MSGLIST.TXT:70:Rayne in Armor	menu	MSGLIST.TXT	70	Rayne in Armor	Rayne in Armor	Рейн в латах	铠甲莱恩	translated	
menu:MSGLIST.TXT:71:Schoolgirl Rayne	menu	MSGLIST.TXT	71	Schoolgirl Rayne	Schoolgirl Rayne	Школьница Рейн	学生装莱恩	translated	
menu:MSGLIST.TXT:72:Loading common package	menu	MSGLIST.TXT	72	Loading common package	Loading common package	Загрузка данных	正在加载通用包	translated	
menu:MSGLIST.TXT:73:Loading costume package	menu	MSGLIST.TXT	73	Loading costume package	Loading costume package	Загрузка данных о костюмах	正在加载服装包	translated	
menu:MSGLIST.TXT:74:Pistol	menu	MSGLIST.TXT	74	Pistol	Pistol	Пистолет	手枪	translated	
menu:MSGLIST.TXT:75:Sawed Off shotgun	menu	MSGLIST.TXT	75	Sawed Off shotgun	Sawed Off shotgun	Обрез	短管霰弹枪	translated	
menu:MSGLIST.TXT:76:SMG	menu	MSGLIST.TXT	76	SMG	SMG	Автомат	冲锋枪	translated	
menu:MSGLIST.TXT:77:Grenade	menu	MSGLIST.TXT	77	Grenade	Grenade	Граната	手榴弹	translated	
menu:MSGLIST.TXT:78:Grenade Launcher	menu	MSGLIST.TXT	78	Grenade Launcher	Grenade Launcher	Гранатомет	榴弹发射器	translated	
menu:MSGLIST.TXT:79:Assault Rifle	menu	MSGLIST.TXT	79	Assault Rifle	Assault Rifle	Штурмовая винтовка	突击步枪	translated	
menu:MSGLIST.TXT:80:Flame Thrower	menu	MSGLIST.TXT	80	Flame Thrower	Flame Thrower	Огнемет	火焰喷射器	translated	
menu:MSGLIST.TXT:81:Rocket Launcher	menu	MSGLIST.TXT	81	Rocket Launcher	Rocket Launcher	Ракетница	火箭筒	translated	
menu:MSGLIST.TXT:82:Snip[er Rifle	menu	MSGLIST.TXT	82	Snip[er Rifle	Snip[er Rifle	Снайперская винтовка	狙击步枪	translated	
menu:MSGLIST.TXT:83:Unknown Gun	menu	MSGLIST.TXT	83	Unknown Gun	Unknown Gun	Неизвестное оружие	未知枪械	translated	
menu:MSGLIST.TXT:84:RAGE: Attack with kicks and blades to earn Rage	menu	MSGLIST.TXT	84	RAGE: Attack with kicks and blades to earn Rage	RAGE: Attack with kicks and blades to earn Rage	ЯРОСТЬ: Бей противников в рукопашную, чтобы повысить ярость	怒气：用踢击和刀刃攻击来获取怒气	translated	
menu:MSGLIST.TXT:85:RAGE: Kick or blade while feeding to earn a fatality Rage bonus	menu	MSGLIST.TXT	85	RAGE: Kick or blade while feeding to earn a fatality Rage bonus	RAGE: Kick or blade while feeding to earn a fatality Rage bonus	ЯРОСТЬ: Удар ногой или клинком во время того, как пьешь кровь, еще больше повышает ярость	怒气：吸血时使用踢击或刀刃，可获得处决怒气奖励	translated	
menu:MSGLIST.TXT:86:RAGE: Rayne expends Rage when she uses her powers	menu	MSGLIST.TXT	86	RAGE: Rayne expends Rage when she uses her powers	RAGE: Rayne expends Rage when she uses her powers	ЯРОСТЬ: Ярость расходуется, когда Рейн использует свои способности	怒气：莱恩使用能力时会消耗怒气	translated	
menu:MSGLIST.TXT:87:CARNAGE: Kill enemies with environment hazards to earn a Carnage bonus	menu	MSGLIST.TXT	87	CARNAGE: Kill enemies with environment hazards to earn a Carnage bonus	CARNAGE: Kill enemies with environment hazards to earn a Carnage bonus	РЕЗНЯ: Используй особенности окружения для расправы над врагами, чтобы получить очки резни	杀戮：用环境危害杀死敌人，可获得杀戮奖励	translated	
menu:MSGLIST.TXT:88:CARNAGE: Impale enemies on sharp objects to earn a Carnage bonus	menu	MSGLIST.TXT	88	CARNAGE: Impale enemies on sharp objects to earn a Carnage bonus	CARNAGE: Impale enemies on sharp objects to earn a Carnage bonus	РЕЗНЯ: Бросай противников на острые предметы, чтобы получить очки резни	杀戮：把敌人钉在尖锐物体上，可获得杀戮奖励	translated	
menu:MSGLIST.TXT:89:CARNAGE: Blast enemies with nearby explosives to earn a Carnage bonus	menu	MSGLIST.TXT	89	CARNAGE: Blast enemies with nearby explosives to earn a Carnage bonus	CARNAGE: Blast enemies with nearby explosives to earn a Carnage bonus	РЕЗНЯ: Устраивай взрывы, когда враги рядом, чтобы получить очки резни	杀戮：用附近的爆炸物炸飞敌人，可获得杀戮奖励	translated	
menu:MSGLIST.TXT:90:CARNAGE: Throw enemies off of high places to earn a Carnage bonus	menu	MSGLIST.TXT	90	CARNAGE: Throw enemies off of high places to earn a Carnage bonus	CARNAGE: Throw enemies off of high places to earn a Carnage bonus	РЕЗНЯ: Сбрасывай врагов с высоты, чтобы получить очки резни	杀戮：把敌人扔下高处，可获得杀戮奖励	translated	
menu:MSGLIST.TXT:91:CARNAGE: Throw enemies into electrical hazards to earn a Carnage bonus	menu	MSGLIST.TXT	91	CARNAGE: Throw enemies into electrical hazards to earn a Carnage bonus	CARNAGE: Throw enemies into electrical hazards to earn a Carnage bonus	РЕЗНЯ: Бросай противников на электрические контакты, чтобы получить очки резни	杀戮：把敌人扔进电击危险区，可获得杀戮奖励	translated	
menu:MSGLIST.TXT:92:CARNAGE: Use blades while rail grinding to earn a Carnage bonus	menu	MSGLIST.TXT	92	CARNAGE: Use blades while rail grinding to earn a Carnage bonus	CARNAGE: Use blades while rail grinding to earn a Carnage bonus	РЕЗНЯ: Режь врагов клинками при скольжении, чтобы получить очки резни	杀戮：在滑轨时使用刀刃，可获得杀戮奖励	translated	
menu:MSGLIST.TXT:93:CARNAGE: Throw enemies into flames to earn a Carnage bonus	menu	MSGLIST.TXT	93	CARNAGE: Throw enemies into flames to earn a Carnage bonus	CARNAGE: Throw enemies into flames to earn a Carnage bonus	РЕЗНЯ: Бросай противников в огонь, чтобы получить очки резни	杀戮：把敌人扔进火焰，可获得杀戮奖励	translated	
menu:MSGLIST.TXT:94:CARNAGE: Throw enemies into deep water to earn a Carnage bonus	menu	MSGLIST.TXT	94	CARNAGE: Throw enemies into deep water to earn a Carnage bonus	CARNAGE: Throw enemies into deep water to earn a Carnage bonus	РЕЗНЯ: Сбрасывай врагов в воду, чтобы получить очки резни	杀戮：把敌人扔进深水，可获得杀戮奖励	translated	
menu:MSGLIST.TXT:95:CARNAGE: Harpoon heavy objects then drop them onto enemies to earn a Carnage bonus	menu	MSGLIST.TXT	95	CARNAGE: Harpoon heavy objects then drop them onto enemies to earn a Carnage bonus	CARNAGE: Harpoon heavy objects then drop them onto enemies to earn a Carnage bonus	РЕЗНЯ: Цепляй гарпуном тяжелые объекты и сбрасывай их на врагов, чтобы получить очки резни	杀戮：用鱼叉钩住重物，再砸到敌人身上，可获得杀戮奖励	translated	
menu:MSGLIST.TXT:96:CARNAGE: Earn enough Carnage to permanently boost Health and Rage	menu	MSGLIST.TXT	96	CARNAGE: Earn enough Carnage to permanently boost Health and Rage	CARNAGE: Earn enough Carnage to permanently boost Health and Rage	РЕЗНЯ: Когда наберешь достаточно очков резни, сможешь повысить показатели здоровья и ярости	杀戮：积累足够杀戮值，可永久提升生命值和怒气	translated	
menu:MSGLIST.TXT:97:CARNAGE: Earn Carnage quickly for a bonus multiplier	menu	MSGLIST.TXT	97	CARNAGE: Earn Carnage quickly for a bonus multiplier	CARNAGE: Earn Carnage quickly for a bonus multiplier	РЕЗНЯ: Жестоко расправься с несколькими врагами подряд, чтобы получить дополнительные очки резни	杀戮：快速获得杀戮值，可获得奖励倍率	translated	
menu:MSGLIST.TXT:98:COMBAT: Enemies are more vulnerable from behind	menu	MSGLIST.TXT	98	COMBAT: Enemies are more vulnerable from behind	COMBAT: Enemies are more vulnerable from behind	БОЙ: Врагов проще убить со спины	战斗：从背后攻击敌人更有效	translated	
menu:MSGLIST.TXT:99:COMBAT: Kick repeatedly to disarm enemies	menu	MSGLIST.TXT	99	COMBAT: Kick repeatedly to disarm enemies	COMBAT: Kick repeatedly to disarm enemies	БОЙ: Серия ударов ногами выбивает оружие из рук противника	战斗：连续踢击可以踢掉敌人的武器	translated	
menu:MSGLIST.TXT:100:COMBAT: Hold Lock-On to block attacks or focus on one enemy	menu	MSGLIST.TXT	100	COMBAT: Hold Lock-On to block attacks or focus on one enemy	COMBAT: Hold Lock-On to block attacks or focus on one enemy	БОЙ: Удерживай фиксацию цели, чтобы блокировать удары или атаковать только одного противника	战斗：按住锁定键可以格挡攻击，或集中对付一个敌人	translated	
menu:MSGLIST.TXT:101:COMBAT: Release Lock-On to strike multiple enemies	menu	MSGLIST.TXT	101	COMBAT: Release Lock-On to strike multiple enemies	COMBAT: Release Lock-On to strike multiple enemies	БОЙ: Отпусти фиксацию цели, чтобы атаковать всех врагов	战斗：松开锁定键可以攻击多个敌人	translated	
menu:MSGLIST.TXT:102:COMBAT: Try to evade powerful attacks rather than block them	menu	MSGLIST.TXT	102	COMBAT: Try to evade powerful attacks rather than block them	COMBAT: Try to evade powerful attacks rather than block them	БОЙ: От сильных атак лучше уклоняться чем блокировать их	战斗：面对强力攻击时，尽量闪避而不是格挡	translated	
menu:MSGLIST.TXT:103:COMBAT: Harpoon enemies then use the movement stick to throw them	menu	MSGLIST.TXT	103	COMBAT: Harpoon enemies then use the movement stick to throw them	COMBAT: Harpoon enemies then use the movement stick to throw them	БОЙ: Кидай загарпуненных врагов с помощью клавиш управления движением	战斗：用鱼叉钩住敌人，再移动摇杆把他们甩出去	translated	
menu:MSGLIST.TXT:104:COMBAT: Cycle between targets when you Lock-On the wrong one	menu	MSGLIST.TXT	104	COMBAT: Cycle between targets when you Lock-On the wrong one	COMBAT: Cycle between targets when you Lock-On the wrong one	БОЙ: Если зафиксированная цель не устраивает, то можно перебирать цели, пока не выделится нужная	战斗：锁定错目标时，可以切换目标	translated	
menu:MSGLIST.TXT:105:COMBAT: Turn Rayne to face the subject you want to Lock-On to	menu	MSGLIST.TXT	105	COMBAT: Turn Rayne to face the subject you want to Lock-On to	COMBAT: Turn Rayne to face the subject you want to Lock-On to	БОЙ: Поверни Рейн лицом к цели, которую надо зафиксировать	战斗：让莱恩转向你想锁定的对象	translated	
menu:MSGLIST.TXT:106:COMBAT: Throw enemies into one another to knock them down	menu	MSGLIST.TXT	106	COMBAT: Throw enemies into one another to knock them down	COMBAT: Throw enemies into one another to knock them down	БОЙ: Бросай врагов друг в друга, чтобы сбить их с ног	战斗：把敌人扔向彼此，可以将他们撞倒	translated	
menu:MSGLIST.TXT:107:COMBAT: Harpoon enemies to disarm them	menu	MSGLIST.TXT	107	COMBAT: Harpoon enemies to disarm them	COMBAT: Harpoon enemies to disarm them	БОЙ: С помощью гарпуна можно обезоруживать противников	战斗：用鱼叉钩住敌人可以打掉他们的武器	translated	
menu:MSGLIST.TXT:108:COMBAT: Strike switches to activate them	menu	MSGLIST.TXT	108	COMBAT: Strike switches to activate them	COMBAT: Strike switches to activate them	БОЙ: Ударь по рубильнику, чтобы включить его	战斗：攻击开关可以启动它们	translated	
menu:MSGLIST.TXT:109:COMBAT: Kicks can knock enemies onto the ground	menu	MSGLIST.TXT	109	COMBAT: Kicks can knock enemies onto the ground	COMBAT: Kicks can knock enemies onto the ground	БОЙ: Удар ногой может сбить противника с ног	战斗：踢击可以把敌人踢倒在地	translated	
menu:MSGLIST.TXT:110:COMBAT: Harpoon targets when you need to save ammo	menu	MSGLIST.TXT	110	COMBAT: Harpoon targets when you need to save ammo	COMBAT: Harpoon targets when you need to save ammo	БОЙ: Использование гарпуна помогает сохранить патроны	战斗：需要节省弹药时，用鱼叉钩住目标	translated	
menu:MSGLIST.TXT:111:FEEDING: Rotate a victim while feeding to block enemy attacks	menu	MSGLIST.TXT	111	FEEDING: Rotate a victim while feeding to block enemy attacks	FEEDING: Rotate a victim while feeding to block enemy attacks	КОРМЕЖКА: Врага у которого пьешь кровь можно повернуть, чтобы закрыться от атак других противников	吸血：吸血时转动受害者，可以挡住敌人的攻击	translated	
menu:MSGLIST.TXT:112:FEEDING: Feed often to restore health and ammunition	menu	MSGLIST.TXT	112	FEEDING: Feed often to restore health and ammunition	FEEDING: Feed often to restore health and ammunition	КОРМЕЖКА: Не забывай почаще пить кровь, чтобы восстановить здоровье и патроны	吸血：经常吸血可以恢复生命值和弹药	translated	
menu:MSGLIST.TXT:113:FEEDING: Don't try to feed upon enemies who carry large weapons	menu	MSGLIST.TXT	113	FEEDING: Don't try to feed upon enemies who carry large weapons	FEEDING: Don't try to feed upon enemies who carry large weapons	КОРМЕЖКА: Не пытайся пить кровь у тяжеловооруженных врагов	吸血：不要试图吸食携带大型武器的敌人	translated	
menu:MSGLIST.TXT:114:FEEDING: Feed upon enemies to eliminate them quickly	menu	MSGLIST.TXT	114	FEEDING: Feed upon enemies to eliminate them quickly	FEEDING: Feed upon enemies to eliminate them quickly	КОРМЕЖКА: Пей кровь врагов, чтобы быстрее их убить	吸血：吸食敌人可以快速解决他们	translated	
menu:MSGLIST.TXT:115:OBJECTIVES: Check your current objective when you forget what to do next	menu	MSGLIST.TXT	115	OBJECTIVES: Check your current objective when you forget what to do next	OBJECTIVES: Check your current objective when you forget what to do next	ЗАДАЧИ: Если не знаешь, что делать дальше, посмотри текущие задачи	目标：忘记下一步该做什么时，查看当前目标	translated	
menu:MSGLIST.TXT:116:PAUSE MENU: Select the Moves List to review all button combos	menu	MSGLIST.TXT	116	PAUSE MENU: Select the Moves List to review all button combos	PAUSE MENU: Select the Moves List to review all button combos	МЕНЮ: Выбери пункт 'Список приемов', чтобы посмотреть комбинации клавиш	暂停菜单：选择招式列表，查看所有按键连招	translated	
menu:MSGLIST.TXT:117:POWERS: Use powers to survive difficult fights	menu	MSGLIST.TXT	117	POWERS: Use powers to survive difficult fights	POWERS: Use powers to survive difficult fights	СПОСОБНОСТИ: Используй способности, чтобы выжить в схватке с серьезным противником	能力：使用能力来挺过艰难战斗	translated	
menu:MSGLIST.TXT:118:POWERS: Use Time Powers to dodge heavy gunfire	menu	MSGLIST.TXT	118	POWERS: Use Time Powers to dodge heavy gunfire	POWERS: Use Time Powers to dodge heavy gunfire	СПОСОБНОСТИ: Используй способности управления временем, чтобы уворачиваться от выстрелов	能力：使用时间能力来躲避枪林弹雨	translated	
menu:MSGLIST.TXT:119:POWERS: Time Powers enable Rayne to stay behind fast enemies	menu	MSGLIST.TXT	119	POWERS: Time Powers enable Rayne to stay behind fast enemies	POWERS: Time Powers enable Rayne to stay behind fast enemies	СПОСОБНОСТИ: Способности управления временем позволяют Рейн побеждать даже очень ловких противников	能力：时间能力可以让莱恩跟上快速敌人的身后	translated	
menu:MSGLIST.TXT:120:POWERS: Time Powers make it easier to feed upon enemies	menu	MSGLIST.TXT	120	POWERS: Time Powers make it easier to feed upon enemies	POWERS: Time Powers make it easier to feed upon enemies	СПОСОБНОСТИ: Способности управления временем облегчают питье крови из врагов	能力：时间能力能让吸食敌人变得更容易	translated	
menu:MSGLIST.TXT:121:POWERS: Freeze Time to surprise enemies with multiple pistol shots	menu	MSGLIST.TXT	121	POWERS: Freeze Time to surprise enemies with multiple pistol shots	POWERS: Freeze Time to surprise enemies with multiple pistol shots	СПОСОБНОСТИ: Замедли время, чтобы сделать больше выстрелов за единицу времени	能力：冻结时间，用多发手枪射击打敌人一个措手不及	translated	
menu:MSGLIST.TXT:122:POWERS: Aura Vision reveals navigation routes	menu	MSGLIST.TXT	122	POWERS: Aura Vision reveals navigation routes	POWERS: Aura Vision reveals navigation routes	СПОСОБНОСТИ: Зрение вампира помогает найти дорогу	能力：灵光视觉会显示前进路线	translated	
menu:MSGLIST.TXT:123:POWERS: Aura Vision tags the next objective with a marker	menu	MSGLIST.TXT	123	POWERS: Aura Vision tags the next objective with a marker	POWERS: Aura Vision tags the next objective with a marker	СПОСОБНОСТИ: Зрение вампира покажет где находится текущая задача миссии	能力：灵光视觉会用标记标出下一个目标	translated	
menu:MSGLIST.TXT:124:POWERS: Aura Vision reveals all nearby creatures	menu	MSGLIST.TXT	124	POWERS: Aura Vision reveals all nearby creatures	POWERS: Aura Vision reveals all nearby creatures	СПОСОБНОСТИ: Зрение вампира помогает видеть врагов	能力：灵光视觉会显示附近所有生物	translated	
menu:MSGLIST.TXT:125:POWERS: Aura Vision reveals hidden vampire lairs	menu	MSGLIST.TXT	125	POWERS: Aura Vision reveals hidden vampire lairs	POWERS: Aura Vision reveals hidden vampire lairs	СПОСОБНОСТИ: Зрение вампира выдает расположение скрытых вампирских логовищ	能力：灵光视觉会显示隐藏的吸血鬼巢穴	translated	
menu:MSGLIST.TXT:126:POWERS: Use Aura Vision to find victims to feed upon	menu	MSGLIST.TXT	126	POWERS: Use Aura Vision to find victims to feed upon	POWERS: Use Aura Vision to find victims to feed upon	СПОСОБНОСТИ: Используй зрение вампира, чтобы найти жертву	能力：使用灵光视觉寻找可供吸食的受害者	translated	
menu:MSGLIST.TXT:127:POWERS: Enthrall enemies to make them defend Rayne	menu	MSGLIST.TXT	127	POWERS: Enthrall enemies to make them defend Rayne	POWERS: Enthrall enemies to make them defend Rayne	СПОСОБНОСТИ: Порабощай противников, чтобы они защищали Рейн	能力：魅惑敌人，让他们保护莱恩	translated	
menu:MSGLIST.TXT:128:POWERS: Enthrall enemies to create diversions	menu	MSGLIST.TXT	128	POWERS: Enthrall enemies to create diversions	POWERS: Enthrall enemies to create diversions	СПОСОБНОСТИ: Порабощай противников, чтобы внести хаос в ряды противника	能力：魅惑敌人来制造干扰	translated	
menu:MSGLIST.TXT:129:POWERS: Blood Rage and Blood Fury prevent Rayne from being knocked down	menu	MSGLIST.TXT	129	POWERS: Blood Rage and Blood Fury prevent Rayne from being knocked down	POWERS: Blood Rage and Blood Fury prevent Rayne from being knocked down	СПОСОБНОСТИ: Когда Рейн впадает в Кровавую ярость или Кровавое бешенство, то ее нельзя сбить с ног	能力：血怒和血之狂暴可以防止莱恩被击倒	translated	
menu:MSGLIST.TXT:130:POWERS: Blood Rage and Blood Fury increase offense and defense	menu	MSGLIST.TXT	130	POWERS: Blood Rage and Blood Fury increase offense and defense	POWERS: Blood Rage and Blood Fury increase offense and defense	СПОСОБНОСТИ: Кровая ярость и Кровавое бешенство увеличивают показатели нападения и защиты	能力：血怒和血之狂暴会提升攻击和防御	translated	
menu:MSGLIST.TXT:131:POWERS: Rayne loses Rage instead of Health while in Blood Rage or Blood Fury	menu	MSGLIST.TXT	131	POWERS: Rayne loses Rage instead of Health while in Blood Rage or Blood Fury	POWERS: Rayne loses Rage instead of Health while in Blood Rage or Blood Fury	СПОСОБНОСТИ: Когда Рейн находится в состоянии Кровавой ярости или Кровавого бешенства, то при получении ею урона у нее тратится не здоровье, а запас ярости	能力：处于血怒或血之狂暴状态时，莱恩会损失怒气而不是生命值	translated	
menu:MSGLIST.TXT:132:POWERS: Use feeding fatalities to fuel powers during tough fights	menu	MSGLIST.TXT	132	POWERS: Use feeding fatalities to fuel powers during tough fights	POWERS: Use feeding fatalities to fuel powers during tough fights	СПОСОБНОСТИ: Добивай врагов, когда пьешь их кровь. Это поможет быстрее восстановить силы в разгар схватки	能力：在苦战中使用吸血处决来补充能力能量	translated	
menu:MSGLIST.TXT:133:POWERS: Ghost Feed eliminates enemies from a distance	menu	MSGLIST.TXT	133	POWERS: Ghost Feed eliminates enemies from a distance	POWERS: Ghost Feed eliminates enemies from a distance	СПОСОБНОСТИ: Используй Фантомного кровопийцу, чтобы уничтожать врагов на расстоянии	能力：幽灵吸血可以从远距离消灭敌人	translated	
menu:MSGLIST.TXT:134:POWERS: Ghost Feed restores Health while Rayne is engaged in other action	menu	MSGLIST.TXT	134	POWERS: Ghost Feed restores Health while Rayne is engaged in other action	POWERS: Ghost Feed restores Health while Rayne is engaged in other action	СПОСОБНОСТИ: Рейн может заниматься другими делами, пока Фантомный кровопийца восстанавливает ее здоровье	能力：幽灵吸血可以在莱恩进行其他动作时恢复生命值	translated	
menu:MSGLIST.TXT:135:POWERS: Turn off powers to conserve them for when they're most needed	menu	MSGLIST.TXT	135	POWERS: Turn off powers to conserve them for when they're most needed	POWERS: Turn off powers to conserve them for when they're most needed	СПОСОБНОСТИ: Береги ярость для тех случаев, когда способности действительно необходимы	能力：关闭能力，把它们留到最需要的时候再用	translated	
menu:MSGLIST.TXT:136:SPECTACROBATICS: Hold Lock-On then press Jump to evade in different directions	menu	MSGLIST.TXT	136	SPECTACROBATICS: Hold Lock-On then press Jump to evade in different directions	SPECTACROBATICS: Hold Lock-On then press Jump to evade in different directions	АКРОБАТИКА: Удерживая фокус цели, прыгай в разные стороны, чтобы уворачиваться от атак	炫技杂耍：按住锁定键再按跳跃，可以向不同方向闪避	translated	
menu:MSGLIST.TXT:137:SPECTACROBATICS: Press Kick to swing around vertical poles	menu	MSGLIST.TXT	137	SPECTACROBATICS: Press Kick to swing around vertical poles	SPECTACROBATICS: Press Kick to swing around vertical poles	АКРОБАТИКА: Нажми клавишу удара ногой, чтобы быстро развернуться вокруг столба	炫技杂耍：按下踢击键，可以绕着竖杆摆荡	translated	
menu:MSGLIST.TXT:138:SPECTACROBATICS: Use the Dragon pistols to shoot enemies while Rayne is on poles	menu	MSGLIST.TXT	138	SPECTACROBATICS: Use the Dragon pistols to shoot enemies while Rayne is on poles	SPECTACROBATICS: Use the Dragon pistols to shoot enemies while Rayne is on poles	АКРОБАТИКА: Драконы можно использовать для стрельбы по врагам и тогда, когда Рейн находится на шесте	炫技杂耍：莱恩在杆上时，可以用龙式手枪射击敌人	translated	
menu:MSGLIST.TXT:139:SPECTACROBATICS: Flip over an enemy to attack them from behind	menu	MSGLIST.TXT	139	SPECTACROBATICS: Flip over an enemy to attack them from behind	SPECTACROBATICS: Flip over an enemy to attack them from behind	АКРОБАТИКА: Перепрыгивай через врага и бей со спины	炫技杂耍：翻过敌人，从背后攻击他们	translated	
menu:MSGLIST.TXT:140:DRAGON PISTOLS: When the Dragon pistols run empty, they start feeding on Rayne	menu	MSGLIST.TXT	140	DRAGON PISTOLS: When the Dragon pistols run empty, they start feeding on Rayne	DRAGON PISTOLS: When the Dragon pistols run empty, they start feeding on Rayne	ДРАКОНЫ: Когда в Драконах кончается запас крови, они начинают брать кровь у Рейн	龙式手枪：龙式手枪弹药耗尽后，会开始吸食莱恩	translated	
menu:MSGLIST.TXT:141:DRAGON PISTOLS: Fire the Dragon pistols while feeding to reload them	menu	MSGLIST.TXT	141	DRAGON PISTOLS: Fire the Dragon pistols while feeding to reload them	DRAGON PISTOLS: Fire the Dragon pistols while feeding to reload them	ДРАКОНЫ: Выстрели из Драконов когда пьешь кровь, чтобы перезарядить их	龙式手枪：吸血时发射龙式手枪，可以为它们装填弹药	translated	
menu:MSGLIST.TXT:142:DRAGON PISTOLS: Gain experience with each firing mode to upgrade its power	menu	MSGLIST.TXT	142	DRAGON PISTOLS: Gain experience with each firing mode to upgrade its power	DRAGON PISTOLS: Gain experience with each firing mode to upgrade its power	ДРАКОНЫ: Получай опыт в каждом режиме, чтобы увеличить урон от стрельбы	龙式手枪：使用每种射击模式获得经验，可提升其威力	translated	
menu:MSGLIST.TXT:143:DRAGON PISTOLS: Stun minions with the pistols before trying to harpoon them	menu	MSGLIST.TXT	143	DRAGON PISTOLS: Stun minions with the pistols before trying to harpoon them	DRAGON PISTOLS: Stun minions with the pistols before trying to harpoon them	ДРАКОНЫ: Оглуши противников выстрелами, прежде чем загарпунить их	龙式手枪：试图用鱼叉钩住喽啰前，先用手枪击晕他们	translated	
menu:MSGLIST.TXT:144:Loading...	menu	MSGLIST.TXT	144	Loading...	Loading...	Загрузка...	正在加载……	translated	
menu:MSGLIST.TXT:145:Windows is reporting 	menu	MSGLIST.TXT	145	Windows is reporting 	Windows is reporting 	Windows сообщает о	Windows 报告系统内存为	translated	
menu:MSGLIST.TXT:146:MB of system RAM.	menu	MSGLIST.TXT	146	MB of system RAM.	MB of system RAM.	Мб системной памяти.	MB。	translated	
menu:MSGLIST.TXT:147:Nocturne requires at least 64MB of system RAM.	menu	MSGLIST.TXT	147	Nocturne requires at least 64MB of system RAM.	Nocturne requires at least 64MB of system RAM.	Nocturne требует не менее 64Мб системной памяти.	《夜曲》至少需要 64MB 系统内存。	translated	
menu:MSGLIST.TXT:148:If you think you have at least 64MB of system RAM	menu	MSGLIST.TXT	148	If you think you have at least 64MB of system RAM	If you think you have at least 64MB of system RAM	Если вы уверены, что у вас не менее 64Мб системной памяти	如果你认为自己至少有 64MB 系统内存	translated	
menu:MSGLIST.TXT:149:then ignore this message.	menu	MSGLIST.TXT	149	then ignore this message.	then ignore this message.	просто пропустите это сообщение.	则忽略此消息。	translated	
menu:MSGLIST.TXT:150:See README.TXT for more information.	menu	MSGLIST.TXT	150	See README.TXT for more information.	See README.TXT for more information.	Подробности смотрите в README.TXT.	更多信息请查看 README.TXT。	translated	
menu:MSGLIST.TXT:151:MB of free swap disk space.	menu	MSGLIST.TXT	151	MB of free swap disk space.	MB of free swap disk space.	Мб свободного места на диске для файла подкачки.	MB 可用交换磁盘空间。	translated	
menu:MSGLIST.TXT:152:Nocturne runs best with at least 200MB free.	menu	MSGLIST.TXT	152	Nocturne runs best with at least 200MB free.	Nocturne runs best with at least 200MB free.	Nocturne лучше всего работает если доступно не менее 200Мб.	《夜曲》在至少 200MB 可用空间下运行效果最佳。	translated	
menu:MSGLIST.TXT:153:There's a problem with the disc you're using.\nIt may be dirty or damaged.	menu	MSGLIST.TXT	153	There's a problem with the disc you're using.\nIt may be dirty or damaged.	There's a problem with the disc you're using.\nIt may be dirty or damaged.	Ошибка чтения диска.\nОн может быть испачкан или поврежден.	你正在使用的光盘有问题。\n它可能脏了或损坏了。	translated	
menu:MSGLIST.TXT:154:Not enough rage points	menu	MSGLIST.TXT	154	Not enough rage points	Not enough rage points	Недостаточно ярости	怒气点数不足	translated	
menu:MSGLIST.TXT:155:Power not available	menu	MSGLIST.TXT	155	Power not available	Power not available	Способность недоступна	能力不可用	translated	
menu:MSGLIST.TXT:156:Rayne can't activate Ghost Feed while already Feeding	menu	MSGLIST.TXT	156	Rayne can't activate Ghost Feed while already Feeding	Rayne can't activate Ghost Feed while already Feeding	Рейн не может выпустить Фантомного кровопийцу, если она уже пьет кровь	莱恩已经在吸血时，无法启动幽灵吸血	translated	
menu:MSGLIST.TXT:157:No victim to feed on	menu	MSGLIST.TXT	157	No victim to feed on	No victim to feed on	Нет жертвы, чтобы выпить кровь	没有可吸食的受害者	translated	
menu:MSGLIST.TXT:158:Cannot use enthrall while feeding	menu	MSGLIST.TXT	158	Cannot use enthrall while feeding	Cannot use enthrall while feeding	Невозможно использовать порабощение, когда пьешь кровь	吸血时无法使用魅惑	translated	
menu:MSGLIST.TXT:159:Locked: ???	menu	MSGLIST.TXT	159	Locked: ???	Locked: ???	Недоступно: ???	已锁定：???	translated	
menu:MSGLIST.TXT:160:Saved Games	menu	MSGLIST.TXT	160	Saved Games	Saved Games	Сохраненные игры	保存的游戏	translated	
menu:MSGLIST.TXT:161:No BloodRayne 2 save data found	menu	MSGLIST.TXT	161	No BloodRayne 2 save data found	No BloodRayne 2 save data found	Не найдено сохраненных игр BloodRayne 2	未找到《吸血莱恩2》保存数据	translated	
menu:MSGLIST.TXT:162:New save	menu	MSGLIST.TXT	162	New save	New save	Новое сохранение	新存档	translated	
menu:MSGLIST.TXT:163:There's a problem with the disc you're using.  It is damaged or dirty.	menu	MSGLIST.TXT	163	There's a problem with the disc you're using.  It is damaged or dirty.	There's a problem with the disc you're using.  It is damaged or dirty.	Ошибка чтения диска. Он может быть поврежден или испачкан.	你正在使用的光盘有问题，它已损坏或弄脏。	translated	
menu:MSGLIST.TXT:164:Please wait while BloodRayne 2 game data is copied to your Xbox hard disk.  This is only necessary the first time you play BloodRayne 2.	menu	MSGLIST.TXT	164	Please wait while BloodRayne 2 game data is copied to your Xbox hard disk.  This is only necessary the first time you play BloodRayne 2.	Please wait while BloodRayne 2 game data is copied to your Xbox hard disk.  This is only necessary the first time you play BloodRayne 2.	Please wait while BloodRayne 2 game data is copied to your Xbox hard disk.  This is only necessary the first time you play BloodRayne 2.	请稍候，正在将《吸血莱恩2》游戏数据复制到你的 Xbox 硬盘。只有第一次游玩《吸血莱恩2》时需要执行此操作。	translated	
menu:MSGLIST.TXT:165:Brimstone Society Dossier 322: Agent BloodRayne	menu	MSGLIST.TXT	165	Brimstone Society Dossier 322: Agent BloodRayne	Brimstone Society Dossier 322: Agent BloodRayne	Досье организации Бримстоун 322: Агент BloodRayne	硫磺会档案 322：特工吸血莱恩	translated	
menu:MSGLIST.TXT:166:Rayne is Dhampir -- a half-breed vampire born of a human mother	menu	MSGLIST.TXT	166	Rayne is Dhampir -- a half-breed vampire born of a human mother	Rayne is Dhampir -- a half-breed vampire born of a human mother	Рейн -- дампир. Полувампир, рожденная матерью-человеком	莱恩是半吸血鬼 —— 由人类母亲所生的混血吸血鬼	translated	
menu:MSGLIST.TXT:167:Enlisted by Brimstone in 1935 to combat Nazi cultists	menu	MSGLIST.TXT	167	Enlisted by Brimstone in 1935 to combat Nazi cultists	Enlisted by Brimstone in 1935 to combat Nazi cultists	В 1935 завербована организацией Бримстоун для борьбы против нацистских культистов	1935 年受硫磺会征召，对抗纳粹邪教徒	translated	
menu:MSGLIST.TXT:168:Witnessed the death of her father, Kagan -- the vampire overlord	menu	MSGLIST.TXT	168	Witnessed the death of her father, Kagan -- the vampire overlord	Witnessed the death of her father, Kagan -- the vampire overlord	Присутствовала при гибели своего отца, Кейгана -- высшего вампира	亲眼见证其父卡根 —— 吸血鬼霸主之死	translated	
menu:MSGLIST.TXT:169:Irregular contact with Agent Rayne over the past seven decades	menu	MSGLIST.TXT	169	Irregular contact with Agent Rayne over the past seven decades	Irregular contact with Agent Rayne over the past seven decades	В течение последних семидесяти лет Рейн изредка выходила на связь	过去七十年来，与特工莱恩保持着不规律联系	translated	
menu:MSGLIST.TXT:170:Rayne is reported to be hunting Kagan's vampiric offspring	menu	MSGLIST.TXT	170	Rayne is reported to be hunting Kagan's vampiric offspring	Rayne is reported to be hunting Kagan's vampiric offspring	Известно, что Рейн ведет охоту на отпрысков Кейгана	据报告称，莱恩正在猎杀卡根的吸血鬼后裔	translated	
menu:MSGLIST.TXT:171:Agent Severin assigned to monitor Rayne's activities	menu	MSGLIST.TXT	171	Agent Severin assigned to monitor Rayne's activities	Agent Severin assigned to monitor Rayne's activities	Наблюдать за Рейн назначили агента Северина	特工塞弗林被指派监视莱恩的行动	translated	
menu:MSGLIST.TXT:172:Their last known whereabouts are The City	menu	MSGLIST.TXT	172	Their last known whereabouts are The City	Their last known whereabouts are The City	В последний раз они выходили на связь из Города	他们最后已知的行踪位于“城市”	translated	
menu:MSGLIST.TXT:173:Field intelligence indicates some form of major operation	menu	MSGLIST.TXT	173	Field intelligence indicates some form of major operation	Field intelligence indicates some form of major operation	Разведка донесла о какой-то крупной операции	现场情报显示，某种大规模行动正在进行中	translated	
menu:MSGLIST.TXT:174:%d%% complete.	menu	MSGLIST.TXT	174	%d%% complete.	%d%% complete.	%d%% завершено.	完成%d%%	translated	
menu:MSGLIST.TXT:175:Mansion - Entry	menu	MSGLIST.TXT	175	Mansion - Entry	Mansion - Entry	Особняк - Холл	宅邸：入口	translated	
menu:MSGLIST.TXT:176:Mansion - Courtyard	menu	MSGLIST.TXT	176	Mansion - Courtyard	Mansion - Courtyard	Особняк - Двор	宅邸：庭院	translated	
menu:MSGLIST.TXT:177:Mansion - Roof	menu	MSGLIST.TXT	177	Mansion - Roof	Mansion - Roof	Особняк - Крыша	宅邸：屋顶	translated	
menu:MSGLIST.TXT:178:Mansion - Ballroom	menu	MSGLIST.TXT	178	Mansion - Ballroom	Mansion - Ballroom	Особняк - Бальный зал	宅邸：舞厅	translated	
menu:MSGLIST.TXT:179:Mansion - Zerenski	menu	MSGLIST.TXT	179	Mansion - Zerenski	Mansion - Zerenski	Особняк - Зерински	宅邸：泽伦斯基	translated	
menu:MSGLIST.TXT:180:Meatpacking District - O'Leary's Cow	menu	MSGLIST.TXT	180	Meatpacking District - O'Leary's Cow	Meatpacking District - O'Leary's Cow	Мясной завод - Корова О'Лири	肉类加工区：奥利里的奶牛	translated	
menu:MSGLIST.TXT:181:Meatpacking District - Alleys and Rooftops	menu	MSGLIST.TXT	181	Meatpacking District - Alleys and Rooftops	Meatpacking District - Alleys and Rooftops	Мясной завод - Переулки и крыши	肉类加工区：小巷与屋顶	translated	
menu:MSGLIST.TXT:182:Union Station - Abandoned Train Bay	menu	MSGLIST.TXT	182	Union Station - Abandoned Train Bay	Union Station - Abandoned Train Bay	Вокзал - Заброшенная платформа	联合车站：废弃站台	translated	
menu:MSGLIST.TXT:183:Union Station - Abandoned Shopping Plaza	menu	MSGLIST.TXT	183	Union Station - Abandoned Shopping Plaza	Union Station - Abandoned Shopping Plaza	Вокзал - Заброшенный торговый центр	联合车站：废弃商场	translated	
menu:MSGLIST.TXT:184:Union Station - Club Strages	menu	MSGLIST.TXT	184	Union Station - Club Strages	Union Station - Club Strages	Вокзал - Дискотека	联合车站：斯特拉吉斯俱乐部	translated	
menu:MSGLIST.TXT:185:Sewers - Access Tunnels	menu	MSGLIST.TXT	185	Sewers - Access Tunnels	Sewers - Access Tunnels	Канализация - Коллектор	下水道：入口隧道	translated	
menu:MSGLIST.TXT:186:Sewers - Smuggling Route	menu	MSGLIST.TXT	186	Sewers - Smuggling Route	Sewers - Smuggling Route	Канализация - Контрабанда	下水道：走私路线	translated	
menu:MSGLIST.TXT:187:Sewers - Slezz	menu	MSGLIST.TXT	187	Sewers - Slezz	Sewers - Slezz	Канализация - Слезз	下水道：斯莱兹	translated	
menu:MSGLIST.TXT:188:Wetworks - Electrification Silos	menu	MSGLIST.TXT	188	Wetworks - Electrification Silos	Wetworks - Electrification Silos	Ветворкс - Щитовая	湿作业厂：电气筒仓	translated	
menu:MSGLIST.TXT:189:Wetworks - Mess Hall	menu	MSGLIST.TXT	189	Wetworks - Mess Hall	Wetworks - Mess Hall	Ветворкс - Столовая	湿作业厂：食堂	translated	
menu:MSGLIST.TXT:190:Wetworks - Chemical Processing	menu	MSGLIST.TXT	190	Wetworks - Chemical Processing	Wetworks - Chemical Processing	Ветворкс - Химзавод	湿作业厂：化学处理区	translated	
menu:MSGLIST.TXT:191:Wetworks - Turbine	menu	MSGLIST.TXT	191	Wetworks - Turbine	Wetworks - Turbine	Ветворкс - Турбина	湿作业厂：涡轮机	translated	
menu:MSGLIST.TXT:192:Wetworks - Furnace	menu	MSGLIST.TXT	192	Wetworks - Furnace	Wetworks - Furnace	Ветворкс - Котел	湿作业厂：熔炉	translated	
menu:MSGLIST.TXT:193:Wetworks - Loading Bay	menu	MSGLIST.TXT	193	Wetworks - Loading Bay	Wetworks - Loading Bay	Ветворкс - Погрузочная рампа	湿作业厂：装卸区	translated	
menu:MSGLIST.TXT:194:Shroud Tower - Ascent	menu	MSGLIST.TXT	194	Shroud Tower - Ascent	Shroud Tower - Ascent	Башня Савана - Восхождение	暗幕塔：攀登	translated	
menu:MSGLIST.TXT:195:Shroud Tower - Ferril	menu	MSGLIST.TXT	195	Shroud Tower - Ferril	Shroud Tower - Ferril	Башня Савана - Феррил	暗幕塔：费里尔	translated	
menu:MSGLIST.TXT:196:Twisted Park - Zoo Entrance	menu	MSGLIST.TXT	196	Twisted Park - Zoo Entrance	Twisted Park - Zoo Entrance	Проклятый парк - Вход в зоопарк	扭曲公园：动物园入口	translated	
menu:MSGLIST.TXT:197:Twisted Park - The Aquarium	menu	MSGLIST.TXT	197	Twisted Park - The Aquarium	Twisted Park - The Aquarium	Проклятый парк - Аквариум	扭曲公园：水族馆	translated	
menu:MSGLIST.TXT:198:Twisted Park - Ephemera	menu	MSGLIST.TXT	198	Twisted Park - Ephemera	Twisted Park - Ephemera	Проклятый парк - Эфемера	扭曲公园：埃菲梅拉	translated	
menu:MSGLIST.TXT:199:Kagan's Tower - Xerx's Labs	menu	MSGLIST.TXT	199	Kagan's Tower - Xerx's Labs	Kagan's Tower - Xerx's Labs	Башня Кейгана - Лаборатория Зеркса	卡根塔：泽克斯实验室	translated	
menu:MSGLIST.TXT:200:Kagan's Tower - Llewelyn Corporate	menu	MSGLIST.TXT	200	Kagan's Tower - Llewelyn Corporate	Kagan's Tower - Llewelyn Corporate	Башня Кейгана - Корпорация Луелин	卡根塔：卢埃林公司	translated	
menu:MSGLIST.TXT:201:Kagan's Tower - Unraveller	menu	MSGLIST.TXT	201	Kagan's Tower - Unraveller	Kagan's Tower - Unraveller	Башня Кейгана - Вонюк	卡根塔：拆解者	translated	
menu:MSGLIST.TXT:202:Kagan's Tower - Media Center	menu	MSGLIST.TXT	202	Kagan's Tower - Media Center	Kagan's Tower - Media Center	Башня Кейгана - Отдел рекламы	卡根塔：媒体中心	translated	
menu:MSGLIST.TXT:203:Kagan's Tower - Skybridge	menu	MSGLIST.TXT	203	Kagan's Tower - Skybridge	Kagan's Tower - Skybridge	Башня Кейгана - Мост над бездной	卡根塔：空中连桥	translated	
menu:MSGLIST.TXT:204:Kagan's Tower - Rooftop	menu	MSGLIST.TXT	204	Kagan's Tower - Rooftop	Kagan's Tower - Rooftop	Башня Кейгана - Поднебесье	卡根塔：屋顶	translated	
menu:MSGLIST.TXT:205:Kagan's Tower - Throne room	menu	MSGLIST.TXT	205	Kagan's Tower - Throne room	Kagan's Tower - Throne room	Башня Кейгана - Тронный зал	卡根塔：王座厅	translated	
menu:MSGLIST.TXT:206:(none)	menu	MSGLIST.TXT	206	(none)	(none)	(пусто)	（无）	translated	
menu:MSGLIST.TXT:207:Mouse X-Axis	menu	MSGLIST.TXT	207	Mouse X-Axis	Mouse X-Axis	Мышь ось-X	鼠标X轴	translated	
menu:MSGLIST.TXT:208:Mouse Y-Axis	menu	MSGLIST.TXT	208	Mouse Y-Axis	Mouse Y-Axis	Мышь ось-Y	鼠标Y轴	translated	
menu:MSGLIST.TXT:209:Mouse B1	menu	MSGLIST.TXT	209	Mouse B1	Mouse B1	Мышь ЛК	鼠标键1	translated	
menu:MSGLIST.TXT:210:Mouse B2	menu	MSGLIST.TXT	210	Mouse B2	Mouse B2	Мышь ПК	鼠标键2	translated	
menu:MSGLIST.TXT:211:Mouse B3	menu	MSGLIST.TXT	211	Mouse B3	Mouse B3	Мышь СК	鼠标键3	translated	
menu:MSGLIST.TXT:212:Mouse B4	menu	MSGLIST.TXT	212	Mouse B4	Mouse B4	Мышь К4	鼠标键4	translated	
menu:MSGLIST.TXT:213:Mouse B5	menu	MSGLIST.TXT	213	Mouse B5	Mouse B5	Мышь К5	鼠标键5	translated	
menu:MSGLIST.TXT:214:Traditional 3rd Person	menu	MSGLIST.TXT	214	Traditional 3rd Person	Traditional 3rd Person	Обычный вид от 3-го лица	传统第三人称	translated	
menu:MSGLIST.TXT:215:3rd person with strafe	menu	MSGLIST.TXT	215	3rd person with strafe	3rd person with strafe	Вид от 3-го лица с движением вбок	平移式第三人称	translated	
menu:MSGLIST.TXT:216:1st person	menu	MSGLIST.TXT	216	1st person	1st person	Вид от 1-го лица	第一人称	translated	
menu:MSGLIST.TXT:217:Traditional 3rd person LH	menu	MSGLIST.TXT	217	Traditional 3rd person LH	Traditional 3rd person LH	Обычный вид от 3-го лица для левшей	传统第三人称（左手）	translated	
menu:MSGLIST.TXT:218:3rd person with strafe LH	menu	MSGLIST.TXT	218	3rd person with strafe LH	3rd person with strafe LH	Вид от 3-го лица для левшей с движением вбок	平移式第三人称（左手）	translated	
menu:MSGLIST.TXT:219:1st person LH	menu	MSGLIST.TXT	219	1st person LH	1st person LH	Вид от 1-го лица для левшей	第一人称（左手）	translated	
menu:MSGLIST.TXT:220:Can't read the gamepad.  Make sure a gamepad is plugged in and try again.	menu	MSGLIST.TXT	220	Can't read the gamepad.  Make sure a gamepad is plugged in and try again.	Can't read the gamepad.  Make sure a gamepad is plugged in and try again.	Геймпад не обнаружен. Проверьте подключен ли он и попробуйте снова.	无法读取手柄，请确认手柄已连接后重试。	translated	
menu:MSGLIST.TXT:221:Your gamepad hasn't been properly calibrated.  Please calibrate your gamepad.	menu	MSGLIST.TXT	221	Your gamepad hasn't been properly calibrated.  Please calibrate your gamepad.	Your gamepad hasn't been properly calibrated.  Please calibrate your gamepad.	Ваш геймпад не откалиброван. Пожалуйста откалибруйте.	手柄尚未正确校准，请先校准手柄。	translated	
menu:MSGLIST.TXT:222:Save game is damaged and cannot be loaded	menu	MSGLIST.TXT	222	Save game is damaged and cannot be loaded	Save game is damaged and cannot be loaded	Сохраненная игра повреждена и не может быть загружена	存档已损坏，无法载入	translated	
menu:MSGLIST.TXT:223:Unable to load saved game.	menu	MSGLIST.TXT	223	Unable to load saved game.	Unable to load saved game.	Не удалось загрузить сохраненную игру	无法载入存档。	translated	
menu:MSGLIST.TXT:224:%s\nLoad failed.	menu	MSGLIST.TXT	224	%s\nLoad failed.	%s\nLoad failed.	%s\nЗагрузка не удалась.	%s\n载入失败。	translated	
menu:MSGLIST.TXT:225:Load failed! Check memory card (PS2) in %s and please try again.	menu	MSGLIST.TXT	225	Load failed! Check memory card (PS2) in %s and please try again.	Load failed! Check memory card (PS2) in %s and please try again.	Load failed! Check memory card (PS2) in %s and please try again.	载入失败！请检查 %s 中的存储卡（PS2），然后重试。	translated	
menu:MSGLIST.TXT:226:%s\nSave failed.	menu	MSGLIST.TXT	226	%s\nSave failed.	%s\nSave failed.	%s\nСохранение не удалось.	%s\n保存失败。	translated	
menu:MSGLIST.TXT:227:Save failed! Check memory card (PS2) in %s and please try again	menu	MSGLIST.TXT	227	Save failed! Check memory card (PS2) in %s and please try again	Save failed! Check memory card (PS2) in %s and please try again	Save failed! Check memory card (PS2) in %s and please try again	保存失败！请检查 %s 中的存储卡（PS2），然后重试。	translated	
menu:MSGLIST.TXT:228:New Game	menu	MSGLIST.TXT	228	New Game	New Game	Новая игра	新游戏	translated	
menu:MSGLIST.TXT:229:Load Game	menu	MSGLIST.TXT	229	Load Game	Load Game	Загрузить игру	载入游戏	translated	
menu:MSGLIST.TXT:230:Options	menu	MSGLIST.TXT	230	Options	Options	Настройки	选项	translated	
menu:MSGLIST.TXT:231:Extras	menu	MSGLIST.TXT	231	Extras	Extras	Дополнительно	额外内容	translated	
menu:MSGLIST.TXT:232:Quit	menu	MSGLIST.TXT	232	Quit	Quit	Выйти	退出	translated	
menu:MSGLIST.TXT:233:Choose Level	menu	MSGLIST.TXT	233	Choose Level	Choose Level	Выбрать уровень	选择关卡	translated	
menu:MSGLIST.TXT:234:Choose difficulty level	menu	MSGLIST.TXT	234	Choose difficulty level	Choose difficulty level	Выбрать уровень сложности	选择难度	translated	
menu:MSGLIST.TXT:235:Minion	menu	MSGLIST.TXT	235	Minion	Minion	Раб	喽啰	translated	
menu:MSGLIST.TXT:236:Dhampir	menu	MSGLIST.TXT	236	Dhampir	Dhampir	Дампир	达姆皮尔	translated	
menu:MSGLIST.TXT:237:Overlord	menu	MSGLIST.TXT	237	Overlord	Overlord	Высший	霸主	translated	
menu:MSGLIST.TXT:238:Load Game - Select memory card (PS2).	menu	MSGLIST.TXT	238	Load Game - Select memory card (PS2).	Load Game - Select memory card (PS2).	Load Game - Select memory card (PS2).	读取游戏 - 选择记忆卡（PS2）	translated	
menu:MSGLIST.TXT:239:Save Game - Select memory card (PS2).	menu	MSGLIST.TXT	239	Save Game - Select memory card (PS2).	Save Game - Select memory card (PS2).	Save Game - Select memory card (PS2).	保存游戏 - 选择记忆卡（PS2）	translated	
menu:MSGLIST.TXT:240:Load Game - Select Storage Device	menu	MSGLIST.TXT	240	Load Game - Select Storage Device	Load Game - Select Storage Device	Load Game - Select Storage Device	载入游戏：选择存储设备	translated	
menu:MSGLIST.TXT:241:Save Game - Select Storage Device	menu	MSGLIST.TXT	241	Save Game - Select Storage Device	Save Game - Select Storage Device	Save Game - Select Storage Device	保存游戏：选择存储设备	translated	
menu:MSGLIST.TXT:242:(Unformatted)	menu	MSGLIST.TXT	242	(Unformatted)	(Unformatted)	(Unformatted)	（未格式化）	translated	
menu:MSGLIST.TXT:243: free	menu	MSGLIST.TXT	243	 free	 free	 free	可用	translated	
menu:MSGLIST.TXT:244:Xbox hard disk	menu	MSGLIST.TXT	244	Xbox hard disk	Xbox hard disk	Xbox hard disk	硬盘	translated	
menu:MSGLIST.TXT:245:(full)	menu	MSGLIST.TXT	245	(full)	(full)	(full)	（已满）	translated	
menu:MSGLIST.TXT:246: (full)	menu	MSGLIST.TXT	246	 (full)	 (full)	 (full)	（已满）	translated	
menu:MSGLIST.TXT:247:No memory card (PS2) in MEMORY CARD slot 1	menu	MSGLIST.TXT	247	No memory card (PS2) in MEMORY CARD slot 1	No memory card (PS2) in MEMORY CARD slot 1	No memory card (PS2) in MEMORY CARD slot 1	记忆卡插槽 1 中没有记忆卡（PS2）	translated	
menu:MSGLIST.TXT:248:Please insert a memory unit	menu	MSGLIST.TXT	248	Please insert a memory unit	Please insert a memory unit	Please insert a memory unit	请插入存储设备	translated	
menu:MSGLIST.TXT:249:Load Game - Select Save Game	menu	MSGLIST.TXT	249	Load Game - Select Save Game	Load Game - Select Save Game	Загрузить игру - выбор сохраненной игры	载入游戏：选择存档	translated	
menu:MSGLIST.TXT:250:Save Game - Select Save Game	menu	MSGLIST.TXT	250	Save Game - Select Save Game	Save Game - Select Save Game	Сохранить игру - выбор сохраненной игры	保存游戏：选择存档	translated	
menu:MSGLIST.TXT:251:Checking Xbox memory unit...	menu	MSGLIST.TXT	251	Checking Xbox memory unit...	Checking Xbox memory unit...	Checking Xbox memory unit...	正在检查 Xbox 记忆单元……	translated	
menu:MSGLIST.TXT:252:Checking memory card (PS2)...	menu	MSGLIST.TXT	252	Checking memory card (PS2)...	Checking memory card (PS2)...	Checking memory card (PS2)...	正在检查记忆卡（PS2）……	translated	
menu:MSGLIST.TXT:253:Only one save configuration is allowed	menu	MSGLIST.TXT	253	Only one save configuration is allowed	Only one save configuration is allowed	Only one save configuration is allowed	只允许保存一套配置	translated	
menu:MSGLIST.TXT:254:Game Complete	menu	MSGLIST.TXT	254	Game Complete	Game Complete	Игра завершена	游戏完成	translated	
menu:MSGLIST.TXT:255:Save Game	menu	MSGLIST.TXT	255	Save Game	Save Game	Сохранить игру	保存游戏	translated	
menu:MSGLIST.TXT:256:Your current progress has been saved successfully.	menu	MSGLIST.TXT	256	Your current progress has been saved successfully.	Your current progress has been saved successfully.	Игра была успешно сохранена	当前进度已成功保存	translated	
menu:MSGLIST.TXT:257:Resume game	menu	MSGLIST.TXT	257	Resume game	Resume game	Продолжить игру	继续游戏	translated	
menu:MSGLIST.TXT:258:Enter pause menu	menu	MSGLIST.TXT	258	Enter pause menu	Enter pause menu	Меню паузы	打开暂停菜单	translated	
menu:MSGLIST.TXT:259:Error	menu	MSGLIST.TXT	259	Error	Error	Ошибка	错误	translated	
menu:MSGLIST.TXT:260:The memory card (PS2) is unformatted.	menu	MSGLIST.TXT	260	The memory card (PS2) is unformatted.	The memory card (PS2) is unformatted.	The memory card (PS2) is unformatted.	记忆卡（PS2）未格式化。	translated	
menu:MSGLIST.TXT:261:Select a different memory card (PS2).\n\n	menu	MSGLIST.TXT	261	Select a different memory card (PS2).\n\n	Select a different memory card (PS2).\n\n	Select a different memory card (PS2).\n\n	请选择另一张记忆卡（PS2）\n\n	translated	
menu:MSGLIST.TXT:262:Format memory card (PS2) \nin MEMORY CARD slot %d.	menu	MSGLIST.TXT	262	Format memory card (PS2) \nin MEMORY CARD slot %d.	Format memory card (PS2) \nin MEMORY CARD slot %d.	Format memory card (PS2) \nin MEMORY CARD slot %d.	格式化记忆卡（PS2）\n位于记忆卡插槽 %d 中	translated	
menu:MSGLIST.TXT:263:Memory unit not formatted	menu	MSGLIST.TXT	263	Memory unit not formatted	Memory unit not formatted	Memory unit not formatted	存储设备尚未格式化	translated	
menu:MSGLIST.TXT:264:Quit game and go to Xbox Dashboard	menu	MSGLIST.TXT	264	Quit game and go to Xbox Dashboard	Quit game and go to Xbox Dashboard	Quit game and go to Xbox Dashboard	退出游戏并前往 Xbox 控制面板	translated	
menu:MSGLIST.TXT:265:Select a different memory unit	menu	MSGLIST.TXT	265	Select a different memory unit	Select a different memory unit	Select a different memory unit	选择其他存储设备	translated	
menu:MSGLIST.TXT:266:Save Game?	menu	MSGLIST.TXT	266	Save Game?	Save Game?	Сохранить игру?	是否保存游戏？	translated	
menu:MSGLIST.TXT:267:Quick save	menu	MSGLIST.TXT	267	Quick save	Quick save	Быстрое сохранение	快速保存	translated	
menu:MSGLIST.TXT:268:Save game	menu	MSGLIST.TXT	268	Save game	Save game	Сохранить игру	保存游戏	translated	
menu:MSGLIST.TXT:269:Don't save game	menu	MSGLIST.TXT	269	Don't save game	Don't save game	Не сохранять игру	不保存	translated	
menu:MSGLIST.TXT:270:Controller Disconnected!	menu	MSGLIST.TXT	270	Controller Disconnected!	Controller Disconnected!	Контроллер был отключен!	手柄连接已断开！	translated	
menu:MSGLIST.TXT:271:Please reconnect the controller and press START to continue.	menu	MSGLIST.TXT	271	Please reconnect the controller and press START to continue.	Please reconnect the controller and press START to continue.	Please reconnect the controller and press START to continue.	请重新连接手柄，然后按开始键继续。	translated	
menu:MSGLIST.TXT:272:Continue	menu	MSGLIST.TXT	272	Continue	Continue	Продолжить	继续	translated	
menu:MSGLIST.TXT:273:Control options	menu	MSGLIST.TXT	273	Control options	Control options	Настройка управления	控制选项	translated	
menu:MSGLIST.TXT:274:Please insert a controller and press START to continue.	menu	MSGLIST.TXT	274	Please insert a controller and press START to continue.	Please insert a controller and press START to continue.	Please insert a controller and press START to continue.	请连接手柄，然后按开始键继续。	translated	
menu:MSGLIST.TXT:275:Pause	menu	MSGLIST.TXT	275	Pause	Pause	Пауза	暂停	translated	
menu:MSGLIST.TXT:276:Resume	menu	MSGLIST.TXT	276	Resume	Resume	Продолжить	继续	translated	
menu:MSGLIST.TXT:277:Moves List	menu	MSGLIST.TXT	277	Moves List	Moves List	Список приемов	招式表	translated	
menu:MSGLIST.TXT:278:Cheats	menu	MSGLIST.TXT	278	Cheats	Cheats	Чит-коды	秘籍	translated	
menu:MSGLIST.TXT:279:Restart level	menu	MSGLIST.TXT	279	Restart level	Restart level	Начать уровень сначала	重新开始关卡	translated	
menu:MSGLIST.TXT:280:Exit to main menu	menu	MSGLIST.TXT	280	Exit to main menu	Exit to main menu	Выйти в главное меню	返回主菜单	translated	
menu:MSGLIST.TXT:281:Moves	menu	MSGLIST.TXT	281	Moves	Moves	Приемы	招式	translated	
menu:MSGLIST.TXT:282:Quit game and load another game?	menu	MSGLIST.TXT	282	Quit game and load another game?	Quit game and load another game?	Завершить текущую игру и загрузить другую?	退出当前游戏并载入其他存档？	translated	
menu:MSGLIST.TXT:283:No	menu	MSGLIST.TXT	283	No	No	Нет	否	translated	
menu:MSGLIST.TXT:284:Yes	menu	MSGLIST.TXT	284	Yes	Yes	Да	是	translated	
menu:MSGLIST.TXT:285:Are you sure you wish to overwrite this save game?	menu	MSGLIST.TXT	285	Are you sure you wish to overwrite this save game?	Are you sure you wish to overwrite this save game?	Вы уверены, что хотите перезаписать сохраненную игру?	确定要覆盖此存档吗？	translated	
menu:MSGLIST.TXT:286:Quit game and lose current progress?	menu	MSGLIST.TXT	286	Quit game and lose current progress?	Quit game and lose current progress?	Выйти из игры и потерять потерять текущее прохождение?	退出游戏并放弃当前进度？	translated	
menu:MSGLIST.TXT:287:This save data is corrupt. Overwrite?	menu	MSGLIST.TXT	287	This save data is corrupt. Overwrite?	This save data is corrupt. Overwrite?	Данные сохраненной игры испорчены. Перезаписать?	此存档已损坏，是否覆盖？	translated	
menu:MSGLIST.TXT:288:Restart level and lose current progress?	menu	MSGLIST.TXT	288	Restart level and lose current progress?	Restart level and lose current progress?	Начать уровень сначала и потерять текущее прохождение?	重新开始关卡并放弃当前进度？	translated	
menu:MSGLIST.TXT:289:Game Over	menu	MSGLIST.TXT	289	Game Over	Game Over	Игра окончена	游戏结束	translated	
menu:MSGLIST.TXT:290:Retry From Last Checkpoint	menu	MSGLIST.TXT	290	Retry From Last Checkpoint	Retry From Last Checkpoint	Начать с последней контрольной точки	从上个检查点重试	translated	
menu:MSGLIST.TXT:291:Exit To Main Menu	menu	MSGLIST.TXT	291	Exit To Main Menu	Exit To Main Menu	Выйти в главное меню	返回主菜单	translated	
menu:MSGLIST.TXT:292:Enter Cheat	menu	MSGLIST.TXT	292	Enter Cheat	Enter Cheat	Ввести код	输入秘籍	translated	
menu:MSGLIST.TXT:293:Outfits	menu	MSGLIST.TXT	293	Outfits	Outfits	Костюмы	服装	translated	
menu:MSGLIST.TXT:294:Movies	menu	MSGLIST.TXT	294	Movies	Movies	Ролики	影片	translated	
menu:MSGLIST.TXT:295:Slideshows	menu	MSGLIST.TXT	295	Slideshows	Slideshows	Галерея	幻灯片	translated	
menu:MSGLIST.TXT:296:Overlord mode	menu	MSGLIST.TXT	296	Overlord mode	Overlord mode	Режим высшего вампира	霸主模式	translated	
menu:MSGLIST.TXT:297:Credits	menu	MSGLIST.TXT	297	Credits	Credits	Разработчики	制作人员	translated	
menu:MSGLIST.TXT:298:Restore default camera and lose custom settings?	menu	MSGLIST.TXT	298	Restore default camera and lose custom settings?	Restore default camera and lose custom settings?	Заменить настройки камеры на настройки по умолчанию?	恢复默认视角并放弃自定义设置？	translated	
menu:MSGLIST.TXT:299:Restore default audio and lose custom settings?	menu	MSGLIST.TXT	299	Restore default audio and lose custom settings?	Restore default audio and lose custom settings?	Заменить настройки звука на настройки по умолчанию?	恢复默认音频并放弃自定义设置？	translated	
menu:MSGLIST.TXT:300:Restore default configuration and lose custom settings?	menu	MSGLIST.TXT	300	Restore default configuration and lose custom settings?	Restore default configuration and lose custom settings?	Заменить настройки на настройки по умолчанию?	恢复默认配置并放弃自定义设置？	translated	
menu:MSGLIST.TXT:301:Art dailies 1	menu	MSGLIST.TXT	301	Art dailies 1	Art dailies 1	Выпуск 1	每日美术稿1	translated	
menu:MSGLIST.TXT:302:Art dailies 2	menu	MSGLIST.TXT	302	Art dailies 2	Art dailies 2	Выпуск 2	每日美术稿2	translated	
menu:MSGLIST.TXT:303:Art dailies 3	menu	MSGLIST.TXT	303	Art dailies 3	Art dailies 3	Выпуск 3	每日美术稿3	translated	
menu:MSGLIST.TXT:304:Art dailies 4	menu	MSGLIST.TXT	304	Art dailies 4	Art dailies 4	Выпуск 4	每日美术稿4	translated	
menu:MSGLIST.TXT:305:Art dailies 5	menu	MSGLIST.TXT	305	Art dailies 5	Art dailies 5	Выпуск 5	每日美术稿5	translated	
menu:MSGLIST.TXT:306:Art dailies 6	menu	MSGLIST.TXT	306	Art dailies 6	Art dailies 6	Выпуск 6	每日美术稿6	translated	
menu:MSGLIST.TXT:307:Art dailies 7	menu	MSGLIST.TXT	307	Art dailies 7	Art dailies 7	Выпуск 7	每日美术稿7	translated	
menu:MSGLIST.TXT:308:Art dailies 8	menu	MSGLIST.TXT	308	Art dailies 8	Art dailies 8	Выпуск 8	每日美术稿8	translated	
menu:MSGLIST.TXT:309:Art dailies 9	menu	MSGLIST.TXT	309	Art dailies 9	Art dailies 9	Выпуск 9	每日美术稿9	translated	
menu:MSGLIST.TXT:310:Art dailies 10	menu	MSGLIST.TXT	310	Art dailies 10	Art dailies 10	Выпуск 10	每日美术稿10	translated	
menu:MSGLIST.TXT:311:Art dailies 11	menu	MSGLIST.TXT	311	Art dailies 11	Art dailies 11	Выпуск 11	每日美术稿11	translated	
menu:MSGLIST.TXT:312:Art dailies 12	menu	MSGLIST.TXT	312	Art dailies 12	Art dailies 12	Выпуск 12	每日美术稿12	translated	
menu:MSGLIST.TXT:313:Art dailies 13	menu	MSGLIST.TXT	313	Art dailies 13	Art dailies 13	Выпуск 13	每日美术稿13	translated	
menu:MSGLIST.TXT:314:Demo Reel	menu	MSGLIST.TXT	314	Demo Reel	Demo Reel	Деморолик	演示集锦	translated	
menu:MSGLIST.TXT:315:BloodRayne Movie Trailer	menu	MSGLIST.TXT	315	BloodRayne Movie Trailer	BloodRayne Movie Trailer	Рекламный ролик фильма BloodRayne	《吸血莱恩》电影预告片	translated	
menu:MSGLIST.TXT:316:Advent Rising Trailer	menu	MSGLIST.TXT	316	Advent Rising Trailer	Advent Rising Trailer	Рекламный ролик Advent Rising	《降临》预告片	translated	
menu:MSGLIST.TXT:317:The Making of Advent Rising	menu	MSGLIST.TXT	317	The Making of Advent Rising	The Making of Advent Rising	Создание Advent Rising	《降临》制作特辑	translated	
menu:MSGLIST.TXT:318:Vesper Shard Flashback	menu	MSGLIST.TXT	318	Vesper Shard Flashback	Vesper Shard Flashback	Воспоминание об осколке Вечерней звезды	维斯珀碎片：闪回	translated	
menu:MSGLIST.TXT:319:Dawn of the Vampire Age	menu	MSGLIST.TXT	319	Dawn of the Vampire Age	Dawn of the Vampire Age	Заря Эры вампиров	吸血鬼时代黎明	translated	
menu:MSGLIST.TXT:320:Denouement	menu	MSGLIST.TXT	320	Denouement	Denouement	Развязка	终局	translated	
menu:MSGLIST.TXT:321:Show all movies	menu	MSGLIST.TXT	321	Show all movies	Show all movies	Показать все видеоролики	显示所有影片	translated	
menu:MSGLIST.TXT:322:Killing Floors	menu	MSGLIST.TXT	322	Killing Floors	Killing Floors	Бойня	杀戮楼层	translated	
menu:MSGLIST.TXT:323:Basic Combat Training	menu	MSGLIST.TXT	323	Basic Combat Training	Basic Combat Training	Начальная боевая тренировка	基础战斗训练	translated	
menu:MSGLIST.TXT:324:Controls	menu	MSGLIST.TXT	324	Controls	Controls	Управление	控制	translated	
menu:MSGLIST.TXT:325:Camera	menu	MSGLIST.TXT	325	Camera	Camera	Камера	视角	translated	
menu:MSGLIST.TXT:326:Audio	menu	MSGLIST.TXT	326	Audio	Audio	Звук	音频	translated	
menu:MSGLIST.TXT:327:Display	menu	MSGLIST.TXT	327	Display	Display	Изображение	显示	translated	
menu:MSGLIST.TXT:328:Control Options	menu	MSGLIST.TXT	328	Control Options	Control Options	Настройки управления	控制选项	translated	
menu:MSGLIST.TXT:329:Keyboard/mouse	menu	MSGLIST.TXT	329	Keyboard/mouse	Keyboard/mouse	Клавиатура/мышь	键盘/鼠标	translated	
menu:MSGLIST.TXT:330:Gamepad	menu	MSGLIST.TXT	330	Gamepad	Gamepad	Геймпад	手柄	translated	
menu:MSGLIST.TXT:331:Customize keys	menu	MSGLIST.TXT	331	Customize keys	Customize keys	Назначить клавиши	自定义按键	translated	
menu:MSGLIST.TXT:332:Look up/down style	menu	MSGLIST.TXT	332	Look up/down style	Look up/down style	Настройки взгляда вверх/вниз	上下观察方式	translated	
menu:MSGLIST.TXT:333:Normal	menu	MSGLIST.TXT	333	Normal	Normal	Нормальное	正常	translated	
menu:MSGLIST.TXT:334:Reversed	menu	MSGLIST.TXT	334	Reversed	Reversed	Обратное	反转	translated	
menu:MSGLIST.TXT:335:Mouse X sensitivity	menu	MSGLIST.TXT	335	Mouse X sensitivity	Mouse X sensitivity	Чувствительность мыши по X	鼠标横轴灵敏度	translated	
menu:MSGLIST.TXT:336:Mouse Y sensitivity	menu	MSGLIST.TXT	336	Mouse Y sensitivity	Mouse Y sensitivity	Чувствительность мыши по Y	鼠标纵轴灵敏度	translated	
menu:MSGLIST.TXT:337:Customize gamepad buttons	menu	MSGLIST.TXT	337	Customize gamepad buttons	Customize gamepad buttons	Назначить клавиши геймпада	自定义手柄按键	translated	
menu:MSGLIST.TXT:338:Customize gamepad axes	menu	MSGLIST.TXT	338	Customize gamepad axes	Customize gamepad axes	Назначить оси геймпада	自定义手柄摇杆	translated	
menu:MSGLIST.TXT:339:Calibrate gamepad	menu	MSGLIST.TXT	339	Calibrate gamepad	Calibrate gamepad	Откалибровать геймпад	校准手柄	translated	
menu:MSGLIST.TXT:340:Look up/down speed	menu	MSGLIST.TXT	340	Look up/down speed	Look up/down speed	Скорость взгляда вверх/вниз	上下观察速度	translated	
menu:MSGLIST.TXT:341:Turn left/right speed	menu	MSGLIST.TXT	341	Turn left/right speed	Turn left/right speed	Скорость поворота вверх/вниз	左右转向速度	translated	
menu:MSGLIST.TXT:342:Look up/down autocenter	menu	MSGLIST.TXT	342	Look up/down autocenter	Look up/down autocenter	Автоцентрование при взгляде вверх/вниз	上下观察自动回中	translated	
menu:MSGLIST.TXT:343:Restore default controls	menu	MSGLIST.TXT	343	Restore default controls	Restore default controls	Восстановить настройки управления по умолчанию	恢复默认控制	translated	
menu:MSGLIST.TXT:344:ROTATION DIRECTION	menu	MSGLIST.TXT	344	ROTATION DIRECTION	ROTATION DIRECTION	НАПРАВЛЕНИЕ ВРАЩЕНИЯ	旋转方向	translated	
menu:MSGLIST.TXT:345:Vertical Control	menu	MSGLIST.TXT	345	Vertical Control	Vertical Control	Управление по вертикали	垂直控制	translated	
menu:MSGLIST.TXT:346:Horizontal Control	menu	MSGLIST.TXT	346	Horizontal Control	Horizontal Control	Управление по горизонтали	水平控制	translated	
menu:MSGLIST.TXT:347:Vertical Autocenter	menu	MSGLIST.TXT	347	Vertical Autocenter	Vertical Autocenter	Автоцентрирование по вертикали	垂直自动回中	translated	
menu:MSGLIST.TXT:348:ROTATION SPEED	menu	MSGLIST.TXT	348	ROTATION SPEED	ROTATION SPEED	СКОРОСТЬ ВРАЩЕНИЯ	旋转速度	translated	
menu:MSGLIST.TXT:349:Vertical Speed	menu	MSGLIST.TXT	349	Vertical Speed	Vertical Speed	Скорость по вертикали	垂直速度	translated	
menu:MSGLIST.TXT:350:Horizontal Speed	menu	MSGLIST.TXT	350	Horizontal Speed	Horizontal Speed	Скорость по горизонтали	水平速度	translated	
menu:MSGLIST.TXT:351:RESET	menu	MSGLIST.TXT	351	RESET	RESET	СБРОС	重置	translated	
menu:MSGLIST.TXT:352:Restore Default Camera	menu	MSGLIST.TXT	352	Restore Default Camera	Restore Default Camera	Восстановить настройки камеры по умолчанию	恢复默认视角	translated	
menu:MSGLIST.TXT:353:Controller Options	menu	MSGLIST.TXT	353	Controller Options	Controller Options	Выбор контроллера	手柄选项	translated	
menu:MSGLIST.TXT:354:INPUT CONFIGURATION	menu	MSGLIST.TXT	354	INPUT CONFIGURATION	INPUT CONFIGURATION	НАСТРОЙКА УПРАВЛЕНИЯ	输入配置	translated	
menu:MSGLIST.TXT:355:CONTROLLER CONFIGURATION	menu	MSGLIST.TXT	355	CONTROLLER CONFIGURATION	CONTROLLER CONFIGURATION	НАСТРОЙКА КОНТРОЛЛЕРА	手柄配置	translated	
menu:MSGLIST.TXT:356:Customize gamepad controls	menu	MSGLIST.TXT	356	Customize gamepad controls	Customize gamepad controls	Настроить управление гемпадом	自定义手柄控制	translated	
menu:MSGLIST.TXT:357:OPTIONS	menu	MSGLIST.TXT	357	OPTIONS	OPTIONS	ДОПОЛНИТЕЛЬНО	选项	translated	
menu:MSGLIST.TXT:358:Auto Lock on Attacker	menu	MSGLIST.TXT	358	Auto Lock on Attacker	Auto Lock on Attacker	Автофокус на нападающем	自动锁定攻击者	translated	
menu:MSGLIST.TXT:359:Off	menu	MSGLIST.TXT	359	Off	Off	Выкл.	关	translated	
menu:MSGLIST.TXT:360:On	menu	MSGLIST.TXT	360	On	On	Вкл.	开	translated	
menu:MSGLIST.TXT:361:Customize Buttons	menu	MSGLIST.TXT	361	Customize Buttons	Customize Buttons	Назначить клавиши	自定义按键	translated	
menu:MSGLIST.TXT:362:Vibration	menu	MSGLIST.TXT	362	Vibration	Vibration	Вибрация	振动	translated	
menu:MSGLIST.TXT:363:Audio Options	menu	MSGLIST.TXT	363	Audio Options	Audio Options	Настроки звука	音频选项	translated	
menu:MSGLIST.TXT:364:VOLUME SETTINGS	menu	MSGLIST.TXT	364	VOLUME SETTINGS	VOLUME SETTINGS	ГРОМКОСТЬ	音量设置	translated	
menu:MSGLIST.TXT:365:Effects Volume	menu	MSGLIST.TXT	365	Effects Volume	Effects Volume	Громкость эффектов	音效音量	translated	
menu:MSGLIST.TXT:366:Music / Ambience Volume	menu	MSGLIST.TXT	366	Music / Ambience Volume	Music / Ambience Volume	Громкость музыки/фона	音乐/环境音量	translated	
menu:MSGLIST.TXT:367:Dialog Volume	menu	MSGLIST.TXT	367	Dialog Volume	Dialog Volume	Громкость речи	对白音量	translated	
menu:MSGLIST.TXT:368:Restore Default Audio	menu	MSGLIST.TXT	368	Restore Default Audio	Restore Default Audio	Восстановить настройки звука по умолчанию	恢复默认音频	translated	
menu:MSGLIST.TXT:369:No sound devices.	menu	MSGLIST.TXT	369	No sound devices.	No sound devices.	Нет устройств воспроизведения звука.	未检测到声音设备。	translated	
menu:MSGLIST.TXT:370:Mute	menu	MSGLIST.TXT	370	Mute	Mute	Отключить звук	静音	translated	
menu:MSGLIST.TXT:371:Music Volume	menu	MSGLIST.TXT	371	Music Volume	Music Volume	Громкость музыки	音乐音量	translated	
menu:MSGLIST.TXT:372:Select Device	menu	MSGLIST.TXT	372	Select Device	Select Device	Выбрать устройство	选择设备	translated	
menu:MSGLIST.TXT:373:Quality (Bits)	menu	MSGLIST.TXT	373	Quality (Bits)	Quality (Bits)	Качество (в битах)	质量（位深）	translated	
menu:MSGLIST.TXT:374:8-bit	menu	MSGLIST.TXT	374	8-bit	8-bit	8-бит	8位	translated	
menu:MSGLIST.TXT:375:16-bit	menu	MSGLIST.TXT	375	16-bit	16-bit	16-бит	16位	translated	
menu:MSGLIST.TXT:376:Quality (Hz)	menu	MSGLIST.TXT	376	Quality (Hz)	Quality (Hz)	Качество (в Герцах)	质量（采样率）	translated	
menu:MSGLIST.TXT:377:22 Khz	menu	MSGLIST.TXT	377	22 Khz	22 Khz	22 Кгц	22千赫	translated	
menu:MSGLIST.TXT:378:44 Khz	menu	MSGLIST.TXT	378	44 Khz	44 Khz	44 Кгц	44千赫	translated	
menu:MSGLIST.TXT:379:Acceleration	menu	MSGLIST.TXT	379	Acceleration	Acceleration	Ускорение	硬件加速	translated	
menu:MSGLIST.TXT:380:2D	menu	MSGLIST.TXT	380	2D	2D	2D	二维	translated	
menu:MSGLIST.TXT:381:3D	menu	MSGLIST.TXT	381	3D	3D	3D	三维	translated	
menu:MSGLIST.TXT:382:Display Options	menu	MSGLIST.TXT	382	Display Options	Display Options	Настройка изображения	显示选项	translated	
menu:MSGLIST.TXT:383:Brightness	menu	MSGLIST.TXT	383	Brightness	Brightness	Яркость	亮度	translated	
menu:MSGLIST.TXT:384:Wide screen	menu	MSGLIST.TXT	384	Wide screen	Wide screen	Широкий экран	宽屏	translated	
menu:MSGLIST.TXT:385:Custom Controls	menu	MSGLIST.TXT	385	Custom Controls	Custom Controls	Настроить управление	自定义控制	translated	
menu:MSGLIST.TXT:386:Restore Default Controls	menu	MSGLIST.TXT	386	Restore Default Controls	Restore Default Controls	Восстановить настройки упарвления по умолчанию	恢复默认控制	translated	
menu:MSGLIST.TXT:387:Customize Keys	menu	MSGLIST.TXT	387	Customize Keys	Customize Keys	Назначить клавиши	自定义按键	translated	
menu:MSGLIST.TXT:388:Customize Axes	menu	MSGLIST.TXT	388	Customize Axes	Customize Axes	Назначить оси	自定义轴	translated	
menu:MSGLIST.TXT:389:Customize Gamepad Button	menu	MSGLIST.TXT	389	Customize Gamepad Button	Customize Gamepad Button	Назначить клавиши геймпада	自定义手柄按键	translated	
menu:MSGLIST.TXT:390:Customize Gamepad Axis	menu	MSGLIST.TXT	390	Customize Gamepad Axis	Customize Gamepad Axis	Назначить оси геймпада	自定义手柄摇杆	translated	
menu:MSGLIST.TXT:391:Gamepad calibration: Step 1	menu	MSGLIST.TXT	391	Gamepad calibration: Step 1	Gamepad calibration: Step 1	Калибровка геймпада: Шаг 1	手柄校准：步骤1	translated	
menu:MSGLIST.TXT:392:Move all gamepad axes in all directions, then press ENTER.	menu	MSGLIST.TXT	392	Move all gamepad axes in all directions, then press ENTER.	Move all gamepad axes in all directions, then press ENTER.	Вращайте все оси геймпада во всех направления, затем нажмите ENTER	向各个方向移动所有手柄摇杆，然后按回车键。	translated	
menu:MSGLIST.TXT:393:Gamepad calibration: Step 2	menu	MSGLIST.TXT	393	Gamepad calibration: Step 2	Gamepad calibration: Step 2	Калибровка геймпада: Шаг 2	手柄校准：步骤2	translated	
menu:MSGLIST.TXT:394:Center gamepad on all axes, then press ENTER	menu	MSGLIST.TXT	394	Center gamepad on all axes, then press ENTER	Center gamepad on all axes, then press ENTER	Приведите все оси геймпада в центральное положение и нажмите ENTER	让所有手柄摇杆回到中央，然后按回车键	translated	
menu:MSGLIST.TXT:395:Sound Device	menu	MSGLIST.TXT	395	Sound Device	Sound Device	Устройство вывода звука	声音设备	translated	
menu:MSGLIST.TXT:396:Select the desired sound device.	menu	MSGLIST.TXT	396	Select the desired sound device.	Select the desired sound device.	Выберите предпочитаемое устройство вывода звука.	选择要使用的声音设备。	translated	
menu:MSGLIST.TXT:397:Warning	menu	MSGLIST.TXT	397	Warning	Warning	Предупреждение	警告	translated	
menu:MSGLIST.TXT:398:OK	menu	MSGLIST.TXT	398	OK	OK	ОК	确定	translated	
menu:MSGLIST.TXT:399:Cannot Save	menu	MSGLIST.TXT	399	Cannot Save	Cannot Save	Невозможно сохранить	无法保存	translated	
menu:MSGLIST.TXT:400:Insufficient space available for this save.	menu	MSGLIST.TXT	400	Insufficient space available for this save.	Insufficient space available for this save.	Недостаточно свободного места для сохранения	可用空间不足，无法保存。	translated	
menu:MSGLIST.TXT:401:Your game will be saved at the start of the current level.  Continue with save?	menu	MSGLIST.TXT	401	Your game will be saved at the start of the current level.  Continue with save?	Your game will be saved at the start of the current level.  Continue with save?	Ваша игра будет сохранена в начале текущего уровня. Сохранить перед продолжением?	游戏将保存到当前关卡的起点，是否继续？	translated	
menu:MSGLIST.TXT:402:Don't save	menu	MSGLIST.TXT	402	Don't save	Don't save	Не сохранять	不保存	translated	
menu:MSGLIST.TXT:403:	menu	MSGLIST.TXT	403					blank	
menu:MSGLIST.TXT:404:Entry Results	menu	MSGLIST.TXT	404	Entry Results	Entry Results	Результат	输入结果	translated	
menu:MSGLIST.TXT:405:Try again	menu	MSGLIST.TXT	405	Try again	Try again	Пропробовать снова	重试	translated	
menu:MSGLIST.TXT:406:Back	menu	MSGLIST.TXT	406	Back	Back	Назад	返回	translated	
menu:MSGLIST.TXT:407:Physics-Simulation	menu	MSGLIST.TXT	407	Physics-Simulation	Physics-Simulation	Физика-симуляция	物理模拟	translated	
menu:MSGLIST.TXT:408:Enemies	menu	MSGLIST.TXT	408	Enemies	Enemies	Вграги	敌人	translated	
menu:MSGLIST.TXT:409:Thawed	menu	MSGLIST.TXT	409	Thawed	Thawed	Разморожены	解冻	translated	
menu:MSGLIST.TXT:410:Frozen	menu	MSGLIST.TXT	410	Frozen	Frozen	Заморожены	冻结	translated	
menu:MSGLIST.TXT:411:God Mode	menu	MSGLIST.TXT	411	God Mode	God Mode	Неуязвимость	无敌模式	translated	
menu:MSGLIST.TXT:412:Time factor	menu	MSGLIST.TXT	412	Time factor	Time factor	Временной коэффициент	时间倍率	translated	
menu:MSGLIST.TXT:413:Refill ammo	menu	MSGLIST.TXT	413	Refill ammo	Refill ammo	Восполнить патроны	补充弹药	translated	
menu:MSGLIST.TXT:414:Credit carnage 1000 points	menu	MSGLIST.TXT	414	Credit carnage 1000 points	Credit carnage 1000 points	Добавить 1000 очков резни	增加1000杀戮点数	translated	
menu:MSGLIST.TXT:415:Credit gun 1000 points	menu	MSGLIST.TXT	415	Credit gun 1000 points	Credit gun 1000 points	Добавить 1000 очков к стрельбе	增加1000枪械点数	translated	
menu:MSGLIST.TXT:416:Go to Warp room	menu	MSGLIST.TXT	416	Go to Warp room	Go to Warp room	Открыть Портал	前往传送室	translated	
menu:MSGLIST.TXT:417:Bump map set	menu	MSGLIST.TXT	417	Bump map set	Bump map set	Набор bump map	切换凹凸贴图	translated	
menu:MSGLIST.TXT:418:Enable all gun modes	menu	MSGLIST.TXT	418	Enable all gun modes	Enable all gun modes	Включить все режимы стрельбы	解锁全部枪械模式	translated	
menu:MSGLIST.TXT:419:Enable all combos	menu	MSGLIST.TXT	419	Enable all combos	Enable all combos	Включить все комбо	解锁全部连招	translated	
menu:MSGLIST.TXT:420:Enable all powers	menu	MSGLIST.TXT	420	Enable all powers	Enable all powers	Включить все способности	解锁全部能力	translated	
menu:MSGLIST.TXT:421:Restore health	menu	MSGLIST.TXT	421	Restore health	Restore health	Восстановить здоровье	恢复生命	translated	
menu:MSGLIST.TXT:422:Fill bloodlust	menu	MSGLIST.TXT	422	Fill bloodlust	Fill bloodlust	Утолить жажду крови	填满血欲	translated	
menu:MSGLIST.TXT:423:Unlimited Rage	menu	MSGLIST.TXT	423	Unlimited Rage	Unlimited Rage	Бесконечная Ярость	无限怒气	translated	
menu:MSGLIST.TXT:424:Unlimited Ammo	menu	MSGLIST.TXT	424	Unlimited Ammo	Unlimited Ammo	Неограниченный боезапас	无限弹药	translated	
menu:MSGLIST.TXT:425:Juggy mode	menu	MSGLIST.TXT	425	Juggy mode	Juggy mode	Дерганый режим	胸部夸张模式	translated	
menu:MSGLIST.TXT:426:Gratuitous dismemberment	menu	MSGLIST.TXT	426	Gratuitous dismemberment	Gratuitous dismemberment	Тотальная расчлененка	血腥肢解	translated	
menu:MSGLIST.TXT:427:Enter Cheat Code	menu	MSGLIST.TXT	427	Enter Cheat Code	Enter Cheat Code	Ввести код	输入秘籍代码	translated	
menu:MSGLIST.TXT:428:Your Xbox has %s.  You need at least 5 blocks free to save games.	menu	MSGLIST.TXT	428	Your Xbox has %s.  You need at least 5 blocks free to save games.	Your Xbox has %s.  You need at least 5 blocks free to save games.	Your Xbox has %s.  You need at least 5 blocks free to save games.	你的 Xbox 有 %s，保存游戏至少需要 5 个可用区块。	translated	
menu:MSGLIST.TXT:429:Launch Xbox Dashboard to free blocks	menu	MSGLIST.TXT	429	Launch Xbox Dashboard to free blocks	Launch Xbox Dashboard to free blocks	Launch Xbox Dashboard to free blocks	启动 Xbox 控制面板以释放区块	translated	
menu:MSGLIST.TXT:430:You have reached the maximum number of saved games.	menu	MSGLIST.TXT	430	You have reached the maximum number of saved games.	You have reached the maximum number of saved games.	You have reached the maximum number of saved games.	你已达到保存游戏数量上限	translated	
menu:MSGLIST.TXT:431:Unable to save to the hard disk.	menu	MSGLIST.TXT	431	Unable to save to the hard disk.	Unable to save to the hard disk.	Unable to save to the hard disk.	无法保存到硬盘	translated	
menu:MSGLIST.TXT:432:Start game without saving	menu	MSGLIST.TXT	432	Start game without saving	Start game without saving	Start game without saving	不保存并开始游戏	translated	
menu:MSGLIST.TXT:433:Are you sure?	menu	MSGLIST.TXT	433	Are you sure?	Are you sure?	Are you sure?	确定吗？	translated	
menu:MSGLIST.TXT:434:Launch Xbox Dashboard (progress will be lost)	menu	MSGLIST.TXT	434	Launch Xbox Dashboard (progress will be lost)	Launch Xbox Dashboard (progress will be lost)	Launch Xbox Dashboard (progress will be lost)	启动 Xbox 控制面板（进度将会丢失）	translated	
menu:MSGLIST.TXT:435:Warning!	menu	MSGLIST.TXT	435	Warning!	Warning!	Warning!	警告！	translated	
menu:MSGLIST.TXT:436:You will not be able to save your game	menu	MSGLIST.TXT	436	You will not be able to save your game	You will not be able to save your game	You will not be able to save your game	之后将无法保存游戏	translated	
menu:MSGLIST.TXT:437:A memory card (PS2) is not inserted. At least %d KB is needed to save your game data.	menu	MSGLIST.TXT	437	A memory card (PS2) is not inserted. At least %d KB is needed to save your game data.	A memory card (PS2) is not inserted. At least %d KB is needed to save your game data.	A memory card (PS2) is not inserted. At least %d KB is needed to save your game data.	未插入记忆卡（PS2），保存游戏数据至少需要 %d KB。	translated	
menu:MSGLIST.TXT:438:There is insufficient space on the memory card (PS2). At least %d KB is needed to save your game data.	menu	MSGLIST.TXT	438	There is insufficient space on the memory card (PS2). At least %d KB is needed to save your game data.	There is insufficient space on the memory card (PS2). At least %d KB is needed to save your game data.	There is insufficient space on the memory card (PS2). At least %d KB is needed to save your game data.	记忆卡（PS2）空间不足，保存游戏数据至少需要 %d KB。	translated	
menu:MSGLIST.TXT:439:Retry	menu	MSGLIST.TXT	439	Retry	Retry	Повторить	重试	translated	
menu:MSGLIST.TXT:440:Some actions are assigned to more than one button.	menu	MSGLIST.TXT	440	Some actions are assigned to more than one button.	Some actions are assigned to more than one button.	Некоторые действия назначены более чем на одну клавишу.	部分操作被分配给多个按键	translated	
menu:MSGLIST.TXT:441:Some Actions have been left unmapped.	menu	MSGLIST.TXT	441	Some Actions have been left unmapped.	Some Actions have been left unmapped.	Некоторым действиям не были назначены клавиши.	部分操作尚未分配按键	translated	
menu:MSGLIST.TXT:442:Some actions are double assigned.	menu	MSGLIST.TXT	442	Some actions are double assigned.	Some actions are double assigned.	Некоторые действия были назначены дважды.	部分操作存在重复分配	translated	
menu:MSGLIST.TXT:443:%s\nFormat failed.	menu	MSGLIST.TXT	443	%s\nFormat failed.	%s\nFormat failed.	%s\nFormat failed.	%s\n格式化失败	translated	
menu:MSGLIST.TXT:444:Format failed! Check memory card (PS2) in %s and please try again.	menu	MSGLIST.TXT	444	Format failed! Check memory card (PS2) in %s and please try again.	Format failed! Check memory card (PS2) in %s and please try again.	Format failed! Check memory card (PS2) in %s and please try again.	格式化失败！请检查 %s 中的记忆卡（PS2），然后重试。	translated	
menu:MSGLIST.TXT:445:Push a new key for 	menu	MSGLIST.TXT	445	Push a new key for 	Push a new key for 	Нажмите клавишу для	请为此操作按下新按键：	translated	
menu:MSGLIST.TXT:446:Push gamepad button for 	menu	MSGLIST.TXT	446	Push gamepad button for 	Push gamepad button for 	Нажмите клавишу геймпада для	请为此操作按下手柄按键：	translated	
menu:MSGLIST.TXT:447:Push gamepad axis for 	menu	MSGLIST.TXT	447	Push gamepad axis for 	Push gamepad axis for 	Наклоните ось геймпада для	请为此操作推动手柄摇杆：	translated	
menu:MSGLIST.TXT:448:@@okButtonName@@ Accept   @@cancelButtonName@@ Cancel   @@startButtonName@@ Accept & Resume	menu	MSGLIST.TXT	448	@@okButtonName@@ Accept   @@cancelButtonName@@ Cancel   @@startButtonName@@ Accept & Resume	@@okButtonName@@ Accept   @@cancelButtonName@@ Cancel   @@startButtonName@@ Accept & Resume	@@okButtonName@@ Accept   @@cancelButtonName@@ Cancel   @@startButtonName@@ Accept & Resume	@@okButtonName@@ 接受   @@cancelButtonName@@ 取消   @@startButtonName@@ 接受并继续	translated	
menu:MSGLIST.TXT:449:@@okButtonName@@ Accept    @@cancelButtonName@@ Cancel	menu	MSGLIST.TXT	449	@@okButtonName@@ Accept    @@cancelButtonName@@ Cancel	@@okButtonName@@ Accept    @@cancelButtonName@@ Cancel	@@okButtonName@@ Accept    @@cancelButtonName@@ Cancel	@@okButtonName@@ 接受    @@cancelButtonName@@ 取消	translated	
menu:MSGLIST.TXT:450:@@okButtonName@@ Select   @@cancelButtonName@@ Cancel   @@startButtonName@@ Accept & Resume	menu	MSGLIST.TXT	450	@@okButtonName@@ Select   @@cancelButtonName@@ Cancel   @@startButtonName@@ Accept & Resume	@@okButtonName@@ Select   @@cancelButtonName@@ Cancel   @@startButtonName@@ Accept & Resume	@@okButtonName@@ Select   @@cancelButtonName@@ Cancel   @@startButtonName@@ Accept & Resume	@@okButtonName@@ 选择   @@cancelButtonName@@ 取消   @@startButtonName@@ 接受并继续	translated	
menu:MSGLIST.TXT:451:@@okButtonName@@ Select   @@cancelButtonName@@ Cancel	menu	MSGLIST.TXT	451	@@okButtonName@@ Select   @@cancelButtonName@@ Cancel	@@okButtonName@@ Select   @@cancelButtonName@@ Cancel	@@okButtonName@@ Select   @@cancelButtonName@@ Cancel	@@okButtonName@@ 选择   @@cancelButtonName@@ 取消	translated	
menu:MSGLIST.TXT:452:@@okButtonName@@ Select	menu	MSGLIST.TXT	452	@@okButtonName@@ Select	@@okButtonName@@ Select	@@okButtonName@@ Select	@@okButtonName@@ 选择	translated	
menu:MSGLIST.TXT:453:@@okButtonName@@ Continue    @@cancelButtonName@@ Back	menu	MSGLIST.TXT	453	@@okButtonName@@ Continue    @@cancelButtonName@@ Back	@@okButtonName@@ Continue    @@cancelButtonName@@ Back	@@okButtonName@@ Continue    @@cancelButtonName@@ Back	@@okButtonName@@ 继续    @@cancelButtonName@@ 返回	translated	
menu:MSGLIST.TXT:454:@@okButtonName@@ Reset    @@tagButtonName@@ Tag    @@cancelButtonName@@ Back    @@startButtonName@@ Resume	menu	MSGLIST.TXT	454	@@okButtonName@@ Reset    @@tagButtonName@@ Tag    @@cancelButtonName@@ Back    @@startButtonName@@ Resume	@@okButtonName@@ Reset    @@tagButtonName@@ Tag    @@cancelButtonName@@ Back    @@startButtonName@@ Resume	@@okButtonName@@ Reset    @@tagButtonName@@ Tag    @@cancelButtonName@@ Back    @@startButtonName@@ Resume	@@okButtonName@@ 重置    @@tagButtonName@@ 标记    @@cancelButtonName@@ 返回    @@startButtonName@@ 继续	translated	
menu:MSGLIST.TXT:455:@@okButtonName@@ Select    @@cancelButtonName@@ Back    @@startButtonName@@ Resume	menu	MSGLIST.TXT	455	@@okButtonName@@ Select    @@cancelButtonName@@ Back    @@startButtonName@@ Resume	@@okButtonName@@ Select    @@cancelButtonName@@ Back    @@startButtonName@@ Resume	@@okButtonName@@ Select    @@cancelButtonName@@ Back    @@startButtonName@@ Resume	@@okButtonName@@ 选择    @@cancelButtonName@@ 返回    @@startButtonName@@ 继续	translated	
menu:MSGLIST.TXT:456:@@okButtonName@@ Select    @@cancelButtonName@@ Back	menu	MSGLIST.TXT	456	@@okButtonName@@ Select    @@cancelButtonName@@ Back	@@okButtonName@@ Select    @@cancelButtonName@@ Back	@@okButtonName@@ Select    @@cancelButtonName@@ Back	@@okButtonName@@ 选择    @@cancelButtonName@@ 返回	translated	
menu:MSGLIST.TXT:457:@@okButtonName@@ OK	menu	MSGLIST.TXT	457	@@okButtonName@@ OK	@@okButtonName@@ OK	@@okButtonName@@ OK	@@okButtonName@@ 确定	translated	
menu:MSGLIST.TXT:458:@@okButtonName@@ Select    @@cancelButtonName@@ Back                @@cameraAxisAll@@ Camera    @@tagButtonName@@ Hide Menu	menu	MSGLIST.TXT	458	@@okButtonName@@ Select    @@cancelButtonName@@ Back                @@cameraAxisAll@@ Camera    @@tagButtonName@@ Hide Menu	@@okButtonName@@ Select    @@cancelButtonName@@ Back                @@cameraAxisAll@@ Camera    @@tagButtonName@@ Hide Menu	@@okButtonName@@ Select    @@cancelButtonName@@ Back                @@cameraAxisAll@@ Camera    @@tagButtonName@@ Hide Menu	@@okButtonName@@ 选择    @@cancelButtonName@@ 返回    @@cameraAxisAll@@ 视角    @@tagButtonName@@ 隐藏菜单	translated	
menu:MSGLIST.TXT:459:@@okButtonName@@ Select    @@cancelButtonName@@ Back                @@cameraAxisAll@@ Camera    @@tagButtonName@@ Show Menu	menu	MSGLIST.TXT	459	@@okButtonName@@ Select    @@cancelButtonName@@ Back                @@cameraAxisAll@@ Camera    @@tagButtonName@@ Show Menu	@@okButtonName@@ Select    @@cancelButtonName@@ Back                @@cameraAxisAll@@ Camera    @@tagButtonName@@ Show Menu	@@okButtonName@@ Select    @@cancelButtonName@@ Back                @@cameraAxisAll@@ Camera    @@tagButtonName@@ Show Menu	@@okButtonName@@ 选择    @@cancelButtonName@@ 返回    @@cameraAxisAll@@ 视角    @@tagButtonName@@ 显示菜单	translated	
menu:MSGLIST.TXT:460:@@okButtonName@@ Continue	menu	MSGLIST.TXT	460	@@okButtonName@@ Continue	@@okButtonName@@ Continue	@@okButtonName@@ Continue	@@okButtonName@@ 继续	translated	
menu:MSGLIST.TXT:461:@@cancelButtonName@@ Back    @@dpadLeftButtonName@@ Previous    @@dpadRightButtonName@@ Next	menu	MSGLIST.TXT	461	@@cancelButtonName@@ Back    @@dpadLeftButtonName@@ Previous    @@dpadRightButtonName@@ Next	@@cancelButtonName@@ Back    @@dpadLeftButtonName@@ Previous    @@dpadRightButtonName@@ Next	@@cancelButtonName@@ Back    @@dpadLeftButtonName@@ Previous    @@dpadRightButtonName@@ Next	@@cancelButtonName@@ 返回    @@dpadLeftButtonName@@ 上一个    @@dpadRightButtonName@@ 下一个	translated	
menu:MSGLIST.TXT:462:MAX 	menu	MSGLIST.TXT	462	MAX 	MAX 	MAX 	最大	translated	
menu:MSGLIST.TXT:463:use tab to hide menu	menu	MSGLIST.TXT	463	use tab to hide menu	use tab to hide menu	используй клавишу 'Tab', чтобы скрыть меню	按 Tab 隐藏菜单	translated	
menu:MSGLIST.TXT:464:use tab to show menu	menu	MSGLIST.TXT	464	use tab to show menu	use tab to show menu	используй клавишу 'Tab', чтобы показать меню	按 Tab 显示菜单	translated	
menu:MSGLIST.TXT:465:Navigation: Esc / Left Arrow / Right Arrow	menu	MSGLIST.TXT	465	Navigation: Esc / Left Arrow / Right Arrow	Navigation: Esc / Left Arrow / Right Arrow	Навигация: Esc/Стрелка влево/Стрелка вправо	导航：Esc / 左方向键 / 右方向键	translated	
menu:MSGLIST.TXT:466:@@okButtonName@@ Insert   @@cancelButtonName@@ Back   @@startButtonName@@ Accept	menu	MSGLIST.TXT	466	@@okButtonName@@ Insert   @@cancelButtonName@@ Back   @@startButtonName@@ Accept	@@okButtonName@@ Insert   @@cancelButtonName@@ Back   @@startButtonName@@ Accept	@@okButtonName@@ Insert   @@cancelButtonName@@ Back   @@startButtonName@@ Accept	@@okButtonName@@ 插入 @@cancelButtonName@@ 返回 @@startButtonName@@ 确认	translated	
menu:MSGLIST.TXT:467:Select Slot	menu	MSGLIST.TXT	467	Select Slot	Select Slot	Выберите слот	选择栏位	translated	
menu:MSGLIST.TXT:468:Total gameplay time: %s	menu	MSGLIST.TXT	468	Total gameplay time: %s	Total gameplay time: %s	Общее время игры: %s	总游戏时间：%s	translated	
menu:MSGLIST.TXT:469:@@minorIncAxis@@ Fine Tune         @@majorIncAxis@@ Coarse Adjustment	menu	MSGLIST.TXT	469	@@minorIncAxis@@ Fine Tune         @@majorIncAxis@@ Coarse Adjustment	@@minorIncAxis@@ Fine Tune         @@majorIncAxis@@ Coarse Adjustment	@@minorIncAxis@@ Fine Tune         @@majorIncAxis@@ Coarse Adjustment	@@minorIncAxis@@ 微调         @@majorIncAxis@@ 粗调	translated	
menu:MSGLIST.TXT:470:@@resetButtonName@@ Reset     @@decreaseButtonName@@ / @@increaseButtonName@@ Prescribed -/+ and toggle 	menu	MSGLIST.TXT	470	@@resetButtonName@@ Reset     @@decreaseButtonName@@ / @@increaseButtonName@@ Prescribed -/+ and toggle 	@@resetButtonName@@ Reset     @@decreaseButtonName@@ / @@increaseButtonName@@ Prescribed -/+ and toggle 	@@resetButtonName@@ Reset     @@decreaseButtonName@@ / @@increaseButtonName@@ Prescribed -/+ and toggle 	@@resetButtonName@@ 重置     @@decreaseButtonName@@ / @@increaseButtonName@@ 减少/增加与切换	translated	
menu:MSGLIST.TXT:471:Scroll Up :   HOME	menu	MSGLIST.TXT	471	Scroll Up :   HOME	Scroll Up :   HOME	Прокрутить вверх : HOME	向上滚动： HOME	translated	
menu:MSGLIST.TXT:472:Scroll Down : END	menu	MSGLIST.TXT	472	Scroll Down : END	Scroll Down : END	Прокрутить вниз : END	向下滚动：END	translated	
menu:MSGLIST.TXT:473:Reset :      BACKSPACE	menu	MSGLIST.TXT	473	Reset :      BACKSPACE	Reset :      BACKSPACE	Сброс : BACKSPACE	重置： BACKSPACE	translated	
menu:MSGLIST.TXT:474:Small - : INSERT	menu	MSGLIST.TXT	474	Small - : INSERT	Small - : INSERT	Small - : INSERT	小幅 -：INSERT	translated	
menu:MSGLIST.TXT:475:Small + : PAGE UP   	menu	MSGLIST.TXT	475	Small + : PAGE UP   	Small + : PAGE UP   	Small + : PAGE UP   	小幅 +：PAGE UP	translated	
menu:MSGLIST.TXT:476:Large - : DELETE	menu	MSGLIST.TXT	476	Large - : DELETE	Large - : DELETE	Large - : DELETE	大幅 -：DELETE	translated	
menu:MSGLIST.TXT:477:Large + : PAGE DOWN	menu	MSGLIST.TXT	477	Large + : PAGE DOWN	Large + : PAGE DOWN	Large + : PAGE DOWN	大幅 +：PAGE DOWN	translated	
menu:MSGLIST.TXT:478:Press 'SPACE' to tag item for run-time display.	menu	MSGLIST.TXT	478	Press 'SPACE' to tag item for run-time display.	Press 'SPACE' to tag item for run-time display.	Press 'SPACE' to tag item for run-time display.	按“SPACE”可标记项目以供运行时显示	translated	
menu:MSGLIST.TXT:479:Current Objectives	menu	MSGLIST.TXT	479	Current Objectives	Current Objectives	Текущие задачи	当前目标	translated	
menu:MSGLIST.TXT:480:Current Objective	menu	MSGLIST.TXT	480	Current Objective	Current Objective	Текущая задача	当前目标	translated	
menu:MSGLIST.TXT:481:Explore the area	menu	MSGLIST.TXT	481	Explore the area	Explore the area	Изучить террирорию	探索该区域	translated	
menu:MSGLIST.TXT:482:Remove All Tags	menu	MSGLIST.TXT	482	Remove All Tags	Remove All Tags	Снять все метки	移除全部标记	translated	
menu:MSGLIST.TXT:483:Cheat already unlocked	menu	MSGLIST.TXT	483	Cheat already unlocked	Cheat already unlocked	Код уже введен	秘籍已经解锁	translated	
menu:MSGLIST.TXT:484:Cheat unlocked!	menu	MSGLIST.TXT	484	Cheat unlocked!	Cheat unlocked!	Код принят!	秘籍已解锁！	translated	
menu:MSGLIST.TXT:485:You're a dork.	menu	MSGLIST.TXT	485	You're a dork.	You're a dork.	Ты глупец.	你这呆子。	translated	
menu:MSGLIST.TXT:486:Yeah, we think so, too!	menu	MSGLIST.TXT	486	Yeah, we think so, too!	Yeah, we think so, too!	Да, мы такого же мнения!	没错，我们也这么觉得！	translated	
menu:MSGLIST.TXT:487:You have no taste.	menu	MSGLIST.TXT	487	You have no taste.	You have no taste.	У тебя дурной вкус.	你真没品味。	translated	
menu:MSGLIST.TXT:488:We loved that game!	menu	MSGLIST.TXT	488	We loved that game!	We loved that game!	Мы тоже любим эту игру!	我们超喜欢那游戏！	translated	
menu:MSGLIST.TXT:489:Shut up, punk!	menu	MSGLIST.TXT	489	Shut up, punk!	Shut up, punk!	Заткнись, панк!	闭嘴，小混混！	translated	
menu:MSGLIST.TXT:490:Hey, thanks!	menu	MSGLIST.TXT	490	Hey, thanks!	Hey, thanks!	Эй, спасибо!	嘿，谢啦！	translated	
menu:MSGLIST.TXT:491:Silver Circlet	menu	MSGLIST.TXT	491	Silver Circlet	Silver Circlet	Серебряный круг	银环	translated	
menu:MSGLIST.TXT:492:Twisted Wind	menu	MSGLIST.TXT	492	Twisted Wind	Twisted Wind	Вихрь	扭曲之风	translated	
menu:MSGLIST.TXT:493:Quiet Thunder	menu	MSGLIST.TXT	493	Quiet Thunder	Quiet Thunder	Тихий гром	寂静雷霆	translated	
menu:MSGLIST.TXT:494:Curtain Twice Torn	menu	MSGLIST.TXT	494	Curtain Twice Torn	Curtain Twice Torn	Дважды вспоротый занавес	撕裂帷幕	translated	
menu:MSGLIST.TXT:495:Shiva Aspect	menu	MSGLIST.TXT	495	Shiva Aspect	Shiva Aspect	Аспект Шивы	湿婆化身	translated	
menu:MSGLIST.TXT:496:@@moveaxis@@ (circle)	menu	MSGLIST.TXT	496	@@moveaxis@@ (circle)	@@moveaxis@@ (circle)	@@moveaxis@@ (circle)	@@moveaxis@@（环形）	translated	
menu:MSGLIST.TXT:497:Locked	menu	MSGLIST.TXT	497	Locked	Locked	Недоступно	未解锁	translated	
menu:MSGLIST.TXT:498:Aura Powers	menu	MSGLIST.TXT	498	Aura Powers	Aura Powers	Аура	灵视能力	translated	
menu:MSGLIST.TXT:499:Rage Powers	menu	MSGLIST.TXT	499	Rage Powers	Rage Powers	Ярость	怒气能力	translated	
menu:MSGLIST.TXT:500:Speed Powers	menu	MSGLIST.TXT	500	Speed Powers	Speed Powers	Скорость	时间能力	translated	
menu:MSGLIST.TXT:501:Try again later	menu	MSGLIST.TXT	501	Try again later	Try again later	Повторите попытку	请稍后再试	translated	
menu:MSGLIST.TXT:502:Game unlocked!	menu	MSGLIST.TXT	502	Game unlocked!	Game unlocked!	Игра разблокирована!	游戏内容已解锁！	translated	
menu:MSGLIST.TXT:503:Have a nice day!	menu	MSGLIST.TXT	503	Have a nice day!	Have a nice day!	Всего хорошего!	祝你愉快！	translated	
menu:MSGLIST.TXT:504:Level select enabled	menu	MSGLIST.TXT	504	Level select enabled	Level select enabled	Доступен выбор уровня	关卡选择已启用	translated	
menu:MSGLIST.TXT:505:Cheat Invalid	menu	MSGLIST.TXT	505	Cheat Invalid	Cheat Invalid	Код неверен	秘籍无效	translated	
menu:MSGLIST.TXT:506:Load Game - Select MEMORY CARD (PS2).	menu	MSGLIST.TXT	506	Load Game - Select MEMORY CARD (PS2).	Load Game - Select MEMORY CARD (PS2).	Load Game - Select MEMORY CARD (PS2).	读取游戏 - 选择记忆卡（PS2）	translated	
menu:MSGLIST.TXT:507:Save Game - Select MEMORY CARD (PS2).	menu	MSGLIST.TXT	507	Save Game - Select MEMORY CARD (PS2).	Save Game - Select MEMORY CARD (PS2).	Save Game - Select MEMORY CARD (PS2).	保存游戏 - 选择记忆卡（PS2）	translated	
menu:MSGLIST.TXT:508:No MEMORY CARD (PS2) in MEMORY CARD slot 1	menu	MSGLIST.TXT	508	No MEMORY CARD (PS2) in MEMORY CARD slot 1	No MEMORY CARD (PS2) in MEMORY CARD slot 1	No MEMORY CARD (PS2) in MEMORY CARD slot 1	记忆卡插槽 1 中没有记忆卡（PS2）	translated	
menu:MSGLIST.TXT:509:Checking MEMORY CARD (PS2)...	menu	MSGLIST.TXT	509	Checking MEMORY CARD (PS2)...	Checking MEMORY CARD (PS2)...	Checking MEMORY CARD (PS2)...	正在检查记忆卡（PS2）……	translated	
menu:MSGLIST.TXT:510:The MEMORY CARD (PS2) is unformatted.	menu	MSGLIST.TXT	510	The MEMORY CARD (PS2) is unformatted.	The MEMORY CARD (PS2) is unformatted.	The MEMORY CARD (PS2) is unformatted.	记忆卡（PS2）未格式化	translated	
menu:MSGLIST.TXT:511:Select a different MEMORY CARD (PS2).\n\n	menu	MSGLIST.TXT	511	Select a different MEMORY CARD (PS2).\n\n	Select a different MEMORY CARD (PS2).\n\n	Select a different MEMORY CARD (PS2).\n\n	请选择另一张记忆卡（PS2）\n\n	translated	
menu:MSGLIST.TXT:512:Format MEMORY CARD (PS2) \nin MEMORY CARD slot %d.	menu	MSGLIST.TXT	512	Format MEMORY CARD (PS2) \nin MEMORY CARD slot %d.	Format MEMORY CARD (PS2) \nin MEMORY CARD slot %d.	Format MEMORY CARD (PS2) \nin MEMORY CARD slot %d.	格式化记忆卡（PS2）\n位于记忆卡插槽 %d 中	translated	
menu:MSGLIST.TXT:513:Take screenshot	menu	MSGLIST.TXT	513	Take screenshot	Take screenshot	Снять скриншот	截图	translated	
menu:MSGLIST.TXT:514:Subtitles	menu	MSGLIST.TXT	514	Subtitles	Subtitles	Субтитры	字幕	translated	
menu:MSGLIST.TXT:515:Unlimited Health	menu	MSGLIST.TXT	515	Unlimited Health	Unlimited Health	Бесконечное здоровье	无限生命	translated	
menu:MSGLIST.TXT:516:Your Xbox has %s.  You need at least 10 blocks free to save games.	menu	MSGLIST.TXT	516	Your Xbox has %s.  You need at least 10 blocks free to save games.	Your Xbox has %s.  You need at least 10 blocks free to save games.	Your Xbox has %s.  You need at least 10 blocks free to save games.	你的 Xbox 有 %s，保存游戏至少需要 10 个可用区块。	translated	
menu:MSGLIST.TXT:517:A MEMORY CARD (PS2) is not inserted. At least %d KB is needed to save your game data.	menu	MSGLIST.TXT	517	A MEMORY CARD (PS2) is not inserted. At least %d KB is needed to save your game data.	A MEMORY CARD (PS2) is not inserted. At least %d KB is needed to save your game data.	A MEMORY CARD (PS2) is not inserted. At least %d KB is needed to save your game data.	未插入记忆卡（PS2），保存游戏数据至少需要 %d KB。	translated	
menu:MSGLIST.TXT:518:There is insufficient space on the MEMORY CARD (PS2). At least %d KB is needed to save your game data.	menu	MSGLIST.TXT	518	There is insufficient space on the MEMORY CARD (PS2). At least %d KB is needed to save your game data.	There is insufficient space on the MEMORY CARD (PS2). At least %d KB is needed to save your game data.	There is insufficient space on the MEMORY CARD (PS2). At least %d KB is needed to save your game data.	记忆卡（PS2）空间不足，保存游戏数据至少需要 %d KB。	translated	
menu:MSGLIST.TXT:519:Loading level package	menu	MSGLIST.TXT	519	Loading level package	Loading level package	Загрузка данных уровня	正在加载关卡包	translated	
menu:MSGLIST.TXT:520:Not doing anything.	menu	MSGLIST.TXT	520	Not doing anything.	Not doing anything.	Ничего не происходит.	没有执行任何操作	translated	
menu:MSGLIST.TXT:521:Setting up actors	menu	MSGLIST.TXT	521	Setting up actors	Setting up actors	Расстановка действующих лиц	正在设置角色	translated	
menu:MSGLIST.TXT:522:Blood Shot	menu	MSGLIST.TXT	522	Blood Shot	Blood Shot	Кровяная пуля	血弹	translated	
menu:MSGLIST.TXT:523:Blood Stream	menu	MSGLIST.TXT	523	Blood Stream	Blood Stream	Поток крови	血流	translated	
menu:MSGLIST.TXT:524:Blood Spray	menu	MSGLIST.TXT	524	Blood Spray	Blood Spray	Брызги крови	血雾	translated	
menu:MSGLIST.TXT:525:Blood Bomb	menu	MSGLIST.TXT	525	Blood Bomb	Blood Bomb	Кровяная бомба	血爆	translated	
menu:MSGLIST.TXT:526:Blood Flame	menu	MSGLIST.TXT	526	Blood Flame	Blood Flame	Кровавое пламя	血焰	translated	
menu:MSGLIST.TXT:527:Blood Hammer	menu	MSGLIST.TXT	527	Blood Hammer	Blood Hammer	Кровяной молот	血锤	translated	
menu:MSGLIST.TXT:528:Shovel	menu	MSGLIST.TXT	528	Shovel	Shovel	Лопата	铲子	translated	
menu:MSGLIST.TXT:529:Trash Can Lid	menu	MSGLIST.TXT	529	Trash Can Lid	Trash Can Lid	Крышка от мусорного бачка	垃圾桶盖	translated	
menu:MSGLIST.TXT:530:Wooden Bat	menu	MSGLIST.TXT	530	Wooden Bat	Wooden Bat	Деревянная летучая мышь	木棒	translated	
menu:MSGLIST.TXT:531:Metal Bat	menu	MSGLIST.TXT	531	Metal Bat	Metal Bat	Металлическая летучая мышь	金属球棒	translated	
menu:MSGLIST.TXT:532:Axe	menu	MSGLIST.TXT	532	Axe	Axe	Топор	斧头	translated	
menu:MSGLIST.TXT:533:Crowbar	menu	MSGLIST.TXT	533	Crowbar	Crowbar	Лом	撬棍	translated	
menu:MSGLIST.TXT:534:Lead Pipe	menu	MSGLIST.TXT	534	Lead Pipe	Lead Pipe	Металлическая труба	铅管	translated	
menu:MSGLIST.TXT:535:Board with nail	menu	MSGLIST.TXT	535	Board with nail	Board with nail	Доска с гвоздями	带钉木板	translated	
menu:MSGLIST.TXT:536:Guitar	menu	MSGLIST.TXT	536	Guitar	Guitar	Гитара	吉他	translated	
menu:MSGLIST.TXT:537:PoolStick	menu	MSGLIST.TXT	537	PoolStick	PoolStick	Кий	台球杆	translated	
menu:MSGLIST.TXT:538:Meat Hook A	menu	MSGLIST.TXT	538	Meat Hook A	Meat Hook A	Мясницкий крюк A	肉钩 A	translated	
menu:MSGLIST.TXT:539:Meat Hook B	menu	MSGLIST.TXT	539	Meat Hook B	Meat Hook B	Мясницкий крюк B	肉钩 B	translated	
menu:MSGLIST.TXT:540:Ninja Sword	menu	MSGLIST.TXT	540	Ninja Sword	Ninja Sword	Меч нинзя	忍者刀	translated	
menu:MSGLIST.TXT:541:Bo Staff	menu	MSGLIST.TXT	541	Bo Staff	Bo Staff	Трость	长棍	translated	
menu:MSGLIST.TXT:542:Dhampir M Sword	menu	MSGLIST.TXT	542	Dhampir M Sword	Dhampir M Sword	Меч дампира М	半吸血鬼中型剑	translated	
menu:MSGLIST.TXT:543:Kestral Blade	menu	MSGLIST.TXT	543	Kestral Blade	Kestral Blade	Меч Кестрел	红隼之刃	translated	
menu:MSGLIST.TXT:544:Metal Staff	menu	MSGLIST.TXT	544	Metal Staff	Metal Staff	Металлическая дубинка	金属棍	translated	
menu:MSGLIST.TXT:545:Wooden Staff	menu	MSGLIST.TXT	545	Wooden Staff	Wooden Staff	Деревянная дубинка	木棍	translated	
menu:MSGLIST.TXT:546:Extending Staff	menu	MSGLIST.TXT	546	Extending Staff	Extending Staff	Выкидная дубинка	伸缩棍	translated	
menu:MSGLIST.TXT:547:Unknown Melee Weapon	menu	MSGLIST.TXT	547	Unknown Melee Weapon	Unknown Melee Weapon	Неизвестное оружие для рукопашной	未知近战武器	translated	
menu:MSGLIST.TXT:548:Checkpoint	menu	MSGLIST.TXT	548	Checkpoint	Checkpoint	Контрольная точка	检查点	translated	
menu:MSGLIST.TXT:549:Rayne needs to feed!	menu	MSGLIST.TXT	549	Rayne needs to feed!	Rayne needs to feed!	Рейн нужна кровь!	莱恩需要吸血！	translated	
menu:MSGLIST.TXT:550:Blood Rage	menu	MSGLIST.TXT	550	Blood Rage	Blood Rage	Кровавая ярость	血怒	translated	
menu:MSGLIST.TXT:551:Blood Fury	menu	MSGLIST.TXT	551	Blood Fury	Blood Fury	Кровавое бешенство	血之狂暴	translated	
menu:MSGLIST.TXT:552:Blood Storm	menu	MSGLIST.TXT	552	Blood Storm	Blood Storm	Кровавый вихрь	血之风暴	translated	
menu:MSGLIST.TXT:553:Aura Vision	menu	MSGLIST.TXT	553	Aura Vision	Aura Vision	Зрение вампира	灵视	translated	
menu:MSGLIST.TXT:554:Ghost Feed	menu	MSGLIST.TXT	554	Ghost Feed	Ghost Feed	Фантомный кровосос	幽灵吸血	translated	
menu:MSGLIST.TXT:555:Enthrall	menu	MSGLIST.TXT	555	Enthrall	Enthrall	Порабощение	魅惑	translated	
menu:MSGLIST.TXT:556:Dilated Perception	menu	MSGLIST.TXT	556	Dilated Perception	Dilated Perception	Замедление времени	时间感知	translated	
menu:MSGLIST.TXT:557:Super Speed	menu	MSGLIST.TXT	557	Super Speed	Super Speed	Сверхскорость	超级速度	translated	
menu:MSGLIST.TXT:558:Freeze Time	menu	MSGLIST.TXT	558	Freeze Time	Freeze Time	Остановка времени	时间冻结	translated	
menu:MSGLIST.TXT:559:Default	menu	MSGLIST.TXT	559	Default	Default	По умолчанию	默认	translated	
menu:MSGLIST.TXT:560:acquired	menu	MSGLIST.TXT	560	acquired	acquired	Получен	已获得	translated	
menu:MSGLIST.TXT:561:acquired2	menu	MSGLIST.TXT	561	acquired2	acquired2	Получен	已获得	translated	
menu:MSGLIST.TXT:562:ESC	menu	MSGLIST.TXT	562	ESC	ESC	ESC	Esc	translated	
menu:MSGLIST.TXT:563:Right Arrow	menu	MSGLIST.TXT	563	Right Arrow	Right Arrow	Стрелка вправо	右方向键	translated	
menu:MSGLIST.TXT:564:Left Arrow	menu	MSGLIST.TXT	564	Left Arrow	Left Arrow	Стрелка влево	左方向键	translated	
menu:MSGLIST.TXT:565:Analog	menu	MSGLIST.TXT	565	Analog	Analog	Аналоговое	摇杆	translated	
menu:MSGLIST.TXT:566:Mouse	menu	MSGLIST.TXT	566	Mouse	Mouse	Мышь	鼠标	translated	
menu:MSGLIST.TXT:567:Select	menu	MSGLIST.TXT	567	Select	Select	Выбрать	选择	translated	
menu:MSGLIST.TXT:568:Loading set geometry	menu	MSGLIST.TXT	568	Loading set geometry	Loading set geometry	Загрузка данных геометрии	正在加载场景几何	translated	
menu:MSGLIST.TXT:569:@@bladeButtonName@@ Use machine gun	menu	MSGLIST.TXT	569	@@bladeButtonName@@ Use machine gun	@@bladeButtonName@@ Use machine gun	@@bladeButtonName@@ использовать пулемет	@@bladeButtonName@@ 使用机关枪	translated	
menu:MSGLIST.TXT:570:@@bladeButtonName@@ release machine gun	menu	MSGLIST.TXT	570	@@bladeButtonName@@ release machine gun	@@bladeButtonName@@ release machine gun	@@bladeButtonName@@ отойти от пулемета	@@bladeButtonName@@ 松开机关枪	translated	
menu:MSGLIST.TXT:571:BaseClass Weapon	menu	MSGLIST.TXT	571	BaseClass Weapon	BaseClass Weapon	Основное оружие	BaseClass 武器	translated	
menu:MSGLIST.TXT:572:File not found	menu	MSGLIST.TXT	572	File not found	File not found	Файл не найден	文件未找到	translated	
menu:MSGLIST.TXT:573:Unable to open file '%s'	menu	MSGLIST.TXT	573	Unable to open file '%s'	Unable to open file '%s'	Невозможно открыть файл '%s'	无法打开文件“%s”	translated	
menu:MSGLIST.TXT:574:I/O Error accessing file, or file is corrupt	menu	MSGLIST.TXT	574	I/O Error accessing file, or file is corrupt	I/O Error accessing file, or file is corrupt	Ошибка доступа к файлу или файл поврежден	访问文件时发生 I/O 错误，或文件已损坏	translated	
menu:MSGLIST.TXT:575:File is corrupt	menu	MSGLIST.TXT	575	File is corrupt	File is corrupt	Файл поврежден	文件已损坏	translated	
menu:MSGLIST.TXT:576:Out of memory	menu	MSGLIST.TXT	576	Out of memory	Out of memory	Недостаточно памяти	内存不足	translated	
menu:MSGLIST.TXT:577:Too many PODs already mounted	menu	MSGLIST.TXT	577	Too many PODs already mounted	Too many PODs already mounted	Too many PODs already mounted	已挂载的 POD 过多	translated	
menu:MSGLIST.TXT:578:Memory Card Slot A	menu	MSGLIST.TXT	578	Memory Card Slot A	Memory Card Slot A	Memory Card Slot A	记忆卡插槽 A	translated	
menu:MSGLIST.TXT:579:Memory Card Slot B	menu	MSGLIST.TXT	579	Memory Card Slot B	Memory Card Slot B	Memory Card Slot B	记忆卡插槽 B	translated	
menu:MSGLIST.TXT:580:Loading.\nDO NOT TOUCH the Memory Card.\nDo not turn off the power to the console.	menu	MSGLIST.TXT	580	Loading.\nDO NOT TOUCH the Memory Card.\nDo not turn off the power to the console.	Loading.\nDO NOT TOUCH the Memory Card.\nDo not turn off the power to the console.	Loading.\nDO NOT TOUCH the Memory Card.\nDo not turn off the power to the console.	正在加载。\n请勿触碰记忆卡。\n请勿关闭主机电源。	translated	
menu:MSGLIST.TXT:581:Saving.\nDO NOT TOUCH the Memory Card.\nDo not turn off the power to the console.	menu	MSGLIST.TXT	581	Saving.\nDO NOT TOUCH the Memory Card.\nDo not turn off the power to the console.	Saving.\nDO NOT TOUCH the Memory Card.\nDo not turn off the power to the console.	Saving.\nDO NOT TOUCH the Memory Card.\nDo not turn off the power to the console.	正在保存。\n请勿触碰记忆卡。\n请勿关闭主机电源。	translated	
menu:MSGLIST.TXT:582:Formatting.\nDO NOT TOUCH the Memory Card.\nDo not turn off the power to the console.	menu	MSGLIST.TXT	582	Formatting.\nDO NOT TOUCH the Memory Card.\nDo not turn off the power to the console.	Formatting.\nDO NOT TOUCH the Memory Card.\nDo not turn off the power to the console.	Formatting.\nDO NOT TOUCH the Memory Card.\nDo not turn off the power to the console.	正在格式化。\n请勿触碰记忆卡。\n请勿关闭主机电源。	translated	
menu:MSGLIST.TXT:583:Deleting.\nDO NOT TOUCH the Memory Card.\nDo not turn off the power to the console.	menu	MSGLIST.TXT	583	Deleting.\nDO NOT TOUCH the Memory Card.\nDo not turn off the power to the console.	Deleting.\nDO NOT TOUCH the Memory Card.\nDo not turn off the power to the console.	Deleting.\nDO NOT TOUCH the Memory Card.\nDo not turn off the power to the console.	正在删除。\n请勿触碰记忆卡。\n请勿关闭主机电源。	translated	
menu:MSGLIST.TXT:584:No Memory Card found in Slot	menu	MSGLIST.TXT	584	No Memory Card found in Slot	No Memory Card found in Slot	No Memory Card found in Slot	插槽中未找到记忆卡	translated	
menu:MSGLIST.TXT:585:\n\nYou MUST have a Memory Card in Slot A to save your progress.	menu	MSGLIST.TXT	585	\n\nYou MUST have a Memory Card in Slot A to save your progress.	\n\nYou MUST have a Memory Card in Slot A to save your progress.	\n\nYou MUST have a Memory Card in Slot A to save your progress.	\n\n要保存进度，插槽 A 中必须插入记忆卡。	translated	
menu:MSGLIST.TXT:586:blocks	menu	MSGLIST.TXT	586	blocks	blocks	blocks	区块	translated	
menu:MSGLIST.TXT:587:block	menu	MSGLIST.TXT	587	block	block	block	区块	translated	
menu:MSGLIST.TXT:588:There is insufficient space on the Memory Card in Slot	menu	MSGLIST.TXT	588	There is insufficient space on the Memory Card in Slot	There is insufficient space on the Memory Card in Slot	There is insufficient space on the Memory Card in Slot	插槽中的记忆卡空间不足	translated	
menu:MSGLIST.TXT:589:to save new files.\n\n	menu	MSGLIST.TXT	589	to save new files.\n\n	to save new files.\n\n	to save new files.\n\n	无法保存新文件。\n\n	translated	
menu:MSGLIST.TXT:590:Requires: 1 file and	menu	MSGLIST.TXT	590	Requires: 1 file and	Requires: 1 file and	Requires: 1 file and	需要：1 个文件以及	translated	
menu:MSGLIST.TXT:591:to save.	menu	MSGLIST.TXT	591	to save.	to save.	to save.	用于保存。	translated	
menu:MSGLIST.TXT:592:Existing files may be loaded and overwritten.	menu	MSGLIST.TXT	592	Existing files may be loaded and overwritten.	Existing files may be loaded and overwritten.	Existing files may be loaded and overwritten.	可以读取并覆盖现有文件。	translated	
menu:MSGLIST.TXT:593:\n\nTo manage the contents of your Memory Card, use the Memory Card Screen.	menu	MSGLIST.TXT	593	\n\nTo manage the contents of your Memory Card, use the Memory Card Screen.	\n\nTo manage the contents of your Memory Card, use the Memory Card Screen.	\n\nTo manage the contents of your Memory Card, use the Memory Card Screen.	\n\n要管理记忆卡内容，请使用记忆卡界面。	translated	
menu:MSGLIST.TXT:594:Something other than a Memory Card is\ninserted in Slot	menu	MSGLIST.TXT	594	Something other than a Memory Card is\ninserted in Slot	Something other than a Memory Card is\ninserted in Slot	Something other than a Memory Card is\ninserted in Slot	插槽中插入的\n不是记忆卡	translated	
menu:MSGLIST.TXT:595:Replace with a Memory Card.	menu	MSGLIST.TXT	595	Replace with a Memory Card.	Replace with a Memory Card.	Replace with a Memory Card.	请更换为记忆卡。	translated	
menu:MSGLIST.TXT:596:The device in Slot	menu	MSGLIST.TXT	596	The device in Slot	The device in Slot	The device in Slot	插槽中的设备	translated	
menu:MSGLIST.TXT:597:is not supported.	menu	MSGLIST.TXT	597	is not supported.	is not supported.	is not supported.	不受支持。	translated	
menu:MSGLIST.TXT:598:The Memory Card in Slot	menu	MSGLIST.TXT	598	The Memory Card in Slot	The Memory Card in Slot	The Memory Card in Slot	插槽中的记忆卡	translated	
menu:MSGLIST.TXT:599:is formatted for another market	menu	MSGLIST.TXT	599	is formatted for another market	is formatted for another market	is formatted for another market	是为其他市场格式化的	translated	
menu:MSGLIST.TXT:600:and needs to be formatted.	menu	MSGLIST.TXT	600	and needs to be formatted.	and needs to be formatted.	and needs to be formatted.	需要重新格式化。	translated	
menu:MSGLIST.TXT:601:is corrupted and needs to be formatted.	menu	MSGLIST.TXT	601	is corrupted and needs to be formatted.	is corrupted and needs to be formatted.	is corrupted and needs to be formatted.	已损坏，需要格式化。	translated	
menu:MSGLIST.TXT:602:The Memory Card (or device) in Slot	menu	MSGLIST.TXT	602	The Memory Card (or device) in Slot	The Memory Card (or device) in Slot	The Memory Card (or device) in Slot	插槽中的记忆卡（或设备）	translated	
menu:MSGLIST.TXT:603:\nis damaged and cannot be used.	menu	MSGLIST.TXT	603	\nis damaged and cannot be used.	\nis damaged and cannot be used.	\nis damaged and cannot be used.	\n已损坏，无法使用。	translated	
menu:MSGLIST.TXT:604:is damaged\nand cannot be used.	menu	MSGLIST.TXT	604	is damaged\nand cannot be used.	is damaged\nand cannot be used.	is damaged\nand cannot be used.	已损坏\n无法使用。	translated	
menu:MSGLIST.TXT:605:is not compatible with the	menu	MSGLIST.TXT	605	is not compatible with the	is not compatible with the	is not compatible with the	与	translated	
menu:MSGLIST.TXT:606:save file.	menu	MSGLIST.TXT	606	save file.	save file.	save file.	存档文件不兼容。	translated	
menu:MSGLIST.TXT:607:The	menu	MSGLIST.TXT	607	The	The	The	记忆卡中的	translated	
menu:MSGLIST.TXT:608:file on the Memory Card\nin Slot	menu	MSGLIST.TXT	608	file on the Memory Card\nin Slot	file on the Memory Card\nin Slot	file on the Memory Card\nin Slot	插槽	translated	
menu:MSGLIST.TXT:609:is corrupt.\n\nThis file needs to be deleted.	menu	MSGLIST.TXT	609	is corrupt.\n\nThis file needs to be deleted.	is corrupt.\n\nThis file needs to be deleted.	is corrupt.\n\nThis file needs to be deleted.	文件已损坏。\n\n此文件需要删除。	translated	
menu:MSGLIST.TXT:610:Unknown error	menu	MSGLIST.TXT	610	Unknown error	Unknown error	Unknown error	未知错误	translated	
menu:MSGLIST.TXT:611:No MEMORY CARD found in either Slot A (or B).	menu	MSGLIST.TXT	611	No MEMORY CARD found in either Slot A (or B).	No MEMORY CARD found in either Slot A (or B).	No MEMORY CARD found in either Slot A (or B).	插槽 A（或 B）中均未找到记忆卡。	translated	
menu:MSGLIST.TXT:612:You will not be able to save your game or progress.	menu	MSGLIST.TXT	612	You will not be able to save your game or progress.	You will not be able to save your game or progress.	You will not be able to save your game or progress.	你将无法保存游戏或进度。	translated	
menu:MSGLIST.TXT:613:requires 1 free file and 3 free blocks	menu	MSGLIST.TXT	613	requires 1 free file and 3 free blocks	requires 1 free file and 3 free blocks	requires 1 free file and 3 free blocks	1 个空闲文件和 3 个空闲区块	translated	
menu:MSGLIST.TXT:614:for each saved game.	menu	MSGLIST.TXT	614	for each saved game.	for each saved game.	for each saved game.	每个存档需要 。	translated	
menu:MSGLIST.TXT:615:Continue without saving	menu	MSGLIST.TXT	615	Continue without saving	Continue without saving	Continue without saving	不保存并继续	translated	
menu:MSGLIST.TXT:616:The MEMORY CARD in Slot	menu	MSGLIST.TXT	616	The MEMORY CARD in Slot	The MEMORY CARD in Slot	The MEMORY CARD in Slot	插槽中的记忆卡	translated	
menu:MSGLIST.TXT:617:is incompatible	menu	MSGLIST.TXT	617	is incompatible	is incompatible	is incompatible	不兼容	translated	
menu:MSGLIST.TXT:618:with the	menu	MSGLIST.TXT	618	with the	with the	with the	与	translated	
menu:MSGLIST.TXT:619:You will not be able to save your profile or progress.	menu	MSGLIST.TXT	619	You will not be able to save your profile or progress.	You will not be able to save your profile or progress.	You will not be able to save your profile or progress.	你将无法保存档案或进度。	translated	
menu:MSGLIST.TXT:620:is formatted	menu	MSGLIST.TXT	620	is formatted	is formatted	is formatted	已格式化	translated	
menu:MSGLIST.TXT:621:for another market and needs to be formatted.	menu	MSGLIST.TXT	621	for another market and needs to be formatted.	for another market and needs to be formatted.	for another market and needs to be formatted.	为其他市场格式，需要重新格式化。	translated	
menu:MSGLIST.TXT:622:Format	menu	MSGLIST.TXT	622	Format	Format	Format	格式化	translated	
menu:MSGLIST.TXT:623:Replace with a MEMORY CARD.	menu	MSGLIST.TXT	623	Replace with a MEMORY CARD.	Replace with a MEMORY CARD.	Replace with a MEMORY CARD.	请更换为记忆卡。	translated	
menu:MSGLIST.TXT:624:is corrupt	menu	MSGLIST.TXT	624	is corrupt	is corrupt	is corrupt	已损坏	translated	
menu:MSGLIST.TXT:625:is damaged	menu	MSGLIST.TXT	625	is damaged	is damaged	is damaged	已损坏	translated	
menu:MSGLIST.TXT:626:and can not be used.	menu	MSGLIST.TXT	626	and can not be used.	and can not be used.	and can not be used.	且无法使用。	translated	
menu:MSGLIST.TXT:627:Warning there is not enough free space on the	menu	MSGLIST.TXT	627	Warning there is not enough free space on the	Warning there is not enough free space on the	Warning there is not enough free space on the	警告，可用空间不足：	translated	
menu:MSGLIST.TXT:628:MEMORY CARD in either Slot A (or B).	menu	MSGLIST.TXT	628	MEMORY CARD in either Slot A (or B).	MEMORY CARD in either Slot A (or B).	MEMORY CARD in either Slot A (or B).	插槽 A（或 B）中的记忆卡。	translated	
menu:MSGLIST.TXT:629:requires 1 free file and	menu	MSGLIST.TXT	629	requires 1 free file and	requires 1 free file and	requires 1 free file and	每个存档需要 1 个空闲文件和	translated	
menu:MSGLIST.TXT:630:free blocks for each saved game.	menu	MSGLIST.TXT	630	free blocks for each saved game.	free blocks for each saved game.	free blocks for each saved game.	个空闲区块。	translated	
menu:MSGLIST.TXT:631:Existing games may be loaded and overwritten.	menu	MSGLIST.TXT	631	Existing games may be loaded and overwritten.	Existing games may be loaded and overwritten.	Existing games may be loaded and overwritten.	可以读取并覆盖现有游戏。	translated	
menu:MSGLIST.TXT:632:To manage the contents of your MEMORY CARD,	menu	MSGLIST.TXT	632	To manage the contents of your MEMORY CARD,	To manage the contents of your MEMORY CARD,	To manage the contents of your MEMORY CARD,	要管理记忆卡内容，	translated	
menu:MSGLIST.TXT:633:use the MEMORY CARD screen.	menu	MSGLIST.TXT	633	use the MEMORY CARD screen.	use the MEMORY CARD screen.	use the MEMORY CARD screen.	请使用记忆卡界面。	translated	
menu:MSGLIST.TXT:634:Warning there is not enough free space on	menu	MSGLIST.TXT	634	Warning there is not enough free space on	Warning there is not enough free space on	Warning there is not enough free space on	警告，可用空间不足：	translated	
menu:MSGLIST.TXT:635:the MEMORY CARD in Slot	menu	MSGLIST.TXT	635	the MEMORY CARD in Slot	the MEMORY CARD in Slot	the MEMORY CARD in Slot	插槽中的记忆卡	translated	
menu:MSGLIST.TXT:636:PS2:controller port 1	menu	MSGLIST.TXT	636	PS2:controller port 1	PS2:controller port 1	PS2:controller port 1	PS2：控制器端口 1	translated	
menu:MSGLIST.TXT:637:PS2:controller port 1-A	menu	MSGLIST.TXT	637	PS2:controller port 1-A	PS2:controller port 1-A	PS2:controller port 1-A	PS2：控制器端口 1-A	translated	
menu:MSGLIST.TXT:638:PS2:controller port 1-B	menu	MSGLIST.TXT	638	PS2:controller port 1-B	PS2:controller port 1-B	PS2:controller port 1-B	PS2：控制器端口 1-B	translated	
menu:MSGLIST.TXT:639:PS2:controller port 1-C	menu	MSGLIST.TXT	639	PS2:controller port 1-C	PS2:controller port 1-C	PS2:controller port 1-C	PS2：控制器端口 1-C	translated	
menu:MSGLIST.TXT:640:PS2:controller port 1-D	menu	MSGLIST.TXT	640	PS2:controller port 1-D	PS2:controller port 1-D	PS2:controller port 1-D	PS2：控制器端口 1-D	translated	
menu:MSGLIST.TXT:641:PS2:controller port 2	menu	MSGLIST.TXT	641	PS2:controller port 2	PS2:controller port 2	PS2:controller port 2	PS2：控制器端口 2	translated	
menu:MSGLIST.TXT:642:PS2:controller port 2-A	menu	MSGLIST.TXT	642	PS2:controller port 2-A	PS2:controller port 2-A	PS2:controller port 2-A	PS2：控制器端口 2-A	translated	
menu:MSGLIST.TXT:643:PS2:controller port 2-B	menu	MSGLIST.TXT	643	PS2:controller port 2-B	PS2:controller port 2-B	PS2:controller port 2-B	PS2：控制器端口 2-B	translated	
menu:MSGLIST.TXT:644:PS2:controller port 2-C	menu	MSGLIST.TXT	644	PS2:controller port 2-C	PS2:controller port 2-C	PS2:controller port 2-C	PS2：控制器端口 2-C	translated	
menu:MSGLIST.TXT:645:PS2:controller port 2-D	menu	MSGLIST.TXT	645	PS2:controller port 2-D	PS2:controller port 2-D	PS2:controller port 2-D	PS2：控制器端口 2-D	translated	
menu:MSGLIST.TXT:646:PS2:MEMORY CARD slot 1	menu	MSGLIST.TXT	646	PS2:MEMORY CARD slot 1	PS2:MEMORY CARD slot 1	PS2:MEMORY CARD slot 1	PS2：记忆卡插槽 1	translated	
menu:MSGLIST.TXT:647:PS2:MEMORY CARD slot 2	menu	MSGLIST.TXT	647	PS2:MEMORY CARD slot 2	PS2:MEMORY CARD slot 2	PS2:MEMORY CARD slot 2	PS2：记忆卡插槽 2	translated	
menu:MSGLIST.TXT:648:PS2:%d KB	menu	MSGLIST.TXT	648	PS2:%d KB	PS2:%d KB	PS2:%d KB	PS2：%d KB	translated	
menu:MSGLIST.TXT:649:PS2:Loading data from memory card (PS2) in %s.  Please don't remove the memory card (PS2), controller, or reset / switch off the console.	menu	MSGLIST.TXT	649	PS2:Loading data from memory card (PS2) in %s.  Please don't remove the memory card (PS2), controller, or reset / switch off the console.	PS2:Loading data from memory card (PS2) in %s.  Please don't remove the memory card (PS2), controller, or reset / switch off the console.	PS2:Loading data from memory card (PS2) in %s.  Please don't remove the memory card (PS2), controller, or reset / switch off the console.	PS2：正在从 %s 中的记忆卡（PS2）读取数据。请勿取出记忆卡（PS2）或控制器，也不要重置/关闭主机。	translated	
menu:MSGLIST.TXT:650:PS2:Saving data to memory card (PS2) in %s.  Please don't remove the memory card (PS2), controller, or reset / switch off the console.	menu	MSGLIST.TXT	650	PS2:Saving data to memory card (PS2) in %s.  Please don't remove the memory card (PS2), controller, or reset / switch off the console.	PS2:Saving data to memory card (PS2) in %s.  Please don't remove the memory card (PS2), controller, or reset / switch off the console.	PS2:Saving data to memory card (PS2) in %s.  Please don't remove the memory card (PS2), controller, or reset / switch off the console.	PS2：正在向 %s 中的记忆卡（PS2）保存数据。请勿取出记忆卡（PS2）或控制器，也不要重置/关闭主机。	translated	
menu:MSGLIST.TXT:651:PS2:Formatting memory card (PS2) in %s.  Please don't remove the memory card (PS2), controller, or reset / switch off the console.	menu	MSGLIST.TXT	651	PS2:Formatting memory card (PS2) in %s.  Please don't remove the memory card (PS2), controller, or reset / switch off the console.	PS2:Formatting memory card (PS2) in %s.  Please don't remove the memory card (PS2), controller, or reset / switch off the console.	PS2:Formatting memory card (PS2) in %s.  Please don't remove the memory card (PS2), controller, or reset / switch off the console.	PS2：正在格式化 %s 中的记忆卡（PS2）。请勿取出记忆卡（PS2）或控制器，也不要重置/关闭主机。	translated	
menu:MSGLIST.TXT:652:PS2:Overwriting data. Do not remove memory card (PS2), controller, or reset/switch off console.	menu	MSGLIST.TXT	652	PS2:Overwriting data. Do not remove memory card (PS2), controller, or reset/switch off console.	PS2:Overwriting data. Do not remove memory card (PS2), controller, or reset/switch off console.	PS2:Overwriting data. Do not remove memory card (PS2), controller, or reset/switch off console.	PS2：正在覆盖数据。请勿取出记忆卡（PS2）或控制器，也不要重置/关闭主机。	translated	
menu:MSGLIST.TXT:653:PS2:Checking memory card (PS2) in %s. Do not remove memory card (PS2), controller, or reset / switch off the console.	menu	MSGLIST.TXT	653	PS2:Checking memory card (PS2) in %s. Do not remove memory card (PS2), controller, or reset / switch off the console.	PS2:Checking memory card (PS2) in %s. Do not remove memory card (PS2), controller, or reset / switch off the console.	PS2:Checking memory card (PS2) in %s. Do not remove memory card (PS2), controller, or reset / switch off the console.	PS2：正在检查 %s 中的记忆卡（PS2）。请勿取出记忆卡（PS2）或控制器，也不要重置/关闭主机。	translated	
menu:MSGLIST.TXT:654:PS2:OK	menu	MSGLIST.TXT	654	PS2:OK	PS2:OK	PS2:OK	PS2：确定	translated	
menu:MSGLIST.TXT:655:PS2:A new memory card (PS2) has been inserted.	menu	MSGLIST.TXT	655	PS2:A new memory card (PS2) has been inserted.	PS2:A new memory card (PS2) has been inserted.	PS2:A new memory card (PS2) has been inserted.	PS2：已插入新的记忆卡（PS2）。	translated	
menu:MSGLIST.TXT:656:PS2:The memory card (PS2) was removed.	menu	MSGLIST.TXT	656	PS2:The memory card (PS2) was removed.	PS2:The memory card (PS2) was removed.	PS2:The memory card (PS2) was removed.	PS2：记忆卡（PS2）已被取出。	translated	
menu:MSGLIST.TXT:657:PS2:Insufficent free space on the memory card (PS2) in slot %d.  At least %d KB is needed to save this game data.	menu	MSGLIST.TXT	657	PS2:Insufficent free space on the memory card (PS2) in slot %d.  At least %d KB is needed to save this game data.	PS2:Insufficent free space on the memory card (PS2) in slot %d.  At least %d KB is needed to save this game data.	PS2:Insufficent free space on the memory card (PS2) in slot %d.  At least %d KB is needed to save this game data.	PS2：插槽 %d 中的记忆卡（PS2）可用空间不足。保存此游戏数据至少需要 %d KB。	translated	
menu:MSGLIST.TXT:658:PS2:The inserted device is not a valid memory card (PS2).	menu	MSGLIST.TXT	658	PS2:The inserted device is not a valid memory card (PS2).	PS2:The inserted device is not a valid memory card (PS2).	PS2:The inserted device is not a valid memory card (PS2).	PS2：插入的设备不是有效的记忆卡（PS2）。	translated	
menu:MSGLIST.TXT:659:PS2:The memory card (PS2) is unformatted.	menu	MSGLIST.TXT	659	PS2:The memory card (PS2) is unformatted.	PS2:The memory card (PS2) is unformatted.	PS2:The memory card (PS2) is unformatted.	PS2：记忆卡（PS2）未格式化。	translated	
menu:MSGLIST.TXT:660:PS2:The memory card (PS2) is not ready.	menu	MSGLIST.TXT	660	PS2:The memory card (PS2) is not ready.	PS2:The memory card (PS2) is not ready.	PS2:The memory card (PS2) is not ready.	PS2：记忆卡（PS2）尚未就绪。	translated	
menu:MSGLIST.TXT:661:PS2:The memory card (PS2) is corrupt.	menu	MSGLIST.TXT	661	PS2:The memory card (PS2) is corrupt.	PS2:The memory card (PS2) is corrupt.	PS2:The memory card (PS2) is corrupt.	PS2：记忆卡（PS2）已损坏。	translated	
menu:MSGLIST.TXT:662:DirectSound: %s	menu	MSGLIST.TXT	662	DirectSound: %s	DirectSound: %s	DirectSound: %s	DirectSound：%s	translated	
menu:MSGLIST.TXT:663:WavOutWrite: 	menu	MSGLIST.TXT	663	WavOutWrite: 	WavOutWrite: 	WavOutWrite: 	WavOutWrite：	translated	
menu:MSGLIST.TXT:664:WavIn: 	menu	MSGLIST.TXT	664	WavIn: 	WavIn: 	WavIn: 	WavIn：	translated	
menu:MSGLIST.TXT:665:BackSpace	menu	MSGLIST.TXT	665	BackSpace	BackSpace	BackSpace	退格键	translated	
menu:MSGLIST.TXT:666:Tab	menu	MSGLIST.TXT	666	Tab	Tab	Tab	Tab键	translated	
menu:MSGLIST.TXT:667:Enter	menu	MSGLIST.TXT	667	Enter	Enter	Ввод	回车键	translated	
menu:MSGLIST.TXT:668:LeftCtrl	menu	MSGLIST.TXT	668	LeftCtrl	LeftCtrl	Левый Ctrl	左Ctrl	translated	
menu:MSGLIST.TXT:669:LeftShift	menu	MSGLIST.TXT	669	LeftShift	LeftShift	Левый Shift	左Shift	translated	
menu:MSGLIST.TXT:670:RightShift	menu	MSGLIST.TXT	670	RightShift	RightShift	Правый Shift	右Shift	translated	
menu:MSGLIST.TXT:671:NumPad*	menu	MSGLIST.TXT	671	NumPad*	NumPad*	NumPad*	小键盘*	translated	
menu:MSGLIST.TXT:672:LeftAlt	menu	MSGLIST.TXT	672	LeftAlt	LeftAlt	Левый Alt	左Alt	translated	
menu:MSGLIST.TXT:673:Space	menu	MSGLIST.TXT	673	Space	Space	Пробел	空格键	translated	
menu:MSGLIST.TXT:674:CapsLock	menu	MSGLIST.TXT	674	CapsLock	CapsLock	CapsLock	大写锁定	translated	
menu:MSGLIST.TXT:675:ScrollLock	menu	MSGLIST.TXT	675	ScrollLock	ScrollLock	ScrollLock	滚动锁定	translated	
menu:MSGLIST.TXT:676:NumPad7	menu	MSGLIST.TXT	676	NumPad7	NumPad7	NumPad7	小键盘7	translated	
menu:MSGLIST.TXT:677:NumPad8	menu	MSGLIST.TXT	677	NumPad8	NumPad8	NumPad8	小键盘8	translated	
menu:MSGLIST.TXT:678:NumPad9	menu	MSGLIST.TXT	678	NumPad9	NumPad9	NumPad9	小键盘9	translated	
menu:MSGLIST.TXT:679:NumPad-	menu	MSGLIST.TXT	679	NumPad-	NumPad-	NumPad-	小键盘-	translated	
menu:MSGLIST.TXT:680:NumPad4	menu	MSGLIST.TXT	680	NumPad4	NumPad4	NumPad4	小键盘4	translated	
menu:MSGLIST.TXT:681:NumPad5	menu	MSGLIST.TXT	681	NumPad5	NumPad5	NumPad5	小键盘5	translated	
menu:MSGLIST.TXT:682:NumPad6	menu	MSGLIST.TXT	682	NumPad6	NumPad6	NumPad6	小键盘6	translated	
menu:MSGLIST.TXT:683:NumPad+	menu	MSGLIST.TXT	683	NumPad+	NumPad+	NumPad+	小键盘+	translated	
menu:MSGLIST.TXT:684:NumPad1	menu	MSGLIST.TXT	684	NumPad1	NumPad1	NumPad1	小键盘1	translated	
menu:MSGLIST.TXT:685:NumPad2	menu	MSGLIST.TXT	685	NumPad2	NumPad2	NumPad2	小键盘2	translated	
menu:MSGLIST.TXT:686:NumPad3	menu	MSGLIST.TXT	686	NumPad3	NumPad3	NumPad3	小键盘3	translated	
menu:MSGLIST.TXT:687:NumPad0	menu	MSGLIST.TXT	687	NumPad0	NumPad0	NumPad0	小键盘0	translated	
menu:MSGLIST.TXT:688:NumPad.	menu	MSGLIST.TXT	688	NumPad.	NumPad.	NumPad.	小键盘.	translated	
menu:MSGLIST.TXT:689:NumPadEnter	menu	MSGLIST.TXT	689	NumPadEnter	NumPadEnter	NumPadEnter	小键盘回车	translated	
menu:MSGLIST.TXT:690:RightCtrl	menu	MSGLIST.TXT	690	RightCtrl	RightCtrl	Правый Ctrl	右Ctrl	translated	
menu:MSGLIST.TXT:691:NumPad/	menu	MSGLIST.TXT	691	NumPad/	NumPad/	NumPad/	小键盘/	translated	
menu:MSGLIST.TXT:692:RightAlt	menu	MSGLIST.TXT	692	RightAlt	RightAlt	Правый Alt	右Alt	translated	
menu:MSGLIST.TXT:693:NumLock	menu	MSGLIST.TXT	693	NumLock	NumLock	NumLock	数字锁定	translated	
menu:MSGLIST.TXT:694:Home	menu	MSGLIST.TXT	694	Home	Home	Home	Home键	translated	
menu:MSGLIST.TXT:695:Up	menu	MSGLIST.TXT	695	Up	Up	Стрелка вверх	上	translated	
menu:MSGLIST.TXT:696:PgUp	menu	MSGLIST.TXT	696	PgUp	PgUp	PgUp	PageUp	translated	
menu:MSGLIST.TXT:697:Left	menu	MSGLIST.TXT	697	Left	Left	Стрелка влево	左	translated	
menu:MSGLIST.TXT:698:Right	menu	MSGLIST.TXT	698	Right	Right	Стрелка вправо	右	translated	
menu:MSGLIST.TXT:699:End	menu	MSGLIST.TXT	699	End	End	End	End键	translated	
menu:MSGLIST.TXT:700:Down	menu	MSGLIST.TXT	700	Down	Down	Стрелка вниз	下	translated	
menu:MSGLIST.TXT:701:PgDn	menu	MSGLIST.TXT	701	PgDn	PgDn	PgDn	PageDown	translated	
menu:MSGLIST.TXT:702:Ins	menu	MSGLIST.TXT	702	Ins	Ins	Ins	Insert键	translated	
menu:MSGLIST.TXT:703:Del	menu	MSGLIST.TXT	703	Del	Del	Del	Delete键	translated	
menu:MSGLIST.TXT:704:Left Mouse Button	menu	MSGLIST.TXT	704	Left Mouse Button	Left Mouse Button	Левая клавиша мыши	鼠标左键	translated	
menu:MSGLIST.TXT:705:Right Mouse Button	menu	MSGLIST.TXT	705	Right Mouse Button	Right Mouse Button	Правая клавиша мыши	鼠标右键	translated	
menu:MSGLIST.TXT:706:Middle Mouse Button	menu	MSGLIST.TXT	706	Middle Mouse Button	Middle Mouse Button	Средняя клавиша мыши	鼠标中键	translated	
menu:MSGLIST.TXT:707:Mouse Button X1	menu	MSGLIST.TXT	707	Mouse Button X1	Mouse Button X1	Клавиша мыши X1	鼠标侧键1	translated	
menu:MSGLIST.TXT:708:Mouse Button X2	menu	MSGLIST.TXT	708	Mouse Button X2	Mouse Button X2	Клавиша мыши X2	鼠标侧键2	translated	
menu:MSGLIST.TXT:709:Mouse wheel forward	menu	MSGLIST.TXT	709	Mouse wheel forward	Mouse wheel forward	Колесико мыши вперед	鼠标滚轮向前	translated	
menu:MSGLIST.TXT:710:Mouse wheel back	menu	MSGLIST.TXT	710	Mouse wheel back	Mouse wheel back	Колесико мыши назад	鼠标滚轮向后	translated	
menu:MSGLIST.TXT:711:Hard disk	menu	MSGLIST.TXT	711	Hard disk	Hard disk	Жесткий диск	硬盘	translated	
menu:MSGLIST.TXT:712:Loading	menu	MSGLIST.TXT	712	Loading	Loading	Загрузка	正在载入	translated	
menu:MSGLIST.TXT:713:Saving	menu	MSGLIST.TXT	713	Saving	Saving	Сохранение	正在保存	translated	
menu:MSGLIST.TXT:714:Not enough free disk space.	menu	MSGLIST.TXT	714	Not enough free disk space.	Not enough free disk space.	Недостаточно свободного места на диске	磁盘可用空间不足。	translated	
menu:MSGLIST.TXT:715:Error reading hard disk.	menu	MSGLIST.TXT	715	Error reading hard disk.	Error reading hard disk.	Ошибка чтения с жесткого диска	读取硬盘时出错。	translated	
menu:MSGLIST.TXT:716:Unable to load.	menu	MSGLIST.TXT	716	Unable to load.	Unable to load.	Невозможно загрузить.	无法载入。	translated	
menu:MSGLIST.TXT:717:port 1	menu	MSGLIST.TXT	717	port 1	port 1	port 1	端口 1	translated	
menu:MSGLIST.TXT:718:port 2	menu	MSGLIST.TXT	718	port 2	port 2	port 2	端口 2	translated	
menu:MSGLIST.TXT:719:port 3	menu	MSGLIST.TXT	719	port 3	port 3	port 3	端口 3	translated	
menu:MSGLIST.TXT:720:port 4	menu	MSGLIST.TXT	720	port 4	port 4	port 4	端口 4	translated	
menu:MSGLIST.TXT:721:MU %d%c	menu	MSGLIST.TXT	721	MU %d%c	MU %d%c	MU %d%c	记忆单元 %d%c	translated	
menu:MSGLIST.TXT:722:50,000+ free blocks	menu	MSGLIST.TXT	722	50,000+ free blocks	50,000+ free blocks	50,000+ free blocks	50,000+ 个可用区块	translated	
menu:MSGLIST.TXT:723:%d,%03d free blocks	menu	MSGLIST.TXT	723	%d,%03d free blocks	%d,%03d free blocks	%d,%03d free blocks	%d,%03d 个可用区块	translated	
menu:MSGLIST.TXT:724:%d free blocks	menu	MSGLIST.TXT	724	%d free blocks	%d free blocks	%d free blocks	%d 个可用区块	translated	
menu:MSGLIST.TXT:725:Loading from memory unit. Please don't remove memory units or disconnect any controllers.	menu	MSGLIST.TXT	725	Loading from memory unit. Please don't remove memory units or disconnect any controllers.	Loading from memory unit. Please don't remove memory units or disconnect any controllers.	Loading from memory unit. Please don't remove memory units or disconnect any controllers.	正在从记忆单元读取。请勿取出记忆单元或断开任何控制器。	translated	
menu:MSGLIST.TXT:726:Saving to memory unit. Please do not remove memory units or disconnect any controllers.	menu	MSGLIST.TXT	726	Saving to memory unit. Please do not remove memory units or disconnect any controllers.	Saving to memory unit. Please do not remove memory units or disconnect any controllers.	Saving to memory unit. Please do not remove memory units or disconnect any controllers.	正在保存到记忆单元。请勿取出记忆单元或断开任何控制器。	translated	
menu:MSGLIST.TXT:727:The Xbox memory unit %s was removed during use.	menu	MSGLIST.TXT	727	The Xbox memory unit %s was removed during use.	The Xbox memory unit %s was removed during use.	The Xbox memory unit %s was removed during use.	Xbox 记忆单元 %s 在使用过程中被取出。	translated	
menu:MSGLIST.TXT:728:Hard disk error.	menu	MSGLIST.TXT	728	Hard disk error.	Hard disk error.	Hard disk error.	硬盘错误。	translated	
menu:MSGLIST.TXT:729:Memory unit changed.	menu	MSGLIST.TXT	729	Memory unit changed.	Memory unit changed.	Memory unit changed.	记忆单元已更换。	translated	
menu:MSGLIST.TXT:730:Not enough free blocks on hard disk.	menu	MSGLIST.TXT	730	Not enough free blocks on hard disk.	Not enough free blocks on hard disk.	Not enough free blocks on hard disk.	硬盘可用区块不足。	translated	
menu:MSGLIST.TXT:731:Not enough free blocks on memory unit. Select another save location or use the Xbox Dashboard to free blocks on this memory unit before saving.	menu	MSGLIST.TXT	731	Not enough free blocks on memory unit. Select another save location or use the Xbox Dashboard to free blocks on this memory unit before saving.	Not enough free blocks on memory unit. Select another save location or use the Xbox Dashboard to free blocks on this memory unit before saving.	Not enough free blocks on memory unit. Select another save location or use the Xbox Dashboard to free blocks on this memory unit before saving.	记忆单元可用区块不足。请选择其他保存位置，或在保存前使用 Xbox 控制面板释放此记忆单元上的区块。	translated	
menu:MSGLIST.TXT:732:You have reached the maximum amount of save games on the Xbox hard disk.	menu	MSGLIST.TXT	732	You have reached the maximum amount of save games on the Xbox hard disk.	You have reached the maximum amount of save games on the Xbox hard disk.	You have reached the maximum amount of save games on the Xbox hard disk.	Xbox 硬盘上的保存游戏数量已达上限。	translated	
menu:MSGLIST.TXT:733:You have reached the maximum amount of save games on the on memory unit.	menu	MSGLIST.TXT	733	You have reached the maximum amount of save games on the on memory unit.	You have reached the maximum amount of save games on the on memory unit.	You have reached the maximum amount of save games on the on memory unit.	记忆单元上的保存游戏数量已达上限。	translated	
menu:MSGLIST.TXT:734:Invalid memory unit.	menu	MSGLIST.TXT	734	Invalid memory unit.	Invalid memory unit.	Invalid memory unit.	无效的记忆单元。	translated	
menu:MSGLIST.TXT:735:Memory unit not formatted.	menu	MSGLIST.TXT	735	Memory unit not formatted.	Memory unit not formatted.	Memory unit not formatted.	记忆单元未格式化。	translated	
menu:MSGLIST.TXT:736:Memory unit not ready.	menu	MSGLIST.TXT	736	Memory unit not ready.	Memory unit not ready.	Memory unit not ready.	记忆单元尚未就绪。	translated	
menu:MSGLIST.TXT:737:None	menu	MSGLIST.TXT	737	None	None	Пусто	无	translated	
menu:rayne2.exe:0:FMV Presentation	menu	rayne2.exe	0	FMV Presentation	FMV Presentation		过场动画显示	translated	display option embedded in rayne2.exe
menu:rayne2.exe:0:Widescreen	menu	rayne2.exe	0	Widescreen	Widescreen		宽屏	translated	FMV presentation value embedded in rayne2.exe
menu:rayne2.exe:0:Original	menu	rayne2.exe	0	Original	Original		原始比例	translated	FMV presentation value embedded in rayne2.exe
